domain_id,target_id,casp_round,pdb_id,chain_id,residue_start,residue_end,sequence_start,sequence_end,target_length,sequence_length,model,rank,input_fasta,output_dir,output_pdb,output_structure,success,return_code,start_time,end_time,runtime_sec,log_file,command,error_message,should_use,target_qc_status,qc_reason,mapping_identity,mapping_coverage,reference_coverage,resolved_ca_count,expected_mapped_residue_count,chain_assignment_confidence,residue_mapping_note,type,stoichiometry,description,msa_used,msa_source,msa_mode,msa_database,msa_database_path,msa_a3m_file,msa_build_runtime_sec,msa_build_carbon_emissions_g,msa_build_energy_consumed_kwh,msa_build_included_in_runtime,msa_build_included_in_carbon,msa_reused,inference_runtime_sec,inference_carbon_emissions_g,inference_energy_consumed_kwh,total_runtime_sec,total_carbon_emissions_g,total_energy_consumed_kwh,shared_msa_source_model,shared_msa_a3m_file,shared_msa_dir,stage_metadata_note,msa_feature_runtime_sec,msa_feature_carbon_emissions_g,msa_feature_energy_consumed_kwh,af2_inference_runtime_sec,af2_inference_carbon_emissions_g,af2_inference_energy_consumed_kwh,af2_db_preset,af2_model_preset,af2_params_dir,af2_data_dir,af2_features_dir
T1104,T1104,CASP15,7ROA,A,58,189,1,117,117,117,colabfold_nomsa,1,results/20260709_casp15_casp16_unique_lt1000_msa-variants/_staging/colabfold_nomsa/sequences/T1104.fasta,results/20260709_casp15_casp16_unique_lt1000_msa-variants/_staging/colabfold_nomsa/predictions/T1104/colabfold_nomsa,results/20260709_casp15_casp16_unique_lt1000_msa-variants/_staging/colabfold_nomsa/predictions/T1104/colabfold_nomsa/rank_001.pdb,results/20260709_casp15_casp16_unique_lt1000_msa-variants/_staging/colabfold_nomsa/predictions/T1104/colabfold_nomsa/rank_001.pdb,true,0,2026-07-06T10:06:38+02:00,2026-07-06T10:08:41+02:00,123,results/20260709_casp15_casp16_unique_lt1000_msa-variants/_staging/colabfold_nomsa/logs/T1104_colabfold_nomsa.log,bash runners/run_colabfold.sh results/20260709_casp15_casp16_unique_lt1000_msa-variants/_staging/colabfold_nomsa/sequences/T1104.fasta results/20260709_casp15_casp16_unique_lt1000_msa-variants/_staging/colabfold_nomsa/predictions/T1104/colabfold_nomsa 1,,Yes,Yes,prefiltered A1 protein target with mapped residue range,1.000000,1.000000,0.871212,115,132,high,mapped from mmCIF atom_site CA records; 17 aligned positions lack resolved CA atoms,All groups,A1,EntV136 PDB code 7roa,false,none,single_sequence,none,,results/20260709_casp15_casp16_unique_lt1000_msa-variants/_staging/colabfold_nomsa/predictions/T1104/colabfold_nomsa/tmp_colabfold/T1104_qc_Yes_CASP15_7ROA_A_residue_58-189_seq_1-117_coverage_0.871212.a3m,0,,,false,false,false,122,1.7689466780315868,0.0037240982695401826,122.0,1.7689466780315868,0.0037240982695401826,,,,ColabFold single_sequence mode; generated A3M contains only the query sequence.,,,,,,,,,,,
T1106s1,T1106s1,CASP15,7QIH,B,50,120,1,122,122,122,colabfold_nomsa,1,results/20260709_casp15_casp16_unique_lt1000_msa-variants/_staging/colabfold_nomsa/sequences/T1106s1.fasta,results/20260709_casp15_casp16_unique_lt1000_msa-variants/_staging/colabfold_nomsa/predictions/T1106s1/colabfold_nomsa,results/20260709_casp15_casp16_unique_lt1000_msa-variants/_staging/colabfold_nomsa/predictions/T1106s1/colabfold_nomsa/rank_001.pdb,results/20260709_casp15_casp16_unique_lt1000_msa-variants/_staging/colabfold_nomsa/predictions/T1106s1/colabfold_nomsa/rank_001.pdb,true,0,2026-07-06T10:08:41+02:00,2026-07-06T10:10:42+02:00,121,results/20260709_casp15_casp16_unique_lt1000_msa-variants/_staging/colabfold_nomsa/logs/T1106s1_colabfold_nomsa.log,bash runners/run_colabfold.sh results/20260709_casp15_casp16_unique_lt1000_msa-variants/_staging/colabfold_nomsa/sequences/T1106s1.fasta results/20260709_casp15_casp16_unique_lt1000_msa-variants/_staging/colabfold_nomsa/predictions/T1106s1/colabfold_nomsa 1,,No,No,chain mapping below threshold identity=1.000 coverage=0.615; multiple equivalent chains match,1.000000,0.614754,0.946667,71,75,low,mapped from mmCIF atom_site CA records; 4 aligned positions lack resolved CA atoms,All groups,A1,YscY-YscX PDB code 7qih,false,none,single_sequence,none,,results/20260709_casp15_casp16_unique_lt1000_msa-variants/_staging/colabfold_nomsa/predictions/T1106s1/colabfold_nomsa/tmp_colabfold/T1106s1_qc_No_CASP15_7QIH_B_residue_50-120_seq_1-122_coverage_0.946667.a3m,0,,,false,false,false,120,1.7686725266152135,0.0037235211086636072,120.0,1.7686725266152135,0.0037235211086636072,,,,ColabFold single_sequence mode; generated A3M contains only the query sequence.,,,,,,,,,,,
T1106s2,T1106s2,CASP15,7QIH,A,2,112,1,114,114,114,colabfold_nomsa,1,results/20260709_casp15_casp16_unique_lt1000_msa-variants/_staging/colabfold_nomsa/sequences/T1106s2.fasta,results/20260709_casp15_casp16_unique_lt1000_msa-variants/_staging/colabfold_nomsa/predictions/T1106s2/colabfold_nomsa,results/20260709_casp15_casp16_unique_lt1000_msa-variants/_staging/colabfold_nomsa/predictions/T1106s2/colabfold_nomsa/rank_001.pdb,results/20260709_casp15_casp16_unique_lt1000_msa-variants/_staging/colabfold_nomsa/predictions/T1106s2/colabfold_nomsa/rank_001.pdb,true,0,2026-07-06T10:10:42+02:00,2026-07-06T10:12:43+02:00,121,results/20260709_casp15_casp16_unique_lt1000_msa-variants/_staging/colabfold_nomsa/logs/T1106s2_colabfold_nomsa.log,bash runners/run_colabfold.sh results/20260709_casp15_casp16_unique_lt1000_msa-variants/_staging/colabfold_nomsa/sequences/T1106s2.fasta results/20260709_casp15_casp16_unique_lt1000_msa-variants/_staging/colabfold_nomsa/predictions/T1106s2/colabfold_nomsa 1,,Check,Check,multiple equivalent chains match,1.000000,1.000000,0.909836,111,122,high,mapped from mmCIF atom_site CA records; 11 aligned positions lack resolved CA atoms,All groups,A1,YscY-YscX PDB code 7qih,false,none,single_sequence,none,,results/20260709_casp15_casp16_unique_lt1000_msa-variants/_staging/colabfold_nomsa/predictions/T1106s2/colabfold_nomsa/tmp_colabfold/T1106s2_qc_Check_CASP15_7QIH_A_residue_2-112_seq_1-114_coverage_0.909836.a3m,0,,,false,false,false,120,1.7996372079057714,0.0037887099113805716,120.0,1.7996372079057714,0.0037887099113805716,,,,ColabFold single_sequence mode; generated A3M contains only the query sequence.,,,,,,,,,,,
T1112,T1112,CASP15,8ORK,AAA,2,460,1,460,460,460,colabfold_nomsa,1,results/20260709_casp15_casp16_unique_lt1000_msa-variants/_staging/colabfold_nomsa/sequences/T1112.fasta,results/20260709_casp15_casp16_unique_lt1000_msa-variants/_staging/colabfold_nomsa/predictions/T1112/colabfold_nomsa,results/20260709_casp15_casp16_unique_lt1000_msa-variants/_staging/colabfold_nomsa/predictions/T1112/colabfold_nomsa/rank_001.pdb,results/20260709_casp15_casp16_unique_lt1000_msa-variants/_staging/colabfold_nomsa/predictions/T1112/colabfold_nomsa/rank_001.pdb,true,0,2026-07-06T10:12:43+02:00,2026-07-06T10:14:53+02:00,130,results/20260709_casp15_casp16_unique_lt1000_msa-variants/_staging/colabfold_nomsa/logs/T1112_colabfold_nomsa.log,bash runners/run_colabfold.sh results/20260709_casp15_casp16_unique_lt1000_msa-variants/_staging/colabfold_nomsa/sequences/T1112.fasta results/20260709_casp15_casp16_unique_lt1000_msa-variants/_staging/colabfold_nomsa/predictions/T1112/colabfold_nomsa 1,,Check,Check,multiple equivalent chains match,1.000000,1.000000,0.973913,448,460,high,mapped from mmCIF atom_site CA records; 12 aligned positions lack resolved CA atoms,All groups,A1,O93732.1 PDB code 8ork,false,none,single_sequence,none,,results/20260709_casp15_casp16_unique_lt1000_msa-variants/_staging/colabfold_nomsa/predictions/T1112/colabfold_nomsa/tmp_colabfold/T1112_qc_Check_CASP15_8ORK_AAA_residue_2-460_seq_1-460_coverage_0.973913.a3m,0,,,false,false,false,128,2.1247775146122723,0.004473215820236362,128.0,2.1247775146122723,0.004473215820236362,,,,ColabFold single_sequence mode; generated A3M contains only the query sequence.,,,,,,,,,,,
T1114s1,T1114s1,CASP15,7UTD,Q,20,78,1,189,189,189,colabfold_nomsa,1,results/20260709_casp15_casp16_unique_lt1000_msa-variants/_staging/colabfold_nomsa/sequences/T1114s1.fasta,results/20260709_casp15_casp16_unique_lt1000_msa-variants/_staging/colabfold_nomsa/predictions/T1114s1/colabfold_nomsa,results/20260709_casp15_casp16_unique_lt1000_msa-variants/_staging/colabfold_nomsa/predictions/T1114s1/colabfold_nomsa/rank_001.pdb,results/20260709_casp15_casp16_unique_lt1000_msa-variants/_staging/colabfold_nomsa/predictions/T1114s1/colabfold_nomsa/rank_001.pdb,true,0,2026-07-06T10:14:53+02:00,2026-07-06T10:17:00+02:00,127,results/20260709_casp15_casp16_unique_lt1000_msa-variants/_staging/colabfold_nomsa/logs/T1114s1_colabfold_nomsa.log,bash runners/run_colabfold.sh results/20260709_casp15_casp16_unique_lt1000_msa-variants/_staging/colabfold_nomsa/sequences/T1114s1.fasta results/20260709_casp15_casp16_unique_lt1000_msa-variants/_staging/colabfold_nomsa/predictions/T1114s1/colabfold_nomsa 1,,No,No,chain mapping below threshold identity=1.000 coverage=0.317; multiple equivalent chains match,1.000000,0.317460,0.983333,59,60,low,mapped from mmCIF atom_site CA records; 1 aligned positions lack resolved CA atoms,All groups,A1,"A0QUM5, A0QUM6, A0QUM7 PDB code 7utd",false,none,single_sequence,none,,results/20260709_casp15_casp16_unique_lt1000_msa-variants/_staging/colabfold_nomsa/predictions/T1114s1/colabfold_nomsa/tmp_colabfold/T1114s1_qc_No_CASP15_7UTD_Q_residue_20-78_seq_1-189_coverage_0.983333.a3m,0,,,false,false,false,125,1.8513376307503653,0.003897552906842874,125.0,1.8513376307503653,0.003897552906842874,,,,ColabFold single_sequence mode; generated A3M contains only the query sequence.,,,,,,,,,,,
T1114s2,T1114s2,CASP15,7UTD,B,2,323,1,369,369,369,colabfold_nomsa,1,results/20260709_casp15_casp16_unique_lt1000_msa-variants/_staging/colabfold_nomsa/sequences/T1114s2.fasta,results/20260709_casp15_casp16_unique_lt1000_msa-variants/_staging/colabfold_nomsa/predictions/T1114s2/colabfold_nomsa,results/20260709_casp15_casp16_unique_lt1000_msa-variants/_staging/colabfold_nomsa/predictions/T1114s2/colabfold_nomsa/rank_001.pdb,results/20260709_casp15_casp16_unique_lt1000_msa-variants/_staging/colabfold_nomsa/predictions/T1114s2/colabfold_nomsa/rank_001.pdb,true,0,2026-07-06T10:17:00+02:00,2026-07-06T10:19:11+02:00,131,results/20260709_casp15_casp16_unique_lt1000_msa-variants/_staging/colabfold_nomsa/logs/T1114s2_colabfold_nomsa.log,bash runners/run_colabfold.sh results/20260709_casp15_casp16_unique_lt1000_msa-variants/_staging/colabfold_nomsa/sequences/T1114s2.fasta results/20260709_casp15_casp16_unique_lt1000_msa-variants/_staging/colabfold_nomsa/predictions/T1114s2/colabfold_nomsa 1,,Check,Check,multiple equivalent chains match,1.000000,1.000000,0.872629,322,369,high,mapped from mmCIF atom_site CA records; 47 aligned positions lack resolved CA atoms,All groups,A1,"A0QUM5, A0QUM6, A0QUM7 PDB code 7utd",false,none,single_sequence,none,,results/20260709_casp15_casp16_unique_lt1000_msa-variants/_staging/colabfold_nomsa/predictions/T1114s2/colabfold_nomsa/tmp_colabfold/T1114s2_qc_Check_CASP15_7UTD_B_residue_2-323_seq_1-369_coverage_0.872629.a3m,0,,,false,false,false,130,2.0365844780177165,0.004287546269510982,130.0,2.0365844780177165,0.004287546269510982,,,,ColabFold single_sequence mode; generated A3M contains only the query sequence.,,,,,,,,,,,
T1114s3,T1114s3,CASP15,7UTD,A,4,516,1,535,535,535,colabfold_nomsa,1,results/20260709_casp15_casp16_unique_lt1000_msa-variants/_staging/colabfold_nomsa/sequences/T1114s3.fasta,results/20260709_casp15_casp16_unique_lt1000_msa-variants/_staging/colabfold_nomsa/predictions/T1114s3/colabfold_nomsa,results/20260709_casp15_casp16_unique_lt1000_msa-variants/_staging/colabfold_nomsa/predictions/T1114s3/colabfold_nomsa/rank_001.pdb,results/20260709_casp15_casp16_unique_lt1000_msa-variants/_staging/colabfold_nomsa/predictions/T1114s3/colabfold_nomsa/rank_001.pdb,true,0,2026-07-06T10:19:11+02:00,2026-07-06T10:21:44+02:00,153,results/20260709_casp15_casp16_unique_lt1000_msa-variants/_staging/colabfold_nomsa/logs/T1114s3_colabfold_nomsa.log,bash runners/run_colabfold.sh results/20260709_casp15_casp16_unique_lt1000_msa-variants/_staging/colabfold_nomsa/sequences/T1114s3.fasta results/20260709_casp15_casp16_unique_lt1000_msa-variants/_staging/colabfold_nomsa/predictions/T1114s3/colabfold_nomsa 1,,Check,Check,multiple equivalent chains match,1.000000,0.958879,0.998051,512,513,high,mapped from mmCIF atom_site CA records; 1 aligned positions lack resolved CA atoms,All groups,A1,"A0QUM5, A0QUM6, A0QUM7 PDB code 7utd",false,none,single_sequence,none,,results/20260709_casp15_casp16_unique_lt1000_msa-variants/_staging/colabfold_nomsa/predictions/T1114s3/colabfold_nomsa/tmp_colabfold/T1114s3_qc_Check_CASP15_7UTD_A_residue_4-516_seq_1-535_coverage_0.998051.a3m,0,,,false,false,false,152,2.502266620004221,0.005267929726324676,152.0,2.502266620004221,0.005267929726324676,,,,ColabFold single_sequence mode; generated A3M contains only the query sequence.,,,,,,,,,,,
T1120,T1120,CASP15,7QVB,B,4,231,1,235,235,235,colabfold_nomsa,1,results/20260709_casp15_casp16_unique_lt1000_msa-variants/_staging/colabfold_nomsa/sequences/T1120.fasta,results/20260709_casp15_casp16_unique_lt1000_msa-variants/_staging/colabfold_nomsa/predictions/T1120/colabfold_nomsa,results/20260709_casp15_casp16_unique_lt1000_msa-variants/_staging/colabfold_nomsa/predictions/T1120/colabfold_nomsa/rank_001.pdb,results/20260709_casp15_casp16_unique_lt1000_msa-variants/_staging/colabfold_nomsa/predictions/T1120/colabfold_nomsa/rank_001.pdb,true,0,2026-07-06T10:21:44+02:00,2026-07-06T10:23:56+02:00,132,results/20260709_casp15_casp16_unique_lt1000_msa-variants/_staging/colabfold_nomsa/logs/T1120_colabfold_nomsa.log,bash runners/run_colabfold.sh results/20260709_casp15_casp16_unique_lt1000_msa-variants/_staging/colabfold_nomsa/sequences/T1120.fasta results/20260709_casp15_casp16_unique_lt1000_msa-variants/_staging/colabfold_nomsa/predictions/T1120/colabfold_nomsa 1,,Check,Check,multiple equivalent chains match,1.000000,1.000000,0.970213,228,235,high,mapped from mmCIF atom_site CA records; 7 aligned positions lack resolved CA atoms,All groups,A1,DdrC PDB code 7qvb,false,none,single_sequence,none,,results/20260709_casp15_casp16_unique_lt1000_msa-variants/_staging/colabfold_nomsa/predictions/T1120/colabfold_nomsa/tmp_colabfold/T1120_qc_Check_CASP15_7QVB_B_residue_4-231_seq_1-235_coverage_0.970213.a3m,0,,,false,false,false,131,1.966957959940948,0.004140964126191469,131.0,1.966957959940948,0.004140964126191469,,,,ColabFold single_sequence mode; generated A3M contains only the query sequence.,,,,,,,,,,,
T1122,T1122,CASP15,8BBT,A,4,237,1,241,241,241,colabfold_nomsa,1,results/20260709_casp15_casp16_unique_lt1000_msa-variants/_staging/colabfold_nomsa/sequences/T1122.fasta,results/20260709_casp15_casp16_unique_lt1000_msa-variants/_staging/colabfold_nomsa/predictions/T1122/colabfold_nomsa,results/20260709_casp15_casp16_unique_lt1000_msa-variants/_staging/colabfold_nomsa/predictions/T1122/colabfold_nomsa/rank_001.pdb,results/20260709_casp15_casp16_unique_lt1000_msa-variants/_staging/colabfold_nomsa/predictions/T1122/colabfold_nomsa/rank_001.pdb,true,0,2026-07-06T10:23:56+02:00,2026-07-06T10:26:07+02:00,131,results/20260709_casp15_casp16_unique_lt1000_msa-variants/_staging/colabfold_nomsa/logs/T1122_colabfold_nomsa.log,bash runners/run_colabfold.sh results/20260709_casp15_casp16_unique_lt1000_msa-variants/_staging/colabfold_nomsa/sequences/T1122.fasta results/20260709_casp15_casp16_unique_lt1000_msa-variants/_staging/colabfold_nomsa/predictions/T1122/colabfold_nomsa 1,,Yes,Yes,prefiltered A1 protein target with mapped residue range,1.000000,1.000000,0.954357,230,241,high,mapped from mmCIF atom_site CA records; 11 aligned positions lack resolved CA atoms,All groups,A1,A0A0B4VFQ3 PDB code 8bbt,false,none,single_sequence,none,,results/20260709_casp15_casp16_unique_lt1000_msa-variants/_staging/colabfold_nomsa/predictions/T1122/colabfold_nomsa/tmp_colabfold/T1122_qc_Yes_CASP15_8BBT_A_residue_4-237_seq_1-241_coverage_0.954357.a3m,0,,,false,false,false,130,1.943621268673694,0.004091834249839356,130.0,1.943621268673694,0.004091834249839356,,,,ColabFold single_sequence mode; generated A3M contains only the query sequence.,,,,,,,,,,,
T1129s2,T1129s2,CASP15,8A8C,B,41,640,1,640,640,640,colabfold_nomsa,1,results/20260709_casp15_casp16_unique_lt1000_msa-variants/_staging/colabfold_nomsa/sequences/T1129s2.fasta,results/20260709_casp15_casp16_unique_lt1000_msa-variants/_staging/colabfold_nomsa/predictions/T1129s2/colabfold_nomsa,results/20260709_casp15_casp16_unique_lt1000_msa-variants/_staging/colabfold_nomsa/predictions/T1129s2/colabfold_nomsa/rank_001.pdb,results/20260709_casp15_casp16_unique_lt1000_msa-variants/_staging/colabfold_nomsa/predictions/T1129s2/colabfold_nomsa/rank_001.pdb,true,0,2026-07-06T10:26:07+02:00,2026-07-06T10:28:31+02:00,144,results/20260709_casp15_casp16_unique_lt1000_msa-variants/_staging/colabfold_nomsa/logs/T1129s2_colabfold_nomsa.log,bash runners/run_colabfold.sh results/20260709_casp15_casp16_unique_lt1000_msa-variants/_staging/colabfold_nomsa/sequences/T1129s2.fasta results/20260709_casp15_casp16_unique_lt1000_msa-variants/_staging/colabfold_nomsa/predictions/T1129s2/colabfold_nomsa 1,,Yes,Yes,prefiltered A1 protein target with mapped residue range,1.000000,1.000000,0.825000,528,640,high,mapped from mmCIF atom_site CA records; 112 aligned positions lack resolved CA atoms,All groups,A1,P06971; P23207 PDB code 8a8c,false,none,single_sequence,none,,results/20260709_casp15_casp16_unique_lt1000_msa-variants/_staging/colabfold_nomsa/predictions/T1129s2/colabfold_nomsa/tmp_colabfold/T1129s2_qc_Yes_CASP15_8A8C_B_residue_41-640_seq_1-640_coverage_0.825000.a3m,0,,,false,false,false,142,2.514649212495642,0.005293998342096088,142.0,2.514649212495642,0.005293998342096088,,,,ColabFold single_sequence mode; generated A3M contains only the query sequence.,,,,,,,,,,,
T1133,T1133,CASP15,8DYS,A,4,427,1,585,585,585,colabfold_nomsa,1,results/20260709_casp15_casp16_unique_lt1000_msa-variants/_staging/colabfold_nomsa/sequences/T1133.fasta,results/20260709_casp15_casp16_unique_lt1000_msa-variants/_staging/colabfold_nomsa/predictions/T1133/colabfold_nomsa,results/20260709_casp15_casp16_unique_lt1000_msa-variants/_staging/colabfold_nomsa/predictions/T1133/colabfold_nomsa/rank_001.pdb,results/20260709_casp15_casp16_unique_lt1000_msa-variants/_staging/colabfold_nomsa/predictions/T1133/colabfold_nomsa/rank_001.pdb,true,0,2026-07-06T10:28:31+02:00,2026-07-06T10:31:06+02:00,155,results/20260709_casp15_casp16_unique_lt1000_msa-variants/_staging/colabfold_nomsa/logs/T1133_colabfold_nomsa.log,bash runners/run_colabfold.sh results/20260709_casp15_casp16_unique_lt1000_msa-variants/_staging/colabfold_nomsa/sequences/T1133.fasta results/20260709_casp15_casp16_unique_lt1000_msa-variants/_staging/colabfold_nomsa/predictions/T1133/colabfold_nomsa 1,,Check,Check,reference coverage below threshold 0.699,1.000000,1.000000,0.699145,409,585,high,mapped from mmCIF atom_site CA records; 176 aligned positions lack resolved CA atoms,All groups,A1,Q9BY44 PDB code 8dys,false,none,single_sequence,none,,results/20260709_casp15_casp16_unique_lt1000_msa-variants/_staging/colabfold_nomsa/predictions/T1133/colabfold_nomsa/tmp_colabfold/T1133_qc_Check_CASP15_8DYS_A_residue_4-427_seq_1-585_coverage_0.699145.a3m,0,,,false,false,false,153,2.5969886735752956,0.0054673445759479905,153.0,2.5969886735752956,0.0054673445759479905,,,,ColabFold single_sequence mode; generated A3M contains only the query sequence.,,,,,,,,,,,
T1134s1,T1134s1,CASP15,7UBZ,A,1,230,1,230,230,230,colabfold_nomsa,1,results/20260709_casp15_casp16_unique_lt1000_msa-variants/_staging/colabfold_nomsa/sequences/T1134s1.fasta,results/20260709_casp15_casp16_unique_lt1000_msa-variants/_staging/colabfold_nomsa/predictions/T1134s1/colabfold_nomsa,results/20260709_casp15_casp16_unique_lt1000_msa-variants/_staging/colabfold_nomsa/predictions/T1134s1/colabfold_nomsa/rank_001.pdb,results/20260709_casp15_casp16_unique_lt1000_msa-variants/_staging/colabfold_nomsa/predictions/T1134s1/colabfold_nomsa/rank_001.pdb,true,0,2026-07-06T10:31:06+02:00,2026-07-06T10:33:15+02:00,129,results/20260709_casp15_casp16_unique_lt1000_msa-variants/_staging/colabfold_nomsa/logs/T1134s1_colabfold_nomsa.log,bash runners/run_colabfold.sh results/20260709_casp15_casp16_unique_lt1000_msa-variants/_staging/colabfold_nomsa/sequences/T1134s1.fasta results/20260709_casp15_casp16_unique_lt1000_msa-variants/_staging/colabfold_nomsa/predictions/T1134s1/colabfold_nomsa 1,,Check,Check,multiple equivalent chains match,1.000000,1.000000,1.000000,230,230,high,mapped from mmCIF atom_site CA records,All groups,A1,"TleTli or WP_062934778.1, WP_013096194 PDB code 7ubz",false,none,single_sequence,none,,results/20260709_casp15_casp16_unique_lt1000_msa-variants/_staging/colabfold_nomsa/predictions/T1134s1/colabfold_nomsa/tmp_colabfold/T1134s1_qc_Check_CASP15_7UBZ_A_residue_1-230_seq_1-230_coverage_1.000000.a3m,0,,,false,false,false,128,1.9269106246442362,0.004056653946619445,128.0,1.9269106246442362,0.004056653946619445,,,,ColabFold single_sequence mode; generated A3M contains only the query sequence.,,,,,,,,,,,
T1134s2,T1134s2,CASP15,7UBZ,D,168,472,1,313,313,313,colabfold_nomsa,1,results/20260709_casp15_casp16_unique_lt1000_msa-variants/_staging/colabfold_nomsa/sequences/T1134s2.fasta,results/20260709_casp15_casp16_unique_lt1000_msa-variants/_staging/colabfold_nomsa/predictions/T1134s2/colabfold_nomsa,results/20260709_casp15_casp16_unique_lt1000_msa-variants/_staging/colabfold_nomsa/predictions/T1134s2/colabfold_nomsa/rank_001.pdb,results/20260709_casp15_casp16_unique_lt1000_msa-variants/_staging/colabfold_nomsa/predictions/T1134s2/colabfold_nomsa/rank_001.pdb,true,0,2026-07-06T10:33:15+02:00,2026-07-06T10:35:25+02:00,130,results/20260709_casp15_casp16_unique_lt1000_msa-variants/_staging/colabfold_nomsa/logs/T1134s2_colabfold_nomsa.log,bash runners/run_colabfold.sh results/20260709_casp15_casp16_unique_lt1000_msa-variants/_staging/colabfold_nomsa/sequences/T1134s2.fasta results/20260709_casp15_casp16_unique_lt1000_msa-variants/_staging/colabfold_nomsa/predictions/T1134s2/colabfold_nomsa 1,,Check,Check,reference coverage below threshold 0.645; multiple equivalent chains match,1.000000,1.000000,0.645367,202,313,high,mapped from mmCIF atom_site CA records; 111 aligned positions lack resolved CA atoms,All groups,A1,"TleTli or WP_062934778.1, WP_013096194 PDB code 7ubz",false,none,single_sequence,none,,results/20260709_casp15_casp16_unique_lt1000_msa-variants/_staging/colabfold_nomsa/predictions/T1134s2/colabfold_nomsa/tmp_colabfold/T1134s2_qc_Check_CASP15_7UBZ_D_residue_168-472_seq_1-313_coverage_0.645367.a3m,0,,,false,false,false,129,2.000666707409714,0.00421192991033624,129.0,2.000666707409714,0.00421192991033624,,,,ColabFold single_sequence mode; generated A3M contains only the query sequence.,,,,,,,,,,,
T1137s1,T1137s1,CASP15,8FEF,A,18,409,1,409,409,409,colabfold_nomsa,1,results/20260709_casp15_casp16_unique_lt1000_msa-variants/_staging/colabfold_nomsa/sequences/T1137s1.fasta,results/20260709_casp15_casp16_unique_lt1000_msa-variants/_staging/colabfold_nomsa/predictions/T1137s1/colabfold_nomsa,results/20260709_casp15_casp16_unique_lt1000_msa-variants/_staging/colabfold_nomsa/predictions/T1137s1/colabfold_nomsa/rank_001.pdb,results/20260709_casp15_casp16_unique_lt1000_msa-variants/_staging/colabfold_nomsa/predictions/T1137s1/colabfold_nomsa/rank_001.pdb,true,0,2026-07-06T10:35:25+02:00,2026-07-06T10:37:49+02:00,144,results/20260709_casp15_casp16_unique_lt1000_msa-variants/_staging/colabfold_nomsa/logs/T1137s1_colabfold_nomsa.log,bash runners/run_colabfold.sh results/20260709_casp15_casp16_unique_lt1000_msa-variants/_staging/colabfold_nomsa/sequences/T1137s1.fasta results/20260709_casp15_casp16_unique_lt1000_msa-variants/_staging/colabfold_nomsa/predictions/T1137s1/colabfold_nomsa 1,,Yes,Yes,prefiltered A1 protein target with mapped residue range,1.000000,1.000000,0.958435,392,409,high,mapped from mmCIF atom_site CA records; 17 aligned positions lack resolved CA atoms,All groups,A1,MceG complex PDB code 8fef,false,none,single_sequence,none,,results/20260709_casp15_casp16_unique_lt1000_msa-variants/_staging/colabfold_nomsa/predictions/T1137s1/colabfold_nomsa/tmp_colabfold/T1137s1_qc_Yes_CASP15_8FEF_A_residue_18-409_seq_1-409_coverage_0.958435.a3m,0,,,false,false,false,143,2.1867477615348876,0.004603679497968184,143.0,2.1867477615348876,0.004603679497968184,,,,ColabFold single_sequence mode; generated A3M contains only the query sequence.,,,,,,,,,,,
T1137s2,T1137s2,CASP15,8FEF,B,2,343,1,343,343,343,colabfold_nomsa,1,results/20260709_casp15_casp16_unique_lt1000_msa-variants/_staging/colabfold_nomsa/sequences/T1137s2.fasta,results/20260709_casp15_casp16_unique_lt1000_msa-variants/_staging/colabfold_nomsa/predictions/T1137s2/colabfold_nomsa,results/20260709_casp15_casp16_unique_lt1000_msa-variants/_staging/colabfold_nomsa/predictions/T1137s2/colabfold_nomsa/rank_001.pdb,results/20260709_casp15_casp16_unique_lt1000_msa-variants/_staging/colabfold_nomsa/predictions/T1137s2/colabfold_nomsa/rank_001.pdb,true,0,2026-07-06T10:37:49+02:00,2026-07-06T10:40:07+02:00,138,results/20260709_casp15_casp16_unique_lt1000_msa-variants/_staging/colabfold_nomsa/logs/T1137s2_colabfold_nomsa.log,bash runners/run_colabfold.sh results/20260709_casp15_casp16_unique_lt1000_msa-variants/_staging/colabfold_nomsa/sequences/T1137s2.fasta results/20260709_casp15_casp16_unique_lt1000_msa-variants/_staging/colabfold_nomsa/predictions/T1137s2/colabfold_nomsa 1,,Yes,Yes,prefiltered A1 protein target with mapped residue range,1.000000,1.000000,0.976676,335,343,high,mapped from mmCIF atom_site CA records; 8 aligned positions lack resolved CA atoms,All groups,A1,MceG complex PDB code 8fef,false,none,single_sequence,none,,results/20260709_casp15_casp16_unique_lt1000_msa-variants/_staging/colabfold_nomsa/predictions/T1137s2/colabfold_nomsa/tmp_colabfold/T1137s2_qc_Yes_CASP15_8FEF_B_residue_2-343_seq_1-343_coverage_0.976676.a3m,0,,,false,false,false,137,2.094203952471988,0.004408850426256817,137.0,2.094203952471988,0.004408850426256817,,,,ColabFold single_sequence mode; generated A3M contains only the query sequence.,,,,,,,,,,,
T1137s3,T1137s3,CASP15,8FEF,C,1,310,1,524,524,524,colabfold_nomsa,1,results/20260709_casp15_casp16_unique_lt1000_msa-variants/_staging/colabfold_nomsa/sequences/T1137s3.fasta,results/20260709_casp15_casp16_unique_lt1000_msa-variants/_staging/colabfold_nomsa/predictions/T1137s3/colabfold_nomsa,results/20260709_casp15_casp16_unique_lt1000_msa-variants/_staging/colabfold_nomsa/predictions/T1137s3/colabfold_nomsa/rank_001.pdb,results/20260709_casp15_casp16_unique_lt1000_msa-variants/_staging/colabfold_nomsa/predictions/T1137s3/colabfold_nomsa/rank_001.pdb,true,0,2026-07-06T10:40:07+02:00,2026-07-06T10:42:25+02:00,138,results/20260709_casp15_casp16_unique_lt1000_msa-variants/_staging/colabfold_nomsa/logs/T1137s3_colabfold_nomsa.log,bash runners/run_colabfold.sh results/20260709_casp15_casp16_unique_lt1000_msa-variants/_staging/colabfold_nomsa/sequences/T1137s3.fasta results/20260709_casp15_casp16_unique_lt1000_msa-variants/_staging/colabfold_nomsa/predictions/T1137s3/colabfold_nomsa 1,,Check,Check,reference coverage below threshold 0.592,1.000000,1.000000,0.591603,310,524,high,mapped from mmCIF atom_site CA records; 214 aligned positions lack resolved CA atoms,All groups,A1,MceG complex PDB code 8fef,false,none,single_sequence,none,,results/20260709_casp15_casp16_unique_lt1000_msa-variants/_staging/colabfold_nomsa/predictions/T1137s3/colabfold_nomsa/tmp_colabfold/T1137s3_qc_Check_CASP15_8FEF_C_residue_1-310_seq_1-524_coverage_0.591603.a3m,0,,,false,false,false,137,2.298714619751248,0.004839399199476312,137.0,2.298714619751248,0.004839399199476312,,,,ColabFold single_sequence mode; generated A3M contains only the query sequence.,,,,,,,,,,,
T1137s4,T1137s4,CASP15,8FEF,D,42,468,1,547,547,547,colabfold_nomsa,1,results/20260709_casp15_casp16_unique_lt1000_msa-variants/_staging/colabfold_nomsa/sequences/T1137s4.fasta,results/20260709_casp15_casp16_unique_lt1000_msa-variants/_staging/colabfold_nomsa/predictions/T1137s4/colabfold_nomsa,results/20260709_casp15_casp16_unique_lt1000_msa-variants/_staging/colabfold_nomsa/predictions/T1137s4/colabfold_nomsa/rank_001.pdb,results/20260709_casp15_casp16_unique_lt1000_msa-variants/_staging/colabfold_nomsa/predictions/T1137s4/colabfold_nomsa/rank_001.pdb,true,0,2026-07-06T10:42:25+02:00,2026-07-06T10:45:04+02:00,159,results/20260709_casp15_casp16_unique_lt1000_msa-variants/_staging/colabfold_nomsa/logs/T1137s4_colabfold_nomsa.log,bash runners/run_colabfold.sh results/20260709_casp15_casp16_unique_lt1000_msa-variants/_staging/colabfold_nomsa/sequences/T1137s4.fasta results/20260709_casp15_casp16_unique_lt1000_msa-variants/_staging/colabfold_nomsa/predictions/T1137s4/colabfold_nomsa 1,,Check,Check,reference coverage below threshold 0.704,1.000000,1.000000,0.703839,385,547,high,mapped from mmCIF atom_site CA records; 162 aligned positions lack resolved CA atoms,All groups,A1,MceG complex PDB code 8fef,false,none,single_sequence,none,,results/20260709_casp15_casp16_unique_lt1000_msa-variants/_staging/colabfold_nomsa/predictions/T1137s4/colabfold_nomsa/tmp_colabfold/T1137s4_qc_Check_CASP15_8FEF_D_residue_42-468_seq_1-547_coverage_0.703839.a3m,0,,,false,false,false,158,2.623328230662681,0.005522796275079328,158.0,2.623328230662681,0.005522796275079328,,,,ColabFold single_sequence mode; generated A3M contains only the query sequence.,,,,,,,,,,,
T1137s5,T1137s5,CASP15,8FEF,E,33,390,1,390,390,390,colabfold_nomsa,1,results/20260709_casp15_casp16_unique_lt1000_msa-variants/_staging/colabfold_nomsa/sequences/T1137s5.fasta,results/20260709_casp15_casp16_unique_lt1000_msa-variants/_staging/colabfold_nomsa/predictions/T1137s5/colabfold_nomsa,results/20260709_casp15_casp16_unique_lt1000_msa-variants/_staging/colabfold_nomsa/predictions/T1137s5/colabfold_nomsa/rank_001.pdb,results/20260709_casp15_casp16_unique_lt1000_msa-variants/_staging/colabfold_nomsa/predictions/T1137s5/colabfold_nomsa/rank_001.pdb,true,0,2026-07-06T10:45:04+02:00,2026-07-06T10:47:26+02:00,142,results/20260709_casp15_casp16_unique_lt1000_msa-variants/_staging/colabfold_nomsa/logs/T1137s5_colabfold_nomsa.log,bash runners/run_colabfold.sh results/20260709_casp15_casp16_unique_lt1000_msa-variants/_staging/colabfold_nomsa/sequences/T1137s5.fasta results/20260709_casp15_casp16_unique_lt1000_msa-variants/_staging/colabfold_nomsa/predictions/T1137s5/colabfold_nomsa 1,,Yes,Yes,prefiltered A1 protein target with mapped residue range,1.000000,1.000000,0.917949,358,390,high,mapped from mmCIF atom_site CA records; 32 aligned positions lack resolved CA atoms,All groups,A1,MceG complex PDB code 8fef,false,none,single_sequence,none,,results/20260709_casp15_casp16_unique_lt1000_msa-variants/_staging/colabfold_nomsa/predictions/T1137s5/colabfold_nomsa/tmp_colabfold/T1137s5_qc_Yes_CASP15_8FEF_E_residue_33-390_seq_1-390_coverage_0.917949.a3m,0,,,false,false,false,141,2.1762189777954664,0.004581513637464139,141.0,2.1762189777954664,0.004581513637464139,,,,ColabFold single_sequence mode; generated A3M contains only the query sequence.,,,,,,,,,,,
T1137s6,T1137s6,CASP15,8FEF,F,1,399,1,518,518,518,colabfold_nomsa,1,results/20260709_casp15_casp16_unique_lt1000_msa-variants/_staging/colabfold_nomsa/sequences/T1137s6.fasta,results/20260709_casp15_casp16_unique_lt1000_msa-variants/_staging/colabfold_nomsa/predictions/T1137s6/colabfold_nomsa,results/20260709_casp15_casp16_unique_lt1000_msa-variants/_staging/colabfold_nomsa/predictions/T1137s6/colabfold_nomsa/rank_001.pdb,results/20260709_casp15_casp16_unique_lt1000_msa-variants/_staging/colabfold_nomsa/predictions/T1137s6/colabfold_nomsa/rank_001.pdb,true,0,2026-07-06T10:47:26+02:00,2026-07-06T10:50:01+02:00,155,results/20260709_casp15_casp16_unique_lt1000_msa-variants/_staging/colabfold_nomsa/logs/T1137s6_colabfold_nomsa.log,bash runners/run_colabfold.sh results/20260709_casp15_casp16_unique_lt1000_msa-variants/_staging/colabfold_nomsa/sequences/T1137s6.fasta results/20260709_casp15_casp16_unique_lt1000_msa-variants/_staging/colabfold_nomsa/predictions/T1137s6/colabfold_nomsa 1,,Check,Check,reference coverage below threshold 0.770,1.000000,1.000000,0.770270,399,518,high,mapped from mmCIF atom_site CA records; 119 aligned positions lack resolved CA atoms,All groups,A1,MceG complex PDB code 8fef,false,none,single_sequence,none,,results/20260709_casp15_casp16_unique_lt1000_msa-variants/_staging/colabfold_nomsa/predictions/T1137s6/colabfold_nomsa/tmp_colabfold/T1137s6_qc_Check_CASP15_8FEF_F_residue_1-399_seq_1-518_coverage_0.770270.a3m,0,,,false,false,false,154,2.5338810600113124,0.005334486442129078,154.0,2.5338810600113124,0.005334486442129078,,,,ColabFold single_sequence mode; generated A3M contains only the query sequence.,,,,,,,,,,,
T1137s7,T1137s7,CASP15,8FEF,G,2,325,1,653,653,653,colabfold_nomsa,1,results/20260709_casp15_casp16_unique_lt1000_msa-variants/_staging/colabfold_nomsa/sequences/T1137s7.fasta,results/20260709_casp15_casp16_unique_lt1000_msa-variants/_staging/colabfold_nomsa/predictions/T1137s7/colabfold_nomsa,results/20260709_casp15_casp16_unique_lt1000_msa-variants/_staging/colabfold_nomsa/predictions/T1137s7/colabfold_nomsa/rank_001.pdb,results/20260709_casp15_casp16_unique_lt1000_msa-variants/_staging/colabfold_nomsa/predictions/T1137s7/colabfold_nomsa/rank_001.pdb,true,0,2026-07-06T10:50:01+02:00,2026-07-06T10:52:45+02:00,164,results/20260709_casp15_casp16_unique_lt1000_msa-variants/_staging/colabfold_nomsa/logs/T1137s7_colabfold_nomsa.log,bash runners/run_colabfold.sh results/20260709_casp15_casp16_unique_lt1000_msa-variants/_staging/colabfold_nomsa/sequences/T1137s7.fasta results/20260709_casp15_casp16_unique_lt1000_msa-variants/_staging/colabfold_nomsa/predictions/T1137s7/colabfold_nomsa 1,,Check,Check,reference coverage below threshold 0.458; multiple equivalent chains match,1.000000,1.000000,0.457887,299,653,high,mapped from mmCIF atom_site CA records; 354 aligned positions lack resolved CA atoms,All groups,A1,MceG complex PDB code 8fef,false,none,single_sequence,none,,results/20260709_casp15_casp16_unique_lt1000_msa-variants/_staging/colabfold_nomsa/predictions/T1137s7/colabfold_nomsa/tmp_colabfold/T1137s7_qc_Check_CASP15_8FEF_G_residue_2-325_seq_1-653_coverage_0.457887.a3m,0,,,false,false,false,163,2.879483688151523,0.006062070922424259,163.0,2.879483688151523,0.006062070922424259,,,,ColabFold single_sequence mode; generated A3M contains only the query sequence.,,,,,,,,,,,
T1137s8,T1137s8,CASP15,8FEF,I,14,266,1,266,266,266,colabfold_nomsa,1,results/20260709_casp15_casp16_unique_lt1000_msa-variants/_staging/colabfold_nomsa/sequences/T1137s8.fasta,results/20260709_casp15_casp16_unique_lt1000_msa-variants/_staging/colabfold_nomsa/predictions/T1137s8/colabfold_nomsa,results/20260709_casp15_casp16_unique_lt1000_msa-variants/_staging/colabfold_nomsa/predictions/T1137s8/colabfold_nomsa/rank_001.pdb,results/20260709_casp15_casp16_unique_lt1000_msa-variants/_staging/colabfold_nomsa/predictions/T1137s8/colabfold_nomsa/rank_001.pdb,true,0,2026-07-06T10:52:45+02:00,2026-07-06T10:54:53+02:00,128,results/20260709_casp15_casp16_unique_lt1000_msa-variants/_staging/colabfold_nomsa/logs/T1137s8_colabfold_nomsa.log,bash runners/run_colabfold.sh results/20260709_casp15_casp16_unique_lt1000_msa-variants/_staging/colabfold_nomsa/sequences/T1137s8.fasta results/20260709_casp15_casp16_unique_lt1000_msa-variants/_staging/colabfold_nomsa/predictions/T1137s8/colabfold_nomsa 1,,Yes,Yes,prefiltered A1 protein target with mapped residue range,1.000000,1.000000,0.951128,253,266,high,mapped from mmCIF atom_site CA records; 13 aligned positions lack resolved CA atoms,All groups,A1,MceG complex PDB code 8fef,false,none,single_sequence,none,,results/20260709_casp15_casp16_unique_lt1000_msa-variants/_staging/colabfold_nomsa/predictions/T1137s8/colabfold_nomsa/tmp_colabfold/T1137s8_qc_Yes_CASP15_8FEF_I_residue_14-266_seq_1-266_coverage_0.951128.a3m,0,,,false,false,false,126,1.9638202164928,0.004134358350511158,126.0,1.9638202164928,0.004134358350511158,,,,ColabFold single_sequence mode; generated A3M contains only the query sequence.,,,,,,,,,,,
T1137s9,T1137s9,CASP15,8FEF,J,27,289,1,289,289,289,colabfold_nomsa,1,results/20260709_casp15_casp16_unique_lt1000_msa-variants/_staging/colabfold_nomsa/sequences/T1137s9.fasta,results/20260709_casp15_casp16_unique_lt1000_msa-variants/_staging/colabfold_nomsa/predictions/T1137s9/colabfold_nomsa,results/20260709_casp15_casp16_unique_lt1000_msa-variants/_staging/colabfold_nomsa/predictions/T1137s9/colabfold_nomsa/rank_001.pdb,results/20260709_casp15_casp16_unique_lt1000_msa-variants/_staging/colabfold_nomsa/predictions/T1137s9/colabfold_nomsa/rank_001.pdb,true,0,2026-07-06T10:54:53+02:00,2026-07-06T10:57:07+02:00,134,results/20260709_casp15_casp16_unique_lt1000_msa-variants/_staging/colabfold_nomsa/logs/T1137s9_colabfold_nomsa.log,bash runners/run_colabfold.sh results/20260709_casp15_casp16_unique_lt1000_msa-variants/_staging/colabfold_nomsa/sequences/T1137s9.fasta results/20260709_casp15_casp16_unique_lt1000_msa-variants/_staging/colabfold_nomsa/predictions/T1137s9/colabfold_nomsa 1,,Yes,Yes,prefiltered A1 protein target with mapped residue range,1.000000,1.000000,0.910035,263,289,high,mapped from mmCIF atom_site CA records; 26 aligned positions lack resolved CA atoms,All groups,A1,MceG complex PDB code 8fef,false,none,single_sequence,none,,results/20260709_casp15_casp16_unique_lt1000_msa-variants/_staging/colabfold_nomsa/predictions/T1137s9/colabfold_nomsa/tmp_colabfold/T1137s9_qc_Yes_CASP15_8FEF_J_residue_27-289_seq_1-289_coverage_0.910035.a3m,0,,,false,false,false,133,1.9809573876318887,0.004170436605540818,133.0,1.9809573876318887,0.004170436605540818,,,,ColabFold single_sequence mode; generated A3M contains only the query sequence.,,,,,,,,,,,
T1145,T1145,CASP15,7UWW,A,34,665,1,635,635,635,colabfold_nomsa,1,results/20260709_casp15_casp16_unique_lt1000_msa-variants/_staging/colabfold_nomsa/sequences/T1145.fasta,results/20260709_casp15_casp16_unique_lt1000_msa-variants/_staging/colabfold_nomsa/predictions/T1145/colabfold_nomsa,results/20260709_casp15_casp16_unique_lt1000_msa-variants/_staging/colabfold_nomsa/predictions/T1145/colabfold_nomsa/rank_001.pdb,results/20260709_casp15_casp16_unique_lt1000_msa-variants/_staging/colabfold_nomsa/predictions/T1145/colabfold_nomsa/rank_001.pdb,true,0,2026-07-06T10:57:08+02:00,2026-07-06T10:59:45+02:00,157,results/20260709_casp15_casp16_unique_lt1000_msa-variants/_staging/colabfold_nomsa/logs/T1145_colabfold_nomsa.log,bash runners/run_colabfold.sh results/20260709_casp15_casp16_unique_lt1000_msa-variants/_staging/colabfold_nomsa/sequences/T1145.fasta results/20260709_casp15_casp16_unique_lt1000_msa-variants/_staging/colabfold_nomsa/predictions/T1145/colabfold_nomsa 1,,Check,Check,multiple equivalent chains match,1.000000,1.000000,0.995276,632,635,high,mapped from mmCIF atom_site CA records; 3 aligned positions lack resolved CA atoms,All groups,A1,Starch binding protein PDB code 7uww,false,none,single_sequence,none,,results/20260709_casp15_casp16_unique_lt1000_msa-variants/_staging/colabfold_nomsa/predictions/T1145/colabfold_nomsa/tmp_colabfold/T1145_qc_Check_CASP15_7UWW_A_residue_34-665_seq_1-635_coverage_0.995276.a3m,0,,,false,false,false,156,2.7722526190494494,0.005836321303261999,156.0,2.7722526190494494,0.005836321303261999,,,,ColabFold single_sequence mode; generated A3M contains only the query sequence.,,,,,,,,,,,
T1147,T1147,CASP15,8EM5,A,12,103,1,103,103,103,colabfold_nomsa,1,results/20260709_casp15_casp16_unique_lt1000_msa-variants/_staging/colabfold_nomsa/sequences/T1147.fasta,results/20260709_casp15_casp16_unique_lt1000_msa-variants/_staging/colabfold_nomsa/predictions/T1147/colabfold_nomsa,results/20260709_casp15_casp16_unique_lt1000_msa-variants/_staging/colabfold_nomsa/predictions/T1147/colabfold_nomsa/rank_001.pdb,results/20260709_casp15_casp16_unique_lt1000_msa-variants/_staging/colabfold_nomsa/predictions/T1147/colabfold_nomsa/rank_001.pdb,true,0,2026-07-06T10:59:45+02:00,2026-07-06T11:01:40+02:00,115,results/20260709_casp15_casp16_unique_lt1000_msa-variants/_staging/colabfold_nomsa/logs/T1147_colabfold_nomsa.log,bash runners/run_colabfold.sh results/20260709_casp15_casp16_unique_lt1000_msa-variants/_staging/colabfold_nomsa/sequences/T1147.fasta results/20260709_casp15_casp16_unique_lt1000_msa-variants/_staging/colabfold_nomsa/predictions/T1147/colabfold_nomsa 1,,Check,Check,multiple equivalent chains match,1.000000,1.000000,0.893204,92,103,high,mapped from mmCIF atom_site CA records; 11 aligned positions lack resolved CA atoms,All groups,A1,"KEK_05752, MmpS5 PDB code 8em5",false,none,single_sequence,none,,results/20260709_casp15_casp16_unique_lt1000_msa-variants/_staging/colabfold_nomsa/predictions/T1147/colabfold_nomsa/tmp_colabfold/T1147_qc_Check_CASP15_8EM5_A_residue_12-103_seq_1-103_coverage_0.893204.a3m,0,,,false,false,false,114,1.7507706446049647,0.003685832936010452,114.0,1.7507706446049647,0.003685832936010452,,,,ColabFold single_sequence mode; generated A3M contains only the query sequence.,,,,,,,,,,,
T1151s2,T1151s2,CASP15,8D5V,A,8,91,1,116,116,116,colabfold_nomsa,1,results/20260709_casp15_casp16_unique_lt1000_msa-variants/_staging/colabfold_nomsa/sequences/T1151s2.fasta,results/20260709_casp15_casp16_unique_lt1000_msa-variants/_staging/colabfold_nomsa/predictions/T1151s2/colabfold_nomsa,results/20260709_casp15_casp16_unique_lt1000_msa-variants/_staging/colabfold_nomsa/predictions/T1151s2/colabfold_nomsa/rank_001.pdb,results/20260709_casp15_casp16_unique_lt1000_msa-variants/_staging/colabfold_nomsa/predictions/T1151s2/colabfold_nomsa/rank_001.pdb,true,0,2026-07-06T11:01:40+02:00,2026-07-06T11:03:19+02:00,99,results/20260709_casp15_casp16_unique_lt1000_msa-variants/_staging/colabfold_nomsa/logs/T1151s2_colabfold_nomsa.log,bash runners/run_colabfold.sh results/20260709_casp15_casp16_unique_lt1000_msa-variants/_staging/colabfold_nomsa/sequences/T1151s2.fasta results/20260709_casp15_casp16_unique_lt1000_msa-variants/_staging/colabfold_nomsa/predictions/T1151s2/colabfold_nomsa 1,,Check,Check,reference coverage below threshold 0.724; multiple equivalent chains match,1.000000,1.000000,0.724138,84,116,high,mapped from mmCIF atom_site CA records; 32 aligned positions lack resolved CA atoms,All groups,A1,P9WF37 PDB code 8d5v,false,none,single_sequence,none,,results/20260709_casp15_casp16_unique_lt1000_msa-variants/_staging/colabfold_nomsa/predictions/T1151s2/colabfold_nomsa/tmp_colabfold/T1151s2_qc_Check_CASP15_8D5V_A_residue_8-91_seq_1-116_coverage_0.724138.a3m,0,,,false,false,false,98,1.5955007922805287,0.0033589490363800604,98.0,1.5955007922805287,0.0033589490363800604,,,,ColabFold single_sequence mode; generated A3M contains only the query sequence.,,,,,,,,,,,
T1155,T1155,CASP15,8PBV,A,1,116,1,116,116,116,colabfold_nomsa,1,results/20260709_casp15_casp16_unique_lt1000_msa-variants/_staging/colabfold_nomsa/sequences/T1155.fasta,results/20260709_casp15_casp16_unique_lt1000_msa-variants/_staging/colabfold_nomsa/predictions/T1155/colabfold_nomsa,results/20260709_casp15_casp16_unique_lt1000_msa-variants/_staging/colabfold_nomsa/predictions/T1155/colabfold_nomsa/rank_001.pdb,results/20260709_casp15_casp16_unique_lt1000_msa-variants/_staging/colabfold_nomsa/predictions/T1155/colabfold_nomsa/rank_001.pdb,true,0,2026-07-06T11:03:19+02:00,2026-07-06T11:04:59+02:00,100,results/20260709_casp15_casp16_unique_lt1000_msa-variants/_staging/colabfold_nomsa/logs/T1155_colabfold_nomsa.log,bash runners/run_colabfold.sh results/20260709_casp15_casp16_unique_lt1000_msa-variants/_staging/colabfold_nomsa/sequences/T1155.fasta results/20260709_casp15_casp16_unique_lt1000_msa-variants/_staging/colabfold_nomsa/predictions/T1155/colabfold_nomsa 1,,Yes,Yes,prefiltered A1 protein target with mapped residue range,1.000000,1.000000,1.000000,116,116,high,mapped from mmCIF atom_site CA records,All groups,A1,Uniprot Q8IN44 PDB code 8pbv,false,none,single_sequence,none,,results/20260709_casp15_casp16_unique_lt1000_msa-variants/_staging/colabfold_nomsa/predictions/T1155/colabfold_nomsa/tmp_colabfold/T1155_qc_Yes_CASP15_8PBV_A_residue_1-116_seq_1-116_coverage_1.000000.a3m,0,,,false,false,false,99,1.6362580622340817,0.0034447538152296456,99.0,1.6362580622340817,0.0034447538152296456,,,,ColabFold single_sequence mode; generated A3M contains only the query sequence.,,,,,,,,,,,
T1157s2,T1157s2,CASP15,8PKO,B,21,484,1,495,495,495,colabfold_nomsa,1,results/20260709_casp15_casp16_unique_lt1000_msa-variants/_staging/colabfold_nomsa/sequences/T1157s2.fasta,results/20260709_casp15_casp16_unique_lt1000_msa-variants/_staging/colabfold_nomsa/predictions/T1157s2/colabfold_nomsa,results/20260709_casp15_casp16_unique_lt1000_msa-variants/_staging/colabfold_nomsa/predictions/T1157s2/colabfold_nomsa/rank_001.pdb,results/20260709_casp15_casp16_unique_lt1000_msa-variants/_staging/colabfold_nomsa/predictions/T1157s2/colabfold_nomsa/rank_001.pdb,true,0,2026-07-06T11:04:59+02:00,2026-07-06T11:07:22+02:00,143,results/20260709_casp15_casp16_unique_lt1000_msa-variants/_staging/colabfold_nomsa/logs/T1157s2_colabfold_nomsa.log,bash runners/run_colabfold.sh results/20260709_casp15_casp16_unique_lt1000_msa-variants/_staging/colabfold_nomsa/sequences/T1157s2.fasta results/20260709_casp15_casp16_unique_lt1000_msa-variants/_staging/colabfold_nomsa/predictions/T1157s2/colabfold_nomsa 1,,Yes,Yes,prefiltered A1 protein target with mapped residue range,1.000000,1.000000,0.937374,464,495,high,mapped from mmCIF atom_site CA records; 31 aligned positions lack resolved CA atoms,All groups,A1,Complex of CtEDEM and CtPDI1P PDB code 8pko,false,none,single_sequence,none,,results/20260709_casp15_casp16_unique_lt1000_msa-variants/_staging/colabfold_nomsa/predictions/T1157s2/colabfold_nomsa/tmp_colabfold/T1157s2_qc_Yes_CASP15_8PKO_B_residue_21-484_seq_1-495_coverage_0.937374.a3m,0,,,false,false,false,142,2.4224048102297666,0.0050997996004837195,142.0,2.4224048102297666,0.0050997996004837195,,,,ColabFold single_sequence mode; generated A3M contains only the query sequence.,,,,,,,,,,,
T1159,T1159,CASP15,7PZT,A,1,160,1,160,160,160,colabfold_nomsa,1,results/20260709_casp15_casp16_unique_lt1000_msa-variants/_staging/colabfold_nomsa/sequences/T1159.fasta,results/20260709_casp15_casp16_unique_lt1000_msa-variants/_staging/colabfold_nomsa/predictions/T1159/colabfold_nomsa,results/20260709_casp15_casp16_unique_lt1000_msa-variants/_staging/colabfold_nomsa/predictions/T1159/colabfold_nomsa/rank_001.pdb,results/20260709_casp15_casp16_unique_lt1000_msa-variants/_staging/colabfold_nomsa/predictions/T1159/colabfold_nomsa/rank_001.pdb,true,0,2026-07-06T11:07:22+02:00,2026-07-06T11:09:07+02:00,105,results/20260709_casp15_casp16_unique_lt1000_msa-variants/_staging/colabfold_nomsa/logs/T1159_colabfold_nomsa.log,bash runners/run_colabfold.sh results/20260709_casp15_casp16_unique_lt1000_msa-variants/_staging/colabfold_nomsa/sequences/T1159.fasta results/20260709_casp15_casp16_unique_lt1000_msa-variants/_staging/colabfold_nomsa/predictions/T1159/colabfold_nomsa 1,,Check,Check,multiple equivalent chains match,1.000000,1.000000,1.000000,160,160,high,mapped from mmCIF atom_site CA records,All groups,A1,TecA tgat PDB code 7pzt,false,none,single_sequence,none,,results/20260709_casp15_casp16_unique_lt1000_msa-variants/_staging/colabfold_nomsa/predictions/T1159/colabfold_nomsa/tmp_colabfold/T1159_qc_Check_CASP15_7PZT_A_residue_1-160_seq_1-160_coverage_1.000000.a3m,0,,,false,false,false,104,1.6727324303137407,0.003521541958555244,104.0,1.6727324303137407,0.003521541958555244,,,,ColabFold single_sequence mode; generated A3M contains only the query sequence.,,,,,,,,,,,
T1183,T1183,CASP15,8IFX,B,1,195,1,200,200,200,colabfold_nomsa,1,results/20260709_casp15_casp16_unique_lt1000_msa-variants/_staging/colabfold_nomsa/sequences/T1183.fasta,results/20260709_casp15_casp16_unique_lt1000_msa-variants/_staging/colabfold_nomsa/predictions/T1183/colabfold_nomsa,results/20260709_casp15_casp16_unique_lt1000_msa-variants/_staging/colabfold_nomsa/predictions/T1183/colabfold_nomsa/rank_001.pdb,results/20260709_casp15_casp16_unique_lt1000_msa-variants/_staging/colabfold_nomsa/predictions/T1183/colabfold_nomsa/rank_001.pdb,true,0,2026-07-06T11:09:07+02:00,2026-07-06T11:10:55+02:00,108,results/20260709_casp15_casp16_unique_lt1000_msa-variants/_staging/colabfold_nomsa/logs/T1183_colabfold_nomsa.log,bash runners/run_colabfold.sh results/20260709_casp15_casp16_unique_lt1000_msa-variants/_staging/colabfold_nomsa/sequences/T1183.fasta results/20260709_casp15_casp16_unique_lt1000_msa-variants/_staging/colabfold_nomsa/predictions/T1183/colabfold_nomsa 1,,Yes,Yes,prefiltered A1 protein target with mapped residue range,1.000000,1.000000,0.975000,195,200,high,mapped from mmCIF atom_site CA records; 5 aligned positions lack resolved CA atoms,All groups,A1,TsaB PDB code 8ifx,false,none,single_sequence,none,,results/20260709_casp15_casp16_unique_lt1000_msa-variants/_staging/colabfold_nomsa/predictions/T1183/colabfold_nomsa/tmp_colabfold/T1183_qc_Yes_CASP15_8IFX_B_residue_1-195_seq_1-200_coverage_0.975000.a3m,0,,,false,false,false,107,1.7222454832002552,0.0036257799646321164,107.0,1.7222454832002552,0.0036257799646321164,,,,ColabFold single_sequence mode; generated A3M contains only the query sequence.,,,,,,,,,,,
T1185s1,T1185s1,CASP15,8OUY,A,4,73,1,350,350,350,colabfold_nomsa,1,results/20260709_casp15_casp16_unique_lt1000_msa-variants/_staging/colabfold_nomsa/sequences/T1185s1.fasta,results/20260709_casp15_casp16_unique_lt1000_msa-variants/_staging/colabfold_nomsa/predictions/T1185s1/colabfold_nomsa,results/20260709_casp15_casp16_unique_lt1000_msa-variants/_staging/colabfold_nomsa/predictions/T1185s1/colabfold_nomsa/rank_001.pdb,results/20260709_casp15_casp16_unique_lt1000_msa-variants/_staging/colabfold_nomsa/predictions/T1185s1/colabfold_nomsa/rank_001.pdb,true,0,2026-07-06T11:10:55+02:00,2026-07-06T11:13:04+02:00,129,results/20260709_casp15_casp16_unique_lt1000_msa-variants/_staging/colabfold_nomsa/logs/T1185s1_colabfold_nomsa.log,bash runners/run_colabfold.sh results/20260709_casp15_casp16_unique_lt1000_msa-variants/_staging/colabfold_nomsa/sequences/T1185s1.fasta results/20260709_casp15_casp16_unique_lt1000_msa-variants/_staging/colabfold_nomsa/predictions/T1185s1/colabfold_nomsa 1,,Check,Check,reference coverage below threshold 0.200,1.000000,1.000000,0.200000,70,350,high,mapped from mmCIF atom_site CA records; 280 aligned positions lack resolved CA atoms,All groups,A1,BCDX2 PDB code 8ouy,false,none,single_sequence,none,,results/20260709_casp15_casp16_unique_lt1000_msa-variants/_staging/colabfold_nomsa/predictions/T1185s1/colabfold_nomsa/tmp_colabfold/T1185s1_qc_Check_CASP15_8OUY_A_residue_4-73_seq_1-350_coverage_0.200000.a3m,0,,,false,false,false,128,2.082066570981951,0.004383298044172528,128.0,2.082066570981951,0.004383298044172528,,,,ColabFold single_sequence mode; generated A3M contains only the query sequence.,,,,,,,,,,,
T1185s2,T1185s2,CASP15,8OUY,B,10,349,1,376,376,376,colabfold_nomsa,1,results/20260709_casp15_casp16_unique_lt1000_msa-variants/_staging/colabfold_nomsa/sequences/T1185s2.fasta,results/20260709_casp15_casp16_unique_lt1000_msa-variants/_staging/colabfold_nomsa/predictions/T1185s2/colabfold_nomsa,results/20260709_casp15_casp16_unique_lt1000_msa-variants/_staging/colabfold_nomsa/predictions/T1185s2/colabfold_nomsa/rank_001.pdb,results/20260709_casp15_casp16_unique_lt1000_msa-variants/_staging/colabfold_nomsa/predictions/T1185s2/colabfold_nomsa/rank_001.pdb,true,0,2026-07-06T11:13:04+02:00,2026-07-06T11:14:59+02:00,115,results/20260709_casp15_casp16_unique_lt1000_msa-variants/_staging/colabfold_nomsa/logs/T1185s2_colabfold_nomsa.log,bash runners/run_colabfold.sh results/20260709_casp15_casp16_unique_lt1000_msa-variants/_staging/colabfold_nomsa/sequences/T1185s2.fasta results/20260709_casp15_casp16_unique_lt1000_msa-variants/_staging/colabfold_nomsa/predictions/T1185s2/colabfold_nomsa 1,,Yes,Yes,prefiltered A1 protein target with mapped residue range,1.000000,1.000000,0.832447,313,376,high,mapped from mmCIF atom_site CA records; 63 aligned positions lack resolved CA atoms,All groups,A1,BCDX2 PDB code 8ouy,false,none,single_sequence,none,,results/20260709_casp15_casp16_unique_lt1000_msa-variants/_staging/colabfold_nomsa/predictions/T1185s2/colabfold_nomsa/tmp_colabfold/T1185s2_qc_Yes_CASP15_8OUY_B_residue_10-349_seq_1-376_coverage_0.832447.a3m,0,,,false,false,false,113,1.9069378014554434,0.0040146058978009335,113.0,1.9069378014554434,0.0040146058978009335,,,,ColabFold single_sequence mode; generated A3M contains only the query sequence.,,,,,,,,,,,
T1185s4,T1185s4,CASP15,8OUY,D,20,280,1,280,280,280,colabfold_nomsa,1,results/20260709_casp15_casp16_unique_lt1000_msa-variants/_staging/colabfold_nomsa/sequences/T1185s4.fasta,results/20260709_casp15_casp16_unique_lt1000_msa-variants/_staging/colabfold_nomsa/predictions/T1185s4/colabfold_nomsa,results/20260709_casp15_casp16_unique_lt1000_msa-variants/_staging/colabfold_nomsa/predictions/T1185s4/colabfold_nomsa/rank_001.pdb,results/20260709_casp15_casp16_unique_lt1000_msa-variants/_staging/colabfold_nomsa/predictions/T1185s4/colabfold_nomsa/rank_001.pdb,true,0,2026-07-06T11:14:59+02:00,2026-07-06T11:16:52+02:00,113,results/20260709_casp15_casp16_unique_lt1000_msa-variants/_staging/colabfold_nomsa/logs/T1185s4_colabfold_nomsa.log,bash runners/run_colabfold.sh results/20260709_casp15_casp16_unique_lt1000_msa-variants/_staging/colabfold_nomsa/sequences/T1185s4.fasta results/20260709_casp15_casp16_unique_lt1000_msa-variants/_staging/colabfold_nomsa/predictions/T1185s4/colabfold_nomsa 1,,Yes,Yes,prefiltered A1 protein target with mapped residue range,1.000000,0.996429,0.838710,234,279,high,mapped from mmCIF atom_site CA records; 45 aligned positions lack resolved CA atoms,All groups,A1,BCDX2 PDB code 8ouy,false,none,single_sequence,none,,results/20260709_casp15_casp16_unique_lt1000_msa-variants/_staging/colabfold_nomsa/predictions/T1185s4/colabfold_nomsa/tmp_colabfold/T1185s4_qc_Yes_CASP15_8OUY_D_residue_20-280_seq_1-280_coverage_0.838710.a3m,0,,,false,false,false,112,1.8324952768343068,0.003857884793335383,112.0,1.8324952768343068,0.003857884793335383,,,,ColabFold single_sequence mode; generated A3M contains only the query sequence.,,,,,,,,,,,
T1194,T1194,CASP15,8OKH,A,22,185,1,168,168,168,colabfold_nomsa,1,results/20260709_casp15_casp16_unique_lt1000_msa-variants/_staging/colabfold_nomsa/sequences/T1194.fasta,results/20260709_casp15_casp16_unique_lt1000_msa-variants/_staging/colabfold_nomsa/predictions/T1194/colabfold_nomsa,results/20260709_casp15_casp16_unique_lt1000_msa-variants/_staging/colabfold_nomsa/predictions/T1194/colabfold_nomsa/rank_001.pdb,results/20260709_casp15_casp16_unique_lt1000_msa-variants/_staging/colabfold_nomsa/predictions/T1194/colabfold_nomsa/rank_001.pdb,true,0,2026-07-06T11:16:52+02:00,2026-07-06T11:18:38+02:00,106,results/20260709_casp15_casp16_unique_lt1000_msa-variants/_staging/colabfold_nomsa/logs/T1194_colabfold_nomsa.log,bash runners/run_colabfold.sh results/20260709_casp15_casp16_unique_lt1000_msa-variants/_staging/colabfold_nomsa/sequences/T1194.fasta results/20260709_casp15_casp16_unique_lt1000_msa-variants/_staging/colabfold_nomsa/predictions/T1194/colabfold_nomsa 1,,Check,Check,multiple equivalent chains match,1.000000,0.994048,0.982036,164,167,high,mapped from mmCIF atom_site CA records; 3 aligned positions lack resolved CA atoms,All groups,A1,Bd1399 PDB code 8okh,false,none,single_sequence,none,,results/20260709_casp15_casp16_unique_lt1000_msa-variants/_staging/colabfold_nomsa/predictions/T1194/colabfold_nomsa/tmp_colabfold/T1194_qc_Check_CASP15_8OKH_A_residue_22-185_seq_1-168_coverage_0.982036.a3m,0,,,false,false,false,105,1.68905416363761,0.0035559035023949685,105.0,1.68905416363761,0.0035559035023949685,,,,ColabFold single_sequence mode; generated A3M contains only the query sequence.,,,,,,,,,,,
T1212,T1212,CASP16,9B0L,P,53,518,1,466,466,466,colabfold_nomsa,1,results/20260709_casp15_casp16_unique_lt1000_msa-variants/_staging/colabfold_nomsa/sequences/T1212.fasta,results/20260709_casp15_casp16_unique_lt1000_msa-variants/_staging/colabfold_nomsa/predictions/T1212/colabfold_nomsa,results/20260709_casp15_casp16_unique_lt1000_msa-variants/_staging/colabfold_nomsa/predictions/T1212/colabfold_nomsa/rank_001.pdb,results/20260709_casp15_casp16_unique_lt1000_msa-variants/_staging/colabfold_nomsa/predictions/T1212/colabfold_nomsa/rank_001.pdb,true,0,2026-07-06T11:18:38+02:00,2026-07-06T11:20:55+02:00,137,results/20260709_casp15_casp16_unique_lt1000_msa-variants/_staging/colabfold_nomsa/logs/T1212_colabfold_nomsa.log,bash runners/run_colabfold.sh results/20260709_casp15_casp16_unique_lt1000_msa-variants/_staging/colabfold_nomsa/sequences/T1212.fasta results/20260709_casp15_casp16_unique_lt1000_msa-variants/_staging/colabfold_nomsa/predictions/T1212/colabfold_nomsa 1,,Check,Check,multiple equivalent chains match,1.000000,1.000000,1.000000,466,466,high,mapped from mmCIF atom_site CA records,Prot,A1,Fanzor2 ternary structure PDB code 9b0l protein subunit of M1212,false,none,single_sequence,none,,results/20260709_casp15_casp16_unique_lt1000_msa-variants/_staging/colabfold_nomsa/predictions/T1212/colabfold_nomsa/tmp_colabfold/T1212_qc_Check_CASP16_9B0L_P_residue_53-518_seq_1-466_coverage_1.000000.a3m,0,,,false,false,false,136,2.29903448964234,0.004840072609773347,136.0,2.29903448964234,0.004840072609773347,,,,ColabFold single_sequence mode; generated A3M contains only the query sequence.,,,,,,,,,,,
T1227s1,T1227s1,CASP16,9N8W,A,27,418,1,427,427,427,colabfold_nomsa,1,results/20260709_casp15_casp16_unique_lt1000_msa-variants/_staging/colabfold_nomsa/sequences/T1227s1.fasta,results/20260709_casp15_casp16_unique_lt1000_msa-variants/_staging/colabfold_nomsa/predictions/T1227s1/colabfold_nomsa,results/20260709_casp15_casp16_unique_lt1000_msa-variants/_staging/colabfold_nomsa/predictions/T1227s1/colabfold_nomsa/rank_001.pdb,results/20260709_casp15_casp16_unique_lt1000_msa-variants/_staging/colabfold_nomsa/predictions/T1227s1/colabfold_nomsa/rank_001.pdb,true,0,2026-07-06T11:20:55+02:00,2026-07-06T11:23:10+02:00,135,results/20260709_casp15_casp16_unique_lt1000_msa-variants/_staging/colabfold_nomsa/logs/T1227s1_colabfold_nomsa.log,bash runners/run_colabfold.sh results/20260709_casp15_casp16_unique_lt1000_msa-variants/_staging/colabfold_nomsa/sequences/T1227s1.fasta results/20260709_casp15_casp16_unique_lt1000_msa-variants/_staging/colabfold_nomsa/predictions/T1227s1/colabfold_nomsa 1,,Yes,Yes,prefiltered A1 protein target with mapped residue range,1.000000,1.000000,0.918033,392,427,high,mapped from mmCIF atom_site CA records; 35 aligned positions lack resolved CA atoms,Prot,A1,LetA (P0AD03) and LetB (P76272) PDB code 9n8w,false,none,single_sequence,none,,results/20260709_casp15_casp16_unique_lt1000_msa-variants/_staging/colabfold_nomsa/predictions/T1227s1/colabfold_nomsa/tmp_colabfold/T1227s1_qc_Yes_CASP16_9N8W_A_residue_27-418_seq_1-427_coverage_0.918033.a3m,0,,,false,false,false,134,2.2316674725544705,0.00469824731064099,134.0,2.2316674725544705,0.00469824731064099,,,,ColabFold single_sequence mode; generated A3M contains only the query sequence.,,,,,,,,,,,
T1266,T1266,CASP16,8QFB,A,563,860,1,336,336,336,colabfold_nomsa,1,results/20260709_casp15_casp16_unique_lt1000_msa-variants/_staging/colabfold_nomsa/sequences/T1266.fasta,results/20260709_casp15_casp16_unique_lt1000_msa-variants/_staging/colabfold_nomsa/predictions/T1266/colabfold_nomsa,results/20260709_casp15_casp16_unique_lt1000_msa-variants/_staging/colabfold_nomsa/predictions/T1266/colabfold_nomsa/rank_001.pdb,results/20260709_casp15_casp16_unique_lt1000_msa-variants/_staging/colabfold_nomsa/predictions/T1266/colabfold_nomsa/rank_001.pdb,true,0,2026-07-06T11:23:10+02:00,2026-07-06T11:25:04+02:00,114,results/20260709_casp15_casp16_unique_lt1000_msa-variants/_staging/colabfold_nomsa/logs/T1266_colabfold_nomsa.log,bash runners/run_colabfold.sh results/20260709_casp15_casp16_unique_lt1000_msa-variants/_staging/colabfold_nomsa/sequences/T1266.fasta results/20260709_casp15_casp16_unique_lt1000_msa-variants/_staging/colabfold_nomsa/predictions/T1266/colabfold_nomsa 1,,Check,Check,multiple equivalent chains match,1.000000,1.000000,0.886905,298,336,high,mapped from mmCIF atom_site CA records; 38 aligned positions lack resolved CA atoms,Prot,A1,Q99549 PDB code 8qfb,false,none,single_sequence,none,,results/20260709_casp15_casp16_unique_lt1000_msa-variants/_staging/colabfold_nomsa/predictions/T1266/colabfold_nomsa/tmp_colabfold/T1266_qc_Check_CASP16_8QFB_A_residue_563-860_seq_1-336_coverage_0.886905.a3m,0,,,false,false,false,113,1.8394228577780842,0.003872469174269651,113.0,1.8394228577780842,0.003872469174269651,,,,ColabFold single_sequence mode; generated A3M contains only the query sequence.,,,,,,,,,,,
T1272s2,T1272s2,CASP16,9C3C,a,25,350,1,363,363,363,colabfold_nomsa,1,results/20260709_casp15_casp16_unique_lt1000_msa-variants/_staging/colabfold_nomsa/sequences/T1272s2.fasta,results/20260709_casp15_casp16_unique_lt1000_msa-variants/_staging/colabfold_nomsa/predictions/T1272s2/colabfold_nomsa,results/20260709_casp15_casp16_unique_lt1000_msa-variants/_staging/colabfold_nomsa/predictions/T1272s2/colabfold_nomsa/rank_001.pdb,results/20260709_casp15_casp16_unique_lt1000_msa-variants/_staging/colabfold_nomsa/predictions/T1272s2/colabfold_nomsa/rank_001.pdb,true,0,2026-07-06T11:25:04+02:00,2026-07-06T11:27:14+02:00,130,results/20260709_casp15_casp16_unique_lt1000_msa-variants/_staging/colabfold_nomsa/logs/T1272s2_colabfold_nomsa.log,bash runners/run_colabfold.sh results/20260709_casp15_casp16_unique_lt1000_msa-variants/_staging/colabfold_nomsa/sequences/T1272s2.fasta results/20260709_casp15_casp16_unique_lt1000_msa-variants/_staging/colabfold_nomsa/predictions/T1272s2/colabfold_nomsa 1,,Check,Check,multiple equivalent chains match,1.000000,0.898072,0.972393,317,326,medium,mapped from mmCIF atom_site CA records; 9 aligned positions lack resolved CA atoms,Prot,A1,dystrophin-glycoprotein complex (DGC) PDB code 9c3c,false,none,single_sequence,none,,results/20260709_casp15_casp16_unique_lt1000_msa-variants/_staging/colabfold_nomsa/predictions/T1272s2/colabfold_nomsa/tmp_colabfold/T1272s2_qc_Check_CASP16_9C3C_a_residue_25-350_seq_1-363_coverage_0.972393.a3m,0,,,false,false,false,129,2.0991826895825034,0.004419331978068429,129.0,2.0991826895825034,0.004419331978068429,,,,ColabFold single_sequence mode; generated A3M contains only the query sequence.,,,,,,,,,,,
T1272s3,T1272s3,CASP16,9C3C,b,57,318,1,318,318,318,colabfold_nomsa,1,results/20260709_casp15_casp16_unique_lt1000_msa-variants/_staging/colabfold_nomsa/sequences/T1272s3.fasta,results/20260709_casp15_casp16_unique_lt1000_msa-variants/_staging/colabfold_nomsa/predictions/T1272s3/colabfold_nomsa,results/20260709_casp15_casp16_unique_lt1000_msa-variants/_staging/colabfold_nomsa/predictions/T1272s3/colabfold_nomsa/rank_001.pdb,results/20260709_casp15_casp16_unique_lt1000_msa-variants/_staging/colabfold_nomsa/predictions/T1272s3/colabfold_nomsa/rank_001.pdb,true,0,2026-07-06T11:27:14+02:00,2026-07-06T11:29:22+02:00,128,results/20260709_casp15_casp16_unique_lt1000_msa-variants/_staging/colabfold_nomsa/logs/T1272s3_colabfold_nomsa.log,bash runners/run_colabfold.sh results/20260709_casp15_casp16_unique_lt1000_msa-variants/_staging/colabfold_nomsa/sequences/T1272s3.fasta results/20260709_casp15_casp16_unique_lt1000_msa-variants/_staging/colabfold_nomsa/predictions/T1272s3/colabfold_nomsa 1,,Check,Check,multiple equivalent chains match,1.000000,1.000000,0.823899,262,318,high,mapped from mmCIF atom_site CA records; 56 aligned positions lack resolved CA atoms,Prot,A1,dystrophin-glycoprotein complex (DGC) PDB code 9c3c,false,none,single_sequence,none,,results/20260709_casp15_casp16_unique_lt1000_msa-variants/_staging/colabfold_nomsa/predictions/T1272s3/colabfold_nomsa/tmp_colabfold/T1272s3_qc_Check_CASP16_9C3C_b_residue_57-318_seq_1-318_coverage_0.823899.a3m,0,,,false,false,false,127,2.0248438364026318,0.004262829129268698,127.0,2.0248438364026318,0.004262829129268698,,,,ColabFold single_sequence mode; generated A3M contains only the query sequence.,,,,,,,,,,,
T1272s4,T1272s4,CASP16,9C3C,d,21,289,1,289,289,289,colabfold_nomsa,1,results/20260709_casp15_casp16_unique_lt1000_msa-variants/_staging/colabfold_nomsa/sequences/T1272s4.fasta,results/20260709_casp15_casp16_unique_lt1000_msa-variants/_staging/colabfold_nomsa/predictions/T1272s4/colabfold_nomsa,results/20260709_casp15_casp16_unique_lt1000_msa-variants/_staging/colabfold_nomsa/predictions/T1272s4/colabfold_nomsa/rank_001.pdb,results/20260709_casp15_casp16_unique_lt1000_msa-variants/_staging/colabfold_nomsa/predictions/T1272s4/colabfold_nomsa/rank_001.pdb,true,0,2026-07-06T11:29:22+02:00,2026-07-06T11:31:29+02:00,127,results/20260709_casp15_casp16_unique_lt1000_msa-variants/_staging/colabfold_nomsa/logs/T1272s4_colabfold_nomsa.log,bash runners/run_colabfold.sh results/20260709_casp15_casp16_unique_lt1000_msa-variants/_staging/colabfold_nomsa/sequences/T1272s4.fasta results/20260709_casp15_casp16_unique_lt1000_msa-variants/_staging/colabfold_nomsa/predictions/T1272s4/colabfold_nomsa 1,,Check,Check,multiple equivalent chains match,1.000000,1.000000,0.930796,269,289,high,mapped from mmCIF atom_site CA records; 20 aligned positions lack resolved CA atoms,Prot,A1,dystrophin-glycoprotein complex (DGC) PDB code 9c3c,false,none,single_sequence,none,,results/20260709_casp15_casp16_unique_lt1000_msa-variants/_staging/colabfold_nomsa/predictions/T1272s4/colabfold_nomsa/tmp_colabfold/T1272s4_qc_Check_CASP16_9C3C_d_residue_21-289_seq_1-289_coverage_0.930796.a3m,0,,,false,false,false,126,1.9927529550507896,0.004195269379054294,126.0,1.9927529550507896,0.004195269379054294,,,,ColabFold single_sequence mode; generated A3M contains only the query sequence.,,,,,,,,,,,
T1272s5,T1272s5,CASP16,9C3C,g,28,291,1,291,291,291,colabfold_nomsa,1,results/20260709_casp15_casp16_unique_lt1000_msa-variants/_staging/colabfold_nomsa/sequences/T1272s5.fasta,results/20260709_casp15_casp16_unique_lt1000_msa-variants/_staging/colabfold_nomsa/predictions/T1272s5/colabfold_nomsa,results/20260709_casp15_casp16_unique_lt1000_msa-variants/_staging/colabfold_nomsa/predictions/T1272s5/colabfold_nomsa/rank_001.pdb,results/20260709_casp15_casp16_unique_lt1000_msa-variants/_staging/colabfold_nomsa/predictions/T1272s5/colabfold_nomsa/rank_001.pdb,true,0,2026-07-06T11:31:29+02:00,2026-07-06T11:33:38+02:00,129,results/20260709_casp15_casp16_unique_lt1000_msa-variants/_staging/colabfold_nomsa/logs/T1272s5_colabfold_nomsa.log,bash runners/run_colabfold.sh results/20260709_casp15_casp16_unique_lt1000_msa-variants/_staging/colabfold_nomsa/sequences/T1272s5.fasta results/20260709_casp15_casp16_unique_lt1000_msa-variants/_staging/colabfold_nomsa/predictions/T1272s5/colabfold_nomsa 1,,Check,Check,multiple equivalent chains match,1.000000,1.000000,0.907216,264,291,high,mapped from mmCIF atom_site CA records; 27 aligned positions lack resolved CA atoms,Prot,A1,dystrophin-glycoprotein complex (DGC) PDB code 9c3c,false,none,single_sequence,none,,results/20260709_casp15_casp16_unique_lt1000_msa-variants/_staging/colabfold_nomsa/predictions/T1272s5/colabfold_nomsa/tmp_colabfold/T1272s5_qc_Check_CASP16_9C3C_g_residue_28-291_seq_1-291_coverage_0.907216.a3m,0,,,false,false,false,128,2.0077073590856935,0.00422675233491725,128.0,2.0077073590856935,0.00422675233491725,,,,ColabFold single_sequence mode; generated A3M contains only the query sequence.,,,,,,,,,,,
T1272s6,T1272s6,CASP16,9C3C,A,63,653,1,624,624,624,colabfold_nomsa,1,results/20260709_casp15_casp16_unique_lt1000_msa-variants/_staging/colabfold_nomsa/sequences/T1272s6.fasta,results/20260709_casp15_casp16_unique_lt1000_msa-variants/_staging/colabfold_nomsa/predictions/T1272s6/colabfold_nomsa,results/20260709_casp15_casp16_unique_lt1000_msa-variants/_staging/colabfold_nomsa/predictions/T1272s6/colabfold_nomsa/rank_001.pdb,results/20260709_casp15_casp16_unique_lt1000_msa-variants/_staging/colabfold_nomsa/predictions/T1272s6/colabfold_nomsa/rank_001.pdb,true,0,2026-07-06T11:33:38+02:00,2026-07-06T11:35:54+02:00,136,results/20260709_casp15_casp16_unique_lt1000_msa-variants/_staging/colabfold_nomsa/logs/T1272s6_colabfold_nomsa.log,bash runners/run_colabfold.sh results/20260709_casp15_casp16_unique_lt1000_msa-variants/_staging/colabfold_nomsa/sequences/T1272s6.fasta results/20260709_casp15_casp16_unique_lt1000_msa-variants/_staging/colabfold_nomsa/predictions/T1272s6/colabfold_nomsa 1,,Check,Check,reference coverage below threshold 0.641,1.000000,1.000000,0.641026,400,624,high,mapped from mmCIF atom_site CA records; 224 aligned positions lack resolved CA atoms,Prot,A1,dystrophin-glycoprotein complex (DGC) PDB code 9c3c,false,none,single_sequence,none,,results/20260709_casp15_casp16_unique_lt1000_msa-variants/_staging/colabfold_nomsa/predictions/T1272s6/colabfold_nomsa/tmp_colabfold/T1272s6_qc_Check_CASP16_9C3C_A_residue_63-653_seq_1-624_coverage_0.641026.a3m,0,,,false,false,false,135,2.507906192697486,0.005279802510942076,135.0,2.507906192697486,0.005279802510942076,,,,ColabFold single_sequence mode; generated A3M contains only the query sequence.,,,,,,,,,,,
T1272s7,T1272s7,CASP16,9C3C,B,654,798,1,242,242,242,colabfold_nomsa,1,results/20260709_casp15_casp16_unique_lt1000_msa-variants/_staging/colabfold_nomsa/sequences/T1272s7.fasta,results/20260709_casp15_casp16_unique_lt1000_msa-variants/_staging/colabfold_nomsa/predictions/T1272s7/colabfold_nomsa,results/20260709_casp15_casp16_unique_lt1000_msa-variants/_staging/colabfold_nomsa/predictions/T1272s7/colabfold_nomsa/rank_001.pdb,results/20260709_casp15_casp16_unique_lt1000_msa-variants/_staging/colabfold_nomsa/predictions/T1272s7/colabfold_nomsa/rank_001.pdb,true,0,2026-07-06T11:35:54+02:00,2026-07-06T11:37:59+02:00,125,results/20260709_casp15_casp16_unique_lt1000_msa-variants/_staging/colabfold_nomsa/logs/T1272s7_colabfold_nomsa.log,bash runners/run_colabfold.sh results/20260709_casp15_casp16_unique_lt1000_msa-variants/_staging/colabfold_nomsa/sequences/T1272s7.fasta results/20260709_casp15_casp16_unique_lt1000_msa-variants/_staging/colabfold_nomsa/predictions/T1272s7/colabfold_nomsa 1,,No,No,chain mapping below threshold identity=1.000 coverage=0.599,1.000000,0.599174,1.000000,145,145,low,mapped from mmCIF atom_site CA records,Prot,A1,dystrophin-glycoprotein complex (DGC) PDB code 9c3c,false,none,single_sequence,none,,results/20260709_casp15_casp16_unique_lt1000_msa-variants/_staging/colabfold_nomsa/predictions/T1272s7/colabfold_nomsa/tmp_colabfold/T1272s7_qc_No_CASP16_9C3C_B_residue_654-798_seq_1-242_coverage_1.000000.a3m,0,,,false,false,false,123,1.9139092487601441,0.004029282628968725,123.0,1.9139092487601441,0.004029282628968725,,,,ColabFold single_sequence mode; generated A3M contains only the query sequence.,,,,,,,,,,,
T1272s9,T1272s9,CASP16,9C3C,n,42,216,1,238,238,238,colabfold_nomsa,1,results/20260709_casp15_casp16_unique_lt1000_msa-variants/_staging/colabfold_nomsa/sequences/T1272s9.fasta,results/20260709_casp15_casp16_unique_lt1000_msa-variants/_staging/colabfold_nomsa/predictions/T1272s9/colabfold_nomsa,results/20260709_casp15_casp16_unique_lt1000_msa-variants/_staging/colabfold_nomsa/predictions/T1272s9/colabfold_nomsa/rank_001.pdb,results/20260709_casp15_casp16_unique_lt1000_msa-variants/_staging/colabfold_nomsa/predictions/T1272s9/colabfold_nomsa/rank_001.pdb,true,0,2026-07-06T11:37:59+02:00,2026-07-06T11:40:00+02:00,121,results/20260709_casp15_casp16_unique_lt1000_msa-variants/_staging/colabfold_nomsa/logs/T1272s9_colabfold_nomsa.log,bash runners/run_colabfold.sh results/20260709_casp15_casp16_unique_lt1000_msa-variants/_staging/colabfold_nomsa/sequences/T1272s9.fasta results/20260709_casp15_casp16_unique_lt1000_msa-variants/_staging/colabfold_nomsa/predictions/T1272s9/colabfold_nomsa 1,,Check,Check,reference coverage below threshold 0.735; multiple equivalent chains match,1.000000,1.000000,0.735294,175,238,high,mapped from mmCIF atom_site CA records; 63 aligned positions lack resolved CA atoms,Prot,A1,dystrophin-glycoprotein complex (DGC) PDB code 9c3c,false,none,single_sequence,none,,results/20260709_casp15_casp16_unique_lt1000_msa-variants/_staging/colabfold_nomsa/predictions/T1272s9/colabfold_nomsa/tmp_colabfold/T1272s9_qc_Check_CASP16_9C3C_n_residue_42-216_seq_1-238_coverage_0.735294.a3m,0,,,false,false,false,120,1.8851549573371542,0.003968747278604535,120.0,1.8851549573371542,0.003968747278604535,,,,ColabFold single_sequence mode; generated A3M contains only the query sequence.,,,,,,,,,,,
T1280,T1280,CASP16,9F5M,AAA,615,848,1,237,237,237,colabfold_nomsa,1,results/20260709_casp15_casp16_unique_lt1000_msa-variants/_staging/colabfold_nomsa/sequences/T1280.fasta,results/20260709_casp15_casp16_unique_lt1000_msa-variants/_staging/colabfold_nomsa/predictions/T1280/colabfold_nomsa,results/20260709_casp15_casp16_unique_lt1000_msa-variants/_staging/colabfold_nomsa/predictions/T1280/colabfold_nomsa/rank_001.pdb,results/20260709_casp15_casp16_unique_lt1000_msa-variants/_staging/colabfold_nomsa/predictions/T1280/colabfold_nomsa/rank_001.pdb,true,0,2026-07-06T11:40:00+02:00,2026-07-06T11:42:05+02:00,125,results/20260709_casp15_casp16_unique_lt1000_msa-variants/_staging/colabfold_nomsa/logs/T1280_colabfold_nomsa.log,bash runners/run_colabfold.sh results/20260709_casp15_casp16_unique_lt1000_msa-variants/_staging/colabfold_nomsa/sequences/T1280.fasta results/20260709_casp15_casp16_unique_lt1000_msa-variants/_staging/colabfold_nomsa/predictions/T1280/colabfold_nomsa 1,,Check,Check,multiple equivalent chains match,1.000000,0.991561,0.995745,234,235,high,mapped from mmCIF atom_site CA records; 1 aligned positions lack resolved CA atoms,Prot,A1,C-terminal domain of bacteriophage K gp155 PDB code 9f5m,false,none,single_sequence,none,,results/20260709_casp15_casp16_unique_lt1000_msa-variants/_staging/colabfold_nomsa/predictions/T1280/colabfold_nomsa/tmp_colabfold/T1280_qc_Check_CASP16_9F5M_AAA_residue_615-848_seq_1-237_coverage_0.995745.a3m,0,,,false,false,false,124,1.9552541630419848,0.0041163245537726,124.0,1.9552541630419848,0.0041163245537726,,,,ColabFold single_sequence mode; generated A3M contains only the query sequence.,,,,,,,,,,,
T1299,T1299,CASP16,9FJL,A,1,168,1,168,168,168,colabfold_nomsa,1,results/20260709_casp15_casp16_unique_lt1000_msa-variants/_staging/colabfold_nomsa/sequences/T1299.fasta,results/20260709_casp15_casp16_unique_lt1000_msa-variants/_staging/colabfold_nomsa/predictions/T1299/colabfold_nomsa,results/20260709_casp15_casp16_unique_lt1000_msa-variants/_staging/colabfold_nomsa/predictions/T1299/colabfold_nomsa/rank_001.pdb,results/20260709_casp15_casp16_unique_lt1000_msa-variants/_staging/colabfold_nomsa/predictions/T1299/colabfold_nomsa/rank_001.pdb,true,0,2026-07-06T11:42:05+02:00,2026-07-06T11:43:50+02:00,105,results/20260709_casp15_casp16_unique_lt1000_msa-variants/_staging/colabfold_nomsa/logs/T1299_colabfold_nomsa.log,bash runners/run_colabfold.sh results/20260709_casp15_casp16_unique_lt1000_msa-variants/_staging/colabfold_nomsa/sequences/T1299.fasta results/20260709_casp15_casp16_unique_lt1000_msa-variants/_staging/colabfold_nomsa/predictions/T1299/colabfold_nomsa 1,,Yes,Yes,prefiltered A1 protein target with mapped residue range,1.000000,1.000000,1.000000,168,168,high,mapped from mmCIF atom_site CA records,Prot,A1,9FJL PDB code 9fjl,false,none,single_sequence,none,,results/20260709_casp15_casp16_unique_lt1000_msa-variants/_staging/colabfold_nomsa/predictions/T1299/colabfold_nomsa/tmp_colabfold/T1299_qc_Yes_CASP16_9FJL_A_residue_1-168_seq_1-168_coverage_1.000000.a3m,0,,,false,false,false,104,1.6602805751616156,0.003495327526656033,104.0,1.6602805751616156,0.003495327526656033,,,,ColabFold single_sequence mode; generated A3M contains only the query sequence.,,,,,,,,,,,
T1104,T1104,CASP15,7ROA,A,58,189,1,117,117,117,boltz2_nomsa,1,results/20260709_casp15_casp16_unique_lt1000_msa-variants/_staging/boltz2_nomsa/sequences/T1104.fasta,results/20260709_casp15_casp16_unique_lt1000_msa-variants/_staging/boltz2_nomsa/predictions/T1104/boltz2_nomsa,results/20260709_casp15_casp16_unique_lt1000_msa-variants/_staging/boltz2_nomsa/predictions/T1104/boltz2_nomsa/rank_001.pdb,results/20260709_casp15_casp16_unique_lt1000_msa-variants/_staging/boltz2_nomsa/predictions/T1104/boltz2_nomsa/rank_001.pdb,true,0,2026-07-06T10:06:38+02:00,2026-07-06T10:07:38+02:00,60,results/20260709_casp15_casp16_unique_lt1000_msa-variants/_staging/boltz2_nomsa/logs/T1104_boltz2_nomsa.log,bash runners/run_boltz2.sh results/20260709_casp15_casp16_unique_lt1000_msa-variants/_staging/boltz2_nomsa/sequences/T1104.fasta results/20260709_casp15_casp16_unique_lt1000_msa-variants/_staging/boltz2_nomsa/predictions/T1104/boltz2_nomsa 1,,Yes,Yes,prefiltered A1 protein target with mapped residue range,1.000000,1.000000,0.871212,115,132,high,mapped from mmCIF atom_site CA records; 17 aligned positions lack resolved CA atoms,All groups,A1,EntV136 PDB code 7roa,,,,,,,,,,,,,59.31961149116978,0.8503948568468142,0.0017903049617827667,59.31961149116978,0.8503948568468142,0.0017903049617827667,,,,runner CodeCarbon output: results/20260709_casp15_casp16_unique_lt1000_msa-variants/_staging/boltz2_nomsa/predictions/T1104/boltz2_nomsa/carbon/T1104_boltz2_nomsa_inference_emissions.csv,,,,,,,,,,,
T1106s1,T1106s1,CASP15,7QIH,B,50,120,1,122,122,122,boltz2_nomsa,1,results/20260709_casp15_casp16_unique_lt1000_msa-variants/_staging/boltz2_nomsa/sequences/T1106s1.fasta,results/20260709_casp15_casp16_unique_lt1000_msa-variants/_staging/boltz2_nomsa/predictions/T1106s1/boltz2_nomsa,results/20260709_casp15_casp16_unique_lt1000_msa-variants/_staging/boltz2_nomsa/predictions/T1106s1/boltz2_nomsa/rank_001.pdb,results/20260709_casp15_casp16_unique_lt1000_msa-variants/_staging/boltz2_nomsa/predictions/T1106s1/boltz2_nomsa/rank_001.pdb,true,0,2026-07-06T10:07:38+02:00,2026-07-06T10:08:27+02:00,49,results/20260709_casp15_casp16_unique_lt1000_msa-variants/_staging/boltz2_nomsa/logs/T1106s1_boltz2_nomsa.log,bash runners/run_boltz2.sh results/20260709_casp15_casp16_unique_lt1000_msa-variants/_staging/boltz2_nomsa/sequences/T1106s1.fasta results/20260709_casp15_casp16_unique_lt1000_msa-variants/_staging/boltz2_nomsa/predictions/T1106s1/boltz2_nomsa 1,,No,No,chain mapping below threshold identity=1.000 coverage=0.615; multiple equivalent chains match,1.000000,0.614754,0.946667,71,75,low,mapped from mmCIF atom_site CA records; 4 aligned positions lack resolved CA atoms,All groups,A1,YscY-YscX PDB code 7qih,,,,,,,,,,,,,49.36160690989345,0.6455225290635705,0.0013589947980285695,49.36160690989345,0.6455225290635705,0.0013589947980285695,,,,runner CodeCarbon output: results/20260709_casp15_casp16_unique_lt1000_msa-variants/_staging/boltz2_nomsa/predictions/T1106s1/boltz2_nomsa/carbon/T1106s1_boltz2_nomsa_inference_emissions.csv,,,,,,,,,,,
T1106s2,T1106s2,CASP15,7QIH,A,2,112,1,114,114,114,boltz2_nomsa,1,results/20260709_casp15_casp16_unique_lt1000_msa-variants/_staging/boltz2_nomsa/sequences/T1106s2.fasta,results/20260709_casp15_casp16_unique_lt1000_msa-variants/_staging/boltz2_nomsa/predictions/T1106s2/boltz2_nomsa,results/20260709_casp15_casp16_unique_lt1000_msa-variants/_staging/boltz2_nomsa/predictions/T1106s2/boltz2_nomsa/rank_001.pdb,results/20260709_casp15_casp16_unique_lt1000_msa-variants/_staging/boltz2_nomsa/predictions/T1106s2/boltz2_nomsa/rank_001.pdb,true,0,2026-07-06T10:08:27+02:00,2026-07-06T10:09:21+02:00,54,results/20260709_casp15_casp16_unique_lt1000_msa-variants/_staging/boltz2_nomsa/logs/T1106s2_boltz2_nomsa.log,bash runners/run_boltz2.sh results/20260709_casp15_casp16_unique_lt1000_msa-variants/_staging/boltz2_nomsa/sequences/T1106s2.fasta results/20260709_casp15_casp16_unique_lt1000_msa-variants/_staging/boltz2_nomsa/predictions/T1106s2/boltz2_nomsa 1,,Check,Check,multiple equivalent chains match,1.000000,1.000000,0.909836,111,122,high,mapped from mmCIF atom_site CA records; 11 aligned positions lack resolved CA atoms,All groups,A1,YscY-YscX PDB code 7qih,,,,,,,,,,,,,53.26523521915078,0.7981296596585135,0.0016802729677021335,53.26523521915078,0.7981296596585135,0.0016802729677021335,,,,runner CodeCarbon output: results/20260709_casp15_casp16_unique_lt1000_msa-variants/_staging/boltz2_nomsa/predictions/T1106s2/boltz2_nomsa/carbon/T1106s2_boltz2_nomsa_inference_emissions.csv,,,,,,,,,,,
T1112,T1112,CASP15,8ORK,AAA,2,460,1,460,460,460,boltz2_nomsa,1,results/20260709_casp15_casp16_unique_lt1000_msa-variants/_staging/boltz2_nomsa/sequences/T1112.fasta,results/20260709_casp15_casp16_unique_lt1000_msa-variants/_staging/boltz2_nomsa/predictions/T1112/boltz2_nomsa,results/20260709_casp15_casp16_unique_lt1000_msa-variants/_staging/boltz2_nomsa/predictions/T1112/boltz2_nomsa/rank_001.pdb,results/20260709_casp15_casp16_unique_lt1000_msa-variants/_staging/boltz2_nomsa/predictions/T1112/boltz2_nomsa/rank_001.pdb,true,0,2026-07-06T10:09:21+02:00,2026-07-06T10:10:36+02:00,75,results/20260709_casp15_casp16_unique_lt1000_msa-variants/_staging/boltz2_nomsa/logs/T1112_boltz2_nomsa.log,bash runners/run_boltz2.sh results/20260709_casp15_casp16_unique_lt1000_msa-variants/_staging/boltz2_nomsa/sequences/T1112.fasta results/20260709_casp15_casp16_unique_lt1000_msa-variants/_staging/boltz2_nomsa/predictions/T1112/boltz2_nomsa 1,,Check,Check,multiple equivalent chains match,1.000000,1.000000,0.973913,448,460,high,mapped from mmCIF atom_site CA records; 12 aligned positions lack resolved CA atoms,All groups,A1,O93732.1 PDB code 8ork,,,,,,,,,,,,,75.30602875119075,1.5669822082950573,0.0032989099122001206,75.30602875119075,1.5669822082950573,0.0032989099122001206,,,,runner CodeCarbon output: results/20260709_casp15_casp16_unique_lt1000_msa-variants/_staging/boltz2_nomsa/predictions/T1112/boltz2_nomsa/carbon/T1112_boltz2_nomsa_inference_emissions.csv,,,,,,,,,,,
T1114s1,T1114s1,CASP15,7UTD,Q,20,78,1,189,189,189,boltz2_nomsa,1,results/20260709_casp15_casp16_unique_lt1000_msa-variants/_staging/boltz2_nomsa/sequences/T1114s1.fasta,results/20260709_casp15_casp16_unique_lt1000_msa-variants/_staging/boltz2_nomsa/predictions/T1114s1/boltz2_nomsa,results/20260709_casp15_casp16_unique_lt1000_msa-variants/_staging/boltz2_nomsa/predictions/T1114s1/boltz2_nomsa/rank_001.pdb,results/20260709_casp15_casp16_unique_lt1000_msa-variants/_staging/boltz2_nomsa/predictions/T1114s1/boltz2_nomsa/rank_001.pdb,true,0,2026-07-06T10:10:36+02:00,2026-07-06T10:11:40+02:00,64,results/20260709_casp15_casp16_unique_lt1000_msa-variants/_staging/boltz2_nomsa/logs/T1114s1_boltz2_nomsa.log,bash runners/run_boltz2.sh results/20260709_casp15_casp16_unique_lt1000_msa-variants/_staging/boltz2_nomsa/sequences/T1114s1.fasta results/20260709_casp15_casp16_unique_lt1000_msa-variants/_staging/boltz2_nomsa/predictions/T1114s1/boltz2_nomsa 1,,No,No,chain mapping below threshold identity=1.000 coverage=0.317; multiple equivalent chains match,1.000000,0.317460,0.983333,59,60,low,mapped from mmCIF atom_site CA records; 1 aligned positions lack resolved CA atoms,All groups,A1,"A0QUM5, A0QUM6, A0QUM7 PDB code 7utd",,,,,,,,,,,,,63.011440050788224,0.9609173021725036,0.002022983794047376,63.011440050788224,0.9609173021725036,0.002022983794047376,,,,runner CodeCarbon output: results/20260709_casp15_casp16_unique_lt1000_msa-variants/_staging/boltz2_nomsa/predictions/T1114s1/boltz2_nomsa/carbon/T1114s1_boltz2_nomsa_inference_emissions.csv,,,,,,,,,,,
T1114s2,T1114s2,CASP15,7UTD,B,2,323,1,369,369,369,boltz2_nomsa,1,results/20260709_casp15_casp16_unique_lt1000_msa-variants/_staging/boltz2_nomsa/sequences/T1114s2.fasta,results/20260709_casp15_casp16_unique_lt1000_msa-variants/_staging/boltz2_nomsa/predictions/T1114s2/boltz2_nomsa,results/20260709_casp15_casp16_unique_lt1000_msa-variants/_staging/boltz2_nomsa/predictions/T1114s2/boltz2_nomsa/rank_001.pdb,results/20260709_casp15_casp16_unique_lt1000_msa-variants/_staging/boltz2_nomsa/predictions/T1114s2/boltz2_nomsa/rank_001.pdb,true,0,2026-07-06T10:11:40+02:00,2026-07-06T10:12:41+02:00,61,results/20260709_casp15_casp16_unique_lt1000_msa-variants/_staging/boltz2_nomsa/logs/T1114s2_boltz2_nomsa.log,bash runners/run_boltz2.sh results/20260709_casp15_casp16_unique_lt1000_msa-variants/_staging/boltz2_nomsa/sequences/T1114s2.fasta results/20260709_casp15_casp16_unique_lt1000_msa-variants/_staging/boltz2_nomsa/predictions/T1114s2/boltz2_nomsa 1,,Check,Check,multiple equivalent chains match,1.000000,1.000000,0.872629,322,369,high,mapped from mmCIF atom_site CA records; 47 aligned positions lack resolved CA atoms,All groups,A1,"A0QUM5, A0QUM6, A0QUM7 PDB code 7utd",,,,,,,,,,,,,61.32916540419683,1.1369036621881254,0.002393481394080264,61.32916540419683,1.1369036621881254,0.002393481394080264,,,,runner CodeCarbon output: results/20260709_casp15_casp16_unique_lt1000_msa-variants/_staging/boltz2_nomsa/predictions/T1114s2/boltz2_nomsa/carbon/T1114s2_boltz2_nomsa_inference_emissions.csv,,,,,,,,,,,
T1114s3,T1114s3,CASP15,7UTD,A,4,516,1,535,535,535,boltz2_nomsa,1,results/20260709_casp15_casp16_unique_lt1000_msa-variants/_staging/boltz2_nomsa/sequences/T1114s3.fasta,results/20260709_casp15_casp16_unique_lt1000_msa-variants/_staging/boltz2_nomsa/predictions/T1114s3/boltz2_nomsa,results/20260709_casp15_casp16_unique_lt1000_msa-variants/_staging/boltz2_nomsa/predictions/T1114s3/boltz2_nomsa/rank_001.pdb,results/20260709_casp15_casp16_unique_lt1000_msa-variants/_staging/boltz2_nomsa/predictions/T1114s3/boltz2_nomsa/rank_001.pdb,true,0,2026-07-06T10:12:41+02:00,2026-07-06T10:14:18+02:00,97,results/20260709_casp15_casp16_unique_lt1000_msa-variants/_staging/boltz2_nomsa/logs/T1114s3_boltz2_nomsa.log,bash runners/run_boltz2.sh results/20260709_casp15_casp16_unique_lt1000_msa-variants/_staging/boltz2_nomsa/sequences/T1114s3.fasta results/20260709_casp15_casp16_unique_lt1000_msa-variants/_staging/boltz2_nomsa/predictions/T1114s3/boltz2_nomsa 1,,Check,Check,multiple equivalent chains match,1.000000,0.958879,0.998051,512,513,high,mapped from mmCIF atom_site CA records; 1 aligned positions lack resolved CA atoms,All groups,A1,"A0QUM5, A0QUM6, A0QUM7 PDB code 7utd",,,,,,,,,,,,,96.63628862192854,2.2101354187337447,0.00465291667101841,96.63628862192854,2.2101354187337447,0.00465291667101841,,,,runner CodeCarbon output: results/20260709_casp15_casp16_unique_lt1000_msa-variants/_staging/boltz2_nomsa/predictions/T1114s3/boltz2_nomsa/carbon/T1114s3_boltz2_nomsa_inference_emissions.csv,,,,,,,,,,,
T1120,T1120,CASP15,7QVB,B,4,231,1,235,235,235,boltz2_nomsa,1,results/20260709_casp15_casp16_unique_lt1000_msa-variants/_staging/boltz2_nomsa/sequences/T1120.fasta,results/20260709_casp15_casp16_unique_lt1000_msa-variants/_staging/boltz2_nomsa/predictions/T1120/boltz2_nomsa,results/20260709_casp15_casp16_unique_lt1000_msa-variants/_staging/boltz2_nomsa/predictions/T1120/boltz2_nomsa/rank_001.pdb,results/20260709_casp15_casp16_unique_lt1000_msa-variants/_staging/boltz2_nomsa/predictions/T1120/boltz2_nomsa/rank_001.pdb,true,0,2026-07-06T10:14:18+02:00,2026-07-06T10:15:08+02:00,50,results/20260709_casp15_casp16_unique_lt1000_msa-variants/_staging/boltz2_nomsa/logs/T1120_boltz2_nomsa.log,bash runners/run_boltz2.sh results/20260709_casp15_casp16_unique_lt1000_msa-variants/_staging/boltz2_nomsa/sequences/T1120.fasta results/20260709_casp15_casp16_unique_lt1000_msa-variants/_staging/boltz2_nomsa/predictions/T1120/boltz2_nomsa 1,,Check,Check,multiple equivalent chains match,1.000000,1.000000,0.970213,228,235,high,mapped from mmCIF atom_site CA records; 7 aligned positions lack resolved CA atoms,All groups,A1,DdrC PDB code 7qvb,,,,,,,,,,,,,49.62311683874577,0.7556899804020718,0.0015909262745306774,49.62311683874577,0.7556899804020718,0.0015909262745306774,,,,runner CodeCarbon output: results/20260709_casp15_casp16_unique_lt1000_msa-variants/_staging/boltz2_nomsa/predictions/T1120/boltz2_nomsa/carbon/T1120_boltz2_nomsa_inference_emissions.csv,,,,,,,,,,,
T1122,T1122,CASP15,8BBT,A,4,237,1,241,241,241,boltz2_nomsa,1,results/20260709_casp15_casp16_unique_lt1000_msa-variants/_staging/boltz2_nomsa/sequences/T1122.fasta,results/20260709_casp15_casp16_unique_lt1000_msa-variants/_staging/boltz2_nomsa/predictions/T1122/boltz2_nomsa,results/20260709_casp15_casp16_unique_lt1000_msa-variants/_staging/boltz2_nomsa/predictions/T1122/boltz2_nomsa/rank_001.pdb,results/20260709_casp15_casp16_unique_lt1000_msa-variants/_staging/boltz2_nomsa/predictions/T1122/boltz2_nomsa/rank_001.pdb,true,0,2026-07-06T10:15:08+02:00,2026-07-06T10:16:07+02:00,59,results/20260709_casp15_casp16_unique_lt1000_msa-variants/_staging/boltz2_nomsa/logs/T1122_boltz2_nomsa.log,bash runners/run_boltz2.sh results/20260709_casp15_casp16_unique_lt1000_msa-variants/_staging/boltz2_nomsa/sequences/T1122.fasta results/20260709_casp15_casp16_unique_lt1000_msa-variants/_staging/boltz2_nomsa/predictions/T1122/boltz2_nomsa 1,,Yes,Yes,prefiltered A1 protein target with mapped residue range,1.000000,1.000000,0.954357,230,241,high,mapped from mmCIF atom_site CA records; 11 aligned positions lack resolved CA atoms,All groups,A1,A0A0B4VFQ3 PDB code 8bbt,,,,,,,,,,,,,59.229999027214944,0.9609419127688933,0.002023035605829249,59.229999027214944,0.9609419127688933,0.002023035605829249,,,,runner CodeCarbon output: results/20260709_casp15_casp16_unique_lt1000_msa-variants/_staging/boltz2_nomsa/predictions/T1122/boltz2_nomsa/carbon/T1122_boltz2_nomsa_inference_emissions.csv,,,,,,,,,,,
T1129s2,T1129s2,CASP15,8A8C,B,41,640,1,640,640,640,boltz2_nomsa,1,results/20260709_casp15_casp16_unique_lt1000_msa-variants/_staging/boltz2_nomsa/sequences/T1129s2.fasta,results/20260709_casp15_casp16_unique_lt1000_msa-variants/_staging/boltz2_nomsa/predictions/T1129s2/boltz2_nomsa,results/20260709_casp15_casp16_unique_lt1000_msa-variants/_staging/boltz2_nomsa/predictions/T1129s2/boltz2_nomsa/rank_001.pdb,results/20260709_casp15_casp16_unique_lt1000_msa-variants/_staging/boltz2_nomsa/predictions/T1129s2/boltz2_nomsa/rank_001.pdb,true,0,2026-07-06T10:16:07+02:00,2026-07-06T10:17:56+02:00,109,results/20260709_casp15_casp16_unique_lt1000_msa-variants/_staging/boltz2_nomsa/logs/T1129s2_boltz2_nomsa.log,bash runners/run_boltz2.sh results/20260709_casp15_casp16_unique_lt1000_msa-variants/_staging/boltz2_nomsa/sequences/T1129s2.fasta results/20260709_casp15_casp16_unique_lt1000_msa-variants/_staging/boltz2_nomsa/predictions/T1129s2/boltz2_nomsa 1,,Yes,Yes,prefiltered A1 protein target with mapped residue range,1.000000,1.000000,0.825000,528,640,high,mapped from mmCIF atom_site CA records; 112 aligned positions lack resolved CA atoms,All groups,A1,P06971; P23207 PDB code 8a8c,,,,,,,,,,,,,108.92809928301722,2.8155855000627787,0.0059275484211847975,108.92809928301722,2.8155855000627787,0.0059275484211847975,,,,runner CodeCarbon output: results/20260709_casp15_casp16_unique_lt1000_msa-variants/_staging/boltz2_nomsa/predictions/T1129s2/boltz2_nomsa/carbon/T1129s2_boltz2_nomsa_inference_emissions.csv,,,,,,,,,,,
T1133,T1133,CASP15,8DYS,A,4,427,1,585,585,585,boltz2_nomsa,1,results/20260709_casp15_casp16_unique_lt1000_msa-variants/_staging/boltz2_nomsa/sequences/T1133.fasta,results/20260709_casp15_casp16_unique_lt1000_msa-variants/_staging/boltz2_nomsa/predictions/T1133/boltz2_nomsa,results/20260709_casp15_casp16_unique_lt1000_msa-variants/_staging/boltz2_nomsa/predictions/T1133/boltz2_nomsa/rank_001.pdb,results/20260709_casp15_casp16_unique_lt1000_msa-variants/_staging/boltz2_nomsa/predictions/T1133/boltz2_nomsa/rank_001.pdb,true,0,2026-07-06T10:17:56+02:00,2026-07-06T10:19:35+02:00,99,results/20260709_casp15_casp16_unique_lt1000_msa-variants/_staging/boltz2_nomsa/logs/T1133_boltz2_nomsa.log,bash runners/run_boltz2.sh results/20260709_casp15_casp16_unique_lt1000_msa-variants/_staging/boltz2_nomsa/sequences/T1133.fasta results/20260709_casp15_casp16_unique_lt1000_msa-variants/_staging/boltz2_nomsa/predictions/T1133/boltz2_nomsa 1,,Check,Check,reference coverage below threshold 0.699,1.000000,1.000000,0.699145,409,585,high,mapped from mmCIF atom_site CA records; 176 aligned positions lack resolved CA atoms,All groups,A1,Q9BY44 PDB code 8dys,,,,,,,,,,,,,98.03993667988107,2.3104304944805865,0.004864064198906498,98.03993667988107,2.3104304944805865,0.004864064198906498,,,,runner CodeCarbon output: results/20260709_casp15_casp16_unique_lt1000_msa-variants/_staging/boltz2_nomsa/predictions/T1133/boltz2_nomsa/carbon/T1133_boltz2_nomsa_inference_emissions.csv,,,,,,,,,,,
T1134s1,T1134s1,CASP15,7UBZ,A,1,230,1,230,230,230,boltz2_nomsa,1,results/20260709_casp15_casp16_unique_lt1000_msa-variants/_staging/boltz2_nomsa/sequences/T1134s1.fasta,results/20260709_casp15_casp16_unique_lt1000_msa-variants/_staging/boltz2_nomsa/predictions/T1134s1/boltz2_nomsa,results/20260709_casp15_casp16_unique_lt1000_msa-variants/_staging/boltz2_nomsa/predictions/T1134s1/boltz2_nomsa/rank_001.pdb,results/20260709_casp15_casp16_unique_lt1000_msa-variants/_staging/boltz2_nomsa/predictions/T1134s1/boltz2_nomsa/rank_001.pdb,true,0,2026-07-06T10:19:35+02:00,2026-07-06T10:20:32+02:00,57,results/20260709_casp15_casp16_unique_lt1000_msa-variants/_staging/boltz2_nomsa/logs/T1134s1_boltz2_nomsa.log,bash runners/run_boltz2.sh results/20260709_casp15_casp16_unique_lt1000_msa-variants/_staging/boltz2_nomsa/sequences/T1134s1.fasta results/20260709_casp15_casp16_unique_lt1000_msa-variants/_staging/boltz2_nomsa/predictions/T1134s1/boltz2_nomsa 1,,Check,Check,multiple equivalent chains match,1.000000,1.000000,1.000000,230,230,high,mapped from mmCIF atom_site CA records,All groups,A1,"TleTli or WP_062934778.1, WP_013096194 PDB code 7ubz",,,,,,,,,,,,,57.37268238514662,0.9610879769627836,0.002023343109395334,57.37268238514662,0.9610879769627836,0.002023343109395334,,,,runner CodeCarbon output: results/20260709_casp15_casp16_unique_lt1000_msa-variants/_staging/boltz2_nomsa/predictions/T1134s1/boltz2_nomsa/carbon/T1134s1_boltz2_nomsa_inference_emissions.csv,,,,,,,,,,,
T1134s2,T1134s2,CASP15,7UBZ,D,168,472,1,313,313,313,boltz2_nomsa,1,results/20260709_casp15_casp16_unique_lt1000_msa-variants/_staging/boltz2_nomsa/sequences/T1134s2.fasta,results/20260709_casp15_casp16_unique_lt1000_msa-variants/_staging/boltz2_nomsa/predictions/T1134s2/boltz2_nomsa,results/20260709_casp15_casp16_unique_lt1000_msa-variants/_staging/boltz2_nomsa/predictions/T1134s2/boltz2_nomsa/rank_001.pdb,results/20260709_casp15_casp16_unique_lt1000_msa-variants/_staging/boltz2_nomsa/predictions/T1134s2/boltz2_nomsa/rank_001.pdb,true,0,2026-07-06T10:20:32+02:00,2026-07-06T10:21:29+02:00,57,results/20260709_casp15_casp16_unique_lt1000_msa-variants/_staging/boltz2_nomsa/logs/T1134s2_boltz2_nomsa.log,bash runners/run_boltz2.sh results/20260709_casp15_casp16_unique_lt1000_msa-variants/_staging/boltz2_nomsa/sequences/T1134s2.fasta results/20260709_casp15_casp16_unique_lt1000_msa-variants/_staging/boltz2_nomsa/predictions/T1134s2/boltz2_nomsa 1,,Check,Check,reference coverage below threshold 0.645; multiple equivalent chains match,1.000000,1.000000,0.645367,202,313,high,mapped from mmCIF atom_site CA records; 111 aligned positions lack resolved CA atoms,All groups,A1,"TleTli or WP_062934778.1, WP_013096194 PDB code 7ubz",,,,,,,,,,,,,56.625638138037175,0.9582286419968743,0.002017323456835525,56.625638138037175,0.9582286419968743,0.002017323456835525,,,,runner CodeCarbon output: results/20260709_casp15_casp16_unique_lt1000_msa-variants/_staging/boltz2_nomsa/predictions/T1134s2/boltz2_nomsa/carbon/T1134s2_boltz2_nomsa_inference_emissions.csv,,,,,,,,,,,
T1137s1,T1137s1,CASP15,8FEF,A,18,409,1,409,409,409,boltz2_nomsa,1,results/20260709_casp15_casp16_unique_lt1000_msa-variants/_staging/boltz2_nomsa/sequences/T1137s1.fasta,results/20260709_casp15_casp16_unique_lt1000_msa-variants/_staging/boltz2_nomsa/predictions/T1137s1/boltz2_nomsa,results/20260709_casp15_casp16_unique_lt1000_msa-variants/_staging/boltz2_nomsa/predictions/T1137s1/boltz2_nomsa/rank_001.pdb,results/20260709_casp15_casp16_unique_lt1000_msa-variants/_staging/boltz2_nomsa/predictions/T1137s1/boltz2_nomsa/rank_001.pdb,true,0,2026-07-06T10:21:29+02:00,2026-07-06T10:22:38+02:00,69,results/20260709_casp15_casp16_unique_lt1000_msa-variants/_staging/boltz2_nomsa/logs/T1137s1_boltz2_nomsa.log,bash runners/run_boltz2.sh results/20260709_casp15_casp16_unique_lt1000_msa-variants/_staging/boltz2_nomsa/sequences/T1137s1.fasta results/20260709_casp15_casp16_unique_lt1000_msa-variants/_staging/boltz2_nomsa/predictions/T1137s1/boltz2_nomsa 1,,Yes,Yes,prefiltered A1 protein target with mapped residue range,1.000000,1.000000,0.958435,392,409,high,mapped from mmCIF atom_site CA records; 17 aligned positions lack resolved CA atoms,All groups,A1,MceG complex PDB code 8fef,,,,,,,,,,,,,69.07905395515263,1.510793153731673,0.0031806171657508906,69.07905395515263,1.510793153731673,0.0031806171657508906,,,,runner CodeCarbon output: results/20260709_casp15_casp16_unique_lt1000_msa-variants/_staging/boltz2_nomsa/predictions/T1137s1/boltz2_nomsa/carbon/T1137s1_boltz2_nomsa_inference_emissions.csv,,,,,,,,,,,
T1137s2,T1137s2,CASP15,8FEF,B,2,343,1,343,343,343,boltz2_nomsa,1,results/20260709_casp15_casp16_unique_lt1000_msa-variants/_staging/boltz2_nomsa/sequences/T1137s2.fasta,results/20260709_casp15_casp16_unique_lt1000_msa-variants/_staging/boltz2_nomsa/predictions/T1137s2/boltz2_nomsa,results/20260709_casp15_casp16_unique_lt1000_msa-variants/_staging/boltz2_nomsa/predictions/T1137s2/boltz2_nomsa/rank_001.pdb,results/20260709_casp15_casp16_unique_lt1000_msa-variants/_staging/boltz2_nomsa/predictions/T1137s2/boltz2_nomsa/rank_001.pdb,true,0,2026-07-06T10:22:38+02:00,2026-07-06T10:23:38+02:00,60,results/20260709_casp15_casp16_unique_lt1000_msa-variants/_staging/boltz2_nomsa/logs/T1137s2_boltz2_nomsa.log,bash runners/run_boltz2.sh results/20260709_casp15_casp16_unique_lt1000_msa-variants/_staging/boltz2_nomsa/sequences/T1137s2.fasta results/20260709_casp15_casp16_unique_lt1000_msa-variants/_staging/boltz2_nomsa/predictions/T1137s2/boltz2_nomsa 1,,Yes,Yes,prefiltered A1 protein target with mapped residue range,1.000000,1.000000,0.976676,335,343,high,mapped from mmCIF atom_site CA records; 8 aligned positions lack resolved CA atoms,All groups,A1,MceG complex PDB code 8fef,,,,,,,,,,,,,59.621715461835265,1.0777690645803744,0.0022689875043797355,59.621715461835265,1.0777690645803744,0.0022689875043797355,,,,runner CodeCarbon output: results/20260709_casp15_casp16_unique_lt1000_msa-variants/_staging/boltz2_nomsa/predictions/T1137s2/boltz2_nomsa/carbon/T1137s2_boltz2_nomsa_inference_emissions.csv,,,,,,,,,,,
T1137s3,T1137s3,CASP15,8FEF,C,1,310,1,524,524,524,boltz2_nomsa,1,results/20260709_casp15_casp16_unique_lt1000_msa-variants/_staging/boltz2_nomsa/sequences/T1137s3.fasta,results/20260709_casp15_casp16_unique_lt1000_msa-variants/_staging/boltz2_nomsa/predictions/T1137s3/boltz2_nomsa,results/20260709_casp15_casp16_unique_lt1000_msa-variants/_staging/boltz2_nomsa/predictions/T1137s3/boltz2_nomsa/rank_001.pdb,results/20260709_casp15_casp16_unique_lt1000_msa-variants/_staging/boltz2_nomsa/predictions/T1137s3/boltz2_nomsa/rank_001.pdb,true,0,2026-07-06T10:23:38+02:00,2026-07-06T10:25:06+02:00,88,results/20260709_casp15_casp16_unique_lt1000_msa-variants/_staging/boltz2_nomsa/logs/T1137s3_boltz2_nomsa.log,bash runners/run_boltz2.sh results/20260709_casp15_casp16_unique_lt1000_msa-variants/_staging/boltz2_nomsa/sequences/T1137s3.fasta results/20260709_casp15_casp16_unique_lt1000_msa-variants/_staging/boltz2_nomsa/predictions/T1137s3/boltz2_nomsa 1,,Check,Check,reference coverage below threshold 0.592,1.000000,1.000000,0.591603,310,524,high,mapped from mmCIF atom_site CA records; 214 aligned positions lack resolved CA atoms,All groups,A1,MceG complex PDB code 8fef,,,,,,,,,,,,,87.27215564483777,2.088095979050437,0.004395991534843026,87.27215564483777,2.088095979050437,0.004395991534843026,,,,runner CodeCarbon output: results/20260709_casp15_casp16_unique_lt1000_msa-variants/_staging/boltz2_nomsa/predictions/T1137s3/boltz2_nomsa/carbon/T1137s3_boltz2_nomsa_inference_emissions.csv,,,,,,,,,,,
T1137s4,T1137s4,CASP15,8FEF,D,42,468,1,547,547,547,boltz2_nomsa,1,results/20260709_casp15_casp16_unique_lt1000_msa-variants/_staging/boltz2_nomsa/sequences/T1137s4.fasta,results/20260709_casp15_casp16_unique_lt1000_msa-variants/_staging/boltz2_nomsa/predictions/T1137s4/boltz2_nomsa,results/20260709_casp15_casp16_unique_lt1000_msa-variants/_staging/boltz2_nomsa/predictions/T1137s4/boltz2_nomsa/rank_001.pdb,results/20260709_casp15_casp16_unique_lt1000_msa-variants/_staging/boltz2_nomsa/predictions/T1137s4/boltz2_nomsa/rank_001.pdb,true,0,2026-07-06T10:25:06+02:00,2026-07-06T10:26:40+02:00,94,results/20260709_casp15_casp16_unique_lt1000_msa-variants/_staging/boltz2_nomsa/logs/T1137s4_boltz2_nomsa.log,bash runners/run_boltz2.sh results/20260709_casp15_casp16_unique_lt1000_msa-variants/_staging/boltz2_nomsa/sequences/T1137s4.fasta results/20260709_casp15_casp16_unique_lt1000_msa-variants/_staging/boltz2_nomsa/predictions/T1137s4/boltz2_nomsa 1,,Check,Check,reference coverage below threshold 0.704,1.000000,1.000000,0.703839,385,547,high,mapped from mmCIF atom_site CA records; 162 aligned positions lack resolved CA atoms,All groups,A1,MceG complex PDB code 8fef,,,,,,,,,,,,,93.7310091778636,2.2270091467566493,0.004688440308961367,93.7310091778636,2.2270091467566493,0.004688440308961367,,,,runner CodeCarbon output: results/20260709_casp15_casp16_unique_lt1000_msa-variants/_staging/boltz2_nomsa/predictions/T1137s4/boltz2_nomsa/carbon/T1137s4_boltz2_nomsa_inference_emissions.csv,,,,,,,,,,,
T1137s5,T1137s5,CASP15,8FEF,E,33,390,1,390,390,390,boltz2_nomsa,1,results/20260709_casp15_casp16_unique_lt1000_msa-variants/_staging/boltz2_nomsa/sequences/T1137s5.fasta,results/20260709_casp15_casp16_unique_lt1000_msa-variants/_staging/boltz2_nomsa/predictions/T1137s5/boltz2_nomsa,results/20260709_casp15_casp16_unique_lt1000_msa-variants/_staging/boltz2_nomsa/predictions/T1137s5/boltz2_nomsa/rank_001.pdb,results/20260709_casp15_casp16_unique_lt1000_msa-variants/_staging/boltz2_nomsa/predictions/T1137s5/boltz2_nomsa/rank_001.pdb,true,0,2026-07-06T10:26:40+02:00,2026-07-06T10:27:45+02:00,65,results/20260709_casp15_casp16_unique_lt1000_msa-variants/_staging/boltz2_nomsa/logs/T1137s5_boltz2_nomsa.log,bash runners/run_boltz2.sh results/20260709_casp15_casp16_unique_lt1000_msa-variants/_staging/boltz2_nomsa/sequences/T1137s5.fasta results/20260709_casp15_casp16_unique_lt1000_msa-variants/_staging/boltz2_nomsa/predictions/T1137s5/boltz2_nomsa 1,,Yes,Yes,prefiltered A1 protein target with mapped residue range,1.000000,1.000000,0.917949,358,390,high,mapped from mmCIF atom_site CA records; 32 aligned positions lack resolved CA atoms,All groups,A1,MceG complex PDB code 8fef,,,,,,,,,,,,,65.4436543630436,1.2680498875689437,0.00266957871067146,65.4436543630436,1.2680498875689437,0.00266957871067146,,,,runner CodeCarbon output: results/20260709_casp15_casp16_unique_lt1000_msa-variants/_staging/boltz2_nomsa/predictions/T1137s5/boltz2_nomsa/carbon/T1137s5_boltz2_nomsa_inference_emissions.csv,,,,,,,,,,,
T1137s6,T1137s6,CASP15,8FEF,F,1,399,1,518,518,518,boltz2_nomsa,1,results/20260709_casp15_casp16_unique_lt1000_msa-variants/_staging/boltz2_nomsa/sequences/T1137s6.fasta,results/20260709_casp15_casp16_unique_lt1000_msa-variants/_staging/boltz2_nomsa/predictions/T1137s6/boltz2_nomsa,results/20260709_casp15_casp16_unique_lt1000_msa-variants/_staging/boltz2_nomsa/predictions/T1137s6/boltz2_nomsa/rank_001.pdb,results/20260709_casp15_casp16_unique_lt1000_msa-variants/_staging/boltz2_nomsa/predictions/T1137s6/boltz2_nomsa/rank_001.pdb,true,0,2026-07-06T10:27:45+02:00,2026-07-06T10:29:13+02:00,88,results/20260709_casp15_casp16_unique_lt1000_msa-variants/_staging/boltz2_nomsa/logs/T1137s6_boltz2_nomsa.log,bash runners/run_boltz2.sh results/20260709_casp15_casp16_unique_lt1000_msa-variants/_staging/boltz2_nomsa/sequences/T1137s6.fasta results/20260709_casp15_casp16_unique_lt1000_msa-variants/_staging/boltz2_nomsa/predictions/T1137s6/boltz2_nomsa 1,,Check,Check,reference coverage below threshold 0.770,1.000000,1.000000,0.770270,399,518,high,mapped from mmCIF atom_site CA records; 119 aligned positions lack resolved CA atoms,All groups,A1,MceG complex PDB code 8fef,,,,,,,,,,,,,87.56371122365817,2.131643811463294,0.004487671182027987,87.56371122365817,2.131643811463294,0.004487671182027987,,,,runner CodeCarbon output: results/20260709_casp15_casp16_unique_lt1000_msa-variants/_staging/boltz2_nomsa/predictions/T1137s6/boltz2_nomsa/carbon/T1137s6_boltz2_nomsa_inference_emissions.csv,,,,,,,,,,,
T1137s7,T1137s7,CASP15,8FEF,G,2,325,1,653,653,653,boltz2_nomsa,1,results/20260709_casp15_casp16_unique_lt1000_msa-variants/_staging/boltz2_nomsa/sequences/T1137s7.fasta,results/20260709_casp15_casp16_unique_lt1000_msa-variants/_staging/boltz2_nomsa/predictions/T1137s7/boltz2_nomsa,results/20260709_casp15_casp16_unique_lt1000_msa-variants/_staging/boltz2_nomsa/predictions/T1137s7/boltz2_nomsa/rank_001.pdb,results/20260709_casp15_casp16_unique_lt1000_msa-variants/_staging/boltz2_nomsa/predictions/T1137s7/boltz2_nomsa/rank_001.pdb,true,0,2026-07-06T10:29:13+02:00,2026-07-06T10:31:10+02:00,117,results/20260709_casp15_casp16_unique_lt1000_msa-variants/_staging/boltz2_nomsa/logs/T1137s7_boltz2_nomsa.log,bash runners/run_boltz2.sh results/20260709_casp15_casp16_unique_lt1000_msa-variants/_staging/boltz2_nomsa/sequences/T1137s7.fasta results/20260709_casp15_casp16_unique_lt1000_msa-variants/_staging/boltz2_nomsa/predictions/T1137s7/boltz2_nomsa 1,,Check,Check,reference coverage below threshold 0.458; multiple equivalent chains match,1.000000,1.000000,0.457887,299,653,high,mapped from mmCIF atom_site CA records; 354 aligned positions lack resolved CA atoms,All groups,A1,MceG complex PDB code 8fef,,,,,,,,,,,,,116.31628593476489,2.885794725719547,0.0060753573173043095,116.31628593476489,2.885794725719547,0.0060753573173043095,,,,runner CodeCarbon output: results/20260709_casp15_casp16_unique_lt1000_msa-variants/_staging/boltz2_nomsa/predictions/T1137s7/boltz2_nomsa/carbon/T1137s7_boltz2_nomsa_inference_emissions.csv,,,,,,,,,,,
T1137s8,T1137s8,CASP15,8FEF,I,14,266,1,266,266,266,boltz2_nomsa,1,results/20260709_casp15_casp16_unique_lt1000_msa-variants/_staging/boltz2_nomsa/sequences/T1137s8.fasta,results/20260709_casp15_casp16_unique_lt1000_msa-variants/_staging/boltz2_nomsa/predictions/T1137s8/boltz2_nomsa,results/20260709_casp15_casp16_unique_lt1000_msa-variants/_staging/boltz2_nomsa/predictions/T1137s8/boltz2_nomsa/rank_001.pdb,results/20260709_casp15_casp16_unique_lt1000_msa-variants/_staging/boltz2_nomsa/predictions/T1137s8/boltz2_nomsa/rank_001.pdb,true,0,2026-07-06T10:31:10+02:00,2026-07-06T10:32:12+02:00,62,results/20260709_casp15_casp16_unique_lt1000_msa-variants/_staging/boltz2_nomsa/logs/T1137s8_boltz2_nomsa.log,bash runners/run_boltz2.sh results/20260709_casp15_casp16_unique_lt1000_msa-variants/_staging/boltz2_nomsa/sequences/T1137s8.fasta results/20260709_casp15_casp16_unique_lt1000_msa-variants/_staging/boltz2_nomsa/predictions/T1137s8/boltz2_nomsa 1,,Yes,Yes,prefiltered A1 protein target with mapped residue range,1.000000,1.000000,0.951128,253,266,high,mapped from mmCIF atom_site CA records; 13 aligned positions lack resolved CA atoms,All groups,A1,MceG complex PDB code 8fef,,,,,,,,,,,,,61.87431670492515,1.0491092691136907,0.002208651092870928,61.87431670492515,1.0491092691136907,0.002208651092870928,,,,runner CodeCarbon output: results/20260709_casp15_casp16_unique_lt1000_msa-variants/_staging/boltz2_nomsa/predictions/T1137s8/boltz2_nomsa/carbon/T1137s8_boltz2_nomsa_inference_emissions.csv,,,,,,,,,,,
T1137s9,T1137s9,CASP15,8FEF,J,27,289,1,289,289,289,boltz2_nomsa,1,results/20260709_casp15_casp16_unique_lt1000_msa-variants/_staging/boltz2_nomsa/sequences/T1137s9.fasta,results/20260709_casp15_casp16_unique_lt1000_msa-variants/_staging/boltz2_nomsa/predictions/T1137s9/boltz2_nomsa,results/20260709_casp15_casp16_unique_lt1000_msa-variants/_staging/boltz2_nomsa/predictions/T1137s9/boltz2_nomsa/rank_001.pdb,results/20260709_casp15_casp16_unique_lt1000_msa-variants/_staging/boltz2_nomsa/predictions/T1137s9/boltz2_nomsa/rank_001.pdb,true,0,2026-07-06T10:32:12+02:00,2026-07-06T10:33:05+02:00,53,results/20260709_casp15_casp16_unique_lt1000_msa-variants/_staging/boltz2_nomsa/logs/T1137s9_boltz2_nomsa.log,bash runners/run_boltz2.sh results/20260709_casp15_casp16_unique_lt1000_msa-variants/_staging/boltz2_nomsa/sequences/T1137s9.fasta results/20260709_casp15_casp16_unique_lt1000_msa-variants/_staging/boltz2_nomsa/predictions/T1137s9/boltz2_nomsa 1,,Yes,Yes,prefiltered A1 protein target with mapped residue range,1.000000,1.000000,0.910035,263,289,high,mapped from mmCIF atom_site CA records; 26 aligned positions lack resolved CA atoms,All groups,A1,MceG complex PDB code 8fef,,,,,,,,,,,,,52.99641764210537,0.8714692227252787,0.0018346720478426921,52.99641764210537,0.8714692227252787,0.0018346720478426921,,,,runner CodeCarbon output: results/20260709_casp15_casp16_unique_lt1000_msa-variants/_staging/boltz2_nomsa/predictions/T1137s9/boltz2_nomsa/carbon/T1137s9_boltz2_nomsa_inference_emissions.csv,,,,,,,,,,,
T1145,T1145,CASP15,7UWW,A,34,665,1,635,635,635,boltz2_nomsa,1,results/20260709_casp15_casp16_unique_lt1000_msa-variants/_staging/boltz2_nomsa/sequences/T1145.fasta,results/20260709_casp15_casp16_unique_lt1000_msa-variants/_staging/boltz2_nomsa/predictions/T1145/boltz2_nomsa,results/20260709_casp15_casp16_unique_lt1000_msa-variants/_staging/boltz2_nomsa/predictions/T1145/boltz2_nomsa/rank_001.pdb,results/20260709_casp15_casp16_unique_lt1000_msa-variants/_staging/boltz2_nomsa/predictions/T1145/boltz2_nomsa/rank_001.pdb,true,0,2026-07-06T10:33:05+02:00,2026-07-06T10:34:54+02:00,109,results/20260709_casp15_casp16_unique_lt1000_msa-variants/_staging/boltz2_nomsa/logs/T1145_boltz2_nomsa.log,bash runners/run_boltz2.sh results/20260709_casp15_casp16_unique_lt1000_msa-variants/_staging/boltz2_nomsa/sequences/T1145.fasta results/20260709_casp15_casp16_unique_lt1000_msa-variants/_staging/boltz2_nomsa/predictions/T1145/boltz2_nomsa 1,,Check,Check,multiple equivalent chains match,1.000000,1.000000,0.995276,632,635,high,mapped from mmCIF atom_site CA records; 3 aligned positions lack resolved CA atoms,All groups,A1,Starch binding protein PDB code 7uww,,,,,,,,,,,,,108.65801759809256,2.797106911533615,0.005888646129544453,108.65801759809256,2.797106911533615,0.005888646129544453,,,,runner CodeCarbon output: results/20260709_casp15_casp16_unique_lt1000_msa-variants/_staging/boltz2_nomsa/predictions/T1145/boltz2_nomsa/carbon/T1145_boltz2_nomsa_inference_emissions.csv,,,,,,,,,,,
T1147,T1147,CASP15,8EM5,A,12,103,1,103,103,103,boltz2_nomsa,1,results/20260709_casp15_casp16_unique_lt1000_msa-variants/_staging/boltz2_nomsa/sequences/T1147.fasta,results/20260709_casp15_casp16_unique_lt1000_msa-variants/_staging/boltz2_nomsa/predictions/T1147/boltz2_nomsa,results/20260709_casp15_casp16_unique_lt1000_msa-variants/_staging/boltz2_nomsa/predictions/T1147/boltz2_nomsa/rank_001.pdb,results/20260709_casp15_casp16_unique_lt1000_msa-variants/_staging/boltz2_nomsa/predictions/T1147/boltz2_nomsa/rank_001.pdb,true,0,2026-07-06T10:34:54+02:00,2026-07-06T10:35:41+02:00,47,results/20260709_casp15_casp16_unique_lt1000_msa-variants/_staging/boltz2_nomsa/logs/T1147_boltz2_nomsa.log,bash runners/run_boltz2.sh results/20260709_casp15_casp16_unique_lt1000_msa-variants/_staging/boltz2_nomsa/sequences/T1147.fasta results/20260709_casp15_casp16_unique_lt1000_msa-variants/_staging/boltz2_nomsa/predictions/T1147/boltz2_nomsa 1,,Check,Check,multiple equivalent chains match,1.000000,1.000000,0.893204,92,103,high,mapped from mmCIF atom_site CA records; 11 aligned positions lack resolved CA atoms,All groups,A1,"KEK_05752, MmpS5 PDB code 8em5",,,,,,,,,,,,,46.55803749803454,0.6465923007126315,0.001361246948868698,46.55803749803454,0.6465923007126315,0.001361246948868698,,,,runner CodeCarbon output: results/20260709_casp15_casp16_unique_lt1000_msa-variants/_staging/boltz2_nomsa/predictions/T1147/boltz2_nomsa/carbon/T1147_boltz2_nomsa_inference_emissions.csv,,,,,,,,,,,
T1151s2,T1151s2,CASP15,8D5V,A,8,91,1,116,116,116,boltz2_nomsa,1,results/20260709_casp15_casp16_unique_lt1000_msa-variants/_staging/boltz2_nomsa/sequences/T1151s2.fasta,results/20260709_casp15_casp16_unique_lt1000_msa-variants/_staging/boltz2_nomsa/predictions/T1151s2/boltz2_nomsa,results/20260709_casp15_casp16_unique_lt1000_msa-variants/_staging/boltz2_nomsa/predictions/T1151s2/boltz2_nomsa/rank_001.pdb,results/20260709_casp15_casp16_unique_lt1000_msa-variants/_staging/boltz2_nomsa/predictions/T1151s2/boltz2_nomsa/rank_001.pdb,true,0,2026-07-06T10:35:41+02:00,2026-07-06T10:36:38+02:00,57,results/20260709_casp15_casp16_unique_lt1000_msa-variants/_staging/boltz2_nomsa/logs/T1151s2_boltz2_nomsa.log,bash runners/run_boltz2.sh results/20260709_casp15_casp16_unique_lt1000_msa-variants/_staging/boltz2_nomsa/sequences/T1151s2.fasta results/20260709_casp15_casp16_unique_lt1000_msa-variants/_staging/boltz2_nomsa/predictions/T1151s2/boltz2_nomsa 1,,Check,Check,reference coverage below threshold 0.724; multiple equivalent chains match,1.000000,1.000000,0.724138,84,116,high,mapped from mmCIF atom_site CA records; 32 aligned positions lack resolved CA atoms,All groups,A1,P9WF37 PDB code 8d5v,,,,,,,,,,,,,57.519865731708705,0.8506742701217255,0.001790893200256264,57.519865731708705,0.8506742701217255,0.001790893200256264,,,,runner CodeCarbon output: results/20260709_casp15_casp16_unique_lt1000_msa-variants/_staging/boltz2_nomsa/predictions/T1151s2/boltz2_nomsa/carbon/T1151s2_boltz2_nomsa_inference_emissions.csv,,,,,,,,,,,
T1155,T1155,CASP15,8PBV,A,1,116,1,116,116,116,boltz2_nomsa,1,results/20260709_casp15_casp16_unique_lt1000_msa-variants/_staging/boltz2_nomsa/sequences/T1155.fasta,results/20260709_casp15_casp16_unique_lt1000_msa-variants/_staging/boltz2_nomsa/predictions/T1155/boltz2_nomsa,results/20260709_casp15_casp16_unique_lt1000_msa-variants/_staging/boltz2_nomsa/predictions/T1155/boltz2_nomsa/rank_001.pdb,results/20260709_casp15_casp16_unique_lt1000_msa-variants/_staging/boltz2_nomsa/predictions/T1155/boltz2_nomsa/rank_001.pdb,true,0,2026-07-06T10:36:38+02:00,2026-07-06T10:37:25+02:00,47,results/20260709_casp15_casp16_unique_lt1000_msa-variants/_staging/boltz2_nomsa/logs/T1155_boltz2_nomsa.log,bash runners/run_boltz2.sh results/20260709_casp15_casp16_unique_lt1000_msa-variants/_staging/boltz2_nomsa/sequences/T1155.fasta results/20260709_casp15_casp16_unique_lt1000_msa-variants/_staging/boltz2_nomsa/predictions/T1155/boltz2_nomsa 1,,Yes,Yes,prefiltered A1 protein target with mapped residue range,1.000000,1.000000,1.000000,116,116,high,mapped from mmCIF atom_site CA records,All groups,A1,Uniprot Q8IN44 PDB code 8pbv,,,,,,,,,,,,,46.87838690262288,0.609711053128677,0.0012836022171130042,46.87838690262288,0.609711053128677,0.0012836022171130042,,,,runner CodeCarbon output: results/20260709_casp15_casp16_unique_lt1000_msa-variants/_staging/boltz2_nomsa/predictions/T1155/boltz2_nomsa/carbon/T1155_boltz2_nomsa_inference_emissions.csv,,,,,,,,,,,
T1157s2,T1157s2,CASP15,8PKO,B,21,484,1,495,495,495,boltz2_nomsa,1,results/20260709_casp15_casp16_unique_lt1000_msa-variants/_staging/boltz2_nomsa/sequences/T1157s2.fasta,results/20260709_casp15_casp16_unique_lt1000_msa-variants/_staging/boltz2_nomsa/predictions/T1157s2/boltz2_nomsa,results/20260709_casp15_casp16_unique_lt1000_msa-variants/_staging/boltz2_nomsa/predictions/T1157s2/boltz2_nomsa/rank_001.pdb,results/20260709_casp15_casp16_unique_lt1000_msa-variants/_staging/boltz2_nomsa/predictions/T1157s2/boltz2_nomsa/rank_001.pdb,true,0,2026-07-06T10:37:26+02:00,2026-07-06T10:38:44+02:00,78,results/20260709_casp15_casp16_unique_lt1000_msa-variants/_staging/boltz2_nomsa/logs/T1157s2_boltz2_nomsa.log,bash runners/run_boltz2.sh results/20260709_casp15_casp16_unique_lt1000_msa-variants/_staging/boltz2_nomsa/sequences/T1157s2.fasta results/20260709_casp15_casp16_unique_lt1000_msa-variants/_staging/boltz2_nomsa/predictions/T1157s2/boltz2_nomsa 1,,Yes,Yes,prefiltered A1 protein target with mapped residue range,1.000000,1.000000,0.937374,464,495,high,mapped from mmCIF atom_site CA records; 31 aligned positions lack resolved CA atoms,All groups,A1,Complex of CtEDEM and CtPDI1P PDB code 8pko,,,,,,,,,,,,,78.58313119830564,1.8710116349918715,0.003938971863140782,78.58313119830564,1.8710116349918715,0.003938971863140782,,,,runner CodeCarbon output: results/20260709_casp15_casp16_unique_lt1000_msa-variants/_staging/boltz2_nomsa/predictions/T1157s2/boltz2_nomsa/carbon/T1157s2_boltz2_nomsa_inference_emissions.csv,,,,,,,,,,,
T1159,T1159,CASP15,7PZT,A,1,160,1,160,160,160,boltz2_nomsa,1,results/20260709_casp15_casp16_unique_lt1000_msa-variants/_staging/boltz2_nomsa/sequences/T1159.fasta,results/20260709_casp15_casp16_unique_lt1000_msa-variants/_staging/boltz2_nomsa/predictions/T1159/boltz2_nomsa,results/20260709_casp15_casp16_unique_lt1000_msa-variants/_staging/boltz2_nomsa/predictions/T1159/boltz2_nomsa/rank_001.pdb,results/20260709_casp15_casp16_unique_lt1000_msa-variants/_staging/boltz2_nomsa/predictions/T1159/boltz2_nomsa/rank_001.pdb,true,0,2026-07-06T10:38:44+02:00,2026-07-06T10:39:33+02:00,49,results/20260709_casp15_casp16_unique_lt1000_msa-variants/_staging/boltz2_nomsa/logs/T1159_boltz2_nomsa.log,bash runners/run_boltz2.sh results/20260709_casp15_casp16_unique_lt1000_msa-variants/_staging/boltz2_nomsa/sequences/T1159.fasta results/20260709_casp15_casp16_unique_lt1000_msa-variants/_staging/boltz2_nomsa/predictions/T1159/boltz2_nomsa 1,,Check,Check,multiple equivalent chains match,1.000000,1.000000,1.000000,160,160,high,mapped from mmCIF atom_site CA records,All groups,A1,TecA tgat PDB code 7pzt,,,,,,,,,,,,,48.169053964782506,0.6825795270631708,0.001437009530659307,48.169053964782506,0.6825795270631708,0.001437009530659307,,,,runner CodeCarbon output: results/20260709_casp15_casp16_unique_lt1000_msa-variants/_staging/boltz2_nomsa/predictions/T1159/boltz2_nomsa/carbon/T1159_boltz2_nomsa_inference_emissions.csv,,,,,,,,,,,
T1183,T1183,CASP15,8IFX,B,1,195,1,200,200,200,boltz2_nomsa,1,results/20260709_casp15_casp16_unique_lt1000_msa-variants/_staging/boltz2_nomsa/sequences/T1183.fasta,results/20260709_casp15_casp16_unique_lt1000_msa-variants/_staging/boltz2_nomsa/predictions/T1183/boltz2_nomsa,results/20260709_casp15_casp16_unique_lt1000_msa-variants/_staging/boltz2_nomsa/predictions/T1183/boltz2_nomsa/rank_001.pdb,results/20260709_casp15_casp16_unique_lt1000_msa-variants/_staging/boltz2_nomsa/predictions/T1183/boltz2_nomsa/rank_001.pdb,true,0,2026-07-06T10:39:33+02:00,2026-07-06T10:40:23+02:00,50,results/20260709_casp15_casp16_unique_lt1000_msa-variants/_staging/boltz2_nomsa/logs/T1183_boltz2_nomsa.log,bash runners/run_boltz2.sh results/20260709_casp15_casp16_unique_lt1000_msa-variants/_staging/boltz2_nomsa/sequences/T1183.fasta results/20260709_casp15_casp16_unique_lt1000_msa-variants/_staging/boltz2_nomsa/predictions/T1183/boltz2_nomsa 1,,Yes,Yes,prefiltered A1 protein target with mapped residue range,1.000000,1.000000,0.975000,195,200,high,mapped from mmCIF atom_site CA records; 5 aligned positions lack resolved CA atoms,All groups,A1,TsaB PDB code 8ifx,,,,,,,,,,,,,49.931683253031224,0.7159093161655514,0.0015071775077169502,49.931683253031224,0.7159093161655514,0.0015071775077169502,,,,runner CodeCarbon output: results/20260709_casp15_casp16_unique_lt1000_msa-variants/_staging/boltz2_nomsa/predictions/T1183/boltz2_nomsa/carbon/T1183_boltz2_nomsa_inference_emissions.csv,,,,,,,,,,,
T1185s1,T1185s1,CASP15,8OUY,A,4,73,1,350,350,350,boltz2_nomsa,1,results/20260709_casp15_casp16_unique_lt1000_msa-variants/_staging/boltz2_nomsa/sequences/T1185s1.fasta,results/20260709_casp15_casp16_unique_lt1000_msa-variants/_staging/boltz2_nomsa/predictions/T1185s1/boltz2_nomsa,results/20260709_casp15_casp16_unique_lt1000_msa-variants/_staging/boltz2_nomsa/predictions/T1185s1/boltz2_nomsa/rank_001.pdb,results/20260709_casp15_casp16_unique_lt1000_msa-variants/_staging/boltz2_nomsa/predictions/T1185s1/boltz2_nomsa/rank_001.pdb,true,0,2026-07-06T10:40:23+02:00,2026-07-06T10:41:31+02:00,68,results/20260709_casp15_casp16_unique_lt1000_msa-variants/_staging/boltz2_nomsa/logs/T1185s1_boltz2_nomsa.log,bash runners/run_boltz2.sh results/20260709_casp15_casp16_unique_lt1000_msa-variants/_staging/boltz2_nomsa/sequences/T1185s1.fasta results/20260709_casp15_casp16_unique_lt1000_msa-variants/_staging/boltz2_nomsa/predictions/T1185s1/boltz2_nomsa 1,,Check,Check,reference coverage below threshold 0.200,1.000000,1.000000,0.200000,70,350,high,mapped from mmCIF atom_site CA records; 280 aligned positions lack resolved CA atoms,All groups,A1,BCDX2 PDB code 8ouy,,,,,,,,,,,,,67.6906671882607,1.2607873538220662,0.002654289165941192,67.6906671882607,1.2607873538220662,0.002654289165941192,,,,runner CodeCarbon output: results/20260709_casp15_casp16_unique_lt1000_msa-variants/_staging/boltz2_nomsa/predictions/T1185s1/boltz2_nomsa/carbon/T1185s1_boltz2_nomsa_inference_emissions.csv,,,,,,,,,,,
T1185s2,T1185s2,CASP15,8OUY,B,10,349,1,376,376,376,boltz2_nomsa,1,results/20260709_casp15_casp16_unique_lt1000_msa-variants/_staging/boltz2_nomsa/sequences/T1185s2.fasta,results/20260709_casp15_casp16_unique_lt1000_msa-variants/_staging/boltz2_nomsa/predictions/T1185s2/boltz2_nomsa,results/20260709_casp15_casp16_unique_lt1000_msa-variants/_staging/boltz2_nomsa/predictions/T1185s2/boltz2_nomsa/rank_001.pdb,results/20260709_casp15_casp16_unique_lt1000_msa-variants/_staging/boltz2_nomsa/predictions/T1185s2/boltz2_nomsa/rank_001.pdb,true,0,2026-07-06T10:41:31+02:00,2026-07-06T10:42:33+02:00,62,results/20260709_casp15_casp16_unique_lt1000_msa-variants/_staging/boltz2_nomsa/logs/T1185s2_boltz2_nomsa.log,bash runners/run_boltz2.sh results/20260709_casp15_casp16_unique_lt1000_msa-variants/_staging/boltz2_nomsa/sequences/T1185s2.fasta results/20260709_casp15_casp16_unique_lt1000_msa-variants/_staging/boltz2_nomsa/predictions/T1185s2/boltz2_nomsa 1,,Yes,Yes,prefiltered A1 protein target with mapped residue range,1.000000,1.000000,0.832447,313,376,high,mapped from mmCIF atom_site CA records; 63 aligned positions lack resolved CA atoms,All groups,A1,BCDX2 PDB code 8ouy,,,,,,,,,,,,,62.04021051013842,1.1689497702640297,0.002460946884766378,62.04021051013842,1.1689497702640297,0.002460946884766378,,,,runner CodeCarbon output: results/20260709_casp15_casp16_unique_lt1000_msa-variants/_staging/boltz2_nomsa/predictions/T1185s2/boltz2_nomsa/carbon/T1185s2_boltz2_nomsa_inference_emissions.csv,,,,,,,,,,,
T1185s4,T1185s4,CASP15,8OUY,D,20,280,1,280,280,280,boltz2_nomsa,1,results/20260709_casp15_casp16_unique_lt1000_msa-variants/_staging/boltz2_nomsa/sequences/T1185s4.fasta,results/20260709_casp15_casp16_unique_lt1000_msa-variants/_staging/boltz2_nomsa/predictions/T1185s4/boltz2_nomsa,results/20260709_casp15_casp16_unique_lt1000_msa-variants/_staging/boltz2_nomsa/predictions/T1185s4/boltz2_nomsa/rank_001.pdb,results/20260709_casp15_casp16_unique_lt1000_msa-variants/_staging/boltz2_nomsa/predictions/T1185s4/boltz2_nomsa/rank_001.pdb,true,0,2026-07-06T10:42:33+02:00,2026-07-06T10:43:39+02:00,66,results/20260709_casp15_casp16_unique_lt1000_msa-variants/_staging/boltz2_nomsa/logs/T1185s4_boltz2_nomsa.log,bash runners/run_boltz2.sh results/20260709_casp15_casp16_unique_lt1000_msa-variants/_staging/boltz2_nomsa/sequences/T1185s4.fasta results/20260709_casp15_casp16_unique_lt1000_msa-variants/_staging/boltz2_nomsa/predictions/T1185s4/boltz2_nomsa 1,,Yes,Yes,prefiltered A1 protein target with mapped residue range,1.000000,0.996429,0.838710,234,279,high,mapped from mmCIF atom_site CA records; 45 aligned positions lack resolved CA atoms,All groups,A1,BCDX2 PDB code 8ouy,,,,,,,,,,,,,65.62066030409187,1.1421783804292271,0.002404586064061531,65.62066030409187,1.1421783804292271,0.002404586064061531,,,,runner CodeCarbon output: results/20260709_casp15_casp16_unique_lt1000_msa-variants/_staging/boltz2_nomsa/predictions/T1185s4/boltz2_nomsa/carbon/T1185s4_boltz2_nomsa_inference_emissions.csv,,,,,,,,,,,
T1194,T1194,CASP15,8OKH,A,22,185,1,168,168,168,boltz2_nomsa,1,results/20260709_casp15_casp16_unique_lt1000_msa-variants/_staging/boltz2_nomsa/sequences/T1194.fasta,results/20260709_casp15_casp16_unique_lt1000_msa-variants/_staging/boltz2_nomsa/predictions/T1194/boltz2_nomsa,results/20260709_casp15_casp16_unique_lt1000_msa-variants/_staging/boltz2_nomsa/predictions/T1194/boltz2_nomsa/rank_001.pdb,results/20260709_casp15_casp16_unique_lt1000_msa-variants/_staging/boltz2_nomsa/predictions/T1194/boltz2_nomsa/rank_001.pdb,true,0,2026-07-06T10:43:39+02:00,2026-07-06T10:44:27+02:00,48,results/20260709_casp15_casp16_unique_lt1000_msa-variants/_staging/boltz2_nomsa/logs/T1194_boltz2_nomsa.log,bash runners/run_boltz2.sh results/20260709_casp15_casp16_unique_lt1000_msa-variants/_staging/boltz2_nomsa/sequences/T1194.fasta results/20260709_casp15_casp16_unique_lt1000_msa-variants/_staging/boltz2_nomsa/predictions/T1194/boltz2_nomsa 1,,Check,Check,multiple equivalent chains match,1.000000,0.994048,0.982036,164,167,high,mapped from mmCIF atom_site CA records; 3 aligned positions lack resolved CA atoms,All groups,A1,Bd1399 PDB code 8okh,,,,,,,,,,,,,48.25814746366814,0.6718750080885165,0.001414473701238982,48.25814746366814,0.6718750080885165,0.001414473701238982,,,,runner CodeCarbon output: results/20260709_casp15_casp16_unique_lt1000_msa-variants/_staging/boltz2_nomsa/predictions/T1194/boltz2_nomsa/carbon/T1194_boltz2_nomsa_inference_emissions.csv,,,,,,,,,,,
T1212,T1212,CASP16,9B0L,P,53,518,1,466,466,466,boltz2_nomsa,1,results/20260709_casp15_casp16_unique_lt1000_msa-variants/_staging/boltz2_nomsa/sequences/T1212.fasta,results/20260709_casp15_casp16_unique_lt1000_msa-variants/_staging/boltz2_nomsa/predictions/T1212/boltz2_nomsa,results/20260709_casp15_casp16_unique_lt1000_msa-variants/_staging/boltz2_nomsa/predictions/T1212/boltz2_nomsa/rank_001.pdb,results/20260709_casp15_casp16_unique_lt1000_msa-variants/_staging/boltz2_nomsa/predictions/T1212/boltz2_nomsa/rank_001.pdb,true,0,2026-07-06T10:44:27+02:00,2026-07-06T10:45:46+02:00,79,results/20260709_casp15_casp16_unique_lt1000_msa-variants/_staging/boltz2_nomsa/logs/T1212_boltz2_nomsa.log,bash runners/run_boltz2.sh results/20260709_casp15_casp16_unique_lt1000_msa-variants/_staging/boltz2_nomsa/sequences/T1212.fasta results/20260709_casp15_casp16_unique_lt1000_msa-variants/_staging/boltz2_nomsa/predictions/T1212/boltz2_nomsa 1,,Check,Check,multiple equivalent chains match,1.000000,1.000000,1.000000,466,466,high,mapped from mmCIF atom_site CA records,Prot,A1,Fanzor2 ternary structure PDB code 9b0l protein subunit of M1212,,,,,,,,,,,,,78.9292928329669,1.8256939905023475,0.003843566295794416,78.9292928329669,1.8256939905023475,0.003843566295794416,,,,runner CodeCarbon output: results/20260709_casp15_casp16_unique_lt1000_msa-variants/_staging/boltz2_nomsa/predictions/T1212/boltz2_nomsa/carbon/T1212_boltz2_nomsa_inference_emissions.csv,,,,,,,,,,,
T1227s1,T1227s1,CASP16,9N8W,A,27,418,1,427,427,427,boltz2_nomsa,1,results/20260709_casp15_casp16_unique_lt1000_msa-variants/_staging/boltz2_nomsa/sequences/T1227s1.fasta,results/20260709_casp15_casp16_unique_lt1000_msa-variants/_staging/boltz2_nomsa/predictions/T1227s1/boltz2_nomsa,results/20260709_casp15_casp16_unique_lt1000_msa-variants/_staging/boltz2_nomsa/predictions/T1227s1/boltz2_nomsa/rank_001.pdb,results/20260709_casp15_casp16_unique_lt1000_msa-variants/_staging/boltz2_nomsa/predictions/T1227s1/boltz2_nomsa/rank_001.pdb,true,0,2026-07-06T10:45:46+02:00,2026-07-06T10:46:56+02:00,70,results/20260709_casp15_casp16_unique_lt1000_msa-variants/_staging/boltz2_nomsa/logs/T1227s1_boltz2_nomsa.log,bash runners/run_boltz2.sh results/20260709_casp15_casp16_unique_lt1000_msa-variants/_staging/boltz2_nomsa/sequences/T1227s1.fasta results/20260709_casp15_casp16_unique_lt1000_msa-variants/_staging/boltz2_nomsa/predictions/T1227s1/boltz2_nomsa 1,,Yes,Yes,prefiltered A1 protein target with mapped residue range,1.000000,1.000000,0.918033,392,427,high,mapped from mmCIF atom_site CA records; 35 aligned positions lack resolved CA atoms,Prot,A1,LetA (P0AD03) and LetB (P76272) PDB code 9n8w,,,,,,,,,,,,,69.56172432331368,1.4348887033577593,0.0030208183228584407,69.56172432331368,1.4348887033577593,0.0030208183228584407,,,,runner CodeCarbon output: results/20260709_casp15_casp16_unique_lt1000_msa-variants/_staging/boltz2_nomsa/predictions/T1227s1/boltz2_nomsa/carbon/T1227s1_boltz2_nomsa_inference_emissions.csv,,,,,,,,,,,
T1266,T1266,CASP16,8QFB,A,563,860,1,336,336,336,boltz2_nomsa,1,results/20260709_casp15_casp16_unique_lt1000_msa-variants/_staging/boltz2_nomsa/sequences/T1266.fasta,results/20260709_casp15_casp16_unique_lt1000_msa-variants/_staging/boltz2_nomsa/predictions/T1266/boltz2_nomsa,results/20260709_casp15_casp16_unique_lt1000_msa-variants/_staging/boltz2_nomsa/predictions/T1266/boltz2_nomsa/rank_001.pdb,results/20260709_casp15_casp16_unique_lt1000_msa-variants/_staging/boltz2_nomsa/predictions/T1266/boltz2_nomsa/rank_001.pdb,true,0,2026-07-06T10:46:56+02:00,2026-07-06T10:47:58+02:00,62,results/20260709_casp15_casp16_unique_lt1000_msa-variants/_staging/boltz2_nomsa/logs/T1266_boltz2_nomsa.log,bash runners/run_boltz2.sh results/20260709_casp15_casp16_unique_lt1000_msa-variants/_staging/boltz2_nomsa/sequences/T1266.fasta results/20260709_casp15_casp16_unique_lt1000_msa-variants/_staging/boltz2_nomsa/predictions/T1266/boltz2_nomsa 1,,Check,Check,multiple equivalent chains match,1.000000,1.000000,0.886905,298,336,high,mapped from mmCIF atom_site CA records; 38 aligned positions lack resolved CA atoms,Prot,A1,Q99549 PDB code 8qfb,,,,,,,,,,,,,61.03349731909111,1.1565571157741037,0.002434857085840218,61.03349731909111,1.1565571157741037,0.002434857085840218,,,,runner CodeCarbon output: results/20260709_casp15_casp16_unique_lt1000_msa-variants/_staging/boltz2_nomsa/predictions/T1266/boltz2_nomsa/carbon/T1266_boltz2_nomsa_inference_emissions.csv,,,,,,,,,,,
T1272s2,T1272s2,CASP16,9C3C,a,25,350,1,363,363,363,boltz2_nomsa,1,results/20260709_casp15_casp16_unique_lt1000_msa-variants/_staging/boltz2_nomsa/sequences/T1272s2.fasta,results/20260709_casp15_casp16_unique_lt1000_msa-variants/_staging/boltz2_nomsa/predictions/T1272s2/boltz2_nomsa,results/20260709_casp15_casp16_unique_lt1000_msa-variants/_staging/boltz2_nomsa/predictions/T1272s2/boltz2_nomsa/rank_001.pdb,results/20260709_casp15_casp16_unique_lt1000_msa-variants/_staging/boltz2_nomsa/predictions/T1272s2/boltz2_nomsa/rank_001.pdb,true,0,2026-07-06T10:47:58+02:00,2026-07-06T10:49:03+02:00,65,results/20260709_casp15_casp16_unique_lt1000_msa-variants/_staging/boltz2_nomsa/logs/T1272s2_boltz2_nomsa.log,bash runners/run_boltz2.sh results/20260709_casp15_casp16_unique_lt1000_msa-variants/_staging/boltz2_nomsa/sequences/T1272s2.fasta results/20260709_casp15_casp16_unique_lt1000_msa-variants/_staging/boltz2_nomsa/predictions/T1272s2/boltz2_nomsa 1,,Check,Check,multiple equivalent chains match,1.000000,0.898072,0.972393,317,326,medium,mapped from mmCIF atom_site CA records; 9 aligned positions lack resolved CA atoms,Prot,A1,dystrophin-glycoprotein complex (DGC) PDB code 9c3c,,,,,,,,,,,,,65.12221074104309,1.2355617179534777,0.0026011825641125844,65.12221074104309,1.2355617179534777,0.0026011825641125844,,,,runner CodeCarbon output: results/20260709_casp15_casp16_unique_lt1000_msa-variants/_staging/boltz2_nomsa/predictions/T1272s2/boltz2_nomsa/carbon/T1272s2_boltz2_nomsa_inference_emissions.csv,,,,,,,,,,,
T1272s3,T1272s3,CASP16,9C3C,b,57,318,1,318,318,318,boltz2_nomsa,1,results/20260709_casp15_casp16_unique_lt1000_msa-variants/_staging/boltz2_nomsa/sequences/T1272s3.fasta,results/20260709_casp15_casp16_unique_lt1000_msa-variants/_staging/boltz2_nomsa/predictions/T1272s3/boltz2_nomsa,results/20260709_casp15_casp16_unique_lt1000_msa-variants/_staging/boltz2_nomsa/predictions/T1272s3/boltz2_nomsa/rank_001.pdb,results/20260709_casp15_casp16_unique_lt1000_msa-variants/_staging/boltz2_nomsa/predictions/T1272s3/boltz2_nomsa/rank_001.pdb,true,0,2026-07-06T10:49:03+02:00,2026-07-06T10:50:00+02:00,57,results/20260709_casp15_casp16_unique_lt1000_msa-variants/_staging/boltz2_nomsa/logs/T1272s3_boltz2_nomsa.log,bash runners/run_boltz2.sh results/20260709_casp15_casp16_unique_lt1000_msa-variants/_staging/boltz2_nomsa/sequences/T1272s3.fasta results/20260709_casp15_casp16_unique_lt1000_msa-variants/_staging/boltz2_nomsa/predictions/T1272s3/boltz2_nomsa 1,,Check,Check,multiple equivalent chains match,1.000000,1.000000,0.823899,262,318,high,mapped from mmCIF atom_site CA records; 56 aligned positions lack resolved CA atoms,Prot,A1,dystrophin-glycoprotein complex (DGC) PDB code 9c3c,,,,,,,,,,,,,56.60345024615526,1.0022087982138193,0.002109913259397514,56.60345024615526,1.0022087982138193,0.002109913259397514,,,,runner CodeCarbon output: results/20260709_casp15_casp16_unique_lt1000_msa-variants/_staging/boltz2_nomsa/predictions/T1272s3/boltz2_nomsa/carbon/T1272s3_boltz2_nomsa_inference_emissions.csv,,,,,,,,,,,
T1272s4,T1272s4,CASP16,9C3C,d,21,289,1,289,289,289,boltz2_nomsa,1,results/20260709_casp15_casp16_unique_lt1000_msa-variants/_staging/boltz2_nomsa/sequences/T1272s4.fasta,results/20260709_casp15_casp16_unique_lt1000_msa-variants/_staging/boltz2_nomsa/predictions/T1272s4/boltz2_nomsa,results/20260709_casp15_casp16_unique_lt1000_msa-variants/_staging/boltz2_nomsa/predictions/T1272s4/boltz2_nomsa/rank_001.pdb,results/20260709_casp15_casp16_unique_lt1000_msa-variants/_staging/boltz2_nomsa/predictions/T1272s4/boltz2_nomsa/rank_001.pdb,true,0,2026-07-06T10:50:00+02:00,2026-07-06T10:51:05+02:00,65,results/20260709_casp15_casp16_unique_lt1000_msa-variants/_staging/boltz2_nomsa/logs/T1272s4_boltz2_nomsa.log,bash runners/run_boltz2.sh results/20260709_casp15_casp16_unique_lt1000_msa-variants/_staging/boltz2_nomsa/sequences/T1272s4.fasta results/20260709_casp15_casp16_unique_lt1000_msa-variants/_staging/boltz2_nomsa/predictions/T1272s4/boltz2_nomsa 1,,Check,Check,multiple equivalent chains match,1.000000,1.000000,0.930796,269,289,high,mapped from mmCIF atom_site CA records; 20 aligned positions lack resolved CA atoms,Prot,A1,dystrophin-glycoprotein complex (DGC) PDB code 9c3c,,,,,,,,,,,,,64.68604708602652,1.1330700121478057,0.002385410551890117,64.68604708602652,1.1330700121478057,0.002385410551890117,,,,runner CodeCarbon output: results/20260709_casp15_casp16_unique_lt1000_msa-variants/_staging/boltz2_nomsa/predictions/T1272s4/boltz2_nomsa/carbon/T1272s4_boltz2_nomsa_inference_emissions.csv,,,,,,,,,,,
T1272s5,T1272s5,CASP16,9C3C,g,28,291,1,291,291,291,boltz2_nomsa,1,results/20260709_casp15_casp16_unique_lt1000_msa-variants/_staging/boltz2_nomsa/sequences/T1272s5.fasta,results/20260709_casp15_casp16_unique_lt1000_msa-variants/_staging/boltz2_nomsa/predictions/T1272s5/boltz2_nomsa,results/20260709_casp15_casp16_unique_lt1000_msa-variants/_staging/boltz2_nomsa/predictions/T1272s5/boltz2_nomsa/rank_001.pdb,results/20260709_casp15_casp16_unique_lt1000_msa-variants/_staging/boltz2_nomsa/predictions/T1272s5/boltz2_nomsa/rank_001.pdb,true,0,2026-07-06T10:51:05+02:00,2026-07-06T10:51:59+02:00,54,results/20260709_casp15_casp16_unique_lt1000_msa-variants/_staging/boltz2_nomsa/logs/T1272s5_boltz2_nomsa.log,bash runners/run_boltz2.sh results/20260709_casp15_casp16_unique_lt1000_msa-variants/_staging/boltz2_nomsa/sequences/T1272s5.fasta results/20260709_casp15_casp16_unique_lt1000_msa-variants/_staging/boltz2_nomsa/predictions/T1272s5/boltz2_nomsa 1,,Check,Check,multiple equivalent chains match,1.000000,1.000000,0.907216,264,291,high,mapped from mmCIF atom_site CA records; 27 aligned positions lack resolved CA atoms,Prot,A1,dystrophin-glycoprotein complex (DGC) PDB code 9c3c,,,,,,,,,,,,,53.726963379886,0.894769437828611,0.0018837251322707598,53.726963379886,0.894769437828611,0.0018837251322707598,,,,runner CodeCarbon output: results/20260709_casp15_casp16_unique_lt1000_msa-variants/_staging/boltz2_nomsa/predictions/T1272s5/boltz2_nomsa/carbon/T1272s5_boltz2_nomsa_inference_emissions.csv,,,,,,,,,,,
T1272s6,T1272s6,CASP16,9C3C,A,63,653,1,624,624,624,boltz2_nomsa,1,results/20260709_casp15_casp16_unique_lt1000_msa-variants/_staging/boltz2_nomsa/sequences/T1272s6.fasta,results/20260709_casp15_casp16_unique_lt1000_msa-variants/_staging/boltz2_nomsa/predictions/T1272s6/boltz2_nomsa,results/20260709_casp15_casp16_unique_lt1000_msa-variants/_staging/boltz2_nomsa/predictions/T1272s6/boltz2_nomsa/rank_001.pdb,results/20260709_casp15_casp16_unique_lt1000_msa-variants/_staging/boltz2_nomsa/predictions/T1272s6/boltz2_nomsa/rank_001.pdb,true,0,2026-07-06T10:51:59+02:00,2026-07-06T10:53:43+02:00,104,results/20260709_casp15_casp16_unique_lt1000_msa-variants/_staging/boltz2_nomsa/logs/T1272s6_boltz2_nomsa.log,bash runners/run_boltz2.sh results/20260709_casp15_casp16_unique_lt1000_msa-variants/_staging/boltz2_nomsa/sequences/T1272s6.fasta results/20260709_casp15_casp16_unique_lt1000_msa-variants/_staging/boltz2_nomsa/predictions/T1272s6/boltz2_nomsa 1,,Check,Check,reference coverage below threshold 0.641,1.000000,1.000000,0.641026,400,624,high,mapped from mmCIF atom_site CA records; 224 aligned positions lack resolved CA atoms,Prot,A1,dystrophin-glycoprotein complex (DGC) PDB code 9c3c,,,,,,,,,,,,,104.55611459771171,2.7011944837694952,0.005686725228988411,104.55611459771171,2.7011944837694952,0.005686725228988411,,,,runner CodeCarbon output: results/20260709_casp15_casp16_unique_lt1000_msa-variants/_staging/boltz2_nomsa/predictions/T1272s6/boltz2_nomsa/carbon/T1272s6_boltz2_nomsa_inference_emissions.csv,,,,,,,,,,,
T1272s7,T1272s7,CASP16,9C3C,B,654,798,1,242,242,242,boltz2_nomsa,1,results/20260709_casp15_casp16_unique_lt1000_msa-variants/_staging/boltz2_nomsa/sequences/T1272s7.fasta,results/20260709_casp15_casp16_unique_lt1000_msa-variants/_staging/boltz2_nomsa/predictions/T1272s7/boltz2_nomsa,results/20260709_casp15_casp16_unique_lt1000_msa-variants/_staging/boltz2_nomsa/predictions/T1272s7/boltz2_nomsa/rank_001.pdb,results/20260709_casp15_casp16_unique_lt1000_msa-variants/_staging/boltz2_nomsa/predictions/T1272s7/boltz2_nomsa/rank_001.pdb,true,0,2026-07-06T10:53:43+02:00,2026-07-06T10:54:34+02:00,51,results/20260709_casp15_casp16_unique_lt1000_msa-variants/_staging/boltz2_nomsa/logs/T1272s7_boltz2_nomsa.log,bash runners/run_boltz2.sh results/20260709_casp15_casp16_unique_lt1000_msa-variants/_staging/boltz2_nomsa/sequences/T1272s7.fasta results/20260709_casp15_casp16_unique_lt1000_msa-variants/_staging/boltz2_nomsa/predictions/T1272s7/boltz2_nomsa 1,,No,No,chain mapping below threshold identity=1.000 coverage=0.599,1.000000,0.599174,1.000000,145,145,low,mapped from mmCIF atom_site CA records,Prot,A1,dystrophin-glycoprotein complex (DGC) PDB code 9c3c,,,,,,,,,,,,,50.37573261372745,0.7737141687939841,0.0016288719343031245,50.37573261372745,0.7737141687939841,0.0016288719343031245,,,,runner CodeCarbon output: results/20260709_casp15_casp16_unique_lt1000_msa-variants/_staging/boltz2_nomsa/predictions/T1272s7/boltz2_nomsa/carbon/T1272s7_boltz2_nomsa_inference_emissions.csv,,,,,,,,,,,
T1272s9,T1272s9,CASP16,9C3C,n,42,216,1,238,238,238,boltz2_nomsa,1,results/20260709_casp15_casp16_unique_lt1000_msa-variants/_staging/boltz2_nomsa/sequences/T1272s9.fasta,results/20260709_casp15_casp16_unique_lt1000_msa-variants/_staging/boltz2_nomsa/predictions/T1272s9/boltz2_nomsa,results/20260709_casp15_casp16_unique_lt1000_msa-variants/_staging/boltz2_nomsa/predictions/T1272s9/boltz2_nomsa/rank_001.pdb,results/20260709_casp15_casp16_unique_lt1000_msa-variants/_staging/boltz2_nomsa/predictions/T1272s9/boltz2_nomsa/rank_001.pdb,true,0,2026-07-06T10:54:34+02:00,2026-07-06T10:55:29+02:00,55,results/20260709_casp15_casp16_unique_lt1000_msa-variants/_staging/boltz2_nomsa/logs/T1272s9_boltz2_nomsa.log,bash runners/run_boltz2.sh results/20260709_casp15_casp16_unique_lt1000_msa-variants/_staging/boltz2_nomsa/sequences/T1272s9.fasta results/20260709_casp15_casp16_unique_lt1000_msa-variants/_staging/boltz2_nomsa/predictions/T1272s9/boltz2_nomsa 1,,Check,Check,reference coverage below threshold 0.735; multiple equivalent chains match,1.000000,1.000000,0.735294,175,238,high,mapped from mmCIF atom_site CA records; 63 aligned positions lack resolved CA atoms,Prot,A1,dystrophin-glycoprotein complex (DGC) PDB code 9c3c,,,,,,,,,,,,,54.28467549709603,0.9203663867145778,0.0019376134457149007,54.28467549709603,0.9203663867145778,0.0019376134457149007,,,,runner CodeCarbon output: results/20260709_casp15_casp16_unique_lt1000_msa-variants/_staging/boltz2_nomsa/predictions/T1272s9/boltz2_nomsa/carbon/T1272s9_boltz2_nomsa_inference_emissions.csv,,,,,,,,,,,
T1280,T1280,CASP16,9F5M,AAA,615,848,1,237,237,237,boltz2_nomsa,1,results/20260709_casp15_casp16_unique_lt1000_msa-variants/_staging/boltz2_nomsa/sequences/T1280.fasta,results/20260709_casp15_casp16_unique_lt1000_msa-variants/_staging/boltz2_nomsa/predictions/T1280/boltz2_nomsa,results/20260709_casp15_casp16_unique_lt1000_msa-variants/_staging/boltz2_nomsa/predictions/T1280/boltz2_nomsa/rank_001.pdb,results/20260709_casp15_casp16_unique_lt1000_msa-variants/_staging/boltz2_nomsa/predictions/T1280/boltz2_nomsa/rank_001.pdb,true,0,2026-07-06T10:55:29+02:00,2026-07-06T10:56:19+02:00,50,results/20260709_casp15_casp16_unique_lt1000_msa-variants/_staging/boltz2_nomsa/logs/T1280_boltz2_nomsa.log,bash runners/run_boltz2.sh results/20260709_casp15_casp16_unique_lt1000_msa-variants/_staging/boltz2_nomsa/sequences/T1280.fasta results/20260709_casp15_casp16_unique_lt1000_msa-variants/_staging/boltz2_nomsa/predictions/T1280/boltz2_nomsa 1,,Check,Check,multiple equivalent chains match,1.000000,0.991561,0.995745,234,235,high,mapped from mmCIF atom_site CA records; 1 aligned positions lack resolved CA atoms,Prot,A1,C-terminal domain of bacteriophage K gp155 PDB code 9f5m,,,,,,,,,,,,,50.40662763500586,0.7360681558904304,0.001549617170295643,50.40662763500586,0.7360681558904304,0.001549617170295643,,,,runner CodeCarbon output: results/20260709_casp15_casp16_unique_lt1000_msa-variants/_staging/boltz2_nomsa/predictions/T1280/boltz2_nomsa/carbon/T1280_boltz2_nomsa_inference_emissions.csv,,,,,,,,,,,
T1299,T1299,CASP16,9FJL,A,1,168,1,168,168,168,boltz2_nomsa,1,results/20260709_casp15_casp16_unique_lt1000_msa-variants/_staging/boltz2_nomsa/sequences/T1299.fasta,results/20260709_casp15_casp16_unique_lt1000_msa-variants/_staging/boltz2_nomsa/predictions/T1299/boltz2_nomsa,results/20260709_casp15_casp16_unique_lt1000_msa-variants/_staging/boltz2_nomsa/predictions/T1299/boltz2_nomsa/rank_001.pdb,results/20260709_casp15_casp16_unique_lt1000_msa-variants/_staging/boltz2_nomsa/predictions/T1299/boltz2_nomsa/rank_001.pdb,true,0,2026-07-06T10:56:19+02:00,2026-07-06T10:57:07+02:00,48,results/20260709_casp15_casp16_unique_lt1000_msa-variants/_staging/boltz2_nomsa/logs/T1299_boltz2_nomsa.log,bash runners/run_boltz2.sh results/20260709_casp15_casp16_unique_lt1000_msa-variants/_staging/boltz2_nomsa/sequences/T1299.fasta results/20260709_casp15_casp16_unique_lt1000_msa-variants/_staging/boltz2_nomsa/predictions/T1299/boltz2_nomsa 1,,Yes,Yes,prefiltered A1 protein target with mapped residue range,1.000000,1.000000,1.000000,168,168,high,mapped from mmCIF atom_site CA records,Prot,A1,9FJL PDB code 9fjl,,,,,,,,,,,,,47.020976745989174,0.650049671156495,0.0013685256234873579,47.020976745989174,0.650049671156495,0.0013685256234873579,,,,runner CodeCarbon output: results/20260709_casp15_casp16_unique_lt1000_msa-variants/_staging/boltz2_nomsa/predictions/T1299/boltz2_nomsa/carbon/T1299_boltz2_nomsa_inference_emissions.csv,,,,,,,,,,,
T1104,T1104,CASP15,7ROA,A,58,189,1,117,117,117,openfold_nomsa,1,results/20260709_casp15_casp16_unique_lt1000_msa-variants/_staging/openfold_nomsa/sequences/T1104.fasta,results/20260709_casp15_casp16_unique_lt1000_msa-variants/_staging/openfold_nomsa/predictions/T1104/openfold_nomsa,results/20260709_casp15_casp16_unique_lt1000_msa-variants/_staging/openfold_nomsa/predictions/T1104/openfold_nomsa/rank_001.pdb,results/20260709_casp15_casp16_unique_lt1000_msa-variants/_staging/openfold_nomsa/predictions/T1104/openfold_nomsa/rank_001.pdb,true,0,2026-07-06T10:06:38+02:00,2026-07-06T10:07:00+02:00,22,results/20260709_casp15_casp16_unique_lt1000_msa-variants/_staging/openfold_nomsa/logs/T1104_openfold_nomsa.log,bash runners/run_openfold.sh results/20260709_casp15_casp16_unique_lt1000_msa-variants/_staging/openfold_nomsa/sequences/T1104.fasta results/20260709_casp15_casp16_unique_lt1000_msa-variants/_staging/openfold_nomsa/predictions/T1104/openfold_nomsa 1,,Yes,Yes,prefiltered A1 protein target with mapped residue range,1.000000,1.000000,0.871212,115,132,high,mapped from mmCIF atom_site CA records; 17 aligned positions lack resolved CA atoms,All groups,A1,EntV136 PDB code 7roa,,,,,,,,,,,,,21.505641444120556,0.4044018701038855,0.0008513723581134432,21.505641444120556,0.4044018701038855,0.0008513723581134432,,,,runner CodeCarbon output: results/20260709_casp15_casp16_unique_lt1000_msa-variants/_staging/openfold_nomsa/predictions/T1104/openfold_nomsa/carbon/T1104_openfold_nomsa_inference_emissions.csv,,,,,,,,,,,
T1106s1,T1106s1,CASP15,7QIH,B,50,120,1,122,122,122,openfold_nomsa,1,results/20260709_casp15_casp16_unique_lt1000_msa-variants/_staging/openfold_nomsa/sequences/T1106s1.fasta,results/20260709_casp15_casp16_unique_lt1000_msa-variants/_staging/openfold_nomsa/predictions/T1106s1/openfold_nomsa,results/20260709_casp15_casp16_unique_lt1000_msa-variants/_staging/openfold_nomsa/predictions/T1106s1/openfold_nomsa/rank_001.pdb,results/20260709_casp15_casp16_unique_lt1000_msa-variants/_staging/openfold_nomsa/predictions/T1106s1/openfold_nomsa/rank_001.pdb,true,0,2026-07-06T10:07:00+02:00,2026-07-06T10:07:32+02:00,32,results/20260709_casp15_casp16_unique_lt1000_msa-variants/_staging/openfold_nomsa/logs/T1106s1_openfold_nomsa.log,bash runners/run_openfold.sh results/20260709_casp15_casp16_unique_lt1000_msa-variants/_staging/openfold_nomsa/sequences/T1106s1.fasta results/20260709_casp15_casp16_unique_lt1000_msa-variants/_staging/openfold_nomsa/predictions/T1106s1/openfold_nomsa 1,,No,No,chain mapping below threshold identity=1.000 coverage=0.615; multiple equivalent chains match,1.000000,0.614754,0.946667,71,75,low,mapped from mmCIF atom_site CA records; 4 aligned positions lack resolved CA atoms,All groups,A1,YscY-YscX PDB code 7qih,,,,,,,,,,,,,31.899626488797367,0.6539949265090553,0.00137683142422959,31.899626488797367,0.6539949265090553,0.00137683142422959,,,,runner CodeCarbon output: results/20260709_casp15_casp16_unique_lt1000_msa-variants/_staging/openfold_nomsa/predictions/T1106s1/openfold_nomsa/carbon/T1106s1_openfold_nomsa_inference_emissions.csv,,,,,,,,,,,
T1106s2,T1106s2,CASP15,7QIH,A,2,112,1,114,114,114,openfold_nomsa,1,results/20260709_casp15_casp16_unique_lt1000_msa-variants/_staging/openfold_nomsa/sequences/T1106s2.fasta,results/20260709_casp15_casp16_unique_lt1000_msa-variants/_staging/openfold_nomsa/predictions/T1106s2/openfold_nomsa,results/20260709_casp15_casp16_unique_lt1000_msa-variants/_staging/openfold_nomsa/predictions/T1106s2/openfold_nomsa/rank_001.pdb,results/20260709_casp15_casp16_unique_lt1000_msa-variants/_staging/openfold_nomsa/predictions/T1106s2/openfold_nomsa/rank_001.pdb,true,0,2026-07-06T10:07:32+02:00,2026-07-06T10:07:53+02:00,21,results/20260709_casp15_casp16_unique_lt1000_msa-variants/_staging/openfold_nomsa/logs/T1106s2_openfold_nomsa.log,bash runners/run_openfold.sh results/20260709_casp15_casp16_unique_lt1000_msa-variants/_staging/openfold_nomsa/sequences/T1106s2.fasta results/20260709_casp15_casp16_unique_lt1000_msa-variants/_staging/openfold_nomsa/predictions/T1106s2/openfold_nomsa 1,,Check,Check,multiple equivalent chains match,1.000000,1.000000,0.909836,111,122,high,mapped from mmCIF atom_site CA records; 11 aligned positions lack resolved CA atoms,All groups,A1,YscY-YscX PDB code 7qih,,,,,,,,,,,,,21.04031732911244,0.3947882845087394,0.0008311332305447145,21.04031732911244,0.3947882845087394,0.0008311332305447145,,,,runner CodeCarbon output: results/20260709_casp15_casp16_unique_lt1000_msa-variants/_staging/openfold_nomsa/predictions/T1106s2/openfold_nomsa/carbon/T1106s2_openfold_nomsa_inference_emissions.csv,,,,,,,,,,,
T1112,T1112,CASP15,8ORK,AAA,2,460,1,460,460,460,openfold_nomsa,1,results/20260709_casp15_casp16_unique_lt1000_msa-variants/_staging/openfold_nomsa/sequences/T1112.fasta,results/20260709_casp15_casp16_unique_lt1000_msa-variants/_staging/openfold_nomsa/predictions/T1112/openfold_nomsa,results/20260709_casp15_casp16_unique_lt1000_msa-variants/_staging/openfold_nomsa/predictions/T1112/openfold_nomsa/rank_001.pdb,results/20260709_casp15_casp16_unique_lt1000_msa-variants/_staging/openfold_nomsa/predictions/T1112/openfold_nomsa/rank_001.pdb,true,0,2026-07-06T10:07:53+02:00,2026-07-06T10:09:28+02:00,95,results/20260709_casp15_casp16_unique_lt1000_msa-variants/_staging/openfold_nomsa/logs/T1112_openfold_nomsa.log,bash runners/run_openfold.sh results/20260709_casp15_casp16_unique_lt1000_msa-variants/_staging/openfold_nomsa/sequences/T1112.fasta results/20260709_casp15_casp16_unique_lt1000_msa-variants/_staging/openfold_nomsa/predictions/T1112/openfold_nomsa 1,,Check,Check,multiple equivalent chains match,1.000000,1.000000,0.973913,448,460,high,mapped from mmCIF atom_site CA records; 12 aligned positions lack resolved CA atoms,All groups,A1,O93732.1 PDB code 8ork,,,,,,,,,,,,,94.40417005680501,2.8104273368891075,0.005916689130292858,94.40417005680501,2.8104273368891075,0.005916689130292858,,,,runner CodeCarbon output: results/20260709_casp15_casp16_unique_lt1000_msa-variants/_staging/openfold_nomsa/predictions/T1112/openfold_nomsa/carbon/T1112_openfold_nomsa_inference_emissions.csv,,,,,,,,,,,
T1114s1,T1114s1,CASP15,7UTD,Q,20,78,1,189,189,189,openfold_nomsa,1,results/20260709_casp15_casp16_unique_lt1000_msa-variants/_staging/openfold_nomsa/sequences/T1114s1.fasta,results/20260709_casp15_casp16_unique_lt1000_msa-variants/_staging/openfold_nomsa/predictions/T1114s1/openfold_nomsa,results/20260709_casp15_casp16_unique_lt1000_msa-variants/_staging/openfold_nomsa/predictions/T1114s1/openfold_nomsa/rank_001.pdb,results/20260709_casp15_casp16_unique_lt1000_msa-variants/_staging/openfold_nomsa/predictions/T1114s1/openfold_nomsa/rank_001.pdb,true,0,2026-07-06T10:09:28+02:00,2026-07-06T10:09:59+02:00,31,results/20260709_casp15_casp16_unique_lt1000_msa-variants/_staging/openfold_nomsa/logs/T1114s1_openfold_nomsa.log,bash runners/run_openfold.sh results/20260709_casp15_casp16_unique_lt1000_msa-variants/_staging/openfold_nomsa/sequences/T1114s1.fasta results/20260709_casp15_casp16_unique_lt1000_msa-variants/_staging/openfold_nomsa/predictions/T1114s1/openfold_nomsa 1,,No,No,chain mapping below threshold identity=1.000 coverage=0.317; multiple equivalent chains match,1.000000,0.317460,0.983333,59,60,low,mapped from mmCIF atom_site CA records; 1 aligned positions lack resolved CA atoms,All groups,A1,"A0QUM5, A0QUM6, A0QUM7 PDB code 7utd",,,,,,,,,,,,,30.396679770201445,0.6880753676896922,0.0014485797214519836,30.396679770201445,0.6880753676896922,0.0014485797214519836,,,,runner CodeCarbon output: results/20260709_casp15_casp16_unique_lt1000_msa-variants/_staging/openfold_nomsa/predictions/T1114s1/openfold_nomsa/carbon/T1114s1_openfold_nomsa_inference_emissions.csv,,,,,,,,,,,
T1114s2,T1114s2,CASP15,7UTD,B,2,323,1,369,369,369,openfold_nomsa,1,results/20260709_casp15_casp16_unique_lt1000_msa-variants/_staging/openfold_nomsa/sequences/T1114s2.fasta,results/20260709_casp15_casp16_unique_lt1000_msa-variants/_staging/openfold_nomsa/predictions/T1114s2/openfold_nomsa,results/20260709_casp15_casp16_unique_lt1000_msa-variants/_staging/openfold_nomsa/predictions/T1114s2/openfold_nomsa/rank_001.pdb,results/20260709_casp15_casp16_unique_lt1000_msa-variants/_staging/openfold_nomsa/predictions/T1114s2/openfold_nomsa/rank_001.pdb,true,0,2026-07-06T10:09:59+02:00,2026-07-06T10:11:02+02:00,63,results/20260709_casp15_casp16_unique_lt1000_msa-variants/_staging/openfold_nomsa/logs/T1114s2_openfold_nomsa.log,bash runners/run_openfold.sh results/20260709_casp15_casp16_unique_lt1000_msa-variants/_staging/openfold_nomsa/sequences/T1114s2.fasta results/20260709_casp15_casp16_unique_lt1000_msa-variants/_staging/openfold_nomsa/predictions/T1114s2/openfold_nomsa 1,,Check,Check,multiple equivalent chains match,1.000000,1.000000,0.872629,322,369,high,mapped from mmCIF atom_site CA records; 47 aligned positions lack resolved CA atoms,All groups,A1,"A0QUM5, A0QUM6, A0QUM7 PDB code 7utd",,,,,,,,,,,,,62.65964271174744,1.6735662702990584,0.003523297411155912,62.65964271174744,1.6735662702990584,0.003523297411155912,,,,runner CodeCarbon output: results/20260709_casp15_casp16_unique_lt1000_msa-variants/_staging/openfold_nomsa/predictions/T1114s2/openfold_nomsa/carbon/T1114s2_openfold_nomsa_inference_emissions.csv,,,,,,,,,,,
T1114s3,T1114s3,CASP15,7UTD,A,4,516,1,535,535,535,openfold_nomsa,1,results/20260709_casp15_casp16_unique_lt1000_msa-variants/_staging/openfold_nomsa/sequences/T1114s3.fasta,results/20260709_casp15_casp16_unique_lt1000_msa-variants/_staging/openfold_nomsa/predictions/T1114s3/openfold_nomsa,results/20260709_casp15_casp16_unique_lt1000_msa-variants/_staging/openfold_nomsa/predictions/T1114s3/openfold_nomsa/rank_001.pdb,results/20260709_casp15_casp16_unique_lt1000_msa-variants/_staging/openfold_nomsa/predictions/T1114s3/openfold_nomsa/rank_001.pdb,true,0,2026-07-06T10:11:02+02:00,2026-07-06T10:13:25+02:00,143,results/20260709_casp15_casp16_unique_lt1000_msa-variants/_staging/openfold_nomsa/logs/T1114s3_openfold_nomsa.log,bash runners/run_openfold.sh results/20260709_casp15_casp16_unique_lt1000_msa-variants/_staging/openfold_nomsa/sequences/T1114s3.fasta results/20260709_casp15_casp16_unique_lt1000_msa-variants/_staging/openfold_nomsa/predictions/T1114s3/openfold_nomsa 1,,Check,Check,multiple equivalent chains match,1.000000,0.958879,0.998051,512,513,high,mapped from mmCIF atom_site CA records; 1 aligned positions lack resolved CA atoms,All groups,A1,"A0QUM5, A0QUM6, A0QUM7 PDB code 7utd",,,,,,,,,,,,,143.5372558911331,4.074644150984673,0.008578198212599312,143.5372558911331,4.074644150984673,0.008578198212599312,,,,runner CodeCarbon output: results/20260709_casp15_casp16_unique_lt1000_msa-variants/_staging/openfold_nomsa/predictions/T1114s3/openfold_nomsa/carbon/T1114s3_openfold_nomsa_inference_emissions.csv,,,,,,,,,,,
T1120,T1120,CASP15,7QVB,B,4,231,1,235,235,235,openfold_nomsa,1,results/20260709_casp15_casp16_unique_lt1000_msa-variants/_staging/openfold_nomsa/sequences/T1120.fasta,results/20260709_casp15_casp16_unique_lt1000_msa-variants/_staging/openfold_nomsa/predictions/T1120/openfold_nomsa,results/20260709_casp15_casp16_unique_lt1000_msa-variants/_staging/openfold_nomsa/predictions/T1120/openfold_nomsa/rank_001.pdb,results/20260709_casp15_casp16_unique_lt1000_msa-variants/_staging/openfold_nomsa/predictions/T1120/openfold_nomsa/rank_001.pdb,true,0,2026-07-06T10:13:25+02:00,2026-07-06T10:14:01+02:00,36,results/20260709_casp15_casp16_unique_lt1000_msa-variants/_staging/openfold_nomsa/logs/T1120_openfold_nomsa.log,bash runners/run_openfold.sh results/20260709_casp15_casp16_unique_lt1000_msa-variants/_staging/openfold_nomsa/sequences/T1120.fasta results/20260709_casp15_casp16_unique_lt1000_msa-variants/_staging/openfold_nomsa/predictions/T1120/openfold_nomsa 1,,Check,Check,multiple equivalent chains match,1.000000,1.000000,0.970213,228,235,high,mapped from mmCIF atom_site CA records; 7 aligned positions lack resolved CA atoms,All groups,A1,DdrC PDB code 7qvb,,,,,,,,,,,,,35.12645663134754,0.8481006145074279,0.0017854749779103746,35.12645663134754,0.8481006145074279,0.0017854749779103746,,,,runner CodeCarbon output: results/20260709_casp15_casp16_unique_lt1000_msa-variants/_staging/openfold_nomsa/predictions/T1120/openfold_nomsa/carbon/T1120_openfold_nomsa_inference_emissions.csv,,,,,,,,,,,
T1122,T1122,CASP15,8BBT,A,4,237,1,241,241,241,openfold_nomsa,1,results/20260709_casp15_casp16_unique_lt1000_msa-variants/_staging/openfold_nomsa/sequences/T1122.fasta,results/20260709_casp15_casp16_unique_lt1000_msa-variants/_staging/openfold_nomsa/predictions/T1122/openfold_nomsa,results/20260709_casp15_casp16_unique_lt1000_msa-variants/_staging/openfold_nomsa/predictions/T1122/openfold_nomsa/rank_001.pdb,results/20260709_casp15_casp16_unique_lt1000_msa-variants/_staging/openfold_nomsa/predictions/T1122/openfold_nomsa/rank_001.pdb,true,0,2026-07-06T10:14:01+02:00,2026-07-06T10:14:37+02:00,36,results/20260709_casp15_casp16_unique_lt1000_msa-variants/_staging/openfold_nomsa/logs/T1122_openfold_nomsa.log,bash runners/run_openfold.sh results/20260709_casp15_casp16_unique_lt1000_msa-variants/_staging/openfold_nomsa/sequences/T1122.fasta results/20260709_casp15_casp16_unique_lt1000_msa-variants/_staging/openfold_nomsa/predictions/T1122/openfold_nomsa 1,,Yes,Yes,prefiltered A1 protein target with mapped residue range,1.000000,1.000000,0.954357,230,241,high,mapped from mmCIF atom_site CA records; 11 aligned positions lack resolved CA atoms,All groups,A1,A0A0B4VFQ3 PDB code 8bbt,,,,,,,,,,,,,36.06966891605407,0.8711645600875632,0.0018340306528159224,36.06966891605407,0.8711645600875632,0.0018340306528159224,,,,runner CodeCarbon output: results/20260709_casp15_casp16_unique_lt1000_msa-variants/_staging/openfold_nomsa/predictions/T1122/openfold_nomsa/carbon/T1122_openfold_nomsa_inference_emissions.csv,,,,,,,,,,,
T1129s2,T1129s2,CASP15,8A8C,B,41,640,1,640,640,640,openfold_nomsa,1,results/20260709_casp15_casp16_unique_lt1000_msa-variants/_staging/openfold_nomsa/sequences/T1129s2.fasta,results/20260709_casp15_casp16_unique_lt1000_msa-variants/_staging/openfold_nomsa/predictions/T1129s2/openfold_nomsa,results/20260709_casp15_casp16_unique_lt1000_msa-variants/_staging/openfold_nomsa/predictions/T1129s2/openfold_nomsa/rank_001.pdb,results/20260709_casp15_casp16_unique_lt1000_msa-variants/_staging/openfold_nomsa/predictions/T1129s2/openfold_nomsa/rank_001.pdb,true,0,2026-07-06T10:14:37+02:00,2026-07-06T10:17:40+02:00,183,results/20260709_casp15_casp16_unique_lt1000_msa-variants/_staging/openfold_nomsa/logs/T1129s2_openfold_nomsa.log,bash runners/run_openfold.sh results/20260709_casp15_casp16_unique_lt1000_msa-variants/_staging/openfold_nomsa/sequences/T1129s2.fasta results/20260709_casp15_casp16_unique_lt1000_msa-variants/_staging/openfold_nomsa/predictions/T1129s2/openfold_nomsa 1,,Yes,Yes,prefiltered A1 protein target with mapped residue range,1.000000,1.000000,0.825000,528,640,high,mapped from mmCIF atom_site CA records; 112 aligned positions lack resolved CA atoms,All groups,A1,P06971; P23207 PDB code 8a8c,,,,,,,,,,,,,182.99768832325935,5.446418614592026,0.011466144451772686,182.99768832325935,5.446418614592026,0.011466144451772686,,,,runner CodeCarbon output: results/20260709_casp15_casp16_unique_lt1000_msa-variants/_staging/openfold_nomsa/predictions/T1129s2/openfold_nomsa/carbon/T1129s2_openfold_nomsa_inference_emissions.csv,,,,,,,,,,,
T1133,T1133,CASP15,8DYS,A,4,427,1,585,585,585,openfold_nomsa,1,results/20260709_casp15_casp16_unique_lt1000_msa-variants/_staging/openfold_nomsa/sequences/T1133.fasta,results/20260709_casp15_casp16_unique_lt1000_msa-variants/_staging/openfold_nomsa/predictions/T1133/openfold_nomsa,results/20260709_casp15_casp16_unique_lt1000_msa-variants/_staging/openfold_nomsa/predictions/T1133/openfold_nomsa/rank_001.pdb,results/20260709_casp15_casp16_unique_lt1000_msa-variants/_staging/openfold_nomsa/predictions/T1133/openfold_nomsa/rank_001.pdb,true,0,2026-07-06T10:17:40+02:00,2026-07-06T10:20:17+02:00,157,results/20260709_casp15_casp16_unique_lt1000_msa-variants/_staging/openfold_nomsa/logs/T1133_openfold_nomsa.log,bash runners/run_openfold.sh results/20260709_casp15_casp16_unique_lt1000_msa-variants/_staging/openfold_nomsa/sequences/T1133.fasta results/20260709_casp15_casp16_unique_lt1000_msa-variants/_staging/openfold_nomsa/predictions/T1133/openfold_nomsa 1,,Check,Check,reference coverage below threshold 0.699,1.000000,1.000000,0.699145,409,585,high,mapped from mmCIF atom_site CA records; 176 aligned positions lack resolved CA atoms,All groups,A1,Q9BY44 PDB code 8dys,,,,,,,,,,,,,156.39280864596367,4.553717400290331,0.009586773474295434,156.39280864596367,4.553717400290331,0.009586773474295434,,,,runner CodeCarbon output: results/20260709_casp15_casp16_unique_lt1000_msa-variants/_staging/openfold_nomsa/predictions/T1133/openfold_nomsa/carbon/T1133_openfold_nomsa_inference_emissions.csv,,,,,,,,,,,
T1134s1,T1134s1,CASP15,7UBZ,A,1,230,1,230,230,230,openfold_nomsa,1,results/20260709_casp15_casp16_unique_lt1000_msa-variants/_staging/openfold_nomsa/sequences/T1134s1.fasta,results/20260709_casp15_casp16_unique_lt1000_msa-variants/_staging/openfold_nomsa/predictions/T1134s1/openfold_nomsa,results/20260709_casp15_casp16_unique_lt1000_msa-variants/_staging/openfold_nomsa/predictions/T1134s1/openfold_nomsa/rank_001.pdb,results/20260709_casp15_casp16_unique_lt1000_msa-variants/_staging/openfold_nomsa/predictions/T1134s1/openfold_nomsa/rank_001.pdb,true,0,2026-07-06T10:20:17+02:00,2026-07-06T10:20:51+02:00,34,results/20260709_casp15_casp16_unique_lt1000_msa-variants/_staging/openfold_nomsa/logs/T1134s1_openfold_nomsa.log,bash runners/run_openfold.sh results/20260709_casp15_casp16_unique_lt1000_msa-variants/_staging/openfold_nomsa/sequences/T1134s1.fasta results/20260709_casp15_casp16_unique_lt1000_msa-variants/_staging/openfold_nomsa/predictions/T1134s1/openfold_nomsa 1,,Check,Check,multiple equivalent chains match,1.000000,1.000000,1.000000,230,230,high,mapped from mmCIF atom_site CA records,All groups,A1,"TleTli or WP_062934778.1, WP_013096194 PDB code 7ubz",,,,,,,,,,,,,34.29672558000311,0.8406526880950771,0.0017697951328317413,34.29672558000311,0.8406526880950771,0.0017697951328317413,,,,runner CodeCarbon output: results/20260709_casp15_casp16_unique_lt1000_msa-variants/_staging/openfold_nomsa/predictions/T1134s1/openfold_nomsa/carbon/T1134s1_openfold_nomsa_inference_emissions.csv,,,,,,,,,,,
T1134s2,T1134s2,CASP15,7UBZ,D,168,472,1,313,313,313,openfold_nomsa,1,results/20260709_casp15_casp16_unique_lt1000_msa-variants/_staging/openfold_nomsa/sequences/T1134s2.fasta,results/20260709_casp15_casp16_unique_lt1000_msa-variants/_staging/openfold_nomsa/predictions/T1134s2/openfold_nomsa,results/20260709_casp15_casp16_unique_lt1000_msa-variants/_staging/openfold_nomsa/predictions/T1134s2/openfold_nomsa/rank_001.pdb,results/20260709_casp15_casp16_unique_lt1000_msa-variants/_staging/openfold_nomsa/predictions/T1134s2/openfold_nomsa/rank_001.pdb,true,0,2026-07-06T10:20:51+02:00,2026-07-06T10:21:42+02:00,51,results/20260709_casp15_casp16_unique_lt1000_msa-variants/_staging/openfold_nomsa/logs/T1134s2_openfold_nomsa.log,bash runners/run_openfold.sh results/20260709_casp15_casp16_unique_lt1000_msa-variants/_staging/openfold_nomsa/sequences/T1134s2.fasta results/20260709_casp15_casp16_unique_lt1000_msa-variants/_staging/openfold_nomsa/predictions/T1134s2/openfold_nomsa 1,,Check,Check,reference coverage below threshold 0.645; multiple equivalent chains match,1.000000,1.000000,0.645367,202,313,high,mapped from mmCIF atom_site CA records; 111 aligned positions lack resolved CA atoms,All groups,A1,"TleTli or WP_062934778.1, WP_013096194 PDB code 7ubz",,,,,,,,,,,,,50.33753085229546,1.2859472649822459,0.0027072573999626227,50.33753085229546,1.2859472649822459,0.0027072573999626227,,,,runner CodeCarbon output: results/20260709_casp15_casp16_unique_lt1000_msa-variants/_staging/openfold_nomsa/predictions/T1134s2/openfold_nomsa/carbon/T1134s2_openfold_nomsa_inference_emissions.csv,,,,,,,,,,,
T1137s1,T1137s1,CASP15,8FEF,A,18,409,1,409,409,409,openfold_nomsa,1,results/20260709_casp15_casp16_unique_lt1000_msa-variants/_staging/openfold_nomsa/sequences/T1137s1.fasta,results/20260709_casp15_casp16_unique_lt1000_msa-variants/_staging/openfold_nomsa/predictions/T1137s1/openfold_nomsa,results/20260709_casp15_casp16_unique_lt1000_msa-variants/_staging/openfold_nomsa/predictions/T1137s1/openfold_nomsa/rank_001.pdb,results/20260709_casp15_casp16_unique_lt1000_msa-variants/_staging/openfold_nomsa/predictions/T1137s1/openfold_nomsa/rank_001.pdb,true,0,2026-07-06T10:21:42+02:00,2026-07-06T10:23:00+02:00,78,results/20260709_casp15_casp16_unique_lt1000_msa-variants/_staging/openfold_nomsa/logs/T1137s1_openfold_nomsa.log,bash runners/run_openfold.sh results/20260709_casp15_casp16_unique_lt1000_msa-variants/_staging/openfold_nomsa/sequences/T1137s1.fasta results/20260709_casp15_casp16_unique_lt1000_msa-variants/_staging/openfold_nomsa/predictions/T1137s1/openfold_nomsa 1,,Yes,Yes,prefiltered A1 protein target with mapped residue range,1.000000,1.000000,0.958435,392,409,high,mapped from mmCIF atom_site CA records; 17 aligned positions lack resolved CA atoms,All groups,A1,MceG complex PDB code 8fef,,,,,,,,,,,,,77.98752934020013,2.231928649587094,0.0046987971570254606,77.98752934020013,2.231928649587094,0.0046987971570254606,,,,runner CodeCarbon output: results/20260709_casp15_casp16_unique_lt1000_msa-variants/_staging/openfold_nomsa/predictions/T1137s1/openfold_nomsa/carbon/T1137s1_openfold_nomsa_inference_emissions.csv,,,,,,,,,,,
T1137s2,T1137s2,CASP15,8FEF,B,2,343,1,343,343,343,openfold_nomsa,1,results/20260709_casp15_casp16_unique_lt1000_msa-variants/_staging/openfold_nomsa/sequences/T1137s2.fasta,results/20260709_casp15_casp16_unique_lt1000_msa-variants/_staging/openfold_nomsa/predictions/T1137s2/openfold_nomsa,results/20260709_casp15_casp16_unique_lt1000_msa-variants/_staging/openfold_nomsa/predictions/T1137s2/openfold_nomsa/rank_001.pdb,results/20260709_casp15_casp16_unique_lt1000_msa-variants/_staging/openfold_nomsa/predictions/T1137s2/openfold_nomsa/rank_001.pdb,true,0,2026-07-06T10:23:00+02:00,2026-07-06T10:23:58+02:00,58,results/20260709_casp15_casp16_unique_lt1000_msa-variants/_staging/openfold_nomsa/logs/T1137s2_openfold_nomsa.log,bash runners/run_openfold.sh results/20260709_casp15_casp16_unique_lt1000_msa-variants/_staging/openfold_nomsa/sequences/T1137s2.fasta results/20260709_casp15_casp16_unique_lt1000_msa-variants/_staging/openfold_nomsa/predictions/T1137s2/openfold_nomsa 1,,Yes,Yes,prefiltered A1 protein target with mapped residue range,1.000000,1.000000,0.976676,335,343,high,mapped from mmCIF atom_site CA records; 8 aligned positions lack resolved CA atoms,All groups,A1,MceG complex PDB code 8fef,,,,,,,,,,,,,57.400646687019616,1.5090462382004604,0.0031769394488430744,57.400646687019616,1.5090462382004604,0.0031769394488430744,,,,runner CodeCarbon output: results/20260709_casp15_casp16_unique_lt1000_msa-variants/_staging/openfold_nomsa/predictions/T1137s2/openfold_nomsa/carbon/T1137s2_openfold_nomsa_inference_emissions.csv,,,,,,,,,,,
T1137s3,T1137s3,CASP15,8FEF,C,1,310,1,524,524,524,openfold_nomsa,1,results/20260709_casp15_casp16_unique_lt1000_msa-variants/_staging/openfold_nomsa/sequences/T1137s3.fasta,results/20260709_casp15_casp16_unique_lt1000_msa-variants/_staging/openfold_nomsa/predictions/T1137s3/openfold_nomsa,results/20260709_casp15_casp16_unique_lt1000_msa-variants/_staging/openfold_nomsa/predictions/T1137s3/openfold_nomsa/rank_001.pdb,results/20260709_casp15_casp16_unique_lt1000_msa-variants/_staging/openfold_nomsa/predictions/T1137s3/openfold_nomsa/rank_001.pdb,true,0,2026-07-06T10:23:58+02:00,2026-07-06T10:26:02+02:00,124,results/20260709_casp15_casp16_unique_lt1000_msa-variants/_staging/openfold_nomsa/logs/T1137s3_openfold_nomsa.log,bash runners/run_openfold.sh results/20260709_casp15_casp16_unique_lt1000_msa-variants/_staging/openfold_nomsa/sequences/T1137s3.fasta results/20260709_casp15_casp16_unique_lt1000_msa-variants/_staging/openfold_nomsa/predictions/T1137s3/openfold_nomsa 1,,Check,Check,reference coverage below threshold 0.592,1.000000,1.000000,0.591603,310,524,high,mapped from mmCIF atom_site CA records; 214 aligned positions lack resolved CA atoms,All groups,A1,MceG complex PDB code 8fef,,,,,,,,,,,,,123.55156678613275,3.5800383645380847,0.007536922872711757,123.55156678613275,3.5800383645380847,0.007536922872711757,,,,runner CodeCarbon output: results/20260709_casp15_casp16_unique_lt1000_msa-variants/_staging/openfold_nomsa/predictions/T1137s3/openfold_nomsa/carbon/T1137s3_openfold_nomsa_inference_emissions.csv,,,,,,,,,,,
T1137s4,T1137s4,CASP15,8FEF,D,42,468,1,547,547,547,openfold_nomsa,1,results/20260709_casp15_casp16_unique_lt1000_msa-variants/_staging/openfold_nomsa/sequences/T1137s4.fasta,results/20260709_casp15_casp16_unique_lt1000_msa-variants/_staging/openfold_nomsa/predictions/T1137s4/openfold_nomsa,results/20260709_casp15_casp16_unique_lt1000_msa-variants/_staging/openfold_nomsa/predictions/T1137s4/openfold_nomsa/rank_001.pdb,results/20260709_casp15_casp16_unique_lt1000_msa-variants/_staging/openfold_nomsa/predictions/T1137s4/openfold_nomsa/rank_001.pdb,true,0,2026-07-06T10:26:02+02:00,2026-07-06T10:28:19+02:00,137,results/20260709_casp15_casp16_unique_lt1000_msa-variants/_staging/openfold_nomsa/logs/T1137s4_openfold_nomsa.log,bash runners/run_openfold.sh results/20260709_casp15_casp16_unique_lt1000_msa-variants/_staging/openfold_nomsa/sequences/T1137s4.fasta results/20260709_casp15_casp16_unique_lt1000_msa-variants/_staging/openfold_nomsa/predictions/T1137s4/openfold_nomsa 1,,Check,Check,reference coverage below threshold 0.704,1.000000,1.000000,0.703839,385,547,high,mapped from mmCIF atom_site CA records; 162 aligned positions lack resolved CA atoms,All groups,A1,MceG complex PDB code 8fef,,,,,,,,,,,,,136.92994783865288,3.9550616873833873,0.008326445657649237,136.92994783865288,3.9550616873833873,0.008326445657649237,,,,runner CodeCarbon output: results/20260709_casp15_casp16_unique_lt1000_msa-variants/_staging/openfold_nomsa/predictions/T1137s4/openfold_nomsa/carbon/T1137s4_openfold_nomsa_inference_emissions.csv,,,,,,,,,,,
T1137s5,T1137s5,CASP15,8FEF,E,33,390,1,390,390,390,openfold_nomsa,1,results/20260709_casp15_casp16_unique_lt1000_msa-variants/_staging/openfold_nomsa/sequences/T1137s5.fasta,results/20260709_casp15_casp16_unique_lt1000_msa-variants/_staging/openfold_nomsa/predictions/T1137s5/openfold_nomsa,results/20260709_casp15_casp16_unique_lt1000_msa-variants/_staging/openfold_nomsa/predictions/T1137s5/openfold_nomsa/rank_001.pdb,results/20260709_casp15_casp16_unique_lt1000_msa-variants/_staging/openfold_nomsa/predictions/T1137s5/openfold_nomsa/rank_001.pdb,true,0,2026-07-06T10:28:19+02:00,2026-07-06T10:29:30+02:00,71,results/20260709_casp15_casp16_unique_lt1000_msa-variants/_staging/openfold_nomsa/logs/T1137s5_openfold_nomsa.log,bash runners/run_openfold.sh results/20260709_casp15_casp16_unique_lt1000_msa-variants/_staging/openfold_nomsa/sequences/T1137s5.fasta results/20260709_casp15_casp16_unique_lt1000_msa-variants/_staging/openfold_nomsa/predictions/T1137s5/openfold_nomsa 1,,Yes,Yes,prefiltered A1 protein target with mapped residue range,1.000000,1.000000,0.917949,358,390,high,mapped from mmCIF atom_site CA records; 32 aligned positions lack resolved CA atoms,All groups,A1,MceG complex PDB code 8fef,,,,,,,,,,,,,70.9660148457624,2.045566469480335,0.004306455725221758,70.9660148457624,2.045566469480335,0.004306455725221758,,,,runner CodeCarbon output: results/20260709_casp15_casp16_unique_lt1000_msa-variants/_staging/openfold_nomsa/predictions/T1137s5/openfold_nomsa/carbon/T1137s5_openfold_nomsa_inference_emissions.csv,,,,,,,,,,,
T1137s6,T1137s6,CASP15,8FEF,F,1,399,1,518,518,518,openfold_nomsa,1,results/20260709_casp15_casp16_unique_lt1000_msa-variants/_staging/openfold_nomsa/sequences/T1137s6.fasta,results/20260709_casp15_casp16_unique_lt1000_msa-variants/_staging/openfold_nomsa/predictions/T1137s6/openfold_nomsa,results/20260709_casp15_casp16_unique_lt1000_msa-variants/_staging/openfold_nomsa/predictions/T1137s6/openfold_nomsa/rank_001.pdb,results/20260709_casp15_casp16_unique_lt1000_msa-variants/_staging/openfold_nomsa/predictions/T1137s6/openfold_nomsa/rank_001.pdb,true,0,2026-07-06T10:29:30+02:00,2026-07-06T10:31:36+02:00,126,results/20260709_casp15_casp16_unique_lt1000_msa-variants/_staging/openfold_nomsa/logs/T1137s6_openfold_nomsa.log,bash runners/run_openfold.sh results/20260709_casp15_casp16_unique_lt1000_msa-variants/_staging/openfold_nomsa/sequences/T1137s6.fasta results/20260709_casp15_casp16_unique_lt1000_msa-variants/_staging/openfold_nomsa/predictions/T1137s6/openfold_nomsa 1,,Check,Check,reference coverage below threshold 0.770,1.000000,1.000000,0.770270,399,518,high,mapped from mmCIF atom_site CA records; 119 aligned positions lack resolved CA atoms,All groups,A1,MceG complex PDB code 8fef,,,,,,,,,,,,,125.530702942051,3.547647860145459,0.007468732337148334,125.530702942051,3.547647860145459,0.007468732337148334,,,,runner CodeCarbon output: results/20260709_casp15_casp16_unique_lt1000_msa-variants/_staging/openfold_nomsa/predictions/T1137s6/openfold_nomsa/carbon/T1137s6_openfold_nomsa_inference_emissions.csv,,,,,,,,,,,
T1137s7,T1137s7,CASP15,8FEF,G,2,325,1,653,653,653,openfold_nomsa,1,results/20260709_casp15_casp16_unique_lt1000_msa-variants/_staging/openfold_nomsa/sequences/T1137s7.fasta,results/20260709_casp15_casp16_unique_lt1000_msa-variants/_staging/openfold_nomsa/predictions/T1137s7/openfold_nomsa,results/20260709_casp15_casp16_unique_lt1000_msa-variants/_staging/openfold_nomsa/predictions/T1137s7/openfold_nomsa/rank_001.pdb,results/20260709_casp15_casp16_unique_lt1000_msa-variants/_staging/openfold_nomsa/predictions/T1137s7/openfold_nomsa/rank_001.pdb,true,0,2026-07-06T10:31:36+02:00,2026-07-06T10:34:53+02:00,197,results/20260709_casp15_casp16_unique_lt1000_msa-variants/_staging/openfold_nomsa/logs/T1137s7_openfold_nomsa.log,bash runners/run_openfold.sh results/20260709_casp15_casp16_unique_lt1000_msa-variants/_staging/openfold_nomsa/sequences/T1137s7.fasta results/20260709_casp15_casp16_unique_lt1000_msa-variants/_staging/openfold_nomsa/predictions/T1137s7/openfold_nomsa 1,,Check,Check,reference coverage below threshold 0.458; multiple equivalent chains match,1.000000,1.000000,0.457887,299,653,high,mapped from mmCIF atom_site CA records; 354 aligned positions lack resolved CA atoms,All groups,A1,MceG complex PDB code 8fef,,,,,,,,,,,,,196.62118073785678,5.775084192192839,0.012158071983563872,196.62118073785678,5.775084192192839,0.012158071983563872,,,,runner CodeCarbon output: results/20260709_casp15_casp16_unique_lt1000_msa-variants/_staging/openfold_nomsa/predictions/T1137s7/openfold_nomsa/carbon/T1137s7_openfold_nomsa_inference_emissions.csv,,,,,,,,,,,
T1137s8,T1137s8,CASP15,8FEF,I,14,266,1,266,266,266,openfold_nomsa,1,results/20260709_casp15_casp16_unique_lt1000_msa-variants/_staging/openfold_nomsa/sequences/T1137s8.fasta,results/20260709_casp15_casp16_unique_lt1000_msa-variants/_staging/openfold_nomsa/predictions/T1137s8/openfold_nomsa,results/20260709_casp15_casp16_unique_lt1000_msa-variants/_staging/openfold_nomsa/predictions/T1137s8/openfold_nomsa/rank_001.pdb,results/20260709_casp15_casp16_unique_lt1000_msa-variants/_staging/openfold_nomsa/predictions/T1137s8/openfold_nomsa/rank_001.pdb,true,0,2026-07-06T10:34:53+02:00,2026-07-06T10:35:34+02:00,41,results/20260709_casp15_casp16_unique_lt1000_msa-variants/_staging/openfold_nomsa/logs/T1137s8_openfold_nomsa.log,bash runners/run_openfold.sh results/20260709_casp15_casp16_unique_lt1000_msa-variants/_staging/openfold_nomsa/sequences/T1137s8.fasta results/20260709_casp15_casp16_unique_lt1000_msa-variants/_staging/openfold_nomsa/predictions/T1137s8/openfold_nomsa 1,,Yes,Yes,prefiltered A1 protein target with mapped residue range,1.000000,1.000000,0.951128,253,266,high,mapped from mmCIF atom_site CA records; 13 aligned positions lack resolved CA atoms,All groups,A1,MceG complex PDB code 8fef,,,,,,,,,,,,,41.22970271483064,1.0444457340515323,0.0021988331243190154,41.22970271483064,1.0444457340515323,0.0021988331243190154,,,,runner CodeCarbon output: results/20260709_casp15_casp16_unique_lt1000_msa-variants/_staging/openfold_nomsa/predictions/T1137s8/openfold_nomsa/carbon/T1137s8_openfold_nomsa_inference_emissions.csv,,,,,,,,,,,
T1137s9,T1137s9,CASP15,8FEF,J,27,289,1,289,289,289,openfold_nomsa,1,results/20260709_casp15_casp16_unique_lt1000_msa-variants/_staging/openfold_nomsa/sequences/T1137s9.fasta,results/20260709_casp15_casp16_unique_lt1000_msa-variants/_staging/openfold_nomsa/predictions/T1137s9/openfold_nomsa,results/20260709_casp15_casp16_unique_lt1000_msa-variants/_staging/openfold_nomsa/predictions/T1137s9/openfold_nomsa/rank_001.pdb,results/20260709_casp15_casp16_unique_lt1000_msa-variants/_staging/openfold_nomsa/predictions/T1137s9/openfold_nomsa/rank_001.pdb,true,0,2026-07-06T10:35:34+02:00,2026-07-06T10:36:20+02:00,46,results/20260709_casp15_casp16_unique_lt1000_msa-variants/_staging/openfold_nomsa/logs/T1137s9_openfold_nomsa.log,bash runners/run_openfold.sh results/20260709_casp15_casp16_unique_lt1000_msa-variants/_staging/openfold_nomsa/sequences/T1137s9.fasta results/20260709_casp15_casp16_unique_lt1000_msa-variants/_staging/openfold_nomsa/predictions/T1137s9/openfold_nomsa 1,,Yes,Yes,prefiltered A1 protein target with mapped residue range,1.000000,1.000000,0.910035,263,289,high,mapped from mmCIF atom_site CA records; 26 aligned positions lack resolved CA atoms,All groups,A1,MceG complex PDB code 8fef,,,,,,,,,,,,,45.5541284061037,1.2999625364568896,0.0027367632346460835,45.5541284061037,1.2999625364568896,0.0027367632346460835,,,,runner CodeCarbon output: results/20260709_casp15_casp16_unique_lt1000_msa-variants/_staging/openfold_nomsa/predictions/T1137s9/openfold_nomsa/carbon/T1137s9_openfold_nomsa_inference_emissions.csv,,,,,,,,,,,
T1145,T1145,CASP15,7UWW,A,34,665,1,635,635,635,openfold_nomsa,1,results/20260709_casp15_casp16_unique_lt1000_msa-variants/_staging/openfold_nomsa/sequences/T1145.fasta,results/20260709_casp15_casp16_unique_lt1000_msa-variants/_staging/openfold_nomsa/predictions/T1145/openfold_nomsa,results/20260709_casp15_casp16_unique_lt1000_msa-variants/_staging/openfold_nomsa/predictions/T1145/openfold_nomsa/rank_001.pdb,results/20260709_casp15_casp16_unique_lt1000_msa-variants/_staging/openfold_nomsa/predictions/T1145/openfold_nomsa/rank_001.pdb,true,0,2026-07-06T10:36:20+02:00,2026-07-06T10:39:20+02:00,180,results/20260709_casp15_casp16_unique_lt1000_msa-variants/_staging/openfold_nomsa/logs/T1145_openfold_nomsa.log,bash runners/run_openfold.sh results/20260709_casp15_casp16_unique_lt1000_msa-variants/_staging/openfold_nomsa/sequences/T1145.fasta results/20260709_casp15_casp16_unique_lt1000_msa-variants/_staging/openfold_nomsa/predictions/T1145/openfold_nomsa 1,,Check,Check,multiple equivalent chains match,1.000000,1.000000,0.995276,632,635,high,mapped from mmCIF atom_site CA records; 3 aligned positions lack resolved CA atoms,All groups,A1,Starch binding protein PDB code 7uww,,,,,,,,,,,,,180.05858668871224,5.296226609827838,0.01114995075753229,180.05858668871224,5.296226609827838,0.01114995075753229,,,,runner CodeCarbon output: results/20260709_casp15_casp16_unique_lt1000_msa-variants/_staging/openfold_nomsa/predictions/T1145/openfold_nomsa/carbon/T1145_openfold_nomsa_inference_emissions.csv,,,,,,,,,,,
T1147,T1147,CASP15,8EM5,A,12,103,1,103,103,103,openfold_nomsa,1,results/20260709_casp15_casp16_unique_lt1000_msa-variants/_staging/openfold_nomsa/sequences/T1147.fasta,results/20260709_casp15_casp16_unique_lt1000_msa-variants/_staging/openfold_nomsa/predictions/T1147/openfold_nomsa,results/20260709_casp15_casp16_unique_lt1000_msa-variants/_staging/openfold_nomsa/predictions/T1147/openfold_nomsa/rank_001.pdb,results/20260709_casp15_casp16_unique_lt1000_msa-variants/_staging/openfold_nomsa/predictions/T1147/openfold_nomsa/rank_001.pdb,true,0,2026-07-06T10:39:20+02:00,2026-07-06T10:39:40+02:00,20,results/20260709_casp15_casp16_unique_lt1000_msa-variants/_staging/openfold_nomsa/logs/T1147_openfold_nomsa.log,bash runners/run_openfold.sh results/20260709_casp15_casp16_unique_lt1000_msa-variants/_staging/openfold_nomsa/sequences/T1147.fasta results/20260709_casp15_casp16_unique_lt1000_msa-variants/_staging/openfold_nomsa/predictions/T1147/openfold_nomsa 1,,Check,Check,multiple equivalent chains match,1.000000,1.000000,0.893204,92,103,high,mapped from mmCIF atom_site CA records; 11 aligned positions lack resolved CA atoms,All groups,A1,"KEK_05752, MmpS5 PDB code 8em5",,,,,,,,,,,,,19.879945331718773,0.370234594440586,0.0007794412514538652,19.879945331718773,0.370234594440586,0.0007794412514538652,,,,runner CodeCarbon output: results/20260709_casp15_casp16_unique_lt1000_msa-variants/_staging/openfold_nomsa/predictions/T1147/openfold_nomsa/carbon/T1147_openfold_nomsa_inference_emissions.csv,,,,,,,,,,,
T1151s2,T1151s2,CASP15,8D5V,A,8,91,1,116,116,116,openfold_nomsa,1,results/20260709_casp15_casp16_unique_lt1000_msa-variants/_staging/openfold_nomsa/sequences/T1151s2.fasta,results/20260709_casp15_casp16_unique_lt1000_msa-variants/_staging/openfold_nomsa/predictions/T1151s2/openfold_nomsa,results/20260709_casp15_casp16_unique_lt1000_msa-variants/_staging/openfold_nomsa/predictions/T1151s2/openfold_nomsa/rank_001.pdb,results/20260709_casp15_casp16_unique_lt1000_msa-variants/_staging/openfold_nomsa/predictions/T1151s2/openfold_nomsa/rank_001.pdb,true,0,2026-07-06T10:39:41+02:00,2026-07-06T10:40:02+02:00,21,results/20260709_casp15_casp16_unique_lt1000_msa-variants/_staging/openfold_nomsa/logs/T1151s2_openfold_nomsa.log,bash runners/run_openfold.sh results/20260709_casp15_casp16_unique_lt1000_msa-variants/_staging/openfold_nomsa/sequences/T1151s2.fasta results/20260709_casp15_casp16_unique_lt1000_msa-variants/_staging/openfold_nomsa/predictions/T1151s2/openfold_nomsa 1,,Check,Check,reference coverage below threshold 0.724; multiple equivalent chains match,1.000000,1.000000,0.724138,84,116,high,mapped from mmCIF atom_site CA records; 32 aligned positions lack resolved CA atoms,All groups,A1,P9WF37 PDB code 8d5v,,,,,,,,,,,,,21.267735996749252,0.40846920510227763,0.000859935168636374,21.267735996749252,0.40846920510227763,0.000859935168636374,,,,runner CodeCarbon output: results/20260709_casp15_casp16_unique_lt1000_msa-variants/_staging/openfold_nomsa/predictions/T1151s2/openfold_nomsa/carbon/T1151s2_openfold_nomsa_inference_emissions.csv,,,,,,,,,,,
T1155,T1155,CASP15,8PBV,A,1,116,1,116,116,116,openfold_nomsa,1,results/20260709_casp15_casp16_unique_lt1000_msa-variants/_staging/openfold_nomsa/sequences/T1155.fasta,results/20260709_casp15_casp16_unique_lt1000_msa-variants/_staging/openfold_nomsa/predictions/T1155/openfold_nomsa,results/20260709_casp15_casp16_unique_lt1000_msa-variants/_staging/openfold_nomsa/predictions/T1155/openfold_nomsa/rank_001.pdb,results/20260709_casp15_casp16_unique_lt1000_msa-variants/_staging/openfold_nomsa/predictions/T1155/openfold_nomsa/rank_001.pdb,true,0,2026-07-06T10:40:02+02:00,2026-07-06T10:40:24+02:00,22,results/20260709_casp15_casp16_unique_lt1000_msa-variants/_staging/openfold_nomsa/logs/T1155_openfold_nomsa.log,bash runners/run_openfold.sh results/20260709_casp15_casp16_unique_lt1000_msa-variants/_staging/openfold_nomsa/sequences/T1155.fasta results/20260709_casp15_casp16_unique_lt1000_msa-variants/_staging/openfold_nomsa/predictions/T1155/openfold_nomsa 1,,Yes,Yes,prefiltered A1 protein target with mapped residue range,1.000000,1.000000,1.000000,116,116,high,mapped from mmCIF atom_site CA records,All groups,A1,Uniprot Q8IN44 PDB code 8pbv,,,,,,,,,,,,,21.387777457013726,0.41104929984866134,0.0008653669470498134,21.387777457013726,0.41104929984866134,0.0008653669470498134,,,,runner CodeCarbon output: results/20260709_casp15_casp16_unique_lt1000_msa-variants/_staging/openfold_nomsa/predictions/T1155/openfold_nomsa/carbon/T1155_openfold_nomsa_inference_emissions.csv,,,,,,,,,,,
T1157s2,T1157s2,CASP15,8PKO,B,21,484,1,495,495,495,openfold_nomsa,1,results/20260709_casp15_casp16_unique_lt1000_msa-variants/_staging/openfold_nomsa/sequences/T1157s2.fasta,results/20260709_casp15_casp16_unique_lt1000_msa-variants/_staging/openfold_nomsa/predictions/T1157s2/openfold_nomsa,results/20260709_casp15_casp16_unique_lt1000_msa-variants/_staging/openfold_nomsa/predictions/T1157s2/openfold_nomsa/rank_001.pdb,results/20260709_casp15_casp16_unique_lt1000_msa-variants/_staging/openfold_nomsa/predictions/T1157s2/openfold_nomsa/rank_001.pdb,true,0,2026-07-06T10:40:24+02:00,2026-07-06T10:42:19+02:00,115,results/20260709_casp15_casp16_unique_lt1000_msa-variants/_staging/openfold_nomsa/logs/T1157s2_openfold_nomsa.log,bash runners/run_openfold.sh results/20260709_casp15_casp16_unique_lt1000_msa-variants/_staging/openfold_nomsa/sequences/T1157s2.fasta results/20260709_casp15_casp16_unique_lt1000_msa-variants/_staging/openfold_nomsa/predictions/T1157s2/openfold_nomsa 1,,Yes,Yes,prefiltered A1 protein target with mapped residue range,1.000000,1.000000,0.937374,464,495,high,mapped from mmCIF atom_site CA records; 31 aligned positions lack resolved CA atoms,All groups,A1,Complex of CtEDEM and CtPDI1P PDB code 8pko,,,,,,,,,,,,,114.715934606269,3.257341829331379,0.006857561745960798,114.715934606269,3.257341829331379,0.006857561745960798,,,,runner CodeCarbon output: results/20260709_casp15_casp16_unique_lt1000_msa-variants/_staging/openfold_nomsa/predictions/T1157s2/openfold_nomsa/carbon/T1157s2_openfold_nomsa_inference_emissions.csv,,,,,,,,,,,
T1159,T1159,CASP15,7PZT,A,1,160,1,160,160,160,openfold_nomsa,1,results/20260709_casp15_casp16_unique_lt1000_msa-variants/_staging/openfold_nomsa/sequences/T1159.fasta,results/20260709_casp15_casp16_unique_lt1000_msa-variants/_staging/openfold_nomsa/predictions/T1159/openfold_nomsa,results/20260709_casp15_casp16_unique_lt1000_msa-variants/_staging/openfold_nomsa/predictions/T1159/openfold_nomsa/rank_001.pdb,results/20260709_casp15_casp16_unique_lt1000_msa-variants/_staging/openfold_nomsa/predictions/T1159/openfold_nomsa/rank_001.pdb,true,0,2026-07-06T10:42:19+02:00,2026-07-06T10:42:44+02:00,25,results/20260709_casp15_casp16_unique_lt1000_msa-variants/_staging/openfold_nomsa/logs/T1159_openfold_nomsa.log,bash runners/run_openfold.sh results/20260709_casp15_casp16_unique_lt1000_msa-variants/_staging/openfold_nomsa/sequences/T1159.fasta results/20260709_casp15_casp16_unique_lt1000_msa-variants/_staging/openfold_nomsa/predictions/T1159/openfold_nomsa 1,,Check,Check,multiple equivalent chains match,1.000000,1.000000,1.000000,160,160,high,mapped from mmCIF atom_site CA records,All groups,A1,TecA tgat PDB code 7pzt,,,,,,,,,,,,,25.53730836790055,0.567086844879508,0.001193867041851596,25.53730836790055,0.567086844879508,0.001193867041851596,,,,runner CodeCarbon output: results/20260709_casp15_casp16_unique_lt1000_msa-variants/_staging/openfold_nomsa/predictions/T1159/openfold_nomsa/carbon/T1159_openfold_nomsa_inference_emissions.csv,,,,,,,,,,,
T1183,T1183,CASP15,8IFX,B,1,195,1,200,200,200,openfold_nomsa,1,results/20260709_casp15_casp16_unique_lt1000_msa-variants/_staging/openfold_nomsa/sequences/T1183.fasta,results/20260709_casp15_casp16_unique_lt1000_msa-variants/_staging/openfold_nomsa/predictions/T1183/openfold_nomsa,results/20260709_casp15_casp16_unique_lt1000_msa-variants/_staging/openfold_nomsa/predictions/T1183/openfold_nomsa/rank_001.pdb,results/20260709_casp15_casp16_unique_lt1000_msa-variants/_staging/openfold_nomsa/predictions/T1183/openfold_nomsa/rank_001.pdb,true,0,2026-07-06T10:42:44+02:00,2026-07-06T10:43:27+02:00,43,results/20260709_casp15_casp16_unique_lt1000_msa-variants/_staging/openfold_nomsa/logs/T1183_openfold_nomsa.log,bash runners/run_openfold.sh results/20260709_casp15_casp16_unique_lt1000_msa-variants/_staging/openfold_nomsa/sequences/T1183.fasta results/20260709_casp15_casp16_unique_lt1000_msa-variants/_staging/openfold_nomsa/predictions/T1183/openfold_nomsa 1,,Yes,Yes,prefiltered A1 protein target with mapped residue range,1.000000,1.000000,0.975000,195,200,high,mapped from mmCIF atom_site CA records; 5 aligned positions lack resolved CA atoms,All groups,A1,TsaB PDB code 8ifx,,,,,,,,,,,,,41.97092686872929,0.9849871772899923,0.002073657215347352,41.97092686872929,0.9849871772899923,0.002073657215347352,,,,runner CodeCarbon output: results/20260709_casp15_casp16_unique_lt1000_msa-variants/_staging/openfold_nomsa/predictions/T1183/openfold_nomsa/carbon/T1183_openfold_nomsa_inference_emissions.csv,,,,,,,,,,,
T1185s1,T1185s1,CASP15,8OUY,A,4,73,1,350,350,350,openfold_nomsa,1,results/20260709_casp15_casp16_unique_lt1000_msa-variants/_staging/openfold_nomsa/sequences/T1185s1.fasta,results/20260709_casp15_casp16_unique_lt1000_msa-variants/_staging/openfold_nomsa/predictions/T1185s1/openfold_nomsa,results/20260709_casp15_casp16_unique_lt1000_msa-variants/_staging/openfold_nomsa/predictions/T1185s1/openfold_nomsa/rank_001.pdb,results/20260709_casp15_casp16_unique_lt1000_msa-variants/_staging/openfold_nomsa/predictions/T1185s1/openfold_nomsa/rank_001.pdb,true,0,2026-07-06T10:43:27+02:00,2026-07-06T10:44:25+02:00,58,results/20260709_casp15_casp16_unique_lt1000_msa-variants/_staging/openfold_nomsa/logs/T1185s1_openfold_nomsa.log,bash runners/run_openfold.sh results/20260709_casp15_casp16_unique_lt1000_msa-variants/_staging/openfold_nomsa/sequences/T1185s1.fasta results/20260709_casp15_casp16_unique_lt1000_msa-variants/_staging/openfold_nomsa/predictions/T1185s1/openfold_nomsa 1,,Check,Check,reference coverage below threshold 0.200,1.000000,1.000000,0.200000,70,350,high,mapped from mmCIF atom_site CA records; 280 aligned positions lack resolved CA atoms,All groups,A1,BCDX2 PDB code 8ouy,,,,,,,,,,,,,58.00755411060527,1.5099721602888967,0.0031788887585029405,58.00755411060527,1.5099721602888967,0.0031788887585029405,,,,runner CodeCarbon output: results/20260709_casp15_casp16_unique_lt1000_msa-variants/_staging/openfold_nomsa/predictions/T1185s1/openfold_nomsa/carbon/T1185s1_openfold_nomsa_inference_emissions.csv,,,,,,,,,,,
T1185s2,T1185s2,CASP15,8OUY,B,10,349,1,376,376,376,openfold_nomsa,1,results/20260709_casp15_casp16_unique_lt1000_msa-variants/_staging/openfold_nomsa/sequences/T1185s2.fasta,results/20260709_casp15_casp16_unique_lt1000_msa-variants/_staging/openfold_nomsa/predictions/T1185s2/openfold_nomsa,results/20260709_casp15_casp16_unique_lt1000_msa-variants/_staging/openfold_nomsa/predictions/T1185s2/openfold_nomsa/rank_001.pdb,results/20260709_casp15_casp16_unique_lt1000_msa-variants/_staging/openfold_nomsa/predictions/T1185s2/openfold_nomsa/rank_001.pdb,true,0,2026-07-06T10:44:25+02:00,2026-07-06T10:45:29+02:00,64,results/20260709_casp15_casp16_unique_lt1000_msa-variants/_staging/openfold_nomsa/logs/T1185s2_openfold_nomsa.log,bash runners/run_openfold.sh results/20260709_casp15_casp16_unique_lt1000_msa-variants/_staging/openfold_nomsa/sequences/T1185s2.fasta results/20260709_casp15_casp16_unique_lt1000_msa-variants/_staging/openfold_nomsa/predictions/T1185s2/openfold_nomsa 1,,Yes,Yes,prefiltered A1 protein target with mapped residue range,1.000000,1.000000,0.832447,313,376,high,mapped from mmCIF atom_site CA records; 63 aligned positions lack resolved CA atoms,All groups,A1,BCDX2 PDB code 8ouy,,,,,,,,,,,,,63.40120519604534,1.7053253745771257,0.0035901586833202645,63.40120519604534,1.7053253745771257,0.0035901586833202645,,,,runner CodeCarbon output: results/20260709_casp15_casp16_unique_lt1000_msa-variants/_staging/openfold_nomsa/predictions/T1185s2/openfold_nomsa/carbon/T1185s2_openfold_nomsa_inference_emissions.csv,,,,,,,,,,,
T1185s4,T1185s4,CASP15,8OUY,D,20,280,1,280,280,280,openfold_nomsa,1,results/20260709_casp15_casp16_unique_lt1000_msa-variants/_staging/openfold_nomsa/sequences/T1185s4.fasta,results/20260709_casp15_casp16_unique_lt1000_msa-variants/_staging/openfold_nomsa/predictions/T1185s4/openfold_nomsa,results/20260709_casp15_casp16_unique_lt1000_msa-variants/_staging/openfold_nomsa/predictions/T1185s4/openfold_nomsa/rank_001.pdb,results/20260709_casp15_casp16_unique_lt1000_msa-variants/_staging/openfold_nomsa/predictions/T1185s4/openfold_nomsa/rank_001.pdb,true,0,2026-07-06T10:45:29+02:00,2026-07-06T10:46:19+02:00,50,results/20260709_casp15_casp16_unique_lt1000_msa-variants/_staging/openfold_nomsa/logs/T1185s4_openfold_nomsa.log,bash runners/run_openfold.sh results/20260709_casp15_casp16_unique_lt1000_msa-variants/_staging/openfold_nomsa/sequences/T1185s4.fasta results/20260709_casp15_casp16_unique_lt1000_msa-variants/_staging/openfold_nomsa/predictions/T1185s4/openfold_nomsa 1,,Yes,Yes,prefiltered A1 protein target with mapped residue range,1.000000,0.996429,0.838710,234,279,high,mapped from mmCIF atom_site CA records; 45 aligned positions lack resolved CA atoms,All groups,A1,BCDX2 PDB code 8ouy,,,,,,,,,,,,,50.329069421160966,1.2713834741565244,0.002676596787697946,50.329069421160966,1.2713834741565244,0.002676596787697946,,,,runner CodeCarbon output: results/20260709_casp15_casp16_unique_lt1000_msa-variants/_staging/openfold_nomsa/predictions/T1185s4/openfold_nomsa/carbon/T1185s4_openfold_nomsa_inference_emissions.csv,,,,,,,,,,,
T1194,T1194,CASP15,8OKH,A,22,185,1,168,168,168,openfold_nomsa,1,results/20260709_casp15_casp16_unique_lt1000_msa-variants/_staging/openfold_nomsa/sequences/T1194.fasta,results/20260709_casp15_casp16_unique_lt1000_msa-variants/_staging/openfold_nomsa/predictions/T1194/openfold_nomsa,results/20260709_casp15_casp16_unique_lt1000_msa-variants/_staging/openfold_nomsa/predictions/T1194/openfold_nomsa/rank_001.pdb,results/20260709_casp15_casp16_unique_lt1000_msa-variants/_staging/openfold_nomsa/predictions/T1194/openfold_nomsa/rank_001.pdb,true,0,2026-07-06T10:46:19+02:00,2026-07-06T10:46:45+02:00,26,results/20260709_casp15_casp16_unique_lt1000_msa-variants/_staging/openfold_nomsa/logs/T1194_openfold_nomsa.log,bash runners/run_openfold.sh results/20260709_casp15_casp16_unique_lt1000_msa-variants/_staging/openfold_nomsa/sequences/T1194.fasta results/20260709_casp15_casp16_unique_lt1000_msa-variants/_staging/openfold_nomsa/predictions/T1194/openfold_nomsa 1,,Check,Check,multiple equivalent chains match,1.000000,0.994048,0.982036,164,167,high,mapped from mmCIF atom_site CA records; 3 aligned positions lack resolved CA atoms,All groups,A1,Bd1399 PDB code 8okh,,,,,,,,,,,,,26.015117916744202,0.5723400131198287,0.0012049263434101658,26.015117916744202,0.5723400131198287,0.0012049263434101658,,,,runner CodeCarbon output: results/20260709_casp15_casp16_unique_lt1000_msa-variants/_staging/openfold_nomsa/predictions/T1194/openfold_nomsa/carbon/T1194_openfold_nomsa_inference_emissions.csv,,,,,,,,,,,
T1212,T1212,CASP16,9B0L,P,53,518,1,466,466,466,openfold_nomsa,1,results/20260709_casp15_casp16_unique_lt1000_msa-variants/_staging/openfold_nomsa/sequences/T1212.fasta,results/20260709_casp15_casp16_unique_lt1000_msa-variants/_staging/openfold_nomsa/predictions/T1212/openfold_nomsa,results/20260709_casp15_casp16_unique_lt1000_msa-variants/_staging/openfold_nomsa/predictions/T1212/openfold_nomsa/rank_001.pdb,results/20260709_casp15_casp16_unique_lt1000_msa-variants/_staging/openfold_nomsa/predictions/T1212/openfold_nomsa/rank_001.pdb,true,0,2026-07-06T10:46:45+02:00,2026-07-06T10:48:25+02:00,100,results/20260709_casp15_casp16_unique_lt1000_msa-variants/_staging/openfold_nomsa/logs/T1212_openfold_nomsa.log,bash runners/run_openfold.sh results/20260709_casp15_casp16_unique_lt1000_msa-variants/_staging/openfold_nomsa/sequences/T1212.fasta results/20260709_casp15_casp16_unique_lt1000_msa-variants/_staging/openfold_nomsa/predictions/T1212/openfold_nomsa 1,,Check,Check,multiple equivalent chains match,1.000000,1.000000,1.000000,466,466,high,mapped from mmCIF atom_site CA records,Prot,A1,Fanzor2 ternary structure PDB code 9b0l protein subunit of M1212,,,,,,,,,,,,,99.55927811609581,2.8811000589133045,0.006065473808238536,99.55927811609581,2.8811000589133045,0.006065473808238536,,,,runner CodeCarbon output: results/20260709_casp15_casp16_unique_lt1000_msa-variants/_staging/openfold_nomsa/predictions/T1212/openfold_nomsa/carbon/T1212_openfold_nomsa_inference_emissions.csv,,,,,,,,,,,
T1227s1,T1227s1,CASP16,9N8W,A,27,418,1,427,427,427,openfold_nomsa,1,results/20260709_casp15_casp16_unique_lt1000_msa-variants/_staging/openfold_nomsa/sequences/T1227s1.fasta,results/20260709_casp15_casp16_unique_lt1000_msa-variants/_staging/openfold_nomsa/predictions/T1227s1/openfold_nomsa,results/20260709_casp15_casp16_unique_lt1000_msa-variants/_staging/openfold_nomsa/predictions/T1227s1/openfold_nomsa/rank_001.pdb,results/20260709_casp15_casp16_unique_lt1000_msa-variants/_staging/openfold_nomsa/predictions/T1227s1/openfold_nomsa/rank_001.pdb,true,0,2026-07-06T10:48:25+02:00,2026-07-06T10:49:50+02:00,85,results/20260709_casp15_casp16_unique_lt1000_msa-variants/_staging/openfold_nomsa/logs/T1227s1_openfold_nomsa.log,bash runners/run_openfold.sh results/20260709_casp15_casp16_unique_lt1000_msa-variants/_staging/openfold_nomsa/sequences/T1227s1.fasta results/20260709_casp15_casp16_unique_lt1000_msa-variants/_staging/openfold_nomsa/predictions/T1227s1/openfold_nomsa 1,,Yes,Yes,prefiltered A1 protein target with mapped residue range,1.000000,1.000000,0.918033,392,427,high,mapped from mmCIF atom_site CA records; 35 aligned positions lack resolved CA atoms,Prot,A1,LetA (P0AD03) and LetB (P76272) PDB code 9n8w,,,,,,,,,,,,,84.91664812294766,2.298309162289981,0.004838545604821013,84.91664812294766,2.298309162289981,0.004838545604821013,,,,runner CodeCarbon output: results/20260709_casp15_casp16_unique_lt1000_msa-variants/_staging/openfold_nomsa/predictions/T1227s1/openfold_nomsa/carbon/T1227s1_openfold_nomsa_inference_emissions.csv,,,,,,,,,,,
T1266,T1266,CASP16,8QFB,A,563,860,1,336,336,336,openfold_nomsa,1,results/20260709_casp15_casp16_unique_lt1000_msa-variants/_staging/openfold_nomsa/sequences/T1266.fasta,results/20260709_casp15_casp16_unique_lt1000_msa-variants/_staging/openfold_nomsa/predictions/T1266/openfold_nomsa,results/20260709_casp15_casp16_unique_lt1000_msa-variants/_staging/openfold_nomsa/predictions/T1266/openfold_nomsa/rank_001.pdb,results/20260709_casp15_casp16_unique_lt1000_msa-variants/_staging/openfold_nomsa/predictions/T1266/openfold_nomsa/rank_001.pdb,true,0,2026-07-06T10:49:50+02:00,2026-07-06T10:50:45+02:00,55,results/20260709_casp15_casp16_unique_lt1000_msa-variants/_staging/openfold_nomsa/logs/T1266_openfold_nomsa.log,bash runners/run_openfold.sh results/20260709_casp15_casp16_unique_lt1000_msa-variants/_staging/openfold_nomsa/sequences/T1266.fasta results/20260709_casp15_casp16_unique_lt1000_msa-variants/_staging/openfold_nomsa/predictions/T1266/openfold_nomsa 1,,Check,Check,multiple equivalent chains match,1.000000,1.000000,0.886905,298,336,high,mapped from mmCIF atom_site CA records; 38 aligned positions lack resolved CA atoms,Prot,A1,Q99549 PDB code 8qfb,,,,,,,,,,,,,54.08352816198021,1.5750675596250447,0.0033159317044737786,54.08352816198021,1.5750675596250447,0.0033159317044737786,,,,runner CodeCarbon output: results/20260709_casp15_casp16_unique_lt1000_msa-variants/_staging/openfold_nomsa/predictions/T1266/openfold_nomsa/carbon/T1266_openfold_nomsa_inference_emissions.csv,,,,,,,,,,,
T1272s2,T1272s2,CASP16,9C3C,a,25,350,1,363,363,363,openfold_nomsa,1,results/20260709_casp15_casp16_unique_lt1000_msa-variants/_staging/openfold_nomsa/sequences/T1272s2.fasta,results/20260709_casp15_casp16_unique_lt1000_msa-variants/_staging/openfold_nomsa/predictions/T1272s2/openfold_nomsa,results/20260709_casp15_casp16_unique_lt1000_msa-variants/_staging/openfold_nomsa/predictions/T1272s2/openfold_nomsa/rank_001.pdb,results/20260709_casp15_casp16_unique_lt1000_msa-variants/_staging/openfold_nomsa/predictions/T1272s2/openfold_nomsa/rank_001.pdb,true,0,2026-07-06T10:50:45+02:00,2026-07-06T10:51:46+02:00,61,results/20260709_casp15_casp16_unique_lt1000_msa-variants/_staging/openfold_nomsa/logs/T1272s2_openfold_nomsa.log,bash runners/run_openfold.sh results/20260709_casp15_casp16_unique_lt1000_msa-variants/_staging/openfold_nomsa/sequences/T1272s2.fasta results/20260709_casp15_casp16_unique_lt1000_msa-variants/_staging/openfold_nomsa/predictions/T1272s2/openfold_nomsa 1,,Check,Check,multiple equivalent chains match,1.000000,0.898072,0.972393,317,326,medium,mapped from mmCIF atom_site CA records; 9 aligned positions lack resolved CA atoms,Prot,A1,dystrophin-glycoprotein complex (DGC) PDB code 9c3c,,,,,,,,,,,,,61.24647776829079,1.6301436168946795,0.003431881298725641,61.24647776829079,1.6301436168946795,0.003431881298725641,,,,runner CodeCarbon output: results/20260709_casp15_casp16_unique_lt1000_msa-variants/_staging/openfold_nomsa/predictions/T1272s2/openfold_nomsa/carbon/T1272s2_openfold_nomsa_inference_emissions.csv,,,,,,,,,,,
T1272s3,T1272s3,CASP16,9C3C,b,57,318,1,318,318,318,openfold_nomsa,1,results/20260709_casp15_casp16_unique_lt1000_msa-variants/_staging/openfold_nomsa/sequences/T1272s3.fasta,results/20260709_casp15_casp16_unique_lt1000_msa-variants/_staging/openfold_nomsa/predictions/T1272s3/openfold_nomsa,results/20260709_casp15_casp16_unique_lt1000_msa-variants/_staging/openfold_nomsa/predictions/T1272s3/openfold_nomsa/rank_001.pdb,results/20260709_casp15_casp16_unique_lt1000_msa-variants/_staging/openfold_nomsa/predictions/T1272s3/openfold_nomsa/rank_001.pdb,true,0,2026-07-06T10:51:46+02:00,2026-07-06T10:52:37+02:00,51,results/20260709_casp15_casp16_unique_lt1000_msa-variants/_staging/openfold_nomsa/logs/T1272s3_openfold_nomsa.log,bash runners/run_openfold.sh results/20260709_casp15_casp16_unique_lt1000_msa-variants/_staging/openfold_nomsa/sequences/T1272s3.fasta results/20260709_casp15_casp16_unique_lt1000_msa-variants/_staging/openfold_nomsa/predictions/T1272s3/openfold_nomsa 1,,Check,Check,multiple equivalent chains match,1.000000,1.000000,0.823899,262,318,high,mapped from mmCIF atom_site CA records; 56 aligned positions lack resolved CA atoms,Prot,A1,dystrophin-glycoprotein complex (DGC) PDB code 9c3c,,,,,,,,,,,,,50.50925991917029,1.3257761246875488,0.0027911076309211553,50.50925991917029,1.3257761246875488,0.0027911076309211553,,,,runner CodeCarbon output: results/20260709_casp15_casp16_unique_lt1000_msa-variants/_staging/openfold_nomsa/predictions/T1272s3/openfold_nomsa/carbon/T1272s3_openfold_nomsa_inference_emissions.csv,,,,,,,,,,,
T1272s4,T1272s4,CASP16,9C3C,d,21,289,1,289,289,289,openfold_nomsa,1,results/20260709_casp15_casp16_unique_lt1000_msa-variants/_staging/openfold_nomsa/sequences/T1272s4.fasta,results/20260709_casp15_casp16_unique_lt1000_msa-variants/_staging/openfold_nomsa/predictions/T1272s4/openfold_nomsa,results/20260709_casp15_casp16_unique_lt1000_msa-variants/_staging/openfold_nomsa/predictions/T1272s4/openfold_nomsa/rank_001.pdb,results/20260709_casp15_casp16_unique_lt1000_msa-variants/_staging/openfold_nomsa/predictions/T1272s4/openfold_nomsa/rank_001.pdb,true,0,2026-07-06T10:52:37+02:00,2026-07-06T10:53:23+02:00,46,results/20260709_casp15_casp16_unique_lt1000_msa-variants/_staging/openfold_nomsa/logs/T1272s4_openfold_nomsa.log,bash runners/run_openfold.sh results/20260709_casp15_casp16_unique_lt1000_msa-variants/_staging/openfold_nomsa/sequences/T1272s4.fasta results/20260709_casp15_casp16_unique_lt1000_msa-variants/_staging/openfold_nomsa/predictions/T1272s4/openfold_nomsa 1,,Check,Check,multiple equivalent chains match,1.000000,1.000000,0.930796,269,289,high,mapped from mmCIF atom_site CA records; 20 aligned positions lack resolved CA atoms,Prot,A1,dystrophin-glycoprotein complex (DGC) PDB code 9c3c,,,,,,,,,,,,,46.08426191471517,1.2894122208313512,0.0027145520438554764,46.08426191471517,1.2894122208313512,0.0027145520438554764,,,,runner CodeCarbon output: results/20260709_casp15_casp16_unique_lt1000_msa-variants/_staging/openfold_nomsa/predictions/T1272s4/openfold_nomsa/carbon/T1272s4_openfold_nomsa_inference_emissions.csv,,,,,,,,,,,
T1272s5,T1272s5,CASP16,9C3C,g,28,291,1,291,291,291,openfold_nomsa,1,results/20260709_casp15_casp16_unique_lt1000_msa-variants/_staging/openfold_nomsa/sequences/T1272s5.fasta,results/20260709_casp15_casp16_unique_lt1000_msa-variants/_staging/openfold_nomsa/predictions/T1272s5/openfold_nomsa,results/20260709_casp15_casp16_unique_lt1000_msa-variants/_staging/openfold_nomsa/predictions/T1272s5/openfold_nomsa/rank_001.pdb,results/20260709_casp15_casp16_unique_lt1000_msa-variants/_staging/openfold_nomsa/predictions/T1272s5/openfold_nomsa/rank_001.pdb,true,0,2026-07-06T10:53:23+02:00,2026-07-06T10:54:10+02:00,47,results/20260709_casp15_casp16_unique_lt1000_msa-variants/_staging/openfold_nomsa/logs/T1272s5_openfold_nomsa.log,bash runners/run_openfold.sh results/20260709_casp15_casp16_unique_lt1000_msa-variants/_staging/openfold_nomsa/sequences/T1272s5.fasta results/20260709_casp15_casp16_unique_lt1000_msa-variants/_staging/openfold_nomsa/predictions/T1272s5/openfold_nomsa 1,,Check,Check,multiple equivalent chains match,1.000000,1.000000,0.907216,264,291,high,mapped from mmCIF atom_site CA records; 27 aligned positions lack resolved CA atoms,Prot,A1,dystrophin-glycoprotein complex (DGC) PDB code 9c3c,,,,,,,,,,,,,46.18055222323164,1.1666750335473453,0.0024561579653628323,46.18055222323164,1.1666750335473453,0.0024561579653628323,,,,runner CodeCarbon output: results/20260709_casp15_casp16_unique_lt1000_msa-variants/_staging/openfold_nomsa/predictions/T1272s5/openfold_nomsa/carbon/T1272s5_openfold_nomsa_inference_emissions.csv,,,,,,,,,,,
T1272s6,T1272s6,CASP16,9C3C,A,63,653,1,624,624,624,openfold_nomsa,1,results/20260709_casp15_casp16_unique_lt1000_msa-variants/_staging/openfold_nomsa/sequences/T1272s6.fasta,results/20260709_casp15_casp16_unique_lt1000_msa-variants/_staging/openfold_nomsa/predictions/T1272s6/openfold_nomsa,results/20260709_casp15_casp16_unique_lt1000_msa-variants/_staging/openfold_nomsa/predictions/T1272s6/openfold_nomsa/rank_001.pdb,results/20260709_casp15_casp16_unique_lt1000_msa-variants/_staging/openfold_nomsa/predictions/T1272s6/openfold_nomsa/rank_001.pdb,true,0,2026-07-06T10:54:10+02:00,2026-07-06T10:57:03+02:00,173,results/20260709_casp15_casp16_unique_lt1000_msa-variants/_staging/openfold_nomsa/logs/T1272s6_openfold_nomsa.log,bash runners/run_openfold.sh results/20260709_casp15_casp16_unique_lt1000_msa-variants/_staging/openfold_nomsa/sequences/T1272s6.fasta results/20260709_casp15_casp16_unique_lt1000_msa-variants/_staging/openfold_nomsa/predictions/T1272s6/openfold_nomsa 1,,Check,Check,reference coverage below threshold 0.641,1.000000,1.000000,0.641026,400,624,high,mapped from mmCIF atom_site CA records; 224 aligned positions lack resolved CA atoms,Prot,A1,dystrophin-glycoprotein complex (DGC) PDB code 9c3c,,,,,,,,,,,,,172.67406458687037,5.056975109479508,0.010646263388377911,172.67406458687037,5.056975109479508,0.010646263388377911,,,,runner CodeCarbon output: results/20260709_casp15_casp16_unique_lt1000_msa-variants/_staging/openfold_nomsa/predictions/T1272s6/openfold_nomsa/carbon/T1272s6_openfold_nomsa_inference_emissions.csv,,,,,,,,,,,
T1272s7,T1272s7,CASP16,9C3C,B,654,798,1,242,242,242,openfold_nomsa,1,results/20260709_casp15_casp16_unique_lt1000_msa-variants/_staging/openfold_nomsa/sequences/T1272s7.fasta,results/20260709_casp15_casp16_unique_lt1000_msa-variants/_staging/openfold_nomsa/predictions/T1272s7/openfold_nomsa,results/20260709_casp15_casp16_unique_lt1000_msa-variants/_staging/openfold_nomsa/predictions/T1272s7/openfold_nomsa/rank_001.pdb,results/20260709_casp15_casp16_unique_lt1000_msa-variants/_staging/openfold_nomsa/predictions/T1272s7/openfold_nomsa/rank_001.pdb,true,0,2026-07-06T10:57:03+02:00,2026-07-06T10:57:40+02:00,37,results/20260709_casp15_casp16_unique_lt1000_msa-variants/_staging/openfold_nomsa/logs/T1272s7_openfold_nomsa.log,bash runners/run_openfold.sh results/20260709_casp15_casp16_unique_lt1000_msa-variants/_staging/openfold_nomsa/sequences/T1272s7.fasta results/20260709_casp15_casp16_unique_lt1000_msa-variants/_staging/openfold_nomsa/predictions/T1272s7/openfold_nomsa 1,,No,No,chain mapping below threshold identity=1.000 coverage=0.599,1.000000,0.599174,1.000000,145,145,low,mapped from mmCIF atom_site CA records,Prot,A1,dystrophin-glycoprotein complex (DGC) PDB code 9c3c,,,,,,,,,,,,,37.08626005426049,0.9942643390786187,0.002093188082270776,37.08626005426049,0.9942643390786187,0.002093188082270776,,,,runner CodeCarbon output: results/20260709_casp15_casp16_unique_lt1000_msa-variants/_staging/openfold_nomsa/predictions/T1272s7/openfold_nomsa/carbon/T1272s7_openfold_nomsa_inference_emissions.csv,,,,,,,,,,,
T1272s9,T1272s9,CASP16,9C3C,n,42,216,1,238,238,238,openfold_nomsa,1,results/20260709_casp15_casp16_unique_lt1000_msa-variants/_staging/openfold_nomsa/sequences/T1272s9.fasta,results/20260709_casp15_casp16_unique_lt1000_msa-variants/_staging/openfold_nomsa/predictions/T1272s9/openfold_nomsa,results/20260709_casp15_casp16_unique_lt1000_msa-variants/_staging/openfold_nomsa/predictions/T1272s9/openfold_nomsa/rank_001.pdb,results/20260709_casp15_casp16_unique_lt1000_msa-variants/_staging/openfold_nomsa/predictions/T1272s9/openfold_nomsa/rank_001.pdb,true,0,2026-07-06T10:57:40+02:00,2026-07-06T10:58:19+02:00,39,results/20260709_casp15_casp16_unique_lt1000_msa-variants/_staging/openfold_nomsa/logs/T1272s9_openfold_nomsa.log,bash runners/run_openfold.sh results/20260709_casp15_casp16_unique_lt1000_msa-variants/_staging/openfold_nomsa/sequences/T1272s9.fasta results/20260709_casp15_casp16_unique_lt1000_msa-variants/_staging/openfold_nomsa/predictions/T1272s9/openfold_nomsa 1,,Check,Check,reference coverage below threshold 0.735; multiple equivalent chains match,1.000000,1.000000,0.735294,175,238,high,mapped from mmCIF atom_site CA records; 63 aligned positions lack resolved CA atoms,Prot,A1,dystrophin-glycoprotein complex (DGC) PDB code 9c3c,,,,,,,,,,,,,38.59019866678864,0.9572617779325103,0.002015287953542127,38.59019866678864,0.9572617779325103,0.002015287953542127,,,,runner CodeCarbon output: results/20260709_casp15_casp16_unique_lt1000_msa-variants/_staging/openfold_nomsa/predictions/T1272s9/openfold_nomsa/carbon/T1272s9_openfold_nomsa_inference_emissions.csv,,,,,,,,,,,
T1280,T1280,CASP16,9F5M,AAA,615,848,1,237,237,237,openfold_nomsa,1,results/20260709_casp15_casp16_unique_lt1000_msa-variants/_staging/openfold_nomsa/sequences/T1280.fasta,results/20260709_casp15_casp16_unique_lt1000_msa-variants/_staging/openfold_nomsa/predictions/T1280/openfold_nomsa,results/20260709_casp15_casp16_unique_lt1000_msa-variants/_staging/openfold_nomsa/predictions/T1280/openfold_nomsa/rank_001.pdb,results/20260709_casp15_casp16_unique_lt1000_msa-variants/_staging/openfold_nomsa/predictions/T1280/openfold_nomsa/rank_001.pdb,true,0,2026-07-06T10:58:19+02:00,2026-07-06T10:58:55+02:00,36,results/20260709_casp15_casp16_unique_lt1000_msa-variants/_staging/openfold_nomsa/logs/T1280_openfold_nomsa.log,bash runners/run_openfold.sh results/20260709_casp15_casp16_unique_lt1000_msa-variants/_staging/openfold_nomsa/sequences/T1280.fasta results/20260709_casp15_casp16_unique_lt1000_msa-variants/_staging/openfold_nomsa/predictions/T1280/openfold_nomsa 1,,Check,Check,multiple equivalent chains match,1.000000,0.991561,0.995745,234,235,high,mapped from mmCIF atom_site CA records; 1 aligned positions lack resolved CA atoms,Prot,A1,C-terminal domain of bacteriophage K gp155 PDB code 9f5m,,,,,,,,,,,,,35.36218401230872,0.8748780861479887,0.0018418486024168183,35.36218401230872,0.8748780861479887,0.0018418486024168183,,,,runner CodeCarbon output: results/20260709_casp15_casp16_unique_lt1000_msa-variants/_staging/openfold_nomsa/predictions/T1280/openfold_nomsa/carbon/T1280_openfold_nomsa_inference_emissions.csv,,,,,,,,,,,
T1299,T1299,CASP16,9FJL,A,1,168,1,168,168,168,openfold_nomsa,1,results/20260709_casp15_casp16_unique_lt1000_msa-variants/_staging/openfold_nomsa/sequences/T1299.fasta,results/20260709_casp15_casp16_unique_lt1000_msa-variants/_staging/openfold_nomsa/predictions/T1299/openfold_nomsa,results/20260709_casp15_casp16_unique_lt1000_msa-variants/_staging/openfold_nomsa/predictions/T1299/openfold_nomsa/rank_001.pdb,results/20260709_casp15_casp16_unique_lt1000_msa-variants/_staging/openfold_nomsa/predictions/T1299/openfold_nomsa/rank_001.pdb,true,0,2026-07-06T10:58:55+02:00,2026-07-06T10:59:22+02:00,27,results/20260709_casp15_casp16_unique_lt1000_msa-variants/_staging/openfold_nomsa/logs/T1299_openfold_nomsa.log,bash runners/run_openfold.sh results/20260709_casp15_casp16_unique_lt1000_msa-variants/_staging/openfold_nomsa/sequences/T1299.fasta results/20260709_casp15_casp16_unique_lt1000_msa-variants/_staging/openfold_nomsa/predictions/T1299/openfold_nomsa 1,,Yes,Yes,prefiltered A1 protein target with mapped residue range,1.000000,1.000000,1.000000,168,168,high,mapped from mmCIF atom_site CA records,Prot,A1,9FJL PDB code 9fjl,,,,,,,,,,,,,26.912729145027697,0.5901401292509532,0.0012424002721072697,26.912729145027697,0.5901401292509532,0.0012424002721072697,,,,runner CodeCarbon output: results/20260709_casp15_casp16_unique_lt1000_msa-variants/_staging/openfold_nomsa/predictions/T1299/openfold_nomsa/carbon/T1299_openfold_nomsa_inference_emissions.csv,,,,,,,,,,,
T1104,T1104,CASP15,7ROA,A,58,189,1,117,117,117,chai1_msa,1,results/20260709_casp15_casp16_unique_lt1000_msa-variants/_staging/chai1_msa/sequences/T1104.fasta,results/20260709_casp15_casp16_unique_lt1000_msa-variants/_staging/chai1_msa/predictions/T1104/chai1_msa,results/20260709_casp15_casp16_unique_lt1000_msa-variants/_staging/chai1_msa/predictions/T1104/chai1_msa/rank_001.pdb,results/20260709_casp15_casp16_unique_lt1000_msa-variants/_staging/chai1_msa/predictions/T1104/chai1_msa/rank_001.pdb,true,0,2026-07-06T11:43:51+02:00,2026-07-06T11:45:21+02:00,90,results/20260709_casp15_casp16_unique_lt1000_msa-variants/_staging/chai1_msa/logs/T1104_chai1_msa.log,SHARED_MSA_A3M_FILE=results/20260709_casp15_casp16_unique_lt1000_msa-variants/_staging/chai1_msa/predictions/T1104/colabfold/T1104_qc_Yes_CASP15_7ROA_A_residue_58-189_seq_1-117_coverage_0.871212.a3m SHARED_MSA_DIR=results/20260709_casp15_casp16_unique_lt1000_msa-variants/_staging/chai1_msa/predictions/T1104/colabfold SHARED_MSA_METADATA_FILE=results/20260709_casp15_casp16_unique_lt1000_msa-variants/_staging/chai1_msa/metadata/prediction_manifest.csv bash runners/run_chai1_shared_msa.sh results/20260709_casp15_casp16_unique_lt1000_msa-variants/_staging/chai1_msa/sequences/T1104.fasta results/20260709_casp15_casp16_unique_lt1000_msa-variants/_staging/chai1_msa/predictions/T1104/chai1_msa 1,,Yes,Yes,prefiltered A1 protein target with mapped residue range,1.000000,1.000000,0.871212,115,132,high,mapped from mmCIF atom_site CA records; 17 aligned positions lack resolved CA atoms,All groups,A1,EntV136 PDB code 7roa,true,colabfold_mmseqs2,shared_precomputed_msa,,,,,,,false,false,true,89.66462209494784,1.746677239974835,0.003677215242052284,89.66462209494784,1.746677239974835,0.003677215242052284,,results/20260709_casp15_casp16_unique_lt1000_msa-variants/_staging/chai1_msa/predictions/T1104/colabfold/T1104_qc_Yes_CASP15_7ROA_A_residue_58-189_seq_1-117_coverage_0.871212.a3m,results/20260709_casp15_casp16_unique_lt1000_msa-variants/_staging/chai1_msa/predictions/T1104/colabfold,runner CodeCarbon output: results/20260709_casp15_casp16_unique_lt1000_msa-variants/_staging/chai1_msa/predictions/T1104/chai1_msa/carbon/T1104_chai1_msa_inference_emissions.csv,,,,,,,,,,,
T1106s1,T1106s1,CASP15,7QIH,B,50,120,1,122,122,122,chai1_msa,1,results/20260709_casp15_casp16_unique_lt1000_msa-variants/_staging/chai1_msa/sequences/T1106s1.fasta,results/20260709_casp15_casp16_unique_lt1000_msa-variants/_staging/chai1_msa/predictions/T1106s1/chai1_msa,results/20260709_casp15_casp16_unique_lt1000_msa-variants/_staging/chai1_msa/predictions/T1106s1/chai1_msa/rank_001.pdb,results/20260709_casp15_casp16_unique_lt1000_msa-variants/_staging/chai1_msa/predictions/T1106s1/chai1_msa/rank_001.pdb,true,0,2026-07-06T11:45:21+02:00,2026-07-06T11:46:50+02:00,89,results/20260709_casp15_casp16_unique_lt1000_msa-variants/_staging/chai1_msa/logs/T1106s1_chai1_msa.log,SHARED_MSA_A3M_FILE=results/20260709_casp15_casp16_unique_lt1000_msa-variants/_staging/chai1_msa/predictions/T1106s1/colabfold/T1106s1_qc_No_CASP15_7QIH_B_residue_50-120_seq_1-122_coverage_0.946667.a3m SHARED_MSA_DIR=results/20260709_casp15_casp16_unique_lt1000_msa-variants/_staging/chai1_msa/predictions/T1106s1/colabfold SHARED_MSA_METADATA_FILE=results/20260709_casp15_casp16_unique_lt1000_msa-variants/_staging/chai1_msa/metadata/prediction_manifest.csv bash runners/run_chai1_shared_msa.sh results/20260709_casp15_casp16_unique_lt1000_msa-variants/_staging/chai1_msa/sequences/T1106s1.fasta results/20260709_casp15_casp16_unique_lt1000_msa-variants/_staging/chai1_msa/predictions/T1106s1/chai1_msa 1,,No,No,chain mapping below threshold identity=1.000 coverage=0.615; multiple equivalent chains match,1.000000,0.614754,0.946667,71,75,low,mapped from mmCIF atom_site CA records; 4 aligned positions lack resolved CA atoms,All groups,A1,YscY-YscX PDB code 7qih,true,colabfold_mmseqs2,shared_precomputed_msa,,,,,,,false,false,true,89.08815715415403,1.7183190683687517,0.0036175138281447404,89.08815715415403,1.7183190683687517,0.0036175138281447404,,results/20260709_casp15_casp16_unique_lt1000_msa-variants/_staging/chai1_msa/predictions/T1106s1/colabfold/T1106s1_qc_No_CASP15_7QIH_B_residue_50-120_seq_1-122_coverage_0.946667.a3m,results/20260709_casp15_casp16_unique_lt1000_msa-variants/_staging/chai1_msa/predictions/T1106s1/colabfold,runner CodeCarbon output: results/20260709_casp15_casp16_unique_lt1000_msa-variants/_staging/chai1_msa/predictions/T1106s1/chai1_msa/carbon/T1106s1_chai1_msa_inference_emissions.csv,,,,,,,,,,,
T1106s2,T1106s2,CASP15,7QIH,A,2,112,1,114,114,114,chai1_msa,1,results/20260709_casp15_casp16_unique_lt1000_msa-variants/_staging/chai1_msa/sequences/T1106s2.fasta,results/20260709_casp15_casp16_unique_lt1000_msa-variants/_staging/chai1_msa/predictions/T1106s2/chai1_msa,results/20260709_casp15_casp16_unique_lt1000_msa-variants/_staging/chai1_msa/predictions/T1106s2/chai1_msa/rank_001.pdb,results/20260709_casp15_casp16_unique_lt1000_msa-variants/_staging/chai1_msa/predictions/T1106s2/chai1_msa/rank_001.pdb,true,0,2026-07-06T11:46:50+02:00,2026-07-06T11:48:19+02:00,89,results/20260709_casp15_casp16_unique_lt1000_msa-variants/_staging/chai1_msa/logs/T1106s2_chai1_msa.log,SHARED_MSA_A3M_FILE=results/20260709_casp15_casp16_unique_lt1000_msa-variants/_staging/chai1_msa/predictions/T1106s2/colabfold/T1106s2_qc_Check_CASP15_7QIH_A_residue_2-112_seq_1-114_coverage_0.909836.a3m SHARED_MSA_DIR=results/20260709_casp15_casp16_unique_lt1000_msa-variants/_staging/chai1_msa/predictions/T1106s2/colabfold SHARED_MSA_METADATA_FILE=results/20260709_casp15_casp16_unique_lt1000_msa-variants/_staging/chai1_msa/metadata/prediction_manifest.csv bash runners/run_chai1_shared_msa.sh results/20260709_casp15_casp16_unique_lt1000_msa-variants/_staging/chai1_msa/sequences/T1106s2.fasta results/20260709_casp15_casp16_unique_lt1000_msa-variants/_staging/chai1_msa/predictions/T1106s2/chai1_msa 1,,Check,Check,multiple equivalent chains match,1.000000,1.000000,0.909836,111,122,high,mapped from mmCIF atom_site CA records; 11 aligned positions lack resolved CA atoms,All groups,A1,YscY-YscX PDB code 7qih,true,colabfold_mmseqs2,shared_precomputed_msa,,,,,,,false,false,true,88.62482417514548,1.7218924679149665,0.0036250367745578244,88.62482417514548,1.7218924679149665,0.0036250367745578244,,results/20260709_casp15_casp16_unique_lt1000_msa-variants/_staging/chai1_msa/predictions/T1106s2/colabfold/T1106s2_qc_Check_CASP15_7QIH_A_residue_2-112_seq_1-114_coverage_0.909836.a3m,results/20260709_casp15_casp16_unique_lt1000_msa-variants/_staging/chai1_msa/predictions/T1106s2/colabfold,runner CodeCarbon output: results/20260709_casp15_casp16_unique_lt1000_msa-variants/_staging/chai1_msa/predictions/T1106s2/chai1_msa/carbon/T1106s2_chai1_msa_inference_emissions.csv,,,,,,,,,,,
T1112,T1112,CASP15,8ORK,AAA,2,460,1,460,460,460,chai1_msa,1,results/20260709_casp15_casp16_unique_lt1000_msa-variants/_staging/chai1_msa/sequences/T1112.fasta,results/20260709_casp15_casp16_unique_lt1000_msa-variants/_staging/chai1_msa/predictions/T1112/chai1_msa,results/20260709_casp15_casp16_unique_lt1000_msa-variants/_staging/chai1_msa/predictions/T1112/chai1_msa/rank_001.pdb,results/20260709_casp15_casp16_unique_lt1000_msa-variants/_staging/chai1_msa/predictions/T1112/chai1_msa/rank_001.pdb,true,0,2026-07-06T11:48:19+02:00,2026-07-06T11:50:57+02:00,158,results/20260709_casp15_casp16_unique_lt1000_msa-variants/_staging/chai1_msa/logs/T1112_chai1_msa.log,SHARED_MSA_A3M_FILE=results/20260709_casp15_casp16_unique_lt1000_msa-variants/_staging/chai1_msa/predictions/T1112/colabfold/T1112_qc_Check_CASP15_8ORK_AAA_residue_2-460_seq_1-460_coverage_0.973913.a3m SHARED_MSA_DIR=results/20260709_casp15_casp16_unique_lt1000_msa-variants/_staging/chai1_msa/predictions/T1112/colabfold SHARED_MSA_METADATA_FILE=results/20260709_casp15_casp16_unique_lt1000_msa-variants/_staging/chai1_msa/metadata/prediction_manifest.csv bash runners/run_chai1_shared_msa.sh results/20260709_casp15_casp16_unique_lt1000_msa-variants/_staging/chai1_msa/sequences/T1112.fasta results/20260709_casp15_casp16_unique_lt1000_msa-variants/_staging/chai1_msa/predictions/T1112/chai1_msa 1,,Check,Check,multiple equivalent chains match,1.000000,1.000000,0.973913,448,460,high,mapped from mmCIF atom_site CA records; 12 aligned positions lack resolved CA atoms,All groups,A1,O93732.1 PDB code 8ork,true,colabfold_mmseqs2,shared_precomputed_msa,,,,,,,false,false,true,157.72950409399346,3.7855668297561547,0.00796961437843401,157.72950409399346,3.7855668297561547,0.00796961437843401,,results/20260709_casp15_casp16_unique_lt1000_msa-variants/_staging/chai1_msa/predictions/T1112/colabfold/T1112_qc_Check_CASP15_8ORK_AAA_residue_2-460_seq_1-460_coverage_0.973913.a3m,results/20260709_casp15_casp16_unique_lt1000_msa-variants/_staging/chai1_msa/predictions/T1112/colabfold,runner CodeCarbon output: results/20260709_casp15_casp16_unique_lt1000_msa-variants/_staging/chai1_msa/predictions/T1112/chai1_msa/carbon/T1112_chai1_msa_inference_emissions.csv,,,,,,,,,,,
T1114s1,T1114s1,CASP15,7UTD,Q,20,78,1,189,189,189,chai1_msa,1,results/20260709_casp15_casp16_unique_lt1000_msa-variants/_staging/chai1_msa/sequences/T1114s1.fasta,results/20260709_casp15_casp16_unique_lt1000_msa-variants/_staging/chai1_msa/predictions/T1114s1/chai1_msa,results/20260709_casp15_casp16_unique_lt1000_msa-variants/_staging/chai1_msa/predictions/T1114s1/chai1_msa/rank_001.pdb,results/20260709_casp15_casp16_unique_lt1000_msa-variants/_staging/chai1_msa/predictions/T1114s1/chai1_msa/rank_001.pdb,true,0,2026-07-06T11:50:57+02:00,2026-07-06T11:52:25+02:00,88,results/20260709_casp15_casp16_unique_lt1000_msa-variants/_staging/chai1_msa/logs/T1114s1_chai1_msa.log,SHARED_MSA_A3M_FILE=results/20260709_casp15_casp16_unique_lt1000_msa-variants/_staging/chai1_msa/predictions/T1114s1/colabfold/T1114s1_qc_No_CASP15_7UTD_Q_residue_20-78_seq_1-189_coverage_0.983333.a3m SHARED_MSA_DIR=results/20260709_casp15_casp16_unique_lt1000_msa-variants/_staging/chai1_msa/predictions/T1114s1/colabfold SHARED_MSA_METADATA_FILE=results/20260709_casp15_casp16_unique_lt1000_msa-variants/_staging/chai1_msa/metadata/prediction_manifest.csv bash runners/run_chai1_shared_msa.sh results/20260709_casp15_casp16_unique_lt1000_msa-variants/_staging/chai1_msa/sequences/T1114s1.fasta results/20260709_casp15_casp16_unique_lt1000_msa-variants/_staging/chai1_msa/predictions/T1114s1/chai1_msa 1,,No,No,chain mapping below threshold identity=1.000 coverage=0.317; multiple equivalent chains match,1.000000,0.317460,0.983333,59,60,low,mapped from mmCIF atom_site CA records; 1 aligned positions lack resolved CA atoms,All groups,A1,"A0QUM5, A0QUM6, A0QUM7 PDB code 7utd",true,colabfold_mmseqs2,shared_precomputed_msa,,,,,,,false,false,true,88.37822273001075,1.7245760511163832,0.0036306864234029123,88.37822273001075,1.7245760511163832,0.0036306864234029123,,results/20260709_casp15_casp16_unique_lt1000_msa-variants/_staging/chai1_msa/predictions/T1114s1/colabfold/T1114s1_qc_No_CASP15_7UTD_Q_residue_20-78_seq_1-189_coverage_0.983333.a3m,results/20260709_casp15_casp16_unique_lt1000_msa-variants/_staging/chai1_msa/predictions/T1114s1/colabfold,runner CodeCarbon output: results/20260709_casp15_casp16_unique_lt1000_msa-variants/_staging/chai1_msa/predictions/T1114s1/chai1_msa/carbon/T1114s1_chai1_msa_inference_emissions.csv,,,,,,,,,,,
T1114s2,T1114s2,CASP15,7UTD,B,2,323,1,369,369,369,chai1_msa,1,results/20260709_casp15_casp16_unique_lt1000_msa-variants/_staging/chai1_msa/sequences/T1114s2.fasta,results/20260709_casp15_casp16_unique_lt1000_msa-variants/_staging/chai1_msa/predictions/T1114s2/chai1_msa,results/20260709_casp15_casp16_unique_lt1000_msa-variants/_staging/chai1_msa/predictions/T1114s2/chai1_msa/rank_001.pdb,results/20260709_casp15_casp16_unique_lt1000_msa-variants/_staging/chai1_msa/predictions/T1114s2/chai1_msa/rank_001.pdb,true,0,2026-07-06T11:52:25+02:00,2026-07-06T11:54:24+02:00,119,results/20260709_casp15_casp16_unique_lt1000_msa-variants/_staging/chai1_msa/logs/T1114s2_chai1_msa.log,SHARED_MSA_A3M_FILE=results/20260709_casp15_casp16_unique_lt1000_msa-variants/_staging/chai1_msa/predictions/T1114s2/colabfold/T1114s2_qc_Check_CASP15_7UTD_B_residue_2-323_seq_1-369_coverage_0.872629.a3m SHARED_MSA_DIR=results/20260709_casp15_casp16_unique_lt1000_msa-variants/_staging/chai1_msa/predictions/T1114s2/colabfold SHARED_MSA_METADATA_FILE=results/20260709_casp15_casp16_unique_lt1000_msa-variants/_staging/chai1_msa/metadata/prediction_manifest.csv bash runners/run_chai1_shared_msa.sh results/20260709_casp15_casp16_unique_lt1000_msa-variants/_staging/chai1_msa/sequences/T1114s2.fasta results/20260709_casp15_casp16_unique_lt1000_msa-variants/_staging/chai1_msa/predictions/T1114s2/chai1_msa 1,,Check,Check,multiple equivalent chains match,1.000000,1.000000,0.872629,322,369,high,mapped from mmCIF atom_site CA records; 47 aligned positions lack resolved CA atoms,All groups,A1,"A0QUM5, A0QUM6, A0QUM7 PDB code 7utd",true,colabfold_mmseqs2,shared_precomputed_msa,,,,,,,false,false,true,118.58591023925692,2.6299901496392155,0.005536821367661506,118.58591023925692,2.6299901496392155,0.005536821367661506,,results/20260709_casp15_casp16_unique_lt1000_msa-variants/_staging/chai1_msa/predictions/T1114s2/colabfold/T1114s2_qc_Check_CASP15_7UTD_B_residue_2-323_seq_1-369_coverage_0.872629.a3m,results/20260709_casp15_casp16_unique_lt1000_msa-variants/_staging/chai1_msa/predictions/T1114s2/colabfold,runner CodeCarbon output: results/20260709_casp15_casp16_unique_lt1000_msa-variants/_staging/chai1_msa/predictions/T1114s2/chai1_msa/carbon/T1114s2_chai1_msa_inference_emissions.csv,,,,,,,,,,,
T1114s3,T1114s3,CASP15,7UTD,A,4,516,1,535,535,535,chai1_msa,1,results/20260709_casp15_casp16_unique_lt1000_msa-variants/_staging/chai1_msa/sequences/T1114s3.fasta,results/20260709_casp15_casp16_unique_lt1000_msa-variants/_staging/chai1_msa/predictions/T1114s3/chai1_msa,results/20260709_casp15_casp16_unique_lt1000_msa-variants/_staging/chai1_msa/predictions/T1114s3/chai1_msa/rank_001.pdb,results/20260709_casp15_casp16_unique_lt1000_msa-variants/_staging/chai1_msa/predictions/T1114s3/chai1_msa/rank_001.pdb,true,0,2026-07-06T11:54:24+02:00,2026-07-06T11:58:46+02:00,262,results/20260709_casp15_casp16_unique_lt1000_msa-variants/_staging/chai1_msa/logs/T1114s3_chai1_msa.log,SHARED_MSA_A3M_FILE=results/20260709_casp15_casp16_unique_lt1000_msa-variants/_staging/chai1_msa/predictions/T1114s3/colabfold/T1114s3_qc_Check_CASP15_7UTD_A_residue_4-516_seq_1-535_coverage_0.998051.a3m SHARED_MSA_DIR=results/20260709_casp15_casp16_unique_lt1000_msa-variants/_staging/chai1_msa/predictions/T1114s3/colabfold SHARED_MSA_METADATA_FILE=results/20260709_casp15_casp16_unique_lt1000_msa-variants/_staging/chai1_msa/metadata/prediction_manifest.csv bash runners/run_chai1_shared_msa.sh results/20260709_casp15_casp16_unique_lt1000_msa-variants/_staging/chai1_msa/sequences/T1114s3.fasta results/20260709_casp15_casp16_unique_lt1000_msa-variants/_staging/chai1_msa/predictions/T1114s3/chai1_msa 1,,Check,Check,multiple equivalent chains match,1.000000,0.958879,0.998051,512,513,high,mapped from mmCIF atom_site CA records; 1 aligned positions lack resolved CA atoms,All groups,A1,"A0QUM5, A0QUM6, A0QUM7 PDB code 7utd",true,colabfold_mmseqs2,shared_precomputed_msa,,,,,,,false,false,true,261.92189871985465,6.868100819257932,0.014459159619490384,261.92189871985465,6.868100819257932,0.014459159619490384,,results/20260709_casp15_casp16_unique_lt1000_msa-variants/_staging/chai1_msa/predictions/T1114s3/colabfold/T1114s3_qc_Check_CASP15_7UTD_A_residue_4-516_seq_1-535_coverage_0.998051.a3m,results/20260709_casp15_casp16_unique_lt1000_msa-variants/_staging/chai1_msa/predictions/T1114s3/colabfold,runner CodeCarbon output: results/20260709_casp15_casp16_unique_lt1000_msa-variants/_staging/chai1_msa/predictions/T1114s3/chai1_msa/carbon/T1114s3_chai1_msa_inference_emissions.csv,,,,,,,,,,,
T1120,T1120,CASP15,7QVB,B,4,231,1,235,235,235,chai1_msa,1,results/20260709_casp15_casp16_unique_lt1000_msa-variants/_staging/chai1_msa/sequences/T1120.fasta,results/20260709_casp15_casp16_unique_lt1000_msa-variants/_staging/chai1_msa/predictions/T1120/chai1_msa,results/20260709_casp15_casp16_unique_lt1000_msa-variants/_staging/chai1_msa/predictions/T1120/chai1_msa/rank_001.pdb,results/20260709_casp15_casp16_unique_lt1000_msa-variants/_staging/chai1_msa/predictions/T1120/chai1_msa/rank_001.pdb,true,0,2026-07-06T11:58:46+02:00,2026-07-06T12:00:16+02:00,90,results/20260709_casp15_casp16_unique_lt1000_msa-variants/_staging/chai1_msa/logs/T1120_chai1_msa.log,SHARED_MSA_A3M_FILE=results/20260709_casp15_casp16_unique_lt1000_msa-variants/_staging/chai1_msa/predictions/T1120/colabfold/T1120_qc_Check_CASP15_7QVB_B_residue_4-231_seq_1-235_coverage_0.970213.a3m SHARED_MSA_DIR=results/20260709_casp15_casp16_unique_lt1000_msa-variants/_staging/chai1_msa/predictions/T1120/colabfold SHARED_MSA_METADATA_FILE=results/20260709_casp15_casp16_unique_lt1000_msa-variants/_staging/chai1_msa/metadata/prediction_manifest.csv bash runners/run_chai1_shared_msa.sh results/20260709_casp15_casp16_unique_lt1000_msa-variants/_staging/chai1_msa/sequences/T1120.fasta results/20260709_casp15_casp16_unique_lt1000_msa-variants/_staging/chai1_msa/predictions/T1120/chai1_msa 1,,Check,Check,multiple equivalent chains match,1.000000,1.000000,0.970213,228,235,high,mapped from mmCIF atom_site CA records; 7 aligned positions lack resolved CA atoms,All groups,A1,DdrC PDB code 7qvb,true,colabfold_mmseqs2,shared_precomputed_msa,,,,,,,false,false,true,89.26318246917799,1.7429314674779455,0.003669329405216727,89.26318246917799,1.7429314674779455,0.003669329405216727,,results/20260709_casp15_casp16_unique_lt1000_msa-variants/_staging/chai1_msa/predictions/T1120/colabfold/T1120_qc_Check_CASP15_7QVB_B_residue_4-231_seq_1-235_coverage_0.970213.a3m,results/20260709_casp15_casp16_unique_lt1000_msa-variants/_staging/chai1_msa/predictions/T1120/colabfold,runner CodeCarbon output: results/20260709_casp15_casp16_unique_lt1000_msa-variants/_staging/chai1_msa/predictions/T1120/chai1_msa/carbon/T1120_chai1_msa_inference_emissions.csv,,,,,,,,,,,
T1122,T1122,CASP15,8BBT,A,4,237,1,241,241,241,chai1_msa,1,results/20260709_casp15_casp16_unique_lt1000_msa-variants/_staging/chai1_msa/sequences/T1122.fasta,results/20260709_casp15_casp16_unique_lt1000_msa-variants/_staging/chai1_msa/predictions/T1122/chai1_msa,results/20260709_casp15_casp16_unique_lt1000_msa-variants/_staging/chai1_msa/predictions/T1122/chai1_msa/rank_001.pdb,results/20260709_casp15_casp16_unique_lt1000_msa-variants/_staging/chai1_msa/predictions/T1122/chai1_msa/rank_001.pdb,true,0,2026-07-06T12:00:16+02:00,2026-07-06T12:01:45+02:00,89,results/20260709_casp15_casp16_unique_lt1000_msa-variants/_staging/chai1_msa/logs/T1122_chai1_msa.log,SHARED_MSA_A3M_FILE=results/20260709_casp15_casp16_unique_lt1000_msa-variants/_staging/chai1_msa/predictions/T1122/colabfold/T1122_qc_Yes_CASP15_8BBT_A_residue_4-237_seq_1-241_coverage_0.954357.a3m SHARED_MSA_DIR=results/20260709_casp15_casp16_unique_lt1000_msa-variants/_staging/chai1_msa/predictions/T1122/colabfold SHARED_MSA_METADATA_FILE=results/20260709_casp15_casp16_unique_lt1000_msa-variants/_staging/chai1_msa/metadata/prediction_manifest.csv bash runners/run_chai1_shared_msa.sh results/20260709_casp15_casp16_unique_lt1000_msa-variants/_staging/chai1_msa/sequences/T1122.fasta results/20260709_casp15_casp16_unique_lt1000_msa-variants/_staging/chai1_msa/predictions/T1122/chai1_msa 1,,Yes,Yes,prefiltered A1 protein target with mapped residue range,1.000000,1.000000,0.954357,230,241,high,mapped from mmCIF atom_site CA records; 11 aligned positions lack resolved CA atoms,All groups,A1,A0A0B4VFQ3 PDB code 8bbt,true,colabfold_mmseqs2,shared_precomputed_msa,,,,,,,false,false,true,88.85274496115744,1.7264807772888673,0.0036346963732397206,88.85274496115744,1.7264807772888673,0.0036346963732397206,,results/20260709_casp15_casp16_unique_lt1000_msa-variants/_staging/chai1_msa/predictions/T1122/colabfold/T1122_qc_Yes_CASP15_8BBT_A_residue_4-237_seq_1-241_coverage_0.954357.a3m,results/20260709_casp15_casp16_unique_lt1000_msa-variants/_staging/chai1_msa/predictions/T1122/colabfold,runner CodeCarbon output: results/20260709_casp15_casp16_unique_lt1000_msa-variants/_staging/chai1_msa/predictions/T1122/chai1_msa/carbon/T1122_chai1_msa_inference_emissions.csv,,,,,,,,,,,
T1129s2,T1129s2,CASP15,8A8C,B,41,640,1,640,640,640,chai1_msa,1,results/20260709_casp15_casp16_unique_lt1000_msa-variants/_staging/chai1_msa/sequences/T1129s2.fasta,results/20260709_casp15_casp16_unique_lt1000_msa-variants/_staging/chai1_msa/predictions/T1129s2/chai1_msa,results/20260709_casp15_casp16_unique_lt1000_msa-variants/_staging/chai1_msa/predictions/T1129s2/chai1_msa/rank_001.pdb,results/20260709_casp15_casp16_unique_lt1000_msa-variants/_staging/chai1_msa/predictions/T1129s2/chai1_msa/rank_001.pdb,true,0,2026-07-06T12:01:45+02:00,2026-07-06T12:06:07+02:00,262,results/20260709_casp15_casp16_unique_lt1000_msa-variants/_staging/chai1_msa/logs/T1129s2_chai1_msa.log,SHARED_MSA_A3M_FILE=results/20260709_casp15_casp16_unique_lt1000_msa-variants/_staging/chai1_msa/predictions/T1129s2/colabfold/T1129s2_qc_Yes_CASP15_8A8C_B_residue_41-640_seq_1-640_coverage_0.825000.a3m SHARED_MSA_DIR=results/20260709_casp15_casp16_unique_lt1000_msa-variants/_staging/chai1_msa/predictions/T1129s2/colabfold SHARED_MSA_METADATA_FILE=results/20260709_casp15_casp16_unique_lt1000_msa-variants/_staging/chai1_msa/metadata/prediction_manifest.csv bash runners/run_chai1_shared_msa.sh results/20260709_casp15_casp16_unique_lt1000_msa-variants/_staging/chai1_msa/sequences/T1129s2.fasta results/20260709_casp15_casp16_unique_lt1000_msa-variants/_staging/chai1_msa/predictions/T1129s2/chai1_msa 1,,Yes,Yes,prefiltered A1 protein target with mapped residue range,1.000000,1.000000,0.825000,528,640,high,mapped from mmCIF atom_site CA records; 112 aligned positions lack resolved CA atoms,All groups,A1,P06971; P23207 PDB code 8a8c,true,colabfold_mmseqs2,shared_precomputed_msa,,,,,,,false,false,true,261.9899029643275,6.908234896556736,0.014543652413803653,261.9899029643275,6.908234896556736,0.014543652413803653,,results/20260709_casp15_casp16_unique_lt1000_msa-variants/_staging/chai1_msa/predictions/T1129s2/colabfold/T1129s2_qc_Yes_CASP15_8A8C_B_residue_41-640_seq_1-640_coverage_0.825000.a3m,results/20260709_casp15_casp16_unique_lt1000_msa-variants/_staging/chai1_msa/predictions/T1129s2/colabfold,runner CodeCarbon output: results/20260709_casp15_casp16_unique_lt1000_msa-variants/_staging/chai1_msa/predictions/T1129s2/chai1_msa/carbon/T1129s2_chai1_msa_inference_emissions.csv,,,,,,,,,,,
T1133,T1133,CASP15,8DYS,A,4,427,1,585,585,585,chai1_msa,1,results/20260709_casp15_casp16_unique_lt1000_msa-variants/_staging/chai1_msa/sequences/T1133.fasta,results/20260709_casp15_casp16_unique_lt1000_msa-variants/_staging/chai1_msa/predictions/T1133/chai1_msa,results/20260709_casp15_casp16_unique_lt1000_msa-variants/_staging/chai1_msa/predictions/T1133/chai1_msa/rank_001.pdb,results/20260709_casp15_casp16_unique_lt1000_msa-variants/_staging/chai1_msa/predictions/T1133/chai1_msa/rank_001.pdb,true,0,2026-07-06T12:06:07+02:00,2026-07-06T12:10:27+02:00,260,results/20260709_casp15_casp16_unique_lt1000_msa-variants/_staging/chai1_msa/logs/T1133_chai1_msa.log,SHARED_MSA_A3M_FILE=results/20260709_casp15_casp16_unique_lt1000_msa-variants/_staging/chai1_msa/predictions/T1133/colabfold/T1133_qc_Check_CASP15_8DYS_A_residue_4-427_seq_1-585_coverage_0.699145.a3m SHARED_MSA_DIR=results/20260709_casp15_casp16_unique_lt1000_msa-variants/_staging/chai1_msa/predictions/T1133/colabfold SHARED_MSA_METADATA_FILE=results/20260709_casp15_casp16_unique_lt1000_msa-variants/_staging/chai1_msa/metadata/prediction_manifest.csv bash runners/run_chai1_shared_msa.sh results/20260709_casp15_casp16_unique_lt1000_msa-variants/_staging/chai1_msa/sequences/T1133.fasta results/20260709_casp15_casp16_unique_lt1000_msa-variants/_staging/chai1_msa/predictions/T1133/chai1_msa 1,,Check,Check,reference coverage below threshold 0.699,1.000000,1.000000,0.699145,409,585,high,mapped from mmCIF atom_site CA records; 176 aligned positions lack resolved CA atoms,All groups,A1,Q9BY44 PDB code 8dys,true,colabfold_mmseqs2,shared_precomputed_msa,,,,,,,false,false,true,260.252970083151,6.859031374057302,0.014440066050646952,260.252970083151,6.859031374057302,0.014440066050646952,,results/20260709_casp15_casp16_unique_lt1000_msa-variants/_staging/chai1_msa/predictions/T1133/colabfold/T1133_qc_Check_CASP15_8DYS_A_residue_4-427_seq_1-585_coverage_0.699145.a3m,results/20260709_casp15_casp16_unique_lt1000_msa-variants/_staging/chai1_msa/predictions/T1133/colabfold,runner CodeCarbon output: results/20260709_casp15_casp16_unique_lt1000_msa-variants/_staging/chai1_msa/predictions/T1133/chai1_msa/carbon/T1133_chai1_msa_inference_emissions.csv,,,,,,,,,,,
T1134s1,T1134s1,CASP15,7UBZ,A,1,230,1,230,230,230,chai1_msa,1,results/20260709_casp15_casp16_unique_lt1000_msa-variants/_staging/chai1_msa/sequences/T1134s1.fasta,results/20260709_casp15_casp16_unique_lt1000_msa-variants/_staging/chai1_msa/predictions/T1134s1/chai1_msa,results/20260709_casp15_casp16_unique_lt1000_msa-variants/_staging/chai1_msa/predictions/T1134s1/chai1_msa/rank_001.pdb,results/20260709_casp15_casp16_unique_lt1000_msa-variants/_staging/chai1_msa/predictions/T1134s1/chai1_msa/rank_001.pdb,true,0,2026-07-06T12:10:27+02:00,2026-07-06T12:11:56+02:00,89,results/20260709_casp15_casp16_unique_lt1000_msa-variants/_staging/chai1_msa/logs/T1134s1_chai1_msa.log,SHARED_MSA_A3M_FILE=results/20260709_casp15_casp16_unique_lt1000_msa-variants/_staging/chai1_msa/predictions/T1134s1/colabfold/T1134s1_qc_Check_CASP15_7UBZ_A_residue_1-230_seq_1-230_coverage_1.000000.a3m SHARED_MSA_DIR=results/20260709_casp15_casp16_unique_lt1000_msa-variants/_staging/chai1_msa/predictions/T1134s1/colabfold SHARED_MSA_METADATA_FILE=results/20260709_casp15_casp16_unique_lt1000_msa-variants/_staging/chai1_msa/metadata/prediction_manifest.csv bash runners/run_chai1_shared_msa.sh results/20260709_casp15_casp16_unique_lt1000_msa-variants/_staging/chai1_msa/sequences/T1134s1.fasta results/20260709_casp15_casp16_unique_lt1000_msa-variants/_staging/chai1_msa/predictions/T1134s1/chai1_msa 1,,Check,Check,multiple equivalent chains match,1.000000,1.000000,1.000000,230,230,high,mapped from mmCIF atom_site CA records,All groups,A1,"TleTli or WP_062934778.1, WP_013096194 PDB code 7ubz",true,colabfold_mmseqs2,shared_precomputed_msa,,,,,,,false,false,true,88.89159950008616,1.7214147235079826,0.003624030996858911,88.89159950008616,1.7214147235079826,0.003624030996858911,,results/20260709_casp15_casp16_unique_lt1000_msa-variants/_staging/chai1_msa/predictions/T1134s1/colabfold/T1134s1_qc_Check_CASP15_7UBZ_A_residue_1-230_seq_1-230_coverage_1.000000.a3m,results/20260709_casp15_casp16_unique_lt1000_msa-variants/_staging/chai1_msa/predictions/T1134s1/colabfold,runner CodeCarbon output: results/20260709_casp15_casp16_unique_lt1000_msa-variants/_staging/chai1_msa/predictions/T1134s1/chai1_msa/carbon/T1134s1_chai1_msa_inference_emissions.csv,,,,,,,,,,,
T1134s2,T1134s2,CASP15,7UBZ,D,168,472,1,313,313,313,chai1_msa,1,results/20260709_casp15_casp16_unique_lt1000_msa-variants/_staging/chai1_msa/sequences/T1134s2.fasta,results/20260709_casp15_casp16_unique_lt1000_msa-variants/_staging/chai1_msa/predictions/T1134s2/chai1_msa,results/20260709_casp15_casp16_unique_lt1000_msa-variants/_staging/chai1_msa/predictions/T1134s2/chai1_msa/rank_001.pdb,results/20260709_casp15_casp16_unique_lt1000_msa-variants/_staging/chai1_msa/predictions/T1134s2/chai1_msa/rank_001.pdb,true,0,2026-07-06T12:11:57+02:00,2026-07-06T12:13:55+02:00,118,results/20260709_casp15_casp16_unique_lt1000_msa-variants/_staging/chai1_msa/logs/T1134s2_chai1_msa.log,SHARED_MSA_A3M_FILE=results/20260709_casp15_casp16_unique_lt1000_msa-variants/_staging/chai1_msa/predictions/T1134s2/colabfold/T1134s2_qc_Check_CASP15_7UBZ_D_residue_168-472_seq_1-313_coverage_0.645367.a3m SHARED_MSA_DIR=results/20260709_casp15_casp16_unique_lt1000_msa-variants/_staging/chai1_msa/predictions/T1134s2/colabfold SHARED_MSA_METADATA_FILE=results/20260709_casp15_casp16_unique_lt1000_msa-variants/_staging/chai1_msa/metadata/prediction_manifest.csv bash runners/run_chai1_shared_msa.sh results/20260709_casp15_casp16_unique_lt1000_msa-variants/_staging/chai1_msa/sequences/T1134s2.fasta results/20260709_casp15_casp16_unique_lt1000_msa-variants/_staging/chai1_msa/predictions/T1134s2/chai1_msa 1,,Check,Check,reference coverage below threshold 0.645; multiple equivalent chains match,1.000000,1.000000,0.645367,202,313,high,mapped from mmCIF atom_site CA records; 111 aligned positions lack resolved CA atoms,All groups,A1,"TleTli or WP_062934778.1, WP_013096194 PDB code 7ubz",true,colabfold_mmseqs2,shared_precomputed_msa,,,,,,,false,false,true,118.104250845965,2.604777485550699,0.005483742074843577,118.104250845965,2.604777485550699,0.005483742074843577,,results/20260709_casp15_casp16_unique_lt1000_msa-variants/_staging/chai1_msa/predictions/T1134s2/colabfold/T1134s2_qc_Check_CASP15_7UBZ_D_residue_168-472_seq_1-313_coverage_0.645367.a3m,results/20260709_casp15_casp16_unique_lt1000_msa-variants/_staging/chai1_msa/predictions/T1134s2/colabfold,runner CodeCarbon output: results/20260709_casp15_casp16_unique_lt1000_msa-variants/_staging/chai1_msa/predictions/T1134s2/chai1_msa/carbon/T1134s2_chai1_msa_inference_emissions.csv,,,,,,,,,,,
T1137s1,T1137s1,CASP15,8FEF,A,18,409,1,409,409,409,chai1_msa,1,results/20260709_casp15_casp16_unique_lt1000_msa-variants/_staging/chai1_msa/sequences/T1137s1.fasta,results/20260709_casp15_casp16_unique_lt1000_msa-variants/_staging/chai1_msa/predictions/T1137s1/chai1_msa,results/20260709_casp15_casp16_unique_lt1000_msa-variants/_staging/chai1_msa/predictions/T1137s1/chai1_msa/rank_001.pdb,results/20260709_casp15_casp16_unique_lt1000_msa-variants/_staging/chai1_msa/predictions/T1137s1/chai1_msa/rank_001.pdb,true,0,2026-07-06T12:13:55+02:00,2026-07-06T12:16:32+02:00,157,results/20260709_casp15_casp16_unique_lt1000_msa-variants/_staging/chai1_msa/logs/T1137s1_chai1_msa.log,SHARED_MSA_A3M_FILE=results/20260709_casp15_casp16_unique_lt1000_msa-variants/_staging/chai1_msa/predictions/T1137s1/colabfold/T1137s1_qc_Yes_CASP15_8FEF_A_residue_18-409_seq_1-409_coverage_0.958435.a3m SHARED_MSA_DIR=results/20260709_casp15_casp16_unique_lt1000_msa-variants/_staging/chai1_msa/predictions/T1137s1/colabfold SHARED_MSA_METADATA_FILE=results/20260709_casp15_casp16_unique_lt1000_msa-variants/_staging/chai1_msa/metadata/prediction_manifest.csv bash runners/run_chai1_shared_msa.sh results/20260709_casp15_casp16_unique_lt1000_msa-variants/_staging/chai1_msa/sequences/T1137s1.fasta results/20260709_casp15_casp16_unique_lt1000_msa-variants/_staging/chai1_msa/predictions/T1137s1/chai1_msa 1,,Yes,Yes,prefiltered A1 protein target with mapped residue range,1.000000,1.000000,0.958435,392,409,high,mapped from mmCIF atom_site CA records; 17 aligned positions lack resolved CA atoms,All groups,A1,MceG complex PDB code 8fef,true,colabfold_mmseqs2,shared_precomputed_msa,,,,,,,false,false,true,157.1078350530006,3.7710274173166805,0.007939005089087748,157.1078350530006,3.7710274173166805,0.007939005089087748,,results/20260709_casp15_casp16_unique_lt1000_msa-variants/_staging/chai1_msa/predictions/T1137s1/colabfold/T1137s1_qc_Yes_CASP15_8FEF_A_residue_18-409_seq_1-409_coverage_0.958435.a3m,results/20260709_casp15_casp16_unique_lt1000_msa-variants/_staging/chai1_msa/predictions/T1137s1/colabfold,runner CodeCarbon output: results/20260709_casp15_casp16_unique_lt1000_msa-variants/_staging/chai1_msa/predictions/T1137s1/chai1_msa/carbon/T1137s1_chai1_msa_inference_emissions.csv,,,,,,,,,,,
T1137s2,T1137s2,CASP15,8FEF,B,2,343,1,343,343,343,chai1_msa,1,results/20260709_casp15_casp16_unique_lt1000_msa-variants/_staging/chai1_msa/sequences/T1137s2.fasta,results/20260709_casp15_casp16_unique_lt1000_msa-variants/_staging/chai1_msa/predictions/T1137s2/chai1_msa,results/20260709_casp15_casp16_unique_lt1000_msa-variants/_staging/chai1_msa/predictions/T1137s2/chai1_msa/rank_001.pdb,results/20260709_casp15_casp16_unique_lt1000_msa-variants/_staging/chai1_msa/predictions/T1137s2/chai1_msa/rank_001.pdb,true,0,2026-07-06T12:16:32+02:00,2026-07-06T12:18:32+02:00,120,results/20260709_casp15_casp16_unique_lt1000_msa-variants/_staging/chai1_msa/logs/T1137s2_chai1_msa.log,SHARED_MSA_A3M_FILE=results/20260709_casp15_casp16_unique_lt1000_msa-variants/_staging/chai1_msa/predictions/T1137s2/colabfold/T1137s2_qc_Yes_CASP15_8FEF_B_residue_2-343_seq_1-343_coverage_0.976676.a3m SHARED_MSA_DIR=results/20260709_casp15_casp16_unique_lt1000_msa-variants/_staging/chai1_msa/predictions/T1137s2/colabfold SHARED_MSA_METADATA_FILE=results/20260709_casp15_casp16_unique_lt1000_msa-variants/_staging/chai1_msa/metadata/prediction_manifest.csv bash runners/run_chai1_shared_msa.sh results/20260709_casp15_casp16_unique_lt1000_msa-variants/_staging/chai1_msa/sequences/T1137s2.fasta results/20260709_casp15_casp16_unique_lt1000_msa-variants/_staging/chai1_msa/predictions/T1137s2/chai1_msa 1,,Yes,Yes,prefiltered A1 protein target with mapped residue range,1.000000,1.000000,0.976676,335,343,high,mapped from mmCIF atom_site CA records; 8 aligned positions lack resolved CA atoms,All groups,A1,MceG complex PDB code 8fef,true,colabfold_mmseqs2,shared_precomputed_msa,,,,,,,false,false,true,119.20328106498346,2.620284379003944,0.005516388166324093,119.20328106498346,2.620284379003944,0.005516388166324093,,results/20260709_casp15_casp16_unique_lt1000_msa-variants/_staging/chai1_msa/predictions/T1137s2/colabfold/T1137s2_qc_Yes_CASP15_8FEF_B_residue_2-343_seq_1-343_coverage_0.976676.a3m,results/20260709_casp15_casp16_unique_lt1000_msa-variants/_staging/chai1_msa/predictions/T1137s2/colabfold,runner CodeCarbon output: results/20260709_casp15_casp16_unique_lt1000_msa-variants/_staging/chai1_msa/predictions/T1137s2/chai1_msa/carbon/T1137s2_chai1_msa_inference_emissions.csv,,,,,,,,,,,
T1137s3,T1137s3,CASP15,8FEF,C,1,310,1,524,524,524,chai1_msa,1,results/20260709_casp15_casp16_unique_lt1000_msa-variants/_staging/chai1_msa/sequences/T1137s3.fasta,results/20260709_casp15_casp16_unique_lt1000_msa-variants/_staging/chai1_msa/predictions/T1137s3/chai1_msa,results/20260709_casp15_casp16_unique_lt1000_msa-variants/_staging/chai1_msa/predictions/T1137s3/chai1_msa/rank_001.pdb,results/20260709_casp15_casp16_unique_lt1000_msa-variants/_staging/chai1_msa/predictions/T1137s3/chai1_msa/rank_001.pdb,true,0,2026-07-06T12:18:32+02:00,2026-07-06T12:22:52+02:00,260,results/20260709_casp15_casp16_unique_lt1000_msa-variants/_staging/chai1_msa/logs/T1137s3_chai1_msa.log,SHARED_MSA_A3M_FILE=results/20260709_casp15_casp16_unique_lt1000_msa-variants/_staging/chai1_msa/predictions/T1137s3/colabfold/T1137s3_qc_Check_CASP15_8FEF_C_residue_1-310_seq_1-524_coverage_0.591603.a3m SHARED_MSA_DIR=results/20260709_casp15_casp16_unique_lt1000_msa-variants/_staging/chai1_msa/predictions/T1137s3/colabfold SHARED_MSA_METADATA_FILE=results/20260709_casp15_casp16_unique_lt1000_msa-variants/_staging/chai1_msa/metadata/prediction_manifest.csv bash runners/run_chai1_shared_msa.sh results/20260709_casp15_casp16_unique_lt1000_msa-variants/_staging/chai1_msa/sequences/T1137s3.fasta results/20260709_casp15_casp16_unique_lt1000_msa-variants/_staging/chai1_msa/predictions/T1137s3/chai1_msa 1,,Check,Check,reference coverage below threshold 0.592,1.000000,1.000000,0.591603,310,524,high,mapped from mmCIF atom_site CA records; 214 aligned positions lack resolved CA atoms,All groups,A1,MceG complex PDB code 8fef,true,colabfold_mmseqs2,shared_precomputed_msa,,,,,,,false,false,true,260.2661490072496,6.865253534011979,0.01445316533476206,260.2661490072496,6.865253534011979,0.01445316533476206,,results/20260709_casp15_casp16_unique_lt1000_msa-variants/_staging/chai1_msa/predictions/T1137s3/colabfold/T1137s3_qc_Check_CASP15_8FEF_C_residue_1-310_seq_1-524_coverage_0.591603.a3m,results/20260709_casp15_casp16_unique_lt1000_msa-variants/_staging/chai1_msa/predictions/T1137s3/colabfold,runner CodeCarbon output: results/20260709_casp15_casp16_unique_lt1000_msa-variants/_staging/chai1_msa/predictions/T1137s3/chai1_msa/carbon/T1137s3_chai1_msa_inference_emissions.csv,,,,,,,,,,,
T1137s4,T1137s4,CASP15,8FEF,D,42,468,1,547,547,547,chai1_msa,1,results/20260709_casp15_casp16_unique_lt1000_msa-variants/_staging/chai1_msa/sequences/T1137s4.fasta,results/20260709_casp15_casp16_unique_lt1000_msa-variants/_staging/chai1_msa/predictions/T1137s4/chai1_msa,results/20260709_casp15_casp16_unique_lt1000_msa-variants/_staging/chai1_msa/predictions/T1137s4/chai1_msa/rank_001.pdb,results/20260709_casp15_casp16_unique_lt1000_msa-variants/_staging/chai1_msa/predictions/T1137s4/chai1_msa/rank_001.pdb,true,0,2026-07-06T12:22:52+02:00,2026-07-06T12:27:12+02:00,260,results/20260709_casp15_casp16_unique_lt1000_msa-variants/_staging/chai1_msa/logs/T1137s4_chai1_msa.log,SHARED_MSA_A3M_FILE=results/20260709_casp15_casp16_unique_lt1000_msa-variants/_staging/chai1_msa/predictions/T1137s4/colabfold/T1137s4_qc_Check_CASP15_8FEF_D_residue_42-468_seq_1-547_coverage_0.703839.a3m SHARED_MSA_DIR=results/20260709_casp15_casp16_unique_lt1000_msa-variants/_staging/chai1_msa/predictions/T1137s4/colabfold SHARED_MSA_METADATA_FILE=results/20260709_casp15_casp16_unique_lt1000_msa-variants/_staging/chai1_msa/metadata/prediction_manifest.csv bash runners/run_chai1_shared_msa.sh results/20260709_casp15_casp16_unique_lt1000_msa-variants/_staging/chai1_msa/sequences/T1137s4.fasta results/20260709_casp15_casp16_unique_lt1000_msa-variants/_staging/chai1_msa/predictions/T1137s4/chai1_msa 1,,Check,Check,reference coverage below threshold 0.704,1.000000,1.000000,0.703839,385,547,high,mapped from mmCIF atom_site CA records; 162 aligned positions lack resolved CA atoms,All groups,A1,MceG complex PDB code 8fef,true,colabfold_mmseqs2,shared_precomputed_msa,,,,,,,false,false,true,259.48502857703716,6.8408281763933925,0.014401743529249247,259.48502857703716,6.8408281763933925,0.014401743529249247,,results/20260709_casp15_casp16_unique_lt1000_msa-variants/_staging/chai1_msa/predictions/T1137s4/colabfold/T1137s4_qc_Check_CASP15_8FEF_D_residue_42-468_seq_1-547_coverage_0.703839.a3m,results/20260709_casp15_casp16_unique_lt1000_msa-variants/_staging/chai1_msa/predictions/T1137s4/colabfold,runner CodeCarbon output: results/20260709_casp15_casp16_unique_lt1000_msa-variants/_staging/chai1_msa/predictions/T1137s4/chai1_msa/carbon/T1137s4_chai1_msa_inference_emissions.csv,,,,,,,,,,,
T1137s5,T1137s5,CASP15,8FEF,E,33,390,1,390,390,390,chai1_msa,1,results/20260709_casp15_casp16_unique_lt1000_msa-variants/_staging/chai1_msa/sequences/T1137s5.fasta,results/20260709_casp15_casp16_unique_lt1000_msa-variants/_staging/chai1_msa/predictions/T1137s5/chai1_msa,results/20260709_casp15_casp16_unique_lt1000_msa-variants/_staging/chai1_msa/predictions/T1137s5/chai1_msa/rank_001.pdb,results/20260709_casp15_casp16_unique_lt1000_msa-variants/_staging/chai1_msa/predictions/T1137s5/chai1_msa/rank_001.pdb,true,0,2026-07-06T12:27:12+02:00,2026-07-06T12:29:48+02:00,156,results/20260709_casp15_casp16_unique_lt1000_msa-variants/_staging/chai1_msa/logs/T1137s5_chai1_msa.log,SHARED_MSA_A3M_FILE=results/20260709_casp15_casp16_unique_lt1000_msa-variants/_staging/chai1_msa/predictions/T1137s5/colabfold/T1137s5_qc_Yes_CASP15_8FEF_E_residue_33-390_seq_1-390_coverage_0.917949.a3m SHARED_MSA_DIR=results/20260709_casp15_casp16_unique_lt1000_msa-variants/_staging/chai1_msa/predictions/T1137s5/colabfold SHARED_MSA_METADATA_FILE=results/20260709_casp15_casp16_unique_lt1000_msa-variants/_staging/chai1_msa/metadata/prediction_manifest.csv bash runners/run_chai1_shared_msa.sh results/20260709_casp15_casp16_unique_lt1000_msa-variants/_staging/chai1_msa/sequences/T1137s5.fasta results/20260709_casp15_casp16_unique_lt1000_msa-variants/_staging/chai1_msa/predictions/T1137s5/chai1_msa 1,,Yes,Yes,prefiltered A1 protein target with mapped residue range,1.000000,1.000000,0.917949,358,390,high,mapped from mmCIF atom_site CA records; 32 aligned positions lack resolved CA atoms,All groups,A1,MceG complex PDB code 8fef,true,colabfold_mmseqs2,shared_precomputed_msa,,,,,,,false,false,true,156.29540086118504,3.7432108441594756,0.007880443882441001,156.29540086118504,3.7432108441594756,0.007880443882441001,,results/20260709_casp15_casp16_unique_lt1000_msa-variants/_staging/chai1_msa/predictions/T1137s5/colabfold/T1137s5_qc_Yes_CASP15_8FEF_E_residue_33-390_seq_1-390_coverage_0.917949.a3m,results/20260709_casp15_casp16_unique_lt1000_msa-variants/_staging/chai1_msa/predictions/T1137s5/colabfold,runner CodeCarbon output: results/20260709_casp15_casp16_unique_lt1000_msa-variants/_staging/chai1_msa/predictions/T1137s5/chai1_msa/carbon/T1137s5_chai1_msa_inference_emissions.csv,,,,,,,,,,,
T1137s6,T1137s6,CASP15,8FEF,F,1,399,1,518,518,518,chai1_msa,1,results/20260709_casp15_casp16_unique_lt1000_msa-variants/_staging/chai1_msa/sequences/T1137s6.fasta,results/20260709_casp15_casp16_unique_lt1000_msa-variants/_staging/chai1_msa/predictions/T1137s6/chai1_msa,results/20260709_casp15_casp16_unique_lt1000_msa-variants/_staging/chai1_msa/predictions/T1137s6/chai1_msa/rank_001.pdb,results/20260709_casp15_casp16_unique_lt1000_msa-variants/_staging/chai1_msa/predictions/T1137s6/chai1_msa/rank_001.pdb,true,0,2026-07-06T12:29:48+02:00,2026-07-06T12:34:06+02:00,258,results/20260709_casp15_casp16_unique_lt1000_msa-variants/_staging/chai1_msa/logs/T1137s6_chai1_msa.log,SHARED_MSA_A3M_FILE=results/20260709_casp15_casp16_unique_lt1000_msa-variants/_staging/chai1_msa/predictions/T1137s6/colabfold/T1137s6_qc_Check_CASP15_8FEF_F_residue_1-399_seq_1-518_coverage_0.770270.a3m SHARED_MSA_DIR=results/20260709_casp15_casp16_unique_lt1000_msa-variants/_staging/chai1_msa/predictions/T1137s6/colabfold SHARED_MSA_METADATA_FILE=results/20260709_casp15_casp16_unique_lt1000_msa-variants/_staging/chai1_msa/metadata/prediction_manifest.csv bash runners/run_chai1_shared_msa.sh results/20260709_casp15_casp16_unique_lt1000_msa-variants/_staging/chai1_msa/sequences/T1137s6.fasta results/20260709_casp15_casp16_unique_lt1000_msa-variants/_staging/chai1_msa/predictions/T1137s6/chai1_msa 1,,Check,Check,reference coverage below threshold 0.770,1.000000,1.000000,0.770270,399,518,high,mapped from mmCIF atom_site CA records; 119 aligned positions lack resolved CA atoms,All groups,A1,MceG complex PDB code 8fef,true,colabfold_mmseqs2,shared_precomputed_msa,,,,,,,false,false,true,257.41068064188585,6.80974928574322,0.0143363142857752,257.41068064188585,6.80974928574322,0.0143363142857752,,results/20260709_casp15_casp16_unique_lt1000_msa-variants/_staging/chai1_msa/predictions/T1137s6/colabfold/T1137s6_qc_Check_CASP15_8FEF_F_residue_1-399_seq_1-518_coverage_0.770270.a3m,results/20260709_casp15_casp16_unique_lt1000_msa-variants/_staging/chai1_msa/predictions/T1137s6/colabfold,runner CodeCarbon output: results/20260709_casp15_casp16_unique_lt1000_msa-variants/_staging/chai1_msa/predictions/T1137s6/chai1_msa/carbon/T1137s6_chai1_msa_inference_emissions.csv,,,,,,,,,,,
T1137s7,T1137s7,CASP15,8FEF,G,2,325,1,653,653,653,chai1_msa,1,results/20260709_casp15_casp16_unique_lt1000_msa-variants/_staging/chai1_msa/sequences/T1137s7.fasta,results/20260709_casp15_casp16_unique_lt1000_msa-variants/_staging/chai1_msa/predictions/T1137s7/chai1_msa,results/20260709_casp15_casp16_unique_lt1000_msa-variants/_staging/chai1_msa/predictions/T1137s7/chai1_msa/rank_001.pdb,results/20260709_casp15_casp16_unique_lt1000_msa-variants/_staging/chai1_msa/predictions/T1137s7/chai1_msa/rank_001.pdb,true,0,2026-07-06T12:34:06+02:00,2026-07-06T12:38:27+02:00,261,results/20260709_casp15_casp16_unique_lt1000_msa-variants/_staging/chai1_msa/logs/T1137s7_chai1_msa.log,SHARED_MSA_A3M_FILE=results/20260709_casp15_casp16_unique_lt1000_msa-variants/_staging/chai1_msa/predictions/T1137s7/colabfold/T1137s7_qc_Check_CASP15_8FEF_G_residue_2-325_seq_1-653_coverage_0.457887.a3m SHARED_MSA_DIR=results/20260709_casp15_casp16_unique_lt1000_msa-variants/_staging/chai1_msa/predictions/T1137s7/colabfold SHARED_MSA_METADATA_FILE=results/20260709_casp15_casp16_unique_lt1000_msa-variants/_staging/chai1_msa/metadata/prediction_manifest.csv bash runners/run_chai1_shared_msa.sh results/20260709_casp15_casp16_unique_lt1000_msa-variants/_staging/chai1_msa/sequences/T1137s7.fasta results/20260709_casp15_casp16_unique_lt1000_msa-variants/_staging/chai1_msa/predictions/T1137s7/chai1_msa 1,,Check,Check,reference coverage below threshold 0.458; multiple equivalent chains match,1.000000,1.000000,0.457887,299,653,high,mapped from mmCIF atom_site CA records; 354 aligned positions lack resolved CA atoms,All groups,A1,MceG complex PDB code 8fef,true,colabfold_mmseqs2,shared_precomputed_msa,,,,,,,false,false,true,261.0928846038878,6.9208629027977935,0.014570237690100617,261.0928846038878,6.9208629027977935,0.014570237690100617,,results/20260709_casp15_casp16_unique_lt1000_msa-variants/_staging/chai1_msa/predictions/T1137s7/colabfold/T1137s7_qc_Check_CASP15_8FEF_G_residue_2-325_seq_1-653_coverage_0.457887.a3m,results/20260709_casp15_casp16_unique_lt1000_msa-variants/_staging/chai1_msa/predictions/T1137s7/colabfold,runner CodeCarbon output: results/20260709_casp15_casp16_unique_lt1000_msa-variants/_staging/chai1_msa/predictions/T1137s7/chai1_msa/carbon/T1137s7_chai1_msa_inference_emissions.csv,,,,,,,,,,,
T1137s8,T1137s8,CASP15,8FEF,I,14,266,1,266,266,266,chai1_msa,1,results/20260709_casp15_casp16_unique_lt1000_msa-variants/_staging/chai1_msa/sequences/T1137s8.fasta,results/20260709_casp15_casp16_unique_lt1000_msa-variants/_staging/chai1_msa/predictions/T1137s8/chai1_msa,results/20260709_casp15_casp16_unique_lt1000_msa-variants/_staging/chai1_msa/predictions/T1137s8/chai1_msa/rank_001.pdb,results/20260709_casp15_casp16_unique_lt1000_msa-variants/_staging/chai1_msa/predictions/T1137s8/chai1_msa/rank_001.pdb,true,0,2026-07-06T12:38:27+02:00,2026-07-06T12:40:25+02:00,118,results/20260709_casp15_casp16_unique_lt1000_msa-variants/_staging/chai1_msa/logs/T1137s8_chai1_msa.log,SHARED_MSA_A3M_FILE=results/20260709_casp15_casp16_unique_lt1000_msa-variants/_staging/chai1_msa/predictions/T1137s8/colabfold/T1137s8_qc_Yes_CASP15_8FEF_I_residue_14-266_seq_1-266_coverage_0.951128.a3m SHARED_MSA_DIR=results/20260709_casp15_casp16_unique_lt1000_msa-variants/_staging/chai1_msa/predictions/T1137s8/colabfold SHARED_MSA_METADATA_FILE=results/20260709_casp15_casp16_unique_lt1000_msa-variants/_staging/chai1_msa/metadata/prediction_manifest.csv bash runners/run_chai1_shared_msa.sh results/20260709_casp15_casp16_unique_lt1000_msa-variants/_staging/chai1_msa/sequences/T1137s8.fasta results/20260709_casp15_casp16_unique_lt1000_msa-variants/_staging/chai1_msa/predictions/T1137s8/chai1_msa 1,,Yes,Yes,prefiltered A1 protein target with mapped residue range,1.000000,1.000000,0.951128,253,266,high,mapped from mmCIF atom_site CA records; 13 aligned positions lack resolved CA atoms,All groups,A1,MceG complex PDB code 8fef,true,colabfold_mmseqs2,shared_precomputed_msa,,,,,,,false,false,true,117.95849009882659,2.5947702786706865,0.005462674270885656,117.95849009882659,2.5947702786706865,0.005462674270885656,,results/20260709_casp15_casp16_unique_lt1000_msa-variants/_staging/chai1_msa/predictions/T1137s8/colabfold/T1137s8_qc_Yes_CASP15_8FEF_I_residue_14-266_seq_1-266_coverage_0.951128.a3m,results/20260709_casp15_casp16_unique_lt1000_msa-variants/_staging/chai1_msa/predictions/T1137s8/colabfold,runner CodeCarbon output: results/20260709_casp15_casp16_unique_lt1000_msa-variants/_staging/chai1_msa/predictions/T1137s8/chai1_msa/carbon/T1137s8_chai1_msa_inference_emissions.csv,,,,,,,,,,,
T1137s9,T1137s9,CASP15,8FEF,J,27,289,1,289,289,289,chai1_msa,1,results/20260709_casp15_casp16_unique_lt1000_msa-variants/_staging/chai1_msa/sequences/T1137s9.fasta,results/20260709_casp15_casp16_unique_lt1000_msa-variants/_staging/chai1_msa/predictions/T1137s9/chai1_msa,results/20260709_casp15_casp16_unique_lt1000_msa-variants/_staging/chai1_msa/predictions/T1137s9/chai1_msa/rank_001.pdb,results/20260709_casp15_casp16_unique_lt1000_msa-variants/_staging/chai1_msa/predictions/T1137s9/chai1_msa/rank_001.pdb,true,0,2026-07-06T12:40:25+02:00,2026-07-06T12:42:24+02:00,119,results/20260709_casp15_casp16_unique_lt1000_msa-variants/_staging/chai1_msa/logs/T1137s9_chai1_msa.log,SHARED_MSA_A3M_FILE=results/20260709_casp15_casp16_unique_lt1000_msa-variants/_staging/chai1_msa/predictions/T1137s9/colabfold/T1137s9_qc_Yes_CASP15_8FEF_J_residue_27-289_seq_1-289_coverage_0.910035.a3m SHARED_MSA_DIR=results/20260709_casp15_casp16_unique_lt1000_msa-variants/_staging/chai1_msa/predictions/T1137s9/colabfold SHARED_MSA_METADATA_FILE=results/20260709_casp15_casp16_unique_lt1000_msa-variants/_staging/chai1_msa/metadata/prediction_manifest.csv bash runners/run_chai1_shared_msa.sh results/20260709_casp15_casp16_unique_lt1000_msa-variants/_staging/chai1_msa/sequences/T1137s9.fasta results/20260709_casp15_casp16_unique_lt1000_msa-variants/_staging/chai1_msa/predictions/T1137s9/chai1_msa 1,,Yes,Yes,prefiltered A1 protein target with mapped residue range,1.000000,1.000000,0.910035,263,289,high,mapped from mmCIF atom_site CA records; 26 aligned positions lack resolved CA atoms,All groups,A1,MceG complex PDB code 8fef,true,colabfold_mmseqs2,shared_precomputed_msa,,,,,,,false,false,true,117.9663998731412,2.604802925010717,0.00548379563160151,117.9663998731412,2.604802925010717,0.00548379563160151,,results/20260709_casp15_casp16_unique_lt1000_msa-variants/_staging/chai1_msa/predictions/T1137s9/colabfold/T1137s9_qc_Yes_CASP15_8FEF_J_residue_27-289_seq_1-289_coverage_0.910035.a3m,results/20260709_casp15_casp16_unique_lt1000_msa-variants/_staging/chai1_msa/predictions/T1137s9/colabfold,runner CodeCarbon output: results/20260709_casp15_casp16_unique_lt1000_msa-variants/_staging/chai1_msa/predictions/T1137s9/chai1_msa/carbon/T1137s9_chai1_msa_inference_emissions.csv,,,,,,,,,,,
T1145,T1145,CASP15,7UWW,A,34,665,1,635,635,635,chai1_msa,1,results/20260709_casp15_casp16_unique_lt1000_msa-variants/_staging/chai1_msa/sequences/T1145.fasta,results/20260709_casp15_casp16_unique_lt1000_msa-variants/_staging/chai1_msa/predictions/T1145/chai1_msa,results/20260709_casp15_casp16_unique_lt1000_msa-variants/_staging/chai1_msa/predictions/T1145/chai1_msa/rank_001.pdb,results/20260709_casp15_casp16_unique_lt1000_msa-variants/_staging/chai1_msa/predictions/T1145/chai1_msa/rank_001.pdb,true,0,2026-07-06T12:42:24+02:00,2026-07-06T12:46:44+02:00,260,results/20260709_casp15_casp16_unique_lt1000_msa-variants/_staging/chai1_msa/logs/T1145_chai1_msa.log,SHARED_MSA_A3M_FILE=results/20260709_casp15_casp16_unique_lt1000_msa-variants/_staging/chai1_msa/predictions/T1145/colabfold/T1145_qc_Check_CASP15_7UWW_A_residue_34-665_seq_1-635_coverage_0.995276.a3m SHARED_MSA_DIR=results/20260709_casp15_casp16_unique_lt1000_msa-variants/_staging/chai1_msa/predictions/T1145/colabfold SHARED_MSA_METADATA_FILE=results/20260709_casp15_casp16_unique_lt1000_msa-variants/_staging/chai1_msa/metadata/prediction_manifest.csv bash runners/run_chai1_shared_msa.sh results/20260709_casp15_casp16_unique_lt1000_msa-variants/_staging/chai1_msa/sequences/T1145.fasta results/20260709_casp15_casp16_unique_lt1000_msa-variants/_staging/chai1_msa/predictions/T1145/chai1_msa 1,,Check,Check,multiple equivalent chains match,1.000000,1.000000,0.995276,632,635,high,mapped from mmCIF atom_site CA records; 3 aligned positions lack resolved CA atoms,All groups,A1,Starch binding protein PDB code 7uww,true,colabfold_mmseqs2,shared_precomputed_msa,,,,,,,false,false,true,260.40959914401174,6.8835243160378585,0.014491630139027071,260.40959914401174,6.8835243160378585,0.014491630139027071,,results/20260709_casp15_casp16_unique_lt1000_msa-variants/_staging/chai1_msa/predictions/T1145/colabfold/T1145_qc_Check_CASP15_7UWW_A_residue_34-665_seq_1-635_coverage_0.995276.a3m,results/20260709_casp15_casp16_unique_lt1000_msa-variants/_staging/chai1_msa/predictions/T1145/colabfold,runner CodeCarbon output: results/20260709_casp15_casp16_unique_lt1000_msa-variants/_staging/chai1_msa/predictions/T1145/chai1_msa/carbon/T1145_chai1_msa_inference_emissions.csv,,,,,,,,,,,
T1147,T1147,CASP15,8EM5,A,12,103,1,103,103,103,chai1_msa,1,results/20260709_casp15_casp16_unique_lt1000_msa-variants/_staging/chai1_msa/sequences/T1147.fasta,results/20260709_casp15_casp16_unique_lt1000_msa-variants/_staging/chai1_msa/predictions/T1147/chai1_msa,results/20260709_casp15_casp16_unique_lt1000_msa-variants/_staging/chai1_msa/predictions/T1147/chai1_msa/rank_001.pdb,results/20260709_casp15_casp16_unique_lt1000_msa-variants/_staging/chai1_msa/predictions/T1147/chai1_msa/rank_001.pdb,true,0,2026-07-06T12:46:44+02:00,2026-07-06T12:48:13+02:00,89,results/20260709_casp15_casp16_unique_lt1000_msa-variants/_staging/chai1_msa/logs/T1147_chai1_msa.log,SHARED_MSA_A3M_FILE=results/20260709_casp15_casp16_unique_lt1000_msa-variants/_staging/chai1_msa/predictions/T1147/colabfold/T1147_qc_Check_CASP15_8EM5_A_residue_12-103_seq_1-103_coverage_0.893204.a3m SHARED_MSA_DIR=results/20260709_casp15_casp16_unique_lt1000_msa-variants/_staging/chai1_msa/predictions/T1147/colabfold SHARED_MSA_METADATA_FILE=results/20260709_casp15_casp16_unique_lt1000_msa-variants/_staging/chai1_msa/metadata/prediction_manifest.csv bash runners/run_chai1_shared_msa.sh results/20260709_casp15_casp16_unique_lt1000_msa-variants/_staging/chai1_msa/sequences/T1147.fasta results/20260709_casp15_casp16_unique_lt1000_msa-variants/_staging/chai1_msa/predictions/T1147/chai1_msa 1,,Check,Check,multiple equivalent chains match,1.000000,1.000000,0.893204,92,103,high,mapped from mmCIF atom_site CA records; 11 aligned positions lack resolved CA atoms,All groups,A1,"KEK_05752, MmpS5 PDB code 8em5",true,colabfold_mmseqs2,shared_precomputed_msa,,,,,,,false,false,true,88.93173746392131,1.7149712921135747,0.0036104658781338415,88.93173746392131,1.7149712921135747,0.0036104658781338415,,results/20260709_casp15_casp16_unique_lt1000_msa-variants/_staging/chai1_msa/predictions/T1147/colabfold/T1147_qc_Check_CASP15_8EM5_A_residue_12-103_seq_1-103_coverage_0.893204.a3m,results/20260709_casp15_casp16_unique_lt1000_msa-variants/_staging/chai1_msa/predictions/T1147/colabfold,runner CodeCarbon output: results/20260709_casp15_casp16_unique_lt1000_msa-variants/_staging/chai1_msa/predictions/T1147/chai1_msa/carbon/T1147_chai1_msa_inference_emissions.csv,,,,,,,,,,,
T1151s2,T1151s2,CASP15,8D5V,A,8,91,1,116,116,116,chai1_msa,1,results/20260709_casp15_casp16_unique_lt1000_msa-variants/_staging/chai1_msa/sequences/T1151s2.fasta,results/20260709_casp15_casp16_unique_lt1000_msa-variants/_staging/chai1_msa/predictions/T1151s2/chai1_msa,results/20260709_casp15_casp16_unique_lt1000_msa-variants/_staging/chai1_msa/predictions/T1151s2/chai1_msa/rank_001.pdb,results/20260709_casp15_casp16_unique_lt1000_msa-variants/_staging/chai1_msa/predictions/T1151s2/chai1_msa/rank_001.pdb,true,0,2026-07-06T12:48:13+02:00,2026-07-06T12:49:42+02:00,89,results/20260709_casp15_casp16_unique_lt1000_msa-variants/_staging/chai1_msa/logs/T1151s2_chai1_msa.log,SHARED_MSA_A3M_FILE=results/20260709_casp15_casp16_unique_lt1000_msa-variants/_staging/chai1_msa/predictions/T1151s2/colabfold/T1151s2_qc_Check_CASP15_8D5V_A_residue_8-91_seq_1-116_coverage_0.724138.a3m SHARED_MSA_DIR=results/20260709_casp15_casp16_unique_lt1000_msa-variants/_staging/chai1_msa/predictions/T1151s2/colabfold SHARED_MSA_METADATA_FILE=results/20260709_casp15_casp16_unique_lt1000_msa-variants/_staging/chai1_msa/metadata/prediction_manifest.csv bash runners/run_chai1_shared_msa.sh results/20260709_casp15_casp16_unique_lt1000_msa-variants/_staging/chai1_msa/sequences/T1151s2.fasta results/20260709_casp15_casp16_unique_lt1000_msa-variants/_staging/chai1_msa/predictions/T1151s2/chai1_msa 1,,Check,Check,reference coverage below threshold 0.724; multiple equivalent chains match,1.000000,1.000000,0.724138,84,116,high,mapped from mmCIF atom_site CA records; 32 aligned positions lack resolved CA atoms,All groups,A1,P9WF37 PDB code 8d5v,true,colabfold_mmseqs2,shared_precomputed_msa,,,,,,,false,false,true,88.41570145869628,1.7193838426281058,0.003619755458164433,88.41570145869628,1.7193838426281058,0.003619755458164433,,results/20260709_casp15_casp16_unique_lt1000_msa-variants/_staging/chai1_msa/predictions/T1151s2/colabfold/T1151s2_qc_Check_CASP15_8D5V_A_residue_8-91_seq_1-116_coverage_0.724138.a3m,results/20260709_casp15_casp16_unique_lt1000_msa-variants/_staging/chai1_msa/predictions/T1151s2/colabfold,runner CodeCarbon output: results/20260709_casp15_casp16_unique_lt1000_msa-variants/_staging/chai1_msa/predictions/T1151s2/chai1_msa/carbon/T1151s2_chai1_msa_inference_emissions.csv,,,,,,,,,,,
T1155,T1155,CASP15,8PBV,A,1,116,1,116,116,116,chai1_msa,1,results/20260709_casp15_casp16_unique_lt1000_msa-variants/_staging/chai1_msa/sequences/T1155.fasta,results/20260709_casp15_casp16_unique_lt1000_msa-variants/_staging/chai1_msa/predictions/T1155/chai1_msa,results/20260709_casp15_casp16_unique_lt1000_msa-variants/_staging/chai1_msa/predictions/T1155/chai1_msa/rank_001.pdb,results/20260709_casp15_casp16_unique_lt1000_msa-variants/_staging/chai1_msa/predictions/T1155/chai1_msa/rank_001.pdb,true,0,2026-07-06T12:49:42+02:00,2026-07-06T12:51:11+02:00,89,results/20260709_casp15_casp16_unique_lt1000_msa-variants/_staging/chai1_msa/logs/T1155_chai1_msa.log,SHARED_MSA_A3M_FILE=results/20260709_casp15_casp16_unique_lt1000_msa-variants/_staging/chai1_msa/predictions/T1155/colabfold/T1155_qc_Yes_CASP15_8PBV_A_residue_1-116_seq_1-116_coverage_1.000000.a3m SHARED_MSA_DIR=results/20260709_casp15_casp16_unique_lt1000_msa-variants/_staging/chai1_msa/predictions/T1155/colabfold SHARED_MSA_METADATA_FILE=results/20260709_casp15_casp16_unique_lt1000_msa-variants/_staging/chai1_msa/metadata/prediction_manifest.csv bash runners/run_chai1_shared_msa.sh results/20260709_casp15_casp16_unique_lt1000_msa-variants/_staging/chai1_msa/sequences/T1155.fasta results/20260709_casp15_casp16_unique_lt1000_msa-variants/_staging/chai1_msa/predictions/T1155/chai1_msa 1,,Yes,Yes,prefiltered A1 protein target with mapped residue range,1.000000,1.000000,1.000000,116,116,high,mapped from mmCIF atom_site CA records,All groups,A1,Uniprot Q8IN44 PDB code 8pbv,true,colabfold_mmseqs2,shared_precomputed_msa,,,,,,,false,false,true,89.01008784491569,1.7182864775509685,0.0036174452158967757,89.01008784491569,1.7182864775509685,0.0036174452158967757,,results/20260709_casp15_casp16_unique_lt1000_msa-variants/_staging/chai1_msa/predictions/T1155/colabfold/T1155_qc_Yes_CASP15_8PBV_A_residue_1-116_seq_1-116_coverage_1.000000.a3m,results/20260709_casp15_casp16_unique_lt1000_msa-variants/_staging/chai1_msa/predictions/T1155/colabfold,runner CodeCarbon output: results/20260709_casp15_casp16_unique_lt1000_msa-variants/_staging/chai1_msa/predictions/T1155/chai1_msa/carbon/T1155_chai1_msa_inference_emissions.csv,,,,,,,,,,,
T1157s2,T1157s2,CASP15,8PKO,B,21,484,1,495,495,495,chai1_msa,1,results/20260709_casp15_casp16_unique_lt1000_msa-variants/_staging/chai1_msa/sequences/T1157s2.fasta,results/20260709_casp15_casp16_unique_lt1000_msa-variants/_staging/chai1_msa/predictions/T1157s2/chai1_msa,results/20260709_casp15_casp16_unique_lt1000_msa-variants/_staging/chai1_msa/predictions/T1157s2/chai1_msa/rank_001.pdb,results/20260709_casp15_casp16_unique_lt1000_msa-variants/_staging/chai1_msa/predictions/T1157s2/chai1_msa/rank_001.pdb,true,0,2026-07-06T12:51:11+02:00,2026-07-06T12:53:50+02:00,159,results/20260709_casp15_casp16_unique_lt1000_msa-variants/_staging/chai1_msa/logs/T1157s2_chai1_msa.log,SHARED_MSA_A3M_FILE=results/20260709_casp15_casp16_unique_lt1000_msa-variants/_staging/chai1_msa/predictions/T1157s2/colabfold/T1157s2_qc_Yes_CASP15_8PKO_B_residue_21-484_seq_1-495_coverage_0.937374.a3m SHARED_MSA_DIR=results/20260709_casp15_casp16_unique_lt1000_msa-variants/_staging/chai1_msa/predictions/T1157s2/colabfold SHARED_MSA_METADATA_FILE=results/20260709_casp15_casp16_unique_lt1000_msa-variants/_staging/chai1_msa/metadata/prediction_manifest.csv bash runners/run_chai1_shared_msa.sh results/20260709_casp15_casp16_unique_lt1000_msa-variants/_staging/chai1_msa/sequences/T1157s2.fasta results/20260709_casp15_casp16_unique_lt1000_msa-variants/_staging/chai1_msa/predictions/T1157s2/chai1_msa 1,,Yes,Yes,prefiltered A1 protein target with mapped residue range,1.000000,1.000000,0.937374,464,495,high,mapped from mmCIF atom_site CA records; 31 aligned positions lack resolved CA atoms,All groups,A1,Complex of CtEDEM and CtPDI1P PDB code 8pko,true,colabfold_mmseqs2,shared_precomputed_msa,,,,,,,false,false,true,158.76762930117548,3.806414758160244,0.008013504754021567,158.76762930117548,3.806414758160244,0.008013504754021567,,results/20260709_casp15_casp16_unique_lt1000_msa-variants/_staging/chai1_msa/predictions/T1157s2/colabfold/T1157s2_qc_Yes_CASP15_8PKO_B_residue_21-484_seq_1-495_coverage_0.937374.a3m,results/20260709_casp15_casp16_unique_lt1000_msa-variants/_staging/chai1_msa/predictions/T1157s2/colabfold,runner CodeCarbon output: results/20260709_casp15_casp16_unique_lt1000_msa-variants/_staging/chai1_msa/predictions/T1157s2/chai1_msa/carbon/T1157s2_chai1_msa_inference_emissions.csv,,,,,,,,,,,
T1159,T1159,CASP15,7PZT,A,1,160,1,160,160,160,chai1_msa,1,results/20260709_casp15_casp16_unique_lt1000_msa-variants/_staging/chai1_msa/sequences/T1159.fasta,results/20260709_casp15_casp16_unique_lt1000_msa-variants/_staging/chai1_msa/predictions/T1159/chai1_msa,results/20260709_casp15_casp16_unique_lt1000_msa-variants/_staging/chai1_msa/predictions/T1159/chai1_msa/rank_001.pdb,results/20260709_casp15_casp16_unique_lt1000_msa-variants/_staging/chai1_msa/predictions/T1159/chai1_msa/rank_001.pdb,true,0,2026-07-06T12:53:50+02:00,2026-07-06T12:55:20+02:00,90,results/20260709_casp15_casp16_unique_lt1000_msa-variants/_staging/chai1_msa/logs/T1159_chai1_msa.log,SHARED_MSA_A3M_FILE=results/20260709_casp15_casp16_unique_lt1000_msa-variants/_staging/chai1_msa/predictions/T1159/colabfold/T1159_qc_Check_CASP15_7PZT_A_residue_1-160_seq_1-160_coverage_1.000000.a3m SHARED_MSA_DIR=results/20260709_casp15_casp16_unique_lt1000_msa-variants/_staging/chai1_msa/predictions/T1159/colabfold SHARED_MSA_METADATA_FILE=results/20260709_casp15_casp16_unique_lt1000_msa-variants/_staging/chai1_msa/metadata/prediction_manifest.csv bash runners/run_chai1_shared_msa.sh results/20260709_casp15_casp16_unique_lt1000_msa-variants/_staging/chai1_msa/sequences/T1159.fasta results/20260709_casp15_casp16_unique_lt1000_msa-variants/_staging/chai1_msa/predictions/T1159/chai1_msa 1,,Check,Check,multiple equivalent chains match,1.000000,1.000000,1.000000,160,160,high,mapped from mmCIF atom_site CA records,All groups,A1,TecA tgat PDB code 7pzt,true,colabfold_mmseqs2,shared_precomputed_msa,,,,,,,false,false,true,89.5282040569,1.7354711598168637,0.003653623494351292,89.5282040569,1.7354711598168637,0.003653623494351292,,results/20260709_casp15_casp16_unique_lt1000_msa-variants/_staging/chai1_msa/predictions/T1159/colabfold/T1159_qc_Check_CASP15_7PZT_A_residue_1-160_seq_1-160_coverage_1.000000.a3m,results/20260709_casp15_casp16_unique_lt1000_msa-variants/_staging/chai1_msa/predictions/T1159/colabfold,runner CodeCarbon output: results/20260709_casp15_casp16_unique_lt1000_msa-variants/_staging/chai1_msa/predictions/T1159/chai1_msa/carbon/T1159_chai1_msa_inference_emissions.csv,,,,,,,,,,,
T1183,T1183,CASP15,8IFX,B,1,195,1,200,200,200,chai1_msa,1,results/20260709_casp15_casp16_unique_lt1000_msa-variants/_staging/chai1_msa/sequences/T1183.fasta,results/20260709_casp15_casp16_unique_lt1000_msa-variants/_staging/chai1_msa/predictions/T1183/chai1_msa,results/20260709_casp15_casp16_unique_lt1000_msa-variants/_staging/chai1_msa/predictions/T1183/chai1_msa/rank_001.pdb,results/20260709_casp15_casp16_unique_lt1000_msa-variants/_staging/chai1_msa/predictions/T1183/chai1_msa/rank_001.pdb,true,0,2026-07-06T12:55:20+02:00,2026-07-06T12:56:49+02:00,90,results/20260709_casp15_casp16_unique_lt1000_msa-variants/_staging/chai1_msa/logs/T1183_chai1_msa.log,SHARED_MSA_A3M_FILE=results/20260709_casp15_casp16_unique_lt1000_msa-variants/_staging/chai1_msa/predictions/T1183/colabfold/T1183_qc_Yes_CASP15_8IFX_B_residue_1-195_seq_1-200_coverage_0.975000.a3m SHARED_MSA_DIR=results/20260709_casp15_casp16_unique_lt1000_msa-variants/_staging/chai1_msa/predictions/T1183/colabfold SHARED_MSA_METADATA_FILE=results/20260709_casp15_casp16_unique_lt1000_msa-variants/_staging/chai1_msa/metadata/prediction_manifest.csv bash runners/run_chai1_shared_msa.sh results/20260709_casp15_casp16_unique_lt1000_msa-variants/_staging/chai1_msa/sequences/T1183.fasta results/20260709_casp15_casp16_unique_lt1000_msa-variants/_staging/chai1_msa/predictions/T1183/chai1_msa 1,,Yes,Yes,prefiltered A1 protein target with mapped residue range,1.000000,1.000000,0.975000,195,200,high,mapped from mmCIF atom_site CA records; 5 aligned positions lack resolved CA atoms,All groups,A1,TsaB PDB code 8ifx,true,colabfold_mmseqs2,shared_precomputed_msa,,,,,,,false,false,true,89.42620574589819,1.735685496307351,0.0036540747290681073,89.42620574589819,1.735685496307351,0.0036540747290681073,,results/20260709_casp15_casp16_unique_lt1000_msa-variants/_staging/chai1_msa/predictions/T1183/colabfold/T1183_qc_Yes_CASP15_8IFX_B_residue_1-195_seq_1-200_coverage_0.975000.a3m,results/20260709_casp15_casp16_unique_lt1000_msa-variants/_staging/chai1_msa/predictions/T1183/colabfold,runner CodeCarbon output: results/20260709_casp15_casp16_unique_lt1000_msa-variants/_staging/chai1_msa/predictions/T1183/chai1_msa/carbon/T1183_chai1_msa_inference_emissions.csv,,,,,,,,,,,
T1185s1,T1185s1,CASP15,8OUY,A,4,73,1,350,350,350,chai1_msa,1,results/20260709_casp15_casp16_unique_lt1000_msa-variants/_staging/chai1_msa/sequences/T1185s1.fasta,results/20260709_casp15_casp16_unique_lt1000_msa-variants/_staging/chai1_msa/predictions/T1185s1/chai1_msa,results/20260709_casp15_casp16_unique_lt1000_msa-variants/_staging/chai1_msa/predictions/T1185s1/chai1_msa/rank_001.pdb,results/20260709_casp15_casp16_unique_lt1000_msa-variants/_staging/chai1_msa/predictions/T1185s1/chai1_msa/rank_001.pdb,true,0,2026-07-06T12:56:50+02:00,2026-07-06T12:58:49+02:00,119,results/20260709_casp15_casp16_unique_lt1000_msa-variants/_staging/chai1_msa/logs/T1185s1_chai1_msa.log,SHARED_MSA_A3M_FILE=results/20260709_casp15_casp16_unique_lt1000_msa-variants/_staging/chai1_msa/predictions/T1185s1/colabfold/T1185s1_qc_Check_CASP15_8OUY_A_residue_4-73_seq_1-350_coverage_0.200000.a3m SHARED_MSA_DIR=results/20260709_casp15_casp16_unique_lt1000_msa-variants/_staging/chai1_msa/predictions/T1185s1/colabfold SHARED_MSA_METADATA_FILE=results/20260709_casp15_casp16_unique_lt1000_msa-variants/_staging/chai1_msa/metadata/prediction_manifest.csv bash runners/run_chai1_shared_msa.sh results/20260709_casp15_casp16_unique_lt1000_msa-variants/_staging/chai1_msa/sequences/T1185s1.fasta results/20260709_casp15_casp16_unique_lt1000_msa-variants/_staging/chai1_msa/predictions/T1185s1/chai1_msa 1,,Check,Check,reference coverage below threshold 0.200,1.000000,1.000000,0.200000,70,350,high,mapped from mmCIF atom_site CA records; 280 aligned positions lack resolved CA atoms,All groups,A1,BCDX2 PDB code 8ouy,true,colabfold_mmseqs2,shared_precomputed_msa,,,,,,,false,false,true,119.16305981623009,2.6086573213999285,0.005491910150315639,119.16305981623009,2.6086573213999285,0.005491910150315639,,results/20260709_casp15_casp16_unique_lt1000_msa-variants/_staging/chai1_msa/predictions/T1185s1/colabfold/T1185s1_qc_Check_CASP15_8OUY_A_residue_4-73_seq_1-350_coverage_0.200000.a3m,results/20260709_casp15_casp16_unique_lt1000_msa-variants/_staging/chai1_msa/predictions/T1185s1/colabfold,runner CodeCarbon output: results/20260709_casp15_casp16_unique_lt1000_msa-variants/_staging/chai1_msa/predictions/T1185s1/chai1_msa/carbon/T1185s1_chai1_msa_inference_emissions.csv,,,,,,,,,,,
T1185s2,T1185s2,CASP15,8OUY,B,10,349,1,376,376,376,chai1_msa,1,results/20260709_casp15_casp16_unique_lt1000_msa-variants/_staging/chai1_msa/sequences/T1185s2.fasta,results/20260709_casp15_casp16_unique_lt1000_msa-variants/_staging/chai1_msa/predictions/T1185s2/chai1_msa,results/20260709_casp15_casp16_unique_lt1000_msa-variants/_staging/chai1_msa/predictions/T1185s2/chai1_msa/rank_001.pdb,results/20260709_casp15_casp16_unique_lt1000_msa-variants/_staging/chai1_msa/predictions/T1185s2/chai1_msa/rank_001.pdb,true,0,2026-07-06T12:58:49+02:00,2026-07-06T13:00:49+02:00,120,results/20260709_casp15_casp16_unique_lt1000_msa-variants/_staging/chai1_msa/logs/T1185s2_chai1_msa.log,SHARED_MSA_A3M_FILE=results/20260709_casp15_casp16_unique_lt1000_msa-variants/_staging/chai1_msa/predictions/T1185s2/colabfold/T1185s2_qc_Yes_CASP15_8OUY_B_residue_10-349_seq_1-376_coverage_0.832447.a3m SHARED_MSA_DIR=results/20260709_casp15_casp16_unique_lt1000_msa-variants/_staging/chai1_msa/predictions/T1185s2/colabfold SHARED_MSA_METADATA_FILE=results/20260709_casp15_casp16_unique_lt1000_msa-variants/_staging/chai1_msa/metadata/prediction_manifest.csv bash runners/run_chai1_shared_msa.sh results/20260709_casp15_casp16_unique_lt1000_msa-variants/_staging/chai1_msa/sequences/T1185s2.fasta results/20260709_casp15_casp16_unique_lt1000_msa-variants/_staging/chai1_msa/predictions/T1185s2/chai1_msa 1,,Yes,Yes,prefiltered A1 protein target with mapped residue range,1.000000,1.000000,0.832447,313,376,high,mapped from mmCIF atom_site CA records; 63 aligned positions lack resolved CA atoms,All groups,A1,BCDX2 PDB code 8ouy,true,colabfold_mmseqs2,shared_precomputed_msa,,,,,,,false,false,true,119.5303642237559,2.644573964231696,0.005567524135224623,119.5303642237559,2.644573964231696,0.005567524135224623,,results/20260709_casp15_casp16_unique_lt1000_msa-variants/_staging/chai1_msa/predictions/T1185s2/colabfold/T1185s2_qc_Yes_CASP15_8OUY_B_residue_10-349_seq_1-376_coverage_0.832447.a3m,results/20260709_casp15_casp16_unique_lt1000_msa-variants/_staging/chai1_msa/predictions/T1185s2/colabfold,runner CodeCarbon output: results/20260709_casp15_casp16_unique_lt1000_msa-variants/_staging/chai1_msa/predictions/T1185s2/chai1_msa/carbon/T1185s2_chai1_msa_inference_emissions.csv,,,,,,,,,,,
T1185s4,T1185s4,CASP15,8OUY,D,20,280,1,280,280,280,chai1_msa,1,results/20260709_casp15_casp16_unique_lt1000_msa-variants/_staging/chai1_msa/sequences/T1185s4.fasta,results/20260709_casp15_casp16_unique_lt1000_msa-variants/_staging/chai1_msa/predictions/T1185s4/chai1_msa,results/20260709_casp15_casp16_unique_lt1000_msa-variants/_staging/chai1_msa/predictions/T1185s4/chai1_msa/rank_001.pdb,results/20260709_casp15_casp16_unique_lt1000_msa-variants/_staging/chai1_msa/predictions/T1185s4/chai1_msa/rank_001.pdb,true,0,2026-07-06T13:00:49+02:00,2026-07-06T13:02:47+02:00,118,results/20260709_casp15_casp16_unique_lt1000_msa-variants/_staging/chai1_msa/logs/T1185s4_chai1_msa.log,SHARED_MSA_A3M_FILE=results/20260709_casp15_casp16_unique_lt1000_msa-variants/_staging/chai1_msa/predictions/T1185s4/colabfold/T1185s4_qc_Yes_CASP15_8OUY_D_residue_20-280_seq_1-280_coverage_0.838710.a3m SHARED_MSA_DIR=results/20260709_casp15_casp16_unique_lt1000_msa-variants/_staging/chai1_msa/predictions/T1185s4/colabfold SHARED_MSA_METADATA_FILE=results/20260709_casp15_casp16_unique_lt1000_msa-variants/_staging/chai1_msa/metadata/prediction_manifest.csv bash runners/run_chai1_shared_msa.sh results/20260709_casp15_casp16_unique_lt1000_msa-variants/_staging/chai1_msa/sequences/T1185s4.fasta results/20260709_casp15_casp16_unique_lt1000_msa-variants/_staging/chai1_msa/predictions/T1185s4/chai1_msa 1,,Yes,Yes,prefiltered A1 protein target with mapped residue range,1.000000,0.996429,0.838710,234,279,high,mapped from mmCIF atom_site CA records; 45 aligned positions lack resolved CA atoms,All groups,A1,BCDX2 PDB code 8ouy,true,colabfold_mmseqs2,shared_precomputed_msa,,,,,,,false,false,true,118.62162549514323,2.6242432230491604,0.005524722574840338,118.62162549514323,2.6242432230491604,0.005524722574840338,,results/20260709_casp15_casp16_unique_lt1000_msa-variants/_staging/chai1_msa/predictions/T1185s4/colabfold/T1185s4_qc_Yes_CASP15_8OUY_D_residue_20-280_seq_1-280_coverage_0.838710.a3m,results/20260709_casp15_casp16_unique_lt1000_msa-variants/_staging/chai1_msa/predictions/T1185s4/colabfold,runner CodeCarbon output: results/20260709_casp15_casp16_unique_lt1000_msa-variants/_staging/chai1_msa/predictions/T1185s4/chai1_msa/carbon/T1185s4_chai1_msa_inference_emissions.csv,,,,,,,,,,,
T1194,T1194,CASP15,8OKH,A,22,185,1,168,168,168,chai1_msa,1,results/20260709_casp15_casp16_unique_lt1000_msa-variants/_staging/chai1_msa/sequences/T1194.fasta,results/20260709_casp15_casp16_unique_lt1000_msa-variants/_staging/chai1_msa/predictions/T1194/chai1_msa,results/20260709_casp15_casp16_unique_lt1000_msa-variants/_staging/chai1_msa/predictions/T1194/chai1_msa/rank_001.pdb,results/20260709_casp15_casp16_unique_lt1000_msa-variants/_staging/chai1_msa/predictions/T1194/chai1_msa/rank_001.pdb,true,0,2026-07-06T13:02:48+02:00,2026-07-06T13:04:17+02:00,89,results/20260709_casp15_casp16_unique_lt1000_msa-variants/_staging/chai1_msa/logs/T1194_chai1_msa.log,SHARED_MSA_A3M_FILE=results/20260709_casp15_casp16_unique_lt1000_msa-variants/_staging/chai1_msa/predictions/T1194/colabfold/T1194_qc_Check_CASP15_8OKH_A_residue_22-185_seq_1-168_coverage_0.982036.a3m SHARED_MSA_DIR=results/20260709_casp15_casp16_unique_lt1000_msa-variants/_staging/chai1_msa/predictions/T1194/colabfold SHARED_MSA_METADATA_FILE=results/20260709_casp15_casp16_unique_lt1000_msa-variants/_staging/chai1_msa/metadata/prediction_manifest.csv bash runners/run_chai1_shared_msa.sh results/20260709_casp15_casp16_unique_lt1000_msa-variants/_staging/chai1_msa/sequences/T1194.fasta results/20260709_casp15_casp16_unique_lt1000_msa-variants/_staging/chai1_msa/predictions/T1194/chai1_msa 1,,Check,Check,multiple equivalent chains match,1.000000,0.994048,0.982036,164,167,high,mapped from mmCIF atom_site CA records; 3 aligned positions lack resolved CA atoms,All groups,A1,Bd1399 PDB code 8okh,true,colabfold_mmseqs2,shared_precomputed_msa,,,,,,,false,false,true,89.11282166931778,1.7291162200596966,0.0036402446738098876,89.11282166931778,1.7291162200596966,0.0036402446738098876,,results/20260709_casp15_casp16_unique_lt1000_msa-variants/_staging/chai1_msa/predictions/T1194/colabfold/T1194_qc_Check_CASP15_8OKH_A_residue_22-185_seq_1-168_coverage_0.982036.a3m,results/20260709_casp15_casp16_unique_lt1000_msa-variants/_staging/chai1_msa/predictions/T1194/colabfold,runner CodeCarbon output: results/20260709_casp15_casp16_unique_lt1000_msa-variants/_staging/chai1_msa/predictions/T1194/chai1_msa/carbon/T1194_chai1_msa_inference_emissions.csv,,,,,,,,,,,
T1212,T1212,CASP16,9B0L,P,53,518,1,466,466,466,chai1_msa,1,results/20260709_casp15_casp16_unique_lt1000_msa-variants/_staging/chai1_msa/sequences/T1212.fasta,results/20260709_casp15_casp16_unique_lt1000_msa-variants/_staging/chai1_msa/predictions/T1212/chai1_msa,results/20260709_casp15_casp16_unique_lt1000_msa-variants/_staging/chai1_msa/predictions/T1212/chai1_msa/rank_001.pdb,results/20260709_casp15_casp16_unique_lt1000_msa-variants/_staging/chai1_msa/predictions/T1212/chai1_msa/rank_001.pdb,true,0,2026-07-06T13:04:17+02:00,2026-07-06T13:06:56+02:00,159,results/20260709_casp15_casp16_unique_lt1000_msa-variants/_staging/chai1_msa/logs/T1212_chai1_msa.log,SHARED_MSA_A3M_FILE=results/20260709_casp15_casp16_unique_lt1000_msa-variants/_staging/chai1_msa/predictions/T1212/colabfold/T1212_qc_Check_CASP16_9B0L_P_residue_53-518_seq_1-466_coverage_1.000000.a3m SHARED_MSA_DIR=results/20260709_casp15_casp16_unique_lt1000_msa-variants/_staging/chai1_msa/predictions/T1212/colabfold SHARED_MSA_METADATA_FILE=results/20260709_casp15_casp16_unique_lt1000_msa-variants/_staging/chai1_msa/metadata/prediction_manifest.csv bash runners/run_chai1_shared_msa.sh results/20260709_casp15_casp16_unique_lt1000_msa-variants/_staging/chai1_msa/sequences/T1212.fasta results/20260709_casp15_casp16_unique_lt1000_msa-variants/_staging/chai1_msa/predictions/T1212/chai1_msa 1,,Check,Check,multiple equivalent chains match,1.000000,1.000000,1.000000,466,466,high,mapped from mmCIF atom_site CA records,Prot,A1,Fanzor2 ternary structure PDB code 9b0l protein subunit of M1212,true,colabfold_mmseqs2,shared_precomputed_msa,,,,,,,false,false,true,158.95961501123384,3.7953340643418216,0.00799017697756173,158.95961501123384,3.7953340643418216,0.00799017697756173,,results/20260709_casp15_casp16_unique_lt1000_msa-variants/_staging/chai1_msa/predictions/T1212/colabfold/T1212_qc_Check_CASP16_9B0L_P_residue_53-518_seq_1-466_coverage_1.000000.a3m,results/20260709_casp15_casp16_unique_lt1000_msa-variants/_staging/chai1_msa/predictions/T1212/colabfold,runner CodeCarbon output: results/20260709_casp15_casp16_unique_lt1000_msa-variants/_staging/chai1_msa/predictions/T1212/chai1_msa/carbon/T1212_chai1_msa_inference_emissions.csv,,,,,,,,,,,
T1227s1,T1227s1,CASP16,9N8W,A,27,418,1,427,427,427,chai1_msa,1,results/20260709_casp15_casp16_unique_lt1000_msa-variants/_staging/chai1_msa/sequences/T1227s1.fasta,results/20260709_casp15_casp16_unique_lt1000_msa-variants/_staging/chai1_msa/predictions/T1227s1/chai1_msa,results/20260709_casp15_casp16_unique_lt1000_msa-variants/_staging/chai1_msa/predictions/T1227s1/chai1_msa/rank_001.pdb,results/20260709_casp15_casp16_unique_lt1000_msa-variants/_staging/chai1_msa/predictions/T1227s1/chai1_msa/rank_001.pdb,true,0,2026-07-06T13:06:56+02:00,2026-07-06T13:09:34+02:00,158,results/20260709_casp15_casp16_unique_lt1000_msa-variants/_staging/chai1_msa/logs/T1227s1_chai1_msa.log,SHARED_MSA_A3M_FILE=results/20260709_casp15_casp16_unique_lt1000_msa-variants/_staging/chai1_msa/predictions/T1227s1/colabfold/T1227s1_qc_Yes_CASP16_9N8W_A_residue_27-418_seq_1-427_coverage_0.918033.a3m SHARED_MSA_DIR=results/20260709_casp15_casp16_unique_lt1000_msa-variants/_staging/chai1_msa/predictions/T1227s1/colabfold SHARED_MSA_METADATA_FILE=results/20260709_casp15_casp16_unique_lt1000_msa-variants/_staging/chai1_msa/metadata/prediction_manifest.csv bash runners/run_chai1_shared_msa.sh results/20260709_casp15_casp16_unique_lt1000_msa-variants/_staging/chai1_msa/sequences/T1227s1.fasta results/20260709_casp15_casp16_unique_lt1000_msa-variants/_staging/chai1_msa/predictions/T1227s1/chai1_msa 1,,Yes,Yes,prefiltered A1 protein target with mapped residue range,1.000000,1.000000,0.918033,392,427,high,mapped from mmCIF atom_site CA records; 35 aligned positions lack resolved CA atoms,Prot,A1,LetA (P0AD03) and LetB (P76272) PDB code 9n8w,true,colabfold_mmseqs2,shared_precomputed_msa,,,,,,,false,false,true,157.90895550418645,3.7690758713730004,0.00793489657131158,157.90895550418645,3.7690758713730004,0.00793489657131158,,results/20260709_casp15_casp16_unique_lt1000_msa-variants/_staging/chai1_msa/predictions/T1227s1/colabfold/T1227s1_qc_Yes_CASP16_9N8W_A_residue_27-418_seq_1-427_coverage_0.918033.a3m,results/20260709_casp15_casp16_unique_lt1000_msa-variants/_staging/chai1_msa/predictions/T1227s1/colabfold,runner CodeCarbon output: results/20260709_casp15_casp16_unique_lt1000_msa-variants/_staging/chai1_msa/predictions/T1227s1/chai1_msa/carbon/T1227s1_chai1_msa_inference_emissions.csv,,,,,,,,,,,
T1266,T1266,CASP16,8QFB,A,563,860,1,336,336,336,chai1_msa,1,results/20260709_casp15_casp16_unique_lt1000_msa-variants/_staging/chai1_msa/sequences/T1266.fasta,results/20260709_casp15_casp16_unique_lt1000_msa-variants/_staging/chai1_msa/predictions/T1266/chai1_msa,results/20260709_casp15_casp16_unique_lt1000_msa-variants/_staging/chai1_msa/predictions/T1266/chai1_msa/rank_001.pdb,results/20260709_casp15_casp16_unique_lt1000_msa-variants/_staging/chai1_msa/predictions/T1266/chai1_msa/rank_001.pdb,true,0,2026-07-06T13:09:34+02:00,2026-07-06T13:11:33+02:00,119,results/20260709_casp15_casp16_unique_lt1000_msa-variants/_staging/chai1_msa/logs/T1266_chai1_msa.log,SHARED_MSA_A3M_FILE=results/20260709_casp15_casp16_unique_lt1000_msa-variants/_staging/chai1_msa/predictions/T1266/colabfold/T1266_qc_Check_CASP16_8QFB_A_residue_563-860_seq_1-336_coverage_0.886905.a3m SHARED_MSA_DIR=results/20260709_casp15_casp16_unique_lt1000_msa-variants/_staging/chai1_msa/predictions/T1266/colabfold SHARED_MSA_METADATA_FILE=results/20260709_casp15_casp16_unique_lt1000_msa-variants/_staging/chai1_msa/metadata/prediction_manifest.csv bash runners/run_chai1_shared_msa.sh results/20260709_casp15_casp16_unique_lt1000_msa-variants/_staging/chai1_msa/sequences/T1266.fasta results/20260709_casp15_casp16_unique_lt1000_msa-variants/_staging/chai1_msa/predictions/T1266/chai1_msa 1,,Check,Check,multiple equivalent chains match,1.000000,1.000000,0.886905,298,336,high,mapped from mmCIF atom_site CA records; 38 aligned positions lack resolved CA atoms,Prot,A1,Q99549 PDB code 8qfb,true,colabfold_mmseqs2,shared_precomputed_msa,,,,,,,false,false,true,118.74858270585537,2.6227521406867336,0.005521583454077334,118.74858270585537,2.6227521406867336,0.005521583454077334,,results/20260709_casp15_casp16_unique_lt1000_msa-variants/_staging/chai1_msa/predictions/T1266/colabfold/T1266_qc_Check_CASP16_8QFB_A_residue_563-860_seq_1-336_coverage_0.886905.a3m,results/20260709_casp15_casp16_unique_lt1000_msa-variants/_staging/chai1_msa/predictions/T1266/colabfold,runner CodeCarbon output: results/20260709_casp15_casp16_unique_lt1000_msa-variants/_staging/chai1_msa/predictions/T1266/chai1_msa/carbon/T1266_chai1_msa_inference_emissions.csv,,,,,,,,,,,
T1272s2,T1272s2,CASP16,9C3C,a,25,350,1,363,363,363,chai1_msa,1,results/20260709_casp15_casp16_unique_lt1000_msa-variants/_staging/chai1_msa/sequences/T1272s2.fasta,results/20260709_casp15_casp16_unique_lt1000_msa-variants/_staging/chai1_msa/predictions/T1272s2/chai1_msa,results/20260709_casp15_casp16_unique_lt1000_msa-variants/_staging/chai1_msa/predictions/T1272s2/chai1_msa/rank_001.pdb,results/20260709_casp15_casp16_unique_lt1000_msa-variants/_staging/chai1_msa/predictions/T1272s2/chai1_msa/rank_001.pdb,true,0,2026-07-06T13:11:33+02:00,2026-07-06T13:13:32+02:00,119,results/20260709_casp15_casp16_unique_lt1000_msa-variants/_staging/chai1_msa/logs/T1272s2_chai1_msa.log,SHARED_MSA_A3M_FILE=results/20260709_casp15_casp16_unique_lt1000_msa-variants/_staging/chai1_msa/predictions/T1272s2/colabfold/T1272s2_qc_Check_CASP16_9C3C_a_residue_25-350_seq_1-363_coverage_0.972393.a3m SHARED_MSA_DIR=results/20260709_casp15_casp16_unique_lt1000_msa-variants/_staging/chai1_msa/predictions/T1272s2/colabfold SHARED_MSA_METADATA_FILE=results/20260709_casp15_casp16_unique_lt1000_msa-variants/_staging/chai1_msa/metadata/prediction_manifest.csv bash runners/run_chai1_shared_msa.sh results/20260709_casp15_casp16_unique_lt1000_msa-variants/_staging/chai1_msa/sequences/T1272s2.fasta results/20260709_casp15_casp16_unique_lt1000_msa-variants/_staging/chai1_msa/predictions/T1272s2/chai1_msa 1,,Check,Check,multiple equivalent chains match,1.000000,0.898072,0.972393,317,326,medium,mapped from mmCIF atom_site CA records; 9 aligned positions lack resolved CA atoms,Prot,A1,dystrophin-glycoprotein complex (DGC) PDB code 9c3c,true,colabfold_mmseqs2,shared_precomputed_msa,,,,,,,false,false,true,119.21687102876604,2.6279702904214575,0.005532569032466226,119.21687102876604,2.6279702904214575,0.005532569032466226,,results/20260709_casp15_casp16_unique_lt1000_msa-variants/_staging/chai1_msa/predictions/T1272s2/colabfold/T1272s2_qc_Check_CASP16_9C3C_a_residue_25-350_seq_1-363_coverage_0.972393.a3m,results/20260709_casp15_casp16_unique_lt1000_msa-variants/_staging/chai1_msa/predictions/T1272s2/colabfold,runner CodeCarbon output: results/20260709_casp15_casp16_unique_lt1000_msa-variants/_staging/chai1_msa/predictions/T1272s2/chai1_msa/carbon/T1272s2_chai1_msa_inference_emissions.csv,,,,,,,,,,,
T1272s3,T1272s3,CASP16,9C3C,b,57,318,1,318,318,318,chai1_msa,1,results/20260709_casp15_casp16_unique_lt1000_msa-variants/_staging/chai1_msa/sequences/T1272s3.fasta,results/20260709_casp15_casp16_unique_lt1000_msa-variants/_staging/chai1_msa/predictions/T1272s3/chai1_msa,results/20260709_casp15_casp16_unique_lt1000_msa-variants/_staging/chai1_msa/predictions/T1272s3/chai1_msa/rank_001.pdb,results/20260709_casp15_casp16_unique_lt1000_msa-variants/_staging/chai1_msa/predictions/T1272s3/chai1_msa/rank_001.pdb,true,0,2026-07-06T13:13:33+02:00,2026-07-06T13:15:31+02:00,118,results/20260709_casp15_casp16_unique_lt1000_msa-variants/_staging/chai1_msa/logs/T1272s3_chai1_msa.log,SHARED_MSA_A3M_FILE=results/20260709_casp15_casp16_unique_lt1000_msa-variants/_staging/chai1_msa/predictions/T1272s3/colabfold/T1272s3_qc_Check_CASP16_9C3C_b_residue_57-318_seq_1-318_coverage_0.823899.a3m SHARED_MSA_DIR=results/20260709_casp15_casp16_unique_lt1000_msa-variants/_staging/chai1_msa/predictions/T1272s3/colabfold SHARED_MSA_METADATA_FILE=results/20260709_casp15_casp16_unique_lt1000_msa-variants/_staging/chai1_msa/metadata/prediction_manifest.csv bash runners/run_chai1_shared_msa.sh results/20260709_casp15_casp16_unique_lt1000_msa-variants/_staging/chai1_msa/sequences/T1272s3.fasta results/20260709_casp15_casp16_unique_lt1000_msa-variants/_staging/chai1_msa/predictions/T1272s3/chai1_msa 1,,Check,Check,multiple equivalent chains match,1.000000,1.000000,0.823899,262,318,high,mapped from mmCIF atom_site CA records; 56 aligned positions lack resolved CA atoms,Prot,A1,dystrophin-glycoprotein complex (DGC) PDB code 9c3c,true,colabfold_mmseqs2,shared_precomputed_msa,,,,,,,false,false,true,118.6319447918795,2.6162044968870197,0.005507798940814778,118.6319447918795,2.6162044968870197,0.005507798940814778,,results/20260709_casp15_casp16_unique_lt1000_msa-variants/_staging/chai1_msa/predictions/T1272s3/colabfold/T1272s3_qc_Check_CASP16_9C3C_b_residue_57-318_seq_1-318_coverage_0.823899.a3m,results/20260709_casp15_casp16_unique_lt1000_msa-variants/_staging/chai1_msa/predictions/T1272s3/colabfold,runner CodeCarbon output: results/20260709_casp15_casp16_unique_lt1000_msa-variants/_staging/chai1_msa/predictions/T1272s3/chai1_msa/carbon/T1272s3_chai1_msa_inference_emissions.csv,,,,,,,,,,,
T1272s4,T1272s4,CASP16,9C3C,d,21,289,1,289,289,289,chai1_msa,1,results/20260709_casp15_casp16_unique_lt1000_msa-variants/_staging/chai1_msa/sequences/T1272s4.fasta,results/20260709_casp15_casp16_unique_lt1000_msa-variants/_staging/chai1_msa/predictions/T1272s4/chai1_msa,results/20260709_casp15_casp16_unique_lt1000_msa-variants/_staging/chai1_msa/predictions/T1272s4/chai1_msa/rank_001.pdb,results/20260709_casp15_casp16_unique_lt1000_msa-variants/_staging/chai1_msa/predictions/T1272s4/chai1_msa/rank_001.pdb,true,0,2026-07-06T13:15:31+02:00,2026-07-06T13:17:29+02:00,118,results/20260709_casp15_casp16_unique_lt1000_msa-variants/_staging/chai1_msa/logs/T1272s4_chai1_msa.log,SHARED_MSA_A3M_FILE=results/20260709_casp15_casp16_unique_lt1000_msa-variants/_staging/chai1_msa/predictions/T1272s4/colabfold/T1272s4_qc_Check_CASP16_9C3C_d_residue_21-289_seq_1-289_coverage_0.930796.a3m SHARED_MSA_DIR=results/20260709_casp15_casp16_unique_lt1000_msa-variants/_staging/chai1_msa/predictions/T1272s4/colabfold SHARED_MSA_METADATA_FILE=results/20260709_casp15_casp16_unique_lt1000_msa-variants/_staging/chai1_msa/metadata/prediction_manifest.csv bash runners/run_chai1_shared_msa.sh results/20260709_casp15_casp16_unique_lt1000_msa-variants/_staging/chai1_msa/sequences/T1272s4.fasta results/20260709_casp15_casp16_unique_lt1000_msa-variants/_staging/chai1_msa/predictions/T1272s4/chai1_msa 1,,Check,Check,multiple equivalent chains match,1.000000,1.000000,0.930796,269,289,high,mapped from mmCIF atom_site CA records; 20 aligned positions lack resolved CA atoms,Prot,A1,dystrophin-glycoprotein complex (DGC) PDB code 9c3c,true,colabfold_mmseqs2,shared_precomputed_msa,,,,,,,false,false,true,117.94674651138484,2.6015502021804036,0.0054769477940640075,117.94674651138484,2.6015502021804036,0.0054769477940640075,,results/20260709_casp15_casp16_unique_lt1000_msa-variants/_staging/chai1_msa/predictions/T1272s4/colabfold/T1272s4_qc_Check_CASP16_9C3C_d_residue_21-289_seq_1-289_coverage_0.930796.a3m,results/20260709_casp15_casp16_unique_lt1000_msa-variants/_staging/chai1_msa/predictions/T1272s4/colabfold,runner CodeCarbon output: results/20260709_casp15_casp16_unique_lt1000_msa-variants/_staging/chai1_msa/predictions/T1272s4/chai1_msa/carbon/T1272s4_chai1_msa_inference_emissions.csv,,,,,,,,,,,
T1272s5,T1272s5,CASP16,9C3C,g,28,291,1,291,291,291,chai1_msa,1,results/20260709_casp15_casp16_unique_lt1000_msa-variants/_staging/chai1_msa/sequences/T1272s5.fasta,results/20260709_casp15_casp16_unique_lt1000_msa-variants/_staging/chai1_msa/predictions/T1272s5/chai1_msa,results/20260709_casp15_casp16_unique_lt1000_msa-variants/_staging/chai1_msa/predictions/T1272s5/chai1_msa/rank_001.pdb,results/20260709_casp15_casp16_unique_lt1000_msa-variants/_staging/chai1_msa/predictions/T1272s5/chai1_msa/rank_001.pdb,true,0,2026-07-06T13:17:30+02:00,2026-07-06T13:19:28+02:00,118,results/20260709_casp15_casp16_unique_lt1000_msa-variants/_staging/chai1_msa/logs/T1272s5_chai1_msa.log,SHARED_MSA_A3M_FILE=results/20260709_casp15_casp16_unique_lt1000_msa-variants/_staging/chai1_msa/predictions/T1272s5/colabfold/T1272s5_qc_Check_CASP16_9C3C_g_residue_28-291_seq_1-291_coverage_0.907216.a3m SHARED_MSA_DIR=results/20260709_casp15_casp16_unique_lt1000_msa-variants/_staging/chai1_msa/predictions/T1272s5/colabfold SHARED_MSA_METADATA_FILE=results/20260709_casp15_casp16_unique_lt1000_msa-variants/_staging/chai1_msa/metadata/prediction_manifest.csv bash runners/run_chai1_shared_msa.sh results/20260709_casp15_casp16_unique_lt1000_msa-variants/_staging/chai1_msa/sequences/T1272s5.fasta results/20260709_casp15_casp16_unique_lt1000_msa-variants/_staging/chai1_msa/predictions/T1272s5/chai1_msa 1,,Check,Check,multiple equivalent chains match,1.000000,1.000000,0.907216,264,291,high,mapped from mmCIF atom_site CA records; 27 aligned positions lack resolved CA atoms,Prot,A1,dystrophin-glycoprotein complex (DGC) PDB code 9c3c,true,colabfold_mmseqs2,shared_precomputed_msa,,,,,,,false,false,true,118.5083008040674,2.612218666675598,0.005499407719317049,118.5083008040674,2.612218666675598,0.005499407719317049,,results/20260709_casp15_casp16_unique_lt1000_msa-variants/_staging/chai1_msa/predictions/T1272s5/colabfold/T1272s5_qc_Check_CASP16_9C3C_g_residue_28-291_seq_1-291_coverage_0.907216.a3m,results/20260709_casp15_casp16_unique_lt1000_msa-variants/_staging/chai1_msa/predictions/T1272s5/colabfold,runner CodeCarbon output: results/20260709_casp15_casp16_unique_lt1000_msa-variants/_staging/chai1_msa/predictions/T1272s5/chai1_msa/carbon/T1272s5_chai1_msa_inference_emissions.csv,,,,,,,,,,,
T1272s6,T1272s6,CASP16,9C3C,A,63,653,1,624,624,624,chai1_msa,1,results/20260709_casp15_casp16_unique_lt1000_msa-variants/_staging/chai1_msa/sequences/T1272s6.fasta,results/20260709_casp15_casp16_unique_lt1000_msa-variants/_staging/chai1_msa/predictions/T1272s6/chai1_msa,results/20260709_casp15_casp16_unique_lt1000_msa-variants/_staging/chai1_msa/predictions/T1272s6/chai1_msa/rank_001.pdb,results/20260709_casp15_casp16_unique_lt1000_msa-variants/_staging/chai1_msa/predictions/T1272s6/chai1_msa/rank_001.pdb,true,0,2026-07-06T13:19:28+02:00,2026-07-06T13:23:52+02:00,264,results/20260709_casp15_casp16_unique_lt1000_msa-variants/_staging/chai1_msa/logs/T1272s6_chai1_msa.log,SHARED_MSA_A3M_FILE=results/20260709_casp15_casp16_unique_lt1000_msa-variants/_staging/chai1_msa/predictions/T1272s6/colabfold/T1272s6_qc_Check_CASP16_9C3C_A_residue_63-653_seq_1-624_coverage_0.641026.a3m SHARED_MSA_DIR=results/20260709_casp15_casp16_unique_lt1000_msa-variants/_staging/chai1_msa/predictions/T1272s6/colabfold SHARED_MSA_METADATA_FILE=results/20260709_casp15_casp16_unique_lt1000_msa-variants/_staging/chai1_msa/metadata/prediction_manifest.csv bash runners/run_chai1_shared_msa.sh results/20260709_casp15_casp16_unique_lt1000_msa-variants/_staging/chai1_msa/sequences/T1272s6.fasta results/20260709_casp15_casp16_unique_lt1000_msa-variants/_staging/chai1_msa/predictions/T1272s6/chai1_msa 1,,Check,Check,reference coverage below threshold 0.641,1.000000,1.000000,0.641026,400,624,high,mapped from mmCIF atom_site CA records; 224 aligned positions lack resolved CA atoms,Prot,A1,dystrophin-glycoprotein complex (DGC) PDB code 9c3c,true,colabfold_mmseqs2,shared_precomputed_msa,,,,,,,false,false,true,263.6056191069074,6.934229662778935,0.014598378237429337,263.6056191069074,6.934229662778935,0.014598378237429337,,results/20260709_casp15_casp16_unique_lt1000_msa-variants/_staging/chai1_msa/predictions/T1272s6/colabfold/T1272s6_qc_Check_CASP16_9C3C_A_residue_63-653_seq_1-624_coverage_0.641026.a3m,results/20260709_casp15_casp16_unique_lt1000_msa-variants/_staging/chai1_msa/predictions/T1272s6/colabfold,runner CodeCarbon output: results/20260709_casp15_casp16_unique_lt1000_msa-variants/_staging/chai1_msa/predictions/T1272s6/chai1_msa/carbon/T1272s6_chai1_msa_inference_emissions.csv,,,,,,,,,,,
T1272s7,T1272s7,CASP16,9C3C,B,654,798,1,242,242,242,chai1_msa,1,results/20260709_casp15_casp16_unique_lt1000_msa-variants/_staging/chai1_msa/sequences/T1272s7.fasta,results/20260709_casp15_casp16_unique_lt1000_msa-variants/_staging/chai1_msa/predictions/T1272s7/chai1_msa,results/20260709_casp15_casp16_unique_lt1000_msa-variants/_staging/chai1_msa/predictions/T1272s7/chai1_msa/rank_001.pdb,results/20260709_casp15_casp16_unique_lt1000_msa-variants/_staging/chai1_msa/predictions/T1272s7/chai1_msa/rank_001.pdb,true,0,2026-07-06T13:23:52+02:00,2026-07-06T13:25:21+02:00,89,results/20260709_casp15_casp16_unique_lt1000_msa-variants/_staging/chai1_msa/logs/T1272s7_chai1_msa.log,SHARED_MSA_A3M_FILE=results/20260709_casp15_casp16_unique_lt1000_msa-variants/_staging/chai1_msa/predictions/T1272s7/colabfold/T1272s7_qc_No_CASP16_9C3C_B_residue_654-798_seq_1-242_coverage_1.000000.a3m SHARED_MSA_DIR=results/20260709_casp15_casp16_unique_lt1000_msa-variants/_staging/chai1_msa/predictions/T1272s7/colabfold SHARED_MSA_METADATA_FILE=results/20260709_casp15_casp16_unique_lt1000_msa-variants/_staging/chai1_msa/metadata/prediction_manifest.csv bash runners/run_chai1_shared_msa.sh results/20260709_casp15_casp16_unique_lt1000_msa-variants/_staging/chai1_msa/sequences/T1272s7.fasta results/20260709_casp15_casp16_unique_lt1000_msa-variants/_staging/chai1_msa/predictions/T1272s7/chai1_msa 1,,No,No,chain mapping below threshold identity=1.000 coverage=0.599,1.000000,0.599174,1.000000,145,145,low,mapped from mmCIF atom_site CA records,Prot,A1,dystrophin-glycoprotein complex (DGC) PDB code 9c3c,true,colabfold_mmseqs2,shared_precomputed_msa,,,,,,,false,false,true,89.00031984783709,1.728041060373283,0.003637981179733227,89.00031984783709,1.728041060373283,0.003637981179733227,,results/20260709_casp15_casp16_unique_lt1000_msa-variants/_staging/chai1_msa/predictions/T1272s7/colabfold/T1272s7_qc_No_CASP16_9C3C_B_residue_654-798_seq_1-242_coverage_1.000000.a3m,results/20260709_casp15_casp16_unique_lt1000_msa-variants/_staging/chai1_msa/predictions/T1272s7/colabfold,runner CodeCarbon output: results/20260709_casp15_casp16_unique_lt1000_msa-variants/_staging/chai1_msa/predictions/T1272s7/chai1_msa/carbon/T1272s7_chai1_msa_inference_emissions.csv,,,,,,,,,,,
T1272s9,T1272s9,CASP16,9C3C,n,42,216,1,238,238,238,chai1_msa,1,results/20260709_casp15_casp16_unique_lt1000_msa-variants/_staging/chai1_msa/sequences/T1272s9.fasta,results/20260709_casp15_casp16_unique_lt1000_msa-variants/_staging/chai1_msa/predictions/T1272s9/chai1_msa,results/20260709_casp15_casp16_unique_lt1000_msa-variants/_staging/chai1_msa/predictions/T1272s9/chai1_msa/rank_001.pdb,results/20260709_casp15_casp16_unique_lt1000_msa-variants/_staging/chai1_msa/predictions/T1272s9/chai1_msa/rank_001.pdb,true,0,2026-07-06T13:25:21+02:00,2026-07-06T13:26:52+02:00,91,results/20260709_casp15_casp16_unique_lt1000_msa-variants/_staging/chai1_msa/logs/T1272s9_chai1_msa.log,SHARED_MSA_A3M_FILE=results/20260709_casp15_casp16_unique_lt1000_msa-variants/_staging/chai1_msa/predictions/T1272s9/colabfold/T1272s9_qc_Check_CASP16_9C3C_n_residue_42-216_seq_1-238_coverage_0.735294.a3m SHARED_MSA_DIR=results/20260709_casp15_casp16_unique_lt1000_msa-variants/_staging/chai1_msa/predictions/T1272s9/colabfold SHARED_MSA_METADATA_FILE=results/20260709_casp15_casp16_unique_lt1000_msa-variants/_staging/chai1_msa/metadata/prediction_manifest.csv bash runners/run_chai1_shared_msa.sh results/20260709_casp15_casp16_unique_lt1000_msa-variants/_staging/chai1_msa/sequences/T1272s9.fasta results/20260709_casp15_casp16_unique_lt1000_msa-variants/_staging/chai1_msa/predictions/T1272s9/chai1_msa 1,,Check,Check,reference coverage below threshold 0.735; multiple equivalent chains match,1.000000,1.000000,0.735294,175,238,high,mapped from mmCIF atom_site CA records; 63 aligned positions lack resolved CA atoms,Prot,A1,dystrophin-glycoprotein complex (DGC) PDB code 9c3c,true,colabfold_mmseqs2,shared_precomputed_msa,,,,,,,false,false,true,90.06035698298365,1.738200517401904,0.0036593695103197977,90.06035698298365,1.738200517401904,0.0036593695103197977,,results/20260709_casp15_casp16_unique_lt1000_msa-variants/_staging/chai1_msa/predictions/T1272s9/colabfold/T1272s9_qc_Check_CASP16_9C3C_n_residue_42-216_seq_1-238_coverage_0.735294.a3m,results/20260709_casp15_casp16_unique_lt1000_msa-variants/_staging/chai1_msa/predictions/T1272s9/colabfold,runner CodeCarbon output: results/20260709_casp15_casp16_unique_lt1000_msa-variants/_staging/chai1_msa/predictions/T1272s9/chai1_msa/carbon/T1272s9_chai1_msa_inference_emissions.csv,,,,,,,,,,,
T1280,T1280,CASP16,9F5M,AAA,615,848,1,237,237,237,chai1_msa,1,results/20260709_casp15_casp16_unique_lt1000_msa-variants/_staging/chai1_msa/sequences/T1280.fasta,results/20260709_casp15_casp16_unique_lt1000_msa-variants/_staging/chai1_msa/predictions/T1280/chai1_msa,results/20260709_casp15_casp16_unique_lt1000_msa-variants/_staging/chai1_msa/predictions/T1280/chai1_msa/rank_001.pdb,results/20260709_casp15_casp16_unique_lt1000_msa-variants/_staging/chai1_msa/predictions/T1280/chai1_msa/rank_001.pdb,true,0,2026-07-06T13:26:52+02:00,2026-07-06T13:28:22+02:00,90,results/20260709_casp15_casp16_unique_lt1000_msa-variants/_staging/chai1_msa/logs/T1280_chai1_msa.log,SHARED_MSA_A3M_FILE=results/20260709_casp15_casp16_unique_lt1000_msa-variants/_staging/chai1_msa/predictions/T1280/colabfold/T1280_qc_Check_CASP16_9F5M_AAA_residue_615-848_seq_1-237_coverage_0.995745.a3m SHARED_MSA_DIR=results/20260709_casp15_casp16_unique_lt1000_msa-variants/_staging/chai1_msa/predictions/T1280/colabfold SHARED_MSA_METADATA_FILE=results/20260709_casp15_casp16_unique_lt1000_msa-variants/_staging/chai1_msa/metadata/prediction_manifest.csv bash runners/run_chai1_shared_msa.sh results/20260709_casp15_casp16_unique_lt1000_msa-variants/_staging/chai1_msa/sequences/T1280.fasta results/20260709_casp15_casp16_unique_lt1000_msa-variants/_staging/chai1_msa/predictions/T1280/chai1_msa 1,,Check,Check,multiple equivalent chains match,1.000000,0.991561,0.995745,234,235,high,mapped from mmCIF atom_site CA records; 1 aligned positions lack resolved CA atoms,Prot,A1,C-terminal domain of bacteriophage K gp155 PDB code 9f5m,true,colabfold_mmseqs2,shared_precomputed_msa,,,,,,,false,false,true,90.08574548410252,1.7405334596067439,0.003664280967593145,90.08574548410252,1.7405334596067439,0.003664280967593145,,results/20260709_casp15_casp16_unique_lt1000_msa-variants/_staging/chai1_msa/predictions/T1280/colabfold/T1280_qc_Check_CASP16_9F5M_AAA_residue_615-848_seq_1-237_coverage_0.995745.a3m,results/20260709_casp15_casp16_unique_lt1000_msa-variants/_staging/chai1_msa/predictions/T1280/colabfold,runner CodeCarbon output: results/20260709_casp15_casp16_unique_lt1000_msa-variants/_staging/chai1_msa/predictions/T1280/chai1_msa/carbon/T1280_chai1_msa_inference_emissions.csv,,,,,,,,,,,
T1299,T1299,CASP16,9FJL,A,1,168,1,168,168,168,chai1_msa,1,results/20260709_casp15_casp16_unique_lt1000_msa-variants/_staging/chai1_msa/sequences/T1299.fasta,results/20260709_casp15_casp16_unique_lt1000_msa-variants/_staging/chai1_msa/predictions/T1299/chai1_msa,results/20260709_casp15_casp16_unique_lt1000_msa-variants/_staging/chai1_msa/predictions/T1299/chai1_msa/rank_001.pdb,results/20260709_casp15_casp16_unique_lt1000_msa-variants/_staging/chai1_msa/predictions/T1299/chai1_msa/rank_001.pdb,true,0,2026-07-06T13:28:22+02:00,2026-07-06T13:29:52+02:00,90,results/20260709_casp15_casp16_unique_lt1000_msa-variants/_staging/chai1_msa/logs/T1299_chai1_msa.log,SHARED_MSA_A3M_FILE=results/20260709_casp15_casp16_unique_lt1000_msa-variants/_staging/chai1_msa/predictions/T1299/colabfold/T1299_qc_Yes_CASP16_9FJL_A_residue_1-168_seq_1-168_coverage_1.000000.a3m SHARED_MSA_DIR=results/20260709_casp15_casp16_unique_lt1000_msa-variants/_staging/chai1_msa/predictions/T1299/colabfold SHARED_MSA_METADATA_FILE=results/20260709_casp15_casp16_unique_lt1000_msa-variants/_staging/chai1_msa/metadata/prediction_manifest.csv bash runners/run_chai1_shared_msa.sh results/20260709_casp15_casp16_unique_lt1000_msa-variants/_staging/chai1_msa/sequences/T1299.fasta results/20260709_casp15_casp16_unique_lt1000_msa-variants/_staging/chai1_msa/predictions/T1299/chai1_msa 1,,Yes,Yes,prefiltered A1 protein target with mapped residue range,1.000000,1.000000,1.000000,168,168,high,mapped from mmCIF atom_site CA records,Prot,A1,9FJL PDB code 9fjl,true,colabfold_mmseqs2,shared_precomputed_msa,,,,,,,false,false,true,89.46178141981363,1.7350338523149231,0.0036527028469787856,89.46178141981363,1.7350338523149231,0.0036527028469787856,,results/20260709_casp15_casp16_unique_lt1000_msa-variants/_staging/chai1_msa/predictions/T1299/colabfold/T1299_qc_Yes_CASP16_9FJL_A_residue_1-168_seq_1-168_coverage_1.000000.a3m,results/20260709_casp15_casp16_unique_lt1000_msa-variants/_staging/chai1_msa/predictions/T1299/colabfold,runner CodeCarbon output: results/20260709_casp15_casp16_unique_lt1000_msa-variants/_staging/chai1_msa/predictions/T1299/chai1_msa/carbon/T1299_chai1_msa_inference_emissions.csv,,,,,,,,,,,
