model,domain_id,target_id,casp_round,pdb_id,chain_id,should_use,target_qc_status,qc_reason,reference_coverage,mapping_identity,mapping_coverage,resolved_ca_count,expected_mapped_residue_count,chain_assignment_confidence,target_length,residue_start,residue_end,sequence_start,sequence_end,success,score_success,gdt_ts,lddt_ca,tm_score,rmsd_ca,gdc_sc,global_lddt,molprobity,runtime_sec,carbon_emissions_g,energy_consumed_kwh,input_fasta,output_structure,log_file,error_message,score_error
boltz,T1104,T1104,CASP15,7ROA,A,Yes,Yes,prefiltered A1 protein target with mapped residue range,0.871212,1.000000,1.000000,115,132,high,117,58,189,1,117,true,true,0.1978,0.502464922260144,0.71155,4.7167367478243385,,,,,,,results/casp15_casp16_unique_lt1000_all_default_20260529_182536/sequences/T1104.fasta,results/casp15_casp16_unique_lt1000_all_default_20260529_182536/predictions/T1104/boltz/rank_001.pdb,results/casp15_casp16_unique_lt1000_all_default_20260529_182536/logs/T1104_boltz.log,skipped existing success,missing score
boltz,T1106s1,T1106s1,CASP15,7QIH,B,No,No,chain mapping below threshold identity=1.000 coverage=0.615; multiple equivalent chains match,0.946667,1.000000,0.614754,71,75,low,122,50,120,1,122,true,true,0.5069,0.47936726272352126,0.49637,13.459014698185676,,,,,,,results/casp15_casp16_unique_lt1000_all_default_20260529_182536/sequences/T1106s1.fasta,results/casp15_casp16_unique_lt1000_all_default_20260529_182536/predictions/T1106s1/boltz/rank_001.pdb,results/casp15_casp16_unique_lt1000_all_default_20260529_182536/logs/T1106s1_boltz.log,skipped existing success,missing score
boltz,T1106s2,T1106s2,CASP15,7QIH,A,Check,Check,multiple equivalent chains match,0.909836,1.000000,1.000000,111,122,high,114,2,112,1,114,true,true,0.9369,0.5654369784804567,0.93246,3.760654454145308,,,,,,,results/casp15_casp16_unique_lt1000_all_default_20260529_182536/sequences/T1106s2.fasta,results/casp15_casp16_unique_lt1000_all_default_20260529_182536/predictions/T1106s2/boltz/rank_001.pdb,results/casp15_casp16_unique_lt1000_all_default_20260529_182536/logs/T1106s2_boltz.log,skipped existing success,missing score
boltz,T1112,T1112,CASP15,8ORK,AAA,Check,Check,multiple equivalent chains match,0.973913,1.000000,1.000000,448,460,high,460,2,460,1,460,true,true,0.3371,0.28763968267508316,0.61331,14.635996037360485,,,,,,,results/casp15_casp16_unique_lt1000_all_default_20260529_182536/sequences/T1112.fasta,results/casp15_casp16_unique_lt1000_all_default_20260529_182536/predictions/T1112/boltz/rank_001.pdb,results/casp15_casp16_unique_lt1000_all_default_20260529_182536/logs/T1112_boltz.log,skipped existing success,missing score
boltz,T1114s1,T1114s1,CASP15,7UTD,Q,No,No,chain mapping below threshold identity=1.000 coverage=0.317; multiple equivalent chains match,0.983333,1.000000,0.317460,59,60,low,189,20,78,1,189,true,true,0.5339,0.708173076923077,0.41311,13.746894300260061,,,,,,,results/casp15_casp16_unique_lt1000_all_default_20260529_182536/sequences/T1114s1.fasta,results/casp15_casp16_unique_lt1000_all_default_20260529_182536/predictions/T1114s1/boltz/rank_001.pdb,results/casp15_casp16_unique_lt1000_all_default_20260529_182536/logs/T1114s1_boltz.log,skipped existing success,missing score
boltz,T1114s2,T1114s2,CASP15,7UTD,B,Check,Check,multiple equivalent chains match,0.872629,1.000000,1.000000,322,369,high,369,2,323,1,369,true,true,0.0699,0.2015127568299842,0.44893,19.642530466993293,,,,,,,results/casp15_casp16_unique_lt1000_all_default_20260529_182536/sequences/T1114s2.fasta,results/casp15_casp16_unique_lt1000_all_default_20260529_182536/predictions/T1114s2/boltz/rank_001.pdb,results/casp15_casp16_unique_lt1000_all_default_20260529_182536/logs/T1114s2_boltz.log,skipped existing success,missing score
boltz,T1114s3,T1114s3,CASP15,7UTD,A,Check,Check,multiple equivalent chains match,0.998051,1.000000,0.958879,512,513,high,535,4,516,1,535,true,true,0.0679,0.1942775563619059,0.30236,24.5701299780989,,,,,,,results/casp15_casp16_unique_lt1000_all_default_20260529_182536/sequences/T1114s3.fasta,results/casp15_casp16_unique_lt1000_all_default_20260529_182536/predictions/T1114s3/boltz/rank_001.pdb,results/casp15_casp16_unique_lt1000_all_default_20260529_182536/logs/T1114s3_boltz.log,skipped existing success,missing score
boltz,T1120,T1120,CASP15,7QVB,B,Check,Check,multiple equivalent chains match,0.970213,1.000000,1.000000,228,235,high,235,4,231,1,235,true,true,0.1393,0.3225340725340725,0.30193,21.615647149756327,,,,,,,results/casp15_casp16_unique_lt1000_all_default_20260529_182536/sequences/T1120.fasta,results/casp15_casp16_unique_lt1000_all_default_20260529_182536/predictions/T1120/boltz/rank_001.pdb,results/casp15_casp16_unique_lt1000_all_default_20260529_182536/logs/T1120_boltz.log,skipped existing success,missing score
boltz,T1122,T1122,CASP15,8BBT,A,Yes,Yes,prefiltered A1 protein target with mapped residue range,0.954357,1.000000,1.000000,230,241,high,241,4,237,1,241,true,true,0.225,0.3696266968325792,0.33576,20.20593227546675,,,,,,,results/casp15_casp16_unique_lt1000_all_default_20260529_182536/sequences/T1122.fasta,results/casp15_casp16_unique_lt1000_all_default_20260529_182536/predictions/T1122/boltz/rank_001.pdb,results/casp15_casp16_unique_lt1000_all_default_20260529_182536/logs/T1122_boltz.log,skipped existing success,missing score
boltz,T1125,T1125,CASP15,8H2N,A,No,No,chain mapping below threshold identity=1.000 coverage=0.677; multiple equivalent chains match,0.856273,1.000000,0.676667,703,821,low,1200,327,1117,1,1200,pending,,,,,,,,,,,,results/casp15_casp16_unique_lt1000_all_default_20260529_182536/sequences/T1125.fasta,results/casp15_casp16_unique_lt1000_all_default_20260529_182536/predictions/T1125/boltz/rank_001.pdb,results/casp15_casp16_unique_lt1000_all_default_20260529_182536/logs/T1125_boltz.log,,
boltz,T1129s2,T1129s2,CASP15,8A8C,B,Yes,Yes,prefiltered A1 protein target with mapped residue range,0.825000,1.000000,1.000000,528,640,high,640,41,640,1,640,pending,,,,,,,,,,,,results/casp15_casp16_unique_lt1000_all_default_20260529_182536/sequences/T1129s2.fasta,results/casp15_casp16_unique_lt1000_all_default_20260529_182536/predictions/T1129s2/boltz/rank_001.pdb,results/casp15_casp16_unique_lt1000_all_default_20260529_182536/logs/T1129s2_boltz.log,,
boltz,T1133,T1133,CASP15,8DYS,A,Check,Check,reference coverage below threshold 0.699,0.699145,1.000000,1.000000,409,585,high,585,4,427,1,585,pending,,,,,,,,,,,,results/casp15_casp16_unique_lt1000_all_default_20260529_182536/sequences/T1133.fasta,results/casp15_casp16_unique_lt1000_all_default_20260529_182536/predictions/T1133/boltz/rank_001.pdb,results/casp15_casp16_unique_lt1000_all_default_20260529_182536/logs/T1133_boltz.log,,
boltz,T1134s1,T1134s1,CASP15,7UBZ,A,Check,Check,multiple equivalent chains match,1.000000,1.000000,1.000000,230,230,high,230,1,230,1,230,pending,,,,,,,,,,,,results/casp15_casp16_unique_lt1000_all_default_20260529_182536/sequences/T1134s1.fasta,results/casp15_casp16_unique_lt1000_all_default_20260529_182536/predictions/T1134s1/boltz/rank_001.pdb,results/casp15_casp16_unique_lt1000_all_default_20260529_182536/logs/T1134s1_boltz.log,,
boltz,T1134s2,T1134s2,CASP15,7UBZ,D,Check,Check,reference coverage below threshold 0.645; multiple equivalent chains match,0.645367,1.000000,1.000000,202,313,high,313,168,472,1,313,pending,,,,,,,,,,,,results/casp15_casp16_unique_lt1000_all_default_20260529_182536/sequences/T1134s2.fasta,results/casp15_casp16_unique_lt1000_all_default_20260529_182536/predictions/T1134s2/boltz/rank_001.pdb,results/casp15_casp16_unique_lt1000_all_default_20260529_182536/logs/T1134s2_boltz.log,,
boltz,T1137s1,T1137s1,CASP15,8FEF,A,Yes,Yes,prefiltered A1 protein target with mapped residue range,0.958435,1.000000,1.000000,392,409,high,409,18,409,1,409,pending,,,,,,,,,,,,results/casp15_casp16_unique_lt1000_all_default_20260529_182536/sequences/T1137s1.fasta,results/casp15_casp16_unique_lt1000_all_default_20260529_182536/predictions/T1137s1/boltz/rank_001.pdb,results/casp15_casp16_unique_lt1000_all_default_20260529_182536/logs/T1137s1_boltz.log,,
boltz,T1137s2,T1137s2,CASP15,8FEF,B,Yes,Yes,prefiltered A1 protein target with mapped residue range,0.976676,1.000000,1.000000,335,343,high,343,2,343,1,343,pending,,,,,,,,,,,,results/casp15_casp16_unique_lt1000_all_default_20260529_182536/sequences/T1137s2.fasta,results/casp15_casp16_unique_lt1000_all_default_20260529_182536/predictions/T1137s2/boltz/rank_001.pdb,results/casp15_casp16_unique_lt1000_all_default_20260529_182536/logs/T1137s2_boltz.log,,
boltz,T1137s3,T1137s3,CASP15,8FEF,C,Check,Check,reference coverage below threshold 0.592,0.591603,1.000000,1.000000,310,524,high,524,1,310,1,524,pending,,,,,,,,,,,,results/casp15_casp16_unique_lt1000_all_default_20260529_182536/sequences/T1137s3.fasta,results/casp15_casp16_unique_lt1000_all_default_20260529_182536/predictions/T1137s3/boltz/rank_001.pdb,results/casp15_casp16_unique_lt1000_all_default_20260529_182536/logs/T1137s3_boltz.log,,
boltz,T1137s4,T1137s4,CASP15,8FEF,D,Check,Check,reference coverage below threshold 0.704,0.703839,1.000000,1.000000,385,547,high,547,42,468,1,547,pending,,,,,,,,,,,,results/casp15_casp16_unique_lt1000_all_default_20260529_182536/sequences/T1137s4.fasta,results/casp15_casp16_unique_lt1000_all_default_20260529_182536/predictions/T1137s4/boltz/rank_001.pdb,results/casp15_casp16_unique_lt1000_all_default_20260529_182536/logs/T1137s4_boltz.log,,
boltz,T1137s5,T1137s5,CASP15,8FEF,E,Yes,Yes,prefiltered A1 protein target with mapped residue range,0.917949,1.000000,1.000000,358,390,high,390,33,390,1,390,pending,,,,,,,,,,,,results/casp15_casp16_unique_lt1000_all_default_20260529_182536/sequences/T1137s5.fasta,results/casp15_casp16_unique_lt1000_all_default_20260529_182536/predictions/T1137s5/boltz/rank_001.pdb,results/casp15_casp16_unique_lt1000_all_default_20260529_182536/logs/T1137s5_boltz.log,,
boltz,T1137s6,T1137s6,CASP15,8FEF,F,Check,Check,reference coverage below threshold 0.770,0.770270,1.000000,1.000000,399,518,high,518,1,399,1,518,pending,,,,,,,,,,,,results/casp15_casp16_unique_lt1000_all_default_20260529_182536/sequences/T1137s6.fasta,results/casp15_casp16_unique_lt1000_all_default_20260529_182536/predictions/T1137s6/boltz/rank_001.pdb,results/casp15_casp16_unique_lt1000_all_default_20260529_182536/logs/T1137s6_boltz.log,,
boltz,T1137s7,T1137s7,CASP15,8FEF,G,Check,Check,reference coverage below threshold 0.458; multiple equivalent chains match,0.457887,1.000000,1.000000,299,653,high,653,2,325,1,653,pending,,,,,,,,,,,,results/casp15_casp16_unique_lt1000_all_default_20260529_182536/sequences/T1137s7.fasta,results/casp15_casp16_unique_lt1000_all_default_20260529_182536/predictions/T1137s7/boltz/rank_001.pdb,results/casp15_casp16_unique_lt1000_all_default_20260529_182536/logs/T1137s7_boltz.log,,
boltz,T1137s8,T1137s8,CASP15,8FEF,I,Yes,Yes,prefiltered A1 protein target with mapped residue range,0.951128,1.000000,1.000000,253,266,high,266,14,266,1,266,pending,,,,,,,,,,,,results/casp15_casp16_unique_lt1000_all_default_20260529_182536/sequences/T1137s8.fasta,results/casp15_casp16_unique_lt1000_all_default_20260529_182536/predictions/T1137s8/boltz/rank_001.pdb,results/casp15_casp16_unique_lt1000_all_default_20260529_182536/logs/T1137s8_boltz.log,,
boltz,T1137s9,T1137s9,CASP15,8FEF,J,Yes,Yes,prefiltered A1 protein target with mapped residue range,0.910035,1.000000,1.000000,263,289,high,289,27,289,1,289,pending,,,,,,,,,,,,results/casp15_casp16_unique_lt1000_all_default_20260529_182536/sequences/T1137s9.fasta,results/casp15_casp16_unique_lt1000_all_default_20260529_182536/predictions/T1137s9/boltz/rank_001.pdb,results/casp15_casp16_unique_lt1000_all_default_20260529_182536/logs/T1137s9_boltz.log,,
boltz,T1145,T1145,CASP15,7UWW,A,Check,Check,multiple equivalent chains match,0.995276,1.000000,1.000000,632,635,high,635,34,665,1,635,pending,,,,,,,,,,,,results/casp15_casp16_unique_lt1000_all_default_20260529_182536/sequences/T1145.fasta,results/casp15_casp16_unique_lt1000_all_default_20260529_182536/predictions/T1145/boltz/rank_001.pdb,results/casp15_casp16_unique_lt1000_all_default_20260529_182536/logs/T1145_boltz.log,,
boltz,T1147,T1147,CASP15,8EM5,A,Check,Check,multiple equivalent chains match,0.893204,1.000000,1.000000,92,103,high,103,12,103,1,103,pending,,,,,,,,,,,,results/casp15_casp16_unique_lt1000_all_default_20260529_182536/sequences/T1147.fasta,results/casp15_casp16_unique_lt1000_all_default_20260529_182536/predictions/T1147/boltz/rank_001.pdb,results/casp15_casp16_unique_lt1000_all_default_20260529_182536/logs/T1147_boltz.log,,
boltz,T1151s2,T1151s2,CASP15,8D5V,A,Check,Check,reference coverage below threshold 0.724; multiple equivalent chains match,0.724138,1.000000,1.000000,84,116,high,116,8,91,1,116,pending,,,,,,,,,,,,results/casp15_casp16_unique_lt1000_all_default_20260529_182536/sequences/T1151s2.fasta,results/casp15_casp16_unique_lt1000_all_default_20260529_182536/predictions/T1151s2/boltz/rank_001.pdb,results/casp15_casp16_unique_lt1000_all_default_20260529_182536/logs/T1151s2_boltz.log,,
boltz,T1154,T1154,CASP15,7ZCX,AAA,Check,Check,reference coverage below threshold 0.730; multiple equivalent chains match,0.730337,1.000000,1.000000,1040,1424,high,1424,30,1069,1,1424,pending,,,,,,,,,,,,results/casp15_casp16_unique_lt1000_all_default_20260529_182536/sequences/T1154.fasta,results/casp15_casp16_unique_lt1000_all_default_20260529_182536/predictions/T1154/boltz/rank_001.pdb,results/casp15_casp16_unique_lt1000_all_default_20260529_182536/logs/T1154_boltz.log,,
boltz,T1155,T1155,CASP15,8PBV,A,Yes,Yes,prefiltered A1 protein target with mapped residue range,1.000000,1.000000,1.000000,116,116,high,116,1,116,1,116,pending,,,,,,,,,,,,results/casp15_casp16_unique_lt1000_all_default_20260529_182536/sequences/T1155.fasta,results/casp15_casp16_unique_lt1000_all_default_20260529_182536/predictions/T1155/boltz/rank_001.pdb,results/casp15_casp16_unique_lt1000_all_default_20260529_182536/logs/T1155_boltz.log,,
boltz,T1157s1,T1157s1,CASP15,8PKO,A,Yes,Yes,prefiltered A1 protein target with mapped residue range,0.936832,1.000000,1.000000,964,1029,high,1029,64,1083,1,1029,pending,,,,,,,,,,,,results/casp15_casp16_unique_lt1000_all_default_20260529_182536/sequences/T1157s1.fasta,results/casp15_casp16_unique_lt1000_all_default_20260529_182536/predictions/T1157s1/boltz/rank_001.pdb,results/casp15_casp16_unique_lt1000_all_default_20260529_182536/logs/T1157s1_boltz.log,,
boltz,T1157s2,T1157s2,CASP15,8PKO,B,Yes,Yes,prefiltered A1 protein target with mapped residue range,0.937374,1.000000,1.000000,464,495,high,495,21,484,1,495,pending,,,,,,,,,,,,results/casp15_casp16_unique_lt1000_all_default_20260529_182536/sequences/T1157s2.fasta,results/casp15_casp16_unique_lt1000_all_default_20260529_182536/predictions/T1157s2/boltz/rank_001.pdb,results/casp15_casp16_unique_lt1000_all_default_20260529_182536/logs/T1157s2_boltz.log,,
boltz,T1158,T1158,CASP15,8SXA,A,Yes,Yes,prefiltered A1 protein target with mapped residue range,0.870189,1.000000,0.988806,1153,1325,high,1340,48,1298,1,1340,pending,,,,,,,,,,,,results/casp15_casp16_unique_lt1000_all_default_20260529_182536/sequences/T1158.fasta,results/casp15_casp16_unique_lt1000_all_default_20260529_182536/predictions/T1158/boltz/rank_001.pdb,results/casp15_casp16_unique_lt1000_all_default_20260529_182536/logs/T1158_boltz.log,,
boltz,T1159,T1159,CASP15,7PZT,A,Check,Check,multiple equivalent chains match,1.000000,1.000000,1.000000,160,160,high,160,1,160,1,160,pending,,,,,,,,,,,,results/casp15_casp16_unique_lt1000_all_default_20260529_182536/sequences/T1159.fasta,results/casp15_casp16_unique_lt1000_all_default_20260529_182536/predictions/T1159/boltz/rank_001.pdb,results/casp15_casp16_unique_lt1000_all_default_20260529_182536/logs/T1159_boltz.log,,
boltz,T1169,T1169,CASP15,8FJP,A,Yes,Yes,prefiltered A1 protein target with mapped residue range,0.871581,1.000000,1.000000,2932,3364,high,3364,1,3042,1,3364,pending,,,,,,,,,,,,results/casp15_casp16_unique_lt1000_all_default_20260529_182536/sequences/T1169.fasta,results/casp15_casp16_unique_lt1000_all_default_20260529_182536/predictions/T1169/boltz/rank_001.pdb,results/casp15_casp16_unique_lt1000_all_default_20260529_182536/logs/T1169_boltz.log,,
boltz,T1183,T1183,CASP15,8IFX,B,Yes,Yes,prefiltered A1 protein target with mapped residue range,0.975000,1.000000,1.000000,195,200,high,200,1,195,1,200,pending,,,,,,,,,,,,results/casp15_casp16_unique_lt1000_all_default_20260529_182536/sequences/T1183.fasta,results/casp15_casp16_unique_lt1000_all_default_20260529_182536/predictions/T1183/boltz/rank_001.pdb,results/casp15_casp16_unique_lt1000_all_default_20260529_182536/logs/T1183_boltz.log,,
boltz,T1185s1,T1185s1,CASP15,8OUY,A,Check,Check,reference coverage below threshold 0.200,0.200000,1.000000,1.000000,70,350,high,350,4,73,1,350,pending,,,,,,,,,,,,results/casp15_casp16_unique_lt1000_all_default_20260529_182536/sequences/T1185s1.fasta,results/casp15_casp16_unique_lt1000_all_default_20260529_182536/predictions/T1185s1/boltz/rank_001.pdb,results/casp15_casp16_unique_lt1000_all_default_20260529_182536/logs/T1185s1_boltz.log,,
boltz,T1185s2,T1185s2,CASP15,8OUY,B,Yes,Yes,prefiltered A1 protein target with mapped residue range,0.832447,1.000000,1.000000,313,376,high,376,10,349,1,376,pending,,,,,,,,,,,,results/casp15_casp16_unique_lt1000_all_default_20260529_182536/sequences/T1185s2.fasta,results/casp15_casp16_unique_lt1000_all_default_20260529_182536/predictions/T1185s2/boltz/rank_001.pdb,results/casp15_casp16_unique_lt1000_all_default_20260529_182536/logs/T1185s2_boltz.log,,
boltz,T1185s4,T1185s4,CASP15,8OUY,D,Yes,Yes,prefiltered A1 protein target with mapped residue range,0.838710,1.000000,0.996429,234,279,high,280,20,280,1,280,pending,,,,,,,,,,,,results/casp15_casp16_unique_lt1000_all_default_20260529_182536/sequences/T1185s4.fasta,results/casp15_casp16_unique_lt1000_all_default_20260529_182536/predictions/T1185s4/boltz/rank_001.pdb,results/casp15_casp16_unique_lt1000_all_default_20260529_182536/logs/T1185s4_boltz.log,,
boltz,T1194,T1194,CASP15,8OKH,A,Check,Check,multiple equivalent chains match,0.982036,1.000000,0.994048,164,167,high,168,22,185,1,168,pending,,,,,,,,,,,,results/casp15_casp16_unique_lt1000_all_default_20260529_182536/sequences/T1194.fasta,results/casp15_casp16_unique_lt1000_all_default_20260529_182536/predictions/T1194/boltz/rank_001.pdb,results/casp15_casp16_unique_lt1000_all_default_20260529_182536/logs/T1194_boltz.log,,
boltz,T0272s2,T0272s2,CASP16,9C3C,a,Check,Check,multiple equivalent chains match,0.972393,1.000000,0.898072,317,326,medium,363,25,350,1,363,pending,,,,,,,,,,,,results/casp15_casp16_unique_lt1000_all_default_20260529_182536/sequences/T0272s2.fasta,results/casp15_casp16_unique_lt1000_all_default_20260529_182536/predictions/T0272s2/boltz/rank_001.pdb,results/casp15_casp16_unique_lt1000_all_default_20260529_182536/logs/T0272s2_boltz.log,,
boltz,T0272s3,T0272s3,CASP16,9C3C,b,Check,Check,multiple equivalent chains match,0.823899,1.000000,1.000000,262,318,high,318,57,318,1,318,pending,,,,,,,,,,,,results/casp15_casp16_unique_lt1000_all_default_20260529_182536/sequences/T0272s3.fasta,results/casp15_casp16_unique_lt1000_all_default_20260529_182536/predictions/T0272s3/boltz/rank_001.pdb,results/casp15_casp16_unique_lt1000_all_default_20260529_182536/logs/T0272s3_boltz.log,,
boltz,T0272s4,T0272s4,CASP16,9C3C,d,Check,Check,multiple equivalent chains match,0.930796,1.000000,1.000000,269,289,high,289,21,289,1,289,pending,,,,,,,,,,,,results/casp15_casp16_unique_lt1000_all_default_20260529_182536/sequences/T0272s4.fasta,results/casp15_casp16_unique_lt1000_all_default_20260529_182536/predictions/T0272s4/boltz/rank_001.pdb,results/casp15_casp16_unique_lt1000_all_default_20260529_182536/logs/T0272s4_boltz.log,,
boltz,T0272s5,T0272s5,CASP16,9C3C,g,Check,Check,multiple equivalent chains match,0.907216,1.000000,1.000000,264,291,high,291,28,291,1,291,pending,,,,,,,,,,,,results/casp15_casp16_unique_lt1000_all_default_20260529_182536/sequences/T0272s5.fasta,results/casp15_casp16_unique_lt1000_all_default_20260529_182536/predictions/T0272s5/boltz/rank_001.pdb,results/casp15_casp16_unique_lt1000_all_default_20260529_182536/logs/T0272s5_boltz.log,,
boltz,T0272s6,T0272s6,CASP16,9C3C,A,Check,Check,reference coverage below threshold 0.641,0.641026,1.000000,1.000000,400,624,high,624,63,653,1,624,pending,,,,,,,,,,,,results/casp15_casp16_unique_lt1000_all_default_20260529_182536/sequences/T0272s6.fasta,results/casp15_casp16_unique_lt1000_all_default_20260529_182536/predictions/T0272s6/boltz/rank_001.pdb,results/casp15_casp16_unique_lt1000_all_default_20260529_182536/logs/T0272s6_boltz.log,,
boltz,T0272s7,T0272s7,CASP16,9C3C,B,No,No,chain mapping below threshold identity=1.000 coverage=0.599,1.000000,1.000000,0.599174,145,145,low,242,654,798,1,242,pending,,,,,,,,,,,,results/casp15_casp16_unique_lt1000_all_default_20260529_182536/sequences/T0272s7.fasta,results/casp15_casp16_unique_lt1000_all_default_20260529_182536/predictions/T0272s7/boltz/rank_001.pdb,results/casp15_casp16_unique_lt1000_all_default_20260529_182536/logs/T0272s7_boltz.log,,
boltz,T0272s8,T0272s8,CASP16,9C3C,V,Check,Check,reference coverage below threshold 0.356; multiple equivalent chains match,0.355746,1.000000,1.000000,291,818,high,818,1,291,1,818,pending,,,,,,,,,,,,results/casp15_casp16_unique_lt1000_all_default_20260529_182536/sequences/T0272s8.fasta,results/casp15_casp16_unique_lt1000_all_default_20260529_182536/predictions/T0272s8/boltz/rank_001.pdb,results/casp15_casp16_unique_lt1000_all_default_20260529_182536/logs/T0272s8_boltz.log,,
boltz,T0272s9,T0272s9,CASP16,9C3C,n,Check,Check,reference coverage below threshold 0.735; multiple equivalent chains match,0.735294,1.000000,1.000000,175,238,high,238,42,216,1,238,pending,,,,,,,,,,,,results/casp15_casp16_unique_lt1000_all_default_20260529_182536/sequences/T0272s9.fasta,results/casp15_casp16_unique_lt1000_all_default_20260529_182536/predictions/T0272s9/boltz/rank_001.pdb,results/casp15_casp16_unique_lt1000_all_default_20260529_182536/logs/T0272s9_boltz.log,,
boltz,T1210,T1210,CASP16,9ENR,A,Yes,Yes,prefiltered A1 protein target with mapped residue range,0.876271,1.000000,1.000000,1551,1770,high,1770,19,1651,1,1770,pending,,,,,,,,,,,,results/casp15_casp16_unique_lt1000_all_default_20260529_182536/sequences/T1210.fasta,results/casp15_casp16_unique_lt1000_all_default_20260529_182536/predictions/T1210/boltz/rank_001.pdb,results/casp15_casp16_unique_lt1000_all_default_20260529_182536/logs/T1210_boltz.log,,
boltz,T1212,T1212,CASP16,9B0L,P,Check,Check,multiple equivalent chains match,1.000000,1.000000,1.000000,466,466,high,466,53,518,1,466,pending,,,,,,,,,,,,results/casp15_casp16_unique_lt1000_all_default_20260529_182536/sequences/T1212.fasta,results/casp15_casp16_unique_lt1000_all_default_20260529_182536/predictions/T1212/boltz/rank_001.pdb,results/casp15_casp16_unique_lt1000_all_default_20260529_182536/logs/T1212_boltz.log,,
boltz,T1220s1,T1220s1,CASP16,9H1G,A,Yes,Yes,prefiltered A1 protein target with mapped residue range,0.956166,1.000000,1.000000,1636,1711,high,1711,20,1711,1,1711,pending,,,,,,,,,,,,results/casp15_casp16_unique_lt1000_all_default_20260529_182536/sequences/T1220s1.fasta,results/casp15_casp16_unique_lt1000_all_default_20260529_182536/predictions/T1220s1/boltz/rank_001.pdb,results/casp15_casp16_unique_lt1000_all_default_20260529_182536/logs/T1220s1_boltz.log,,
boltz,T1227s1,T1227s1,CASP16,9N8W,A,Yes,Yes,prefiltered A1 protein target with mapped residue range,0.918033,1.000000,1.000000,392,427,high,427,27,418,1,427,pending,,,,,,,,,,,,results/casp15_casp16_unique_lt1000_all_default_20260529_182536/sequences/T1227s1.fasta,results/casp15_casp16_unique_lt1000_all_default_20260529_182536/predictions/T1227s1/boltz/rank_001.pdb,results/casp15_casp16_unique_lt1000_all_default_20260529_182536/logs/T1227s1_boltz.log,,
boltz,T1266,T1266,CASP16,8QFB,A,Check,Check,multiple equivalent chains match,0.886905,1.000000,1.000000,298,336,high,336,563,860,1,336,pending,,,,,,,,,,,,results/casp15_casp16_unique_lt1000_all_default_20260529_182536/sequences/T1266.fasta,results/casp15_casp16_unique_lt1000_all_default_20260529_182536/predictions/T1266/boltz/rank_001.pdb,results/casp15_casp16_unique_lt1000_all_default_20260529_182536/logs/T1266_boltz.log,,
boltz,T1269,T1269,CASP16,9GVQ,A,Check,Check,multiple equivalent chains match,0.812766,1.000000,1.000000,1146,1410,high,1410,74,1228,1,1410,pending,,,,,,,,,,,,results/casp15_casp16_unique_lt1000_all_default_20260529_182536/sequences/T1269.fasta,results/casp15_casp16_unique_lt1000_all_default_20260529_182536/predictions/T1269/boltz/rank_001.pdb,results/casp15_casp16_unique_lt1000_all_default_20260529_182536/logs/T1269_boltz.log,,
boltz,T1272s2,T1272s2,CASP16,9C3C,a,Check,Check,multiple equivalent chains match,0.972393,1.000000,0.898072,317,326,medium,363,25,350,1,363,pending,,,,,,,,,,,,results/casp15_casp16_unique_lt1000_all_default_20260529_182536/sequences/T1272s2.fasta,results/casp15_casp16_unique_lt1000_all_default_20260529_182536/predictions/T1272s2/boltz/rank_001.pdb,results/casp15_casp16_unique_lt1000_all_default_20260529_182536/logs/T1272s2_boltz.log,,
boltz,T1272s3,T1272s3,CASP16,9C3C,b,Check,Check,multiple equivalent chains match,0.823899,1.000000,1.000000,262,318,high,318,57,318,1,318,pending,,,,,,,,,,,,results/casp15_casp16_unique_lt1000_all_default_20260529_182536/sequences/T1272s3.fasta,results/casp15_casp16_unique_lt1000_all_default_20260529_182536/predictions/T1272s3/boltz/rank_001.pdb,results/casp15_casp16_unique_lt1000_all_default_20260529_182536/logs/T1272s3_boltz.log,,
boltz,T1272s4,T1272s4,CASP16,9C3C,d,Check,Check,multiple equivalent chains match,0.930796,1.000000,1.000000,269,289,high,289,21,289,1,289,pending,,,,,,,,,,,,results/casp15_casp16_unique_lt1000_all_default_20260529_182536/sequences/T1272s4.fasta,results/casp15_casp16_unique_lt1000_all_default_20260529_182536/predictions/T1272s4/boltz/rank_001.pdb,results/casp15_casp16_unique_lt1000_all_default_20260529_182536/logs/T1272s4_boltz.log,,
boltz,T1272s5,T1272s5,CASP16,9C3C,g,Check,Check,multiple equivalent chains match,0.907216,1.000000,1.000000,264,291,high,291,28,291,1,291,pending,,,,,,,,,,,,results/casp15_casp16_unique_lt1000_all_default_20260529_182536/sequences/T1272s5.fasta,results/casp15_casp16_unique_lt1000_all_default_20260529_182536/predictions/T1272s5/boltz/rank_001.pdb,results/casp15_casp16_unique_lt1000_all_default_20260529_182536/logs/T1272s5_boltz.log,,
boltz,T1272s6,T1272s6,CASP16,9C3C,A,Check,Check,reference coverage below threshold 0.641,0.641026,1.000000,1.000000,400,624,high,624,63,653,1,624,pending,,,,,,,,,,,,results/casp15_casp16_unique_lt1000_all_default_20260529_182536/sequences/T1272s6.fasta,results/casp15_casp16_unique_lt1000_all_default_20260529_182536/predictions/T1272s6/boltz/rank_001.pdb,results/casp15_casp16_unique_lt1000_all_default_20260529_182536/logs/T1272s6_boltz.log,,
boltz,T1272s7,T1272s7,CASP16,9C3C,B,No,No,chain mapping below threshold identity=1.000 coverage=0.599,1.000000,1.000000,0.599174,145,145,low,242,654,798,1,242,pending,,,,,,,,,,,,results/casp15_casp16_unique_lt1000_all_default_20260529_182536/sequences/T1272s7.fasta,results/casp15_casp16_unique_lt1000_all_default_20260529_182536/predictions/T1272s7/boltz/rank_001.pdb,results/casp15_casp16_unique_lt1000_all_default_20260529_182536/logs/T1272s7_boltz.log,,
boltz,T1272s8,T1272s8,CASP16,9C3C,V,Check,Check,reference coverage below threshold 0.356; multiple equivalent chains match,0.355746,1.000000,1.000000,291,818,high,818,1,291,1,818,pending,,,,,,,,,,,,results/casp15_casp16_unique_lt1000_all_default_20260529_182536/sequences/T1272s8.fasta,results/casp15_casp16_unique_lt1000_all_default_20260529_182536/predictions/T1272s8/boltz/rank_001.pdb,results/casp15_casp16_unique_lt1000_all_default_20260529_182536/logs/T1272s8_boltz.log,,
boltz,T1272s9,T1272s9,CASP16,9C3C,n,Check,Check,reference coverage below threshold 0.735; multiple equivalent chains match,0.735294,1.000000,1.000000,175,238,high,238,42,216,1,238,pending,,,,,,,,,,,,results/casp15_casp16_unique_lt1000_all_default_20260529_182536/sequences/T1272s9.fasta,results/casp15_casp16_unique_lt1000_all_default_20260529_182536/predictions/T1272s9/boltz/rank_001.pdb,results/casp15_casp16_unique_lt1000_all_default_20260529_182536/logs/T1272s9_boltz.log,,
boltz,T1280,T1280,CASP16,9F5M,AAA,Check,Check,multiple equivalent chains match,0.995745,1.000000,0.991561,234,235,high,237,615,848,1,237,pending,,,,,,,,,,,,results/casp15_casp16_unique_lt1000_all_default_20260529_182536/sequences/T1280.fasta,results/casp15_casp16_unique_lt1000_all_default_20260529_182536/predictions/T1280/boltz/rank_001.pdb,results/casp15_casp16_unique_lt1000_all_default_20260529_182536/logs/T1280_boltz.log,,
boltz,T1299,T1299,CASP16,9FJL,A,Yes,Yes,prefiltered A1 protein target with mapped residue range,1.000000,1.000000,1.000000,168,168,high,168,1,168,1,168,pending,,,,,,,,,,,,results/casp15_casp16_unique_lt1000_all_default_20260529_182536/sequences/T1299.fasta,results/casp15_casp16_unique_lt1000_all_default_20260529_182536/predictions/T1299/boltz/rank_001.pdb,results/casp15_casp16_unique_lt1000_all_default_20260529_182536/logs/T1299_boltz.log,,
boltz,T2272s2,T2272s2,CASP16,9C3C,a,Check,Check,multiple equivalent chains match,0.972393,1.000000,0.898072,317,326,medium,363,25,350,1,363,pending,,,,,,,,,,,,results/casp15_casp16_unique_lt1000_all_default_20260529_182536/sequences/T2272s2.fasta,results/casp15_casp16_unique_lt1000_all_default_20260529_182536/predictions/T2272s2/boltz/rank_001.pdb,results/casp15_casp16_unique_lt1000_all_default_20260529_182536/logs/T2272s2_boltz.log,,
boltz,T2272s3,T2272s3,CASP16,9C3C,b,Check,Check,multiple equivalent chains match,0.823899,1.000000,1.000000,262,318,high,318,57,318,1,318,pending,,,,,,,,,,,,results/casp15_casp16_unique_lt1000_all_default_20260529_182536/sequences/T2272s3.fasta,results/casp15_casp16_unique_lt1000_all_default_20260529_182536/predictions/T2272s3/boltz/rank_001.pdb,results/casp15_casp16_unique_lt1000_all_default_20260529_182536/logs/T2272s3_boltz.log,,
boltz,T2272s4,T2272s4,CASP16,9C3C,d,Check,Check,multiple equivalent chains match,0.930796,1.000000,1.000000,269,289,high,289,21,289,1,289,pending,,,,,,,,,,,,results/casp15_casp16_unique_lt1000_all_default_20260529_182536/sequences/T2272s4.fasta,results/casp15_casp16_unique_lt1000_all_default_20260529_182536/predictions/T2272s4/boltz/rank_001.pdb,results/casp15_casp16_unique_lt1000_all_default_20260529_182536/logs/T2272s4_boltz.log,,
boltz,T2272s5,T2272s5,CASP16,9C3C,g,Check,Check,multiple equivalent chains match,0.907216,1.000000,1.000000,264,291,high,291,28,291,1,291,pending,,,,,,,,,,,,results/casp15_casp16_unique_lt1000_all_default_20260529_182536/sequences/T2272s5.fasta,results/casp15_casp16_unique_lt1000_all_default_20260529_182536/predictions/T2272s5/boltz/rank_001.pdb,results/casp15_casp16_unique_lt1000_all_default_20260529_182536/logs/T2272s5_boltz.log,,
boltz,T2272s6,T2272s6,CASP16,9C3C,A,Check,Check,reference coverage below threshold 0.641,0.641026,1.000000,1.000000,400,624,high,624,63,653,1,624,pending,,,,,,,,,,,,results/casp15_casp16_unique_lt1000_all_default_20260529_182536/sequences/T2272s6.fasta,results/casp15_casp16_unique_lt1000_all_default_20260529_182536/predictions/T2272s6/boltz/rank_001.pdb,results/casp15_casp16_unique_lt1000_all_default_20260529_182536/logs/T2272s6_boltz.log,,
boltz,T2272s7,T2272s7,CASP16,9C3C,B,No,No,chain mapping below threshold identity=1.000 coverage=0.599,1.000000,1.000000,0.599174,145,145,low,242,654,798,1,242,pending,,,,,,,,,,,,results/casp15_casp16_unique_lt1000_all_default_20260529_182536/sequences/T2272s7.fasta,results/casp15_casp16_unique_lt1000_all_default_20260529_182536/predictions/T2272s7/boltz/rank_001.pdb,results/casp15_casp16_unique_lt1000_all_default_20260529_182536/logs/T2272s7_boltz.log,,
boltz,T2272s8,T2272s8,CASP16,9C3C,V,Check,Check,reference coverage below threshold 0.356; multiple equivalent chains match,0.355746,1.000000,1.000000,291,818,high,818,1,291,1,818,pending,,,,,,,,,,,,results/casp15_casp16_unique_lt1000_all_default_20260529_182536/sequences/T2272s8.fasta,results/casp15_casp16_unique_lt1000_all_default_20260529_182536/predictions/T2272s8/boltz/rank_001.pdb,results/casp15_casp16_unique_lt1000_all_default_20260529_182536/logs/T2272s8_boltz.log,,
boltz,T2272s9,T2272s9,CASP16,9C3C,n,Check,Check,reference coverage below threshold 0.735; multiple equivalent chains match,0.735294,1.000000,1.000000,175,238,high,238,42,216,1,238,pending,,,,,,,,,,,,results/casp15_casp16_unique_lt1000_all_default_20260529_182536/sequences/T2272s9.fasta,results/casp15_casp16_unique_lt1000_all_default_20260529_182536/predictions/T2272s9/boltz/rank_001.pdb,results/casp15_casp16_unique_lt1000_all_default_20260529_182536/logs/T2272s9_boltz.log,,
boltz,T2280,T2280,CASP16,9F5M,AAA,Check,Check,multiple equivalent chains match,0.995745,1.000000,0.991561,234,235,high,237,615,848,1,237,pending,,,,,,,,,,,,results/casp15_casp16_unique_lt1000_all_default_20260529_182536/sequences/T2280.fasta,results/casp15_casp16_unique_lt1000_all_default_20260529_182536/predictions/T2280/boltz/rank_001.pdb,results/casp15_casp16_unique_lt1000_all_default_20260529_182536/logs/T2280_boltz.log,,
boltz2,T1104,T1104,CASP15,7ROA,A,Yes,Yes,prefiltered A1 protein target with mapped residue range,0.871212,1.000000,1.000000,115,132,high,117,58,189,1,117,true,true,0.1826,0.4961130072051574,0.72402,4.497189667740517,,,,,,,results/casp15_casp16_unique_lt1000_all_default_20260529_182536/sequences/T1104.fasta,results/casp15_casp16_unique_lt1000_all_default_20260529_182536/predictions/T1104/boltz2/rank_001.pdb,results/casp15_casp16_unique_lt1000_all_default_20260529_182536/logs/T1104_boltz2.log,skipped existing success,missing score
boltz2,T1106s1,T1106s1,CASP15,7QIH,B,No,No,chain mapping below threshold identity=1.000 coverage=0.615; multiple equivalent chains match,0.946667,1.000000,0.614754,71,75,low,122,50,120,1,122,true,true,0.3264,0.46011004126547456,0.37485,14.753681892413175,,,,,,,results/casp15_casp16_unique_lt1000_all_default_20260529_182536/sequences/T1106s1.fasta,results/casp15_casp16_unique_lt1000_all_default_20260529_182536/predictions/T1106s1/boltz2/rank_001.pdb,results/casp15_casp16_unique_lt1000_all_default_20260529_182536/logs/T1106s1_boltz2.log,skipped existing success,missing score
boltz2,T1106s2,T1106s2,CASP15,7QIH,A,Check,Check,multiple equivalent chains match,0.909836,1.000000,1.000000,111,122,high,114,2,112,1,114,true,true,0.8806,0.5692797540623628,0.9073,3.8487209856043414,,,,,,,results/casp15_casp16_unique_lt1000_all_default_20260529_182536/sequences/T1106s2.fasta,results/casp15_casp16_unique_lt1000_all_default_20260529_182536/predictions/T1106s2/boltz2/rank_001.pdb,results/casp15_casp16_unique_lt1000_all_default_20260529_182536/logs/T1106s2_boltz2.log,skipped existing success,missing score
boltz2,T1112,T1112,CASP15,8ORK,AAA,Check,Check,multiple equivalent chains match,0.973913,1.000000,1.000000,448,460,high,460,2,460,1,460,true,true,0.415,0.2885353578435554,0.71219,13.845732007593384,,,,,,,results/casp15_casp16_unique_lt1000_all_default_20260529_182536/sequences/T1112.fasta,results/casp15_casp16_unique_lt1000_all_default_20260529_182536/predictions/T1112/boltz2/rank_001.pdb,results/casp15_casp16_unique_lt1000_all_default_20260529_182536/logs/T1112_boltz2.log,skipped existing success,missing score
boltz2,T1114s1,T1114s1,CASP15,7UTD,Q,No,No,chain mapping below threshold identity=1.000 coverage=0.317; multiple equivalent chains match,0.983333,1.000000,0.317460,59,60,low,189,20,78,1,189,true,true,0.4407,0.6581730769230769,0.45474,19.113948135814876,,,,,,,results/casp15_casp16_unique_lt1000_all_default_20260529_182536/sequences/T1114s1.fasta,results/casp15_casp16_unique_lt1000_all_default_20260529_182536/predictions/T1114s1/boltz2/rank_001.pdb,results/casp15_casp16_unique_lt1000_all_default_20260529_182536/logs/T1114s1_boltz2.log,skipped existing success,missing score
boltz2,T1114s2,T1114s2,CASP15,7UTD,B,Check,Check,multiple equivalent chains match,0.872629,1.000000,1.000000,322,369,high,369,2,323,1,369,true,true,0.0846,0.21934974034770827,0.44833,18.95459839663102,,,,,,,results/casp15_casp16_unique_lt1000_all_default_20260529_182536/sequences/T1114s2.fasta,results/casp15_casp16_unique_lt1000_all_default_20260529_182536/predictions/T1114s2/boltz2/rank_001.pdb,results/casp15_casp16_unique_lt1000_all_default_20260529_182536/logs/T1114s2_boltz2.log,skipped existing success,missing score
boltz2,T1114s3,T1114s3,CASP15,7UTD,A,Check,Check,multiple equivalent chains match,0.998051,1.000000,0.958879,512,513,high,535,4,516,1,535,true,true,0.0991,0.19152638153589913,0.29582,21.4625247662808,,,,,,,results/casp15_casp16_unique_lt1000_all_default_20260529_182536/sequences/T1114s3.fasta,results/casp15_casp16_unique_lt1000_all_default_20260529_182536/predictions/T1114s3/boltz2/rank_001.pdb,results/casp15_casp16_unique_lt1000_all_default_20260529_182536/logs/T1114s3_boltz2.log,skipped existing success,missing score
boltz2,T1120,T1120,CASP15,7QVB,B,Check,Check,multiple equivalent chains match,0.970213,1.000000,1.000000,228,235,high,235,4,231,1,235,true,true,0.1513,0.32634557634557637,0.33989,21.540604694498608,,,,,,,results/casp15_casp16_unique_lt1000_all_default_20260529_182536/sequences/T1120.fasta,results/casp15_casp16_unique_lt1000_all_default_20260529_182536/predictions/T1120/boltz2/rank_001.pdb,results/casp15_casp16_unique_lt1000_all_default_20260529_182536/logs/T1120_boltz2.log,skipped existing success,missing score
boltz2,T1122,T1122,CASP15,8BBT,A,Yes,Yes,prefiltered A1 protein target with mapped residue range,0.954357,1.000000,1.000000,230,241,high,241,4,237,1,241,true,true,0.2174,0.38076923076923075,0.33108,18.766644774714813,,,,,,,results/casp15_casp16_unique_lt1000_all_default_20260529_182536/sequences/T1122.fasta,results/casp15_casp16_unique_lt1000_all_default_20260529_182536/predictions/T1122/boltz2/rank_001.pdb,results/casp15_casp16_unique_lt1000_all_default_20260529_182536/logs/T1122_boltz2.log,skipped existing success,missing score
boltz2,T1125,T1125,CASP15,8H2N,A,No,No,chain mapping below threshold identity=1.000 coverage=0.677; multiple equivalent chains match,0.856273,1.000000,0.676667,703,821,low,1200,327,1117,1,1200,pending,,,,,,,,,,,,results/casp15_casp16_unique_lt1000_all_default_20260529_182536/sequences/T1125.fasta,results/casp15_casp16_unique_lt1000_all_default_20260529_182536/predictions/T1125/boltz2/rank_001.pdb,results/casp15_casp16_unique_lt1000_all_default_20260529_182536/logs/T1125_boltz2.log,,
boltz2,T1129s2,T1129s2,CASP15,8A8C,B,Yes,Yes,prefiltered A1 protein target with mapped residue range,0.825000,1.000000,1.000000,528,640,high,640,41,640,1,640,pending,,,,,,,,,,,,results/casp15_casp16_unique_lt1000_all_default_20260529_182536/sequences/T1129s2.fasta,results/casp15_casp16_unique_lt1000_all_default_20260529_182536/predictions/T1129s2/boltz2/rank_001.pdb,results/casp15_casp16_unique_lt1000_all_default_20260529_182536/logs/T1129s2_boltz2.log,,
boltz2,T1133,T1133,CASP15,8DYS,A,Check,Check,reference coverage below threshold 0.699,0.699145,1.000000,1.000000,409,585,high,585,4,427,1,585,pending,,,,,,,,,,,,results/casp15_casp16_unique_lt1000_all_default_20260529_182536/sequences/T1133.fasta,results/casp15_casp16_unique_lt1000_all_default_20260529_182536/predictions/T1133/boltz2/rank_001.pdb,results/casp15_casp16_unique_lt1000_all_default_20260529_182536/logs/T1133_boltz2.log,,
boltz2,T1134s1,T1134s1,CASP15,7UBZ,A,Check,Check,multiple equivalent chains match,1.000000,1.000000,1.000000,230,230,high,230,1,230,1,230,pending,,,,,,,,,,,,results/casp15_casp16_unique_lt1000_all_default_20260529_182536/sequences/T1134s1.fasta,results/casp15_casp16_unique_lt1000_all_default_20260529_182536/predictions/T1134s1/boltz2/rank_001.pdb,results/casp15_casp16_unique_lt1000_all_default_20260529_182536/logs/T1134s1_boltz2.log,,
boltz2,T1134s2,T1134s2,CASP15,7UBZ,D,Check,Check,reference coverage below threshold 0.645; multiple equivalent chains match,0.645367,1.000000,1.000000,202,313,high,313,168,472,1,313,pending,,,,,,,,,,,,results/casp15_casp16_unique_lt1000_all_default_20260529_182536/sequences/T1134s2.fasta,results/casp15_casp16_unique_lt1000_all_default_20260529_182536/predictions/T1134s2/boltz2/rank_001.pdb,results/casp15_casp16_unique_lt1000_all_default_20260529_182536/logs/T1134s2_boltz2.log,,
boltz2,T1137s1,T1137s1,CASP15,8FEF,A,Yes,Yes,prefiltered A1 protein target with mapped residue range,0.958435,1.000000,1.000000,392,409,high,409,18,409,1,409,pending,,,,,,,,,,,,results/casp15_casp16_unique_lt1000_all_default_20260529_182536/sequences/T1137s1.fasta,results/casp15_casp16_unique_lt1000_all_default_20260529_182536/predictions/T1137s1/boltz2/rank_001.pdb,results/casp15_casp16_unique_lt1000_all_default_20260529_182536/logs/T1137s1_boltz2.log,,
boltz2,T1137s2,T1137s2,CASP15,8FEF,B,Yes,Yes,prefiltered A1 protein target with mapped residue range,0.976676,1.000000,1.000000,335,343,high,343,2,343,1,343,pending,,,,,,,,,,,,results/casp15_casp16_unique_lt1000_all_default_20260529_182536/sequences/T1137s2.fasta,results/casp15_casp16_unique_lt1000_all_default_20260529_182536/predictions/T1137s2/boltz2/rank_001.pdb,results/casp15_casp16_unique_lt1000_all_default_20260529_182536/logs/T1137s2_boltz2.log,,
boltz2,T1137s3,T1137s3,CASP15,8FEF,C,Check,Check,reference coverage below threshold 0.592,0.591603,1.000000,1.000000,310,524,high,524,1,310,1,524,pending,,,,,,,,,,,,results/casp15_casp16_unique_lt1000_all_default_20260529_182536/sequences/T1137s3.fasta,results/casp15_casp16_unique_lt1000_all_default_20260529_182536/predictions/T1137s3/boltz2/rank_001.pdb,results/casp15_casp16_unique_lt1000_all_default_20260529_182536/logs/T1137s3_boltz2.log,,
boltz2,T1137s4,T1137s4,CASP15,8FEF,D,Check,Check,reference coverage below threshold 0.704,0.703839,1.000000,1.000000,385,547,high,547,42,468,1,547,pending,,,,,,,,,,,,results/casp15_casp16_unique_lt1000_all_default_20260529_182536/sequences/T1137s4.fasta,results/casp15_casp16_unique_lt1000_all_default_20260529_182536/predictions/T1137s4/boltz2/rank_001.pdb,results/casp15_casp16_unique_lt1000_all_default_20260529_182536/logs/T1137s4_boltz2.log,,
boltz2,T1137s5,T1137s5,CASP15,8FEF,E,Yes,Yes,prefiltered A1 protein target with mapped residue range,0.917949,1.000000,1.000000,358,390,high,390,33,390,1,390,pending,,,,,,,,,,,,results/casp15_casp16_unique_lt1000_all_default_20260529_182536/sequences/T1137s5.fasta,results/casp15_casp16_unique_lt1000_all_default_20260529_182536/predictions/T1137s5/boltz2/rank_001.pdb,results/casp15_casp16_unique_lt1000_all_default_20260529_182536/logs/T1137s5_boltz2.log,,
boltz2,T1137s6,T1137s6,CASP15,8FEF,F,Check,Check,reference coverage below threshold 0.770,0.770270,1.000000,1.000000,399,518,high,518,1,399,1,518,pending,,,,,,,,,,,,results/casp15_casp16_unique_lt1000_all_default_20260529_182536/sequences/T1137s6.fasta,results/casp15_casp16_unique_lt1000_all_default_20260529_182536/predictions/T1137s6/boltz2/rank_001.pdb,results/casp15_casp16_unique_lt1000_all_default_20260529_182536/logs/T1137s6_boltz2.log,,
boltz2,T1137s7,T1137s7,CASP15,8FEF,G,Check,Check,reference coverage below threshold 0.458; multiple equivalent chains match,0.457887,1.000000,1.000000,299,653,high,653,2,325,1,653,pending,,,,,,,,,,,,results/casp15_casp16_unique_lt1000_all_default_20260529_182536/sequences/T1137s7.fasta,results/casp15_casp16_unique_lt1000_all_default_20260529_182536/predictions/T1137s7/boltz2/rank_001.pdb,results/casp15_casp16_unique_lt1000_all_default_20260529_182536/logs/T1137s7_boltz2.log,,
boltz2,T1137s8,T1137s8,CASP15,8FEF,I,Yes,Yes,prefiltered A1 protein target with mapped residue range,0.951128,1.000000,1.000000,253,266,high,266,14,266,1,266,pending,,,,,,,,,,,,results/casp15_casp16_unique_lt1000_all_default_20260529_182536/sequences/T1137s8.fasta,results/casp15_casp16_unique_lt1000_all_default_20260529_182536/predictions/T1137s8/boltz2/rank_001.pdb,results/casp15_casp16_unique_lt1000_all_default_20260529_182536/logs/T1137s8_boltz2.log,,
boltz2,T1137s9,T1137s9,CASP15,8FEF,J,Yes,Yes,prefiltered A1 protein target with mapped residue range,0.910035,1.000000,1.000000,263,289,high,289,27,289,1,289,pending,,,,,,,,,,,,results/casp15_casp16_unique_lt1000_all_default_20260529_182536/sequences/T1137s9.fasta,results/casp15_casp16_unique_lt1000_all_default_20260529_182536/predictions/T1137s9/boltz2/rank_001.pdb,results/casp15_casp16_unique_lt1000_all_default_20260529_182536/logs/T1137s9_boltz2.log,,
boltz2,T1145,T1145,CASP15,7UWW,A,Check,Check,multiple equivalent chains match,0.995276,1.000000,1.000000,632,635,high,635,34,665,1,635,pending,,,,,,,,,,,,results/casp15_casp16_unique_lt1000_all_default_20260529_182536/sequences/T1145.fasta,results/casp15_casp16_unique_lt1000_all_default_20260529_182536/predictions/T1145/boltz2/rank_001.pdb,results/casp15_casp16_unique_lt1000_all_default_20260529_182536/logs/T1145_boltz2.log,,
boltz2,T1147,T1147,CASP15,8EM5,A,Check,Check,multiple equivalent chains match,0.893204,1.000000,1.000000,92,103,high,103,12,103,1,103,pending,,,,,,,,,,,,results/casp15_casp16_unique_lt1000_all_default_20260529_182536/sequences/T1147.fasta,results/casp15_casp16_unique_lt1000_all_default_20260529_182536/predictions/T1147/boltz2/rank_001.pdb,results/casp15_casp16_unique_lt1000_all_default_20260529_182536/logs/T1147_boltz2.log,,
boltz2,T1151s2,T1151s2,CASP15,8D5V,A,Check,Check,reference coverage below threshold 0.724; multiple equivalent chains match,0.724138,1.000000,1.000000,84,116,high,116,8,91,1,116,pending,,,,,,,,,,,,results/casp15_casp16_unique_lt1000_all_default_20260529_182536/sequences/T1151s2.fasta,results/casp15_casp16_unique_lt1000_all_default_20260529_182536/predictions/T1151s2/boltz2/rank_001.pdb,results/casp15_casp16_unique_lt1000_all_default_20260529_182536/logs/T1151s2_boltz2.log,,
boltz2,T1154,T1154,CASP15,7ZCX,AAA,Check,Check,reference coverage below threshold 0.730; multiple equivalent chains match,0.730337,1.000000,1.000000,1040,1424,high,1424,30,1069,1,1424,pending,,,,,,,,,,,,results/casp15_casp16_unique_lt1000_all_default_20260529_182536/sequences/T1154.fasta,results/casp15_casp16_unique_lt1000_all_default_20260529_182536/predictions/T1154/boltz2/rank_001.pdb,results/casp15_casp16_unique_lt1000_all_default_20260529_182536/logs/T1154_boltz2.log,,
boltz2,T1155,T1155,CASP15,8PBV,A,Yes,Yes,prefiltered A1 protein target with mapped residue range,1.000000,1.000000,1.000000,116,116,high,116,1,116,1,116,pending,,,,,,,,,,,,results/casp15_casp16_unique_lt1000_all_default_20260529_182536/sequences/T1155.fasta,results/casp15_casp16_unique_lt1000_all_default_20260529_182536/predictions/T1155/boltz2/rank_001.pdb,results/casp15_casp16_unique_lt1000_all_default_20260529_182536/logs/T1155_boltz2.log,,
boltz2,T1157s1,T1157s1,CASP15,8PKO,A,Yes,Yes,prefiltered A1 protein target with mapped residue range,0.936832,1.000000,1.000000,964,1029,high,1029,64,1083,1,1029,pending,,,,,,,,,,,,results/casp15_casp16_unique_lt1000_all_default_20260529_182536/sequences/T1157s1.fasta,results/casp15_casp16_unique_lt1000_all_default_20260529_182536/predictions/T1157s1/boltz2/rank_001.pdb,results/casp15_casp16_unique_lt1000_all_default_20260529_182536/logs/T1157s1_boltz2.log,,
boltz2,T1157s2,T1157s2,CASP15,8PKO,B,Yes,Yes,prefiltered A1 protein target with mapped residue range,0.937374,1.000000,1.000000,464,495,high,495,21,484,1,495,pending,,,,,,,,,,,,results/casp15_casp16_unique_lt1000_all_default_20260529_182536/sequences/T1157s2.fasta,results/casp15_casp16_unique_lt1000_all_default_20260529_182536/predictions/T1157s2/boltz2/rank_001.pdb,results/casp15_casp16_unique_lt1000_all_default_20260529_182536/logs/T1157s2_boltz2.log,,
boltz2,T1158,T1158,CASP15,8SXA,A,Yes,Yes,prefiltered A1 protein target with mapped residue range,0.870189,1.000000,0.988806,1153,1325,high,1340,48,1298,1,1340,pending,,,,,,,,,,,,results/casp15_casp16_unique_lt1000_all_default_20260529_182536/sequences/T1158.fasta,results/casp15_casp16_unique_lt1000_all_default_20260529_182536/predictions/T1158/boltz2/rank_001.pdb,results/casp15_casp16_unique_lt1000_all_default_20260529_182536/logs/T1158_boltz2.log,,
boltz2,T1159,T1159,CASP15,7PZT,A,Check,Check,multiple equivalent chains match,1.000000,1.000000,1.000000,160,160,high,160,1,160,1,160,pending,,,,,,,,,,,,results/casp15_casp16_unique_lt1000_all_default_20260529_182536/sequences/T1159.fasta,results/casp15_casp16_unique_lt1000_all_default_20260529_182536/predictions/T1159/boltz2/rank_001.pdb,results/casp15_casp16_unique_lt1000_all_default_20260529_182536/logs/T1159_boltz2.log,,
boltz2,T1169,T1169,CASP15,8FJP,A,Yes,Yes,prefiltered A1 protein target with mapped residue range,0.871581,1.000000,1.000000,2932,3364,high,3364,1,3042,1,3364,pending,,,,,,,,,,,,results/casp15_casp16_unique_lt1000_all_default_20260529_182536/sequences/T1169.fasta,results/casp15_casp16_unique_lt1000_all_default_20260529_182536/predictions/T1169/boltz2/rank_001.pdb,results/casp15_casp16_unique_lt1000_all_default_20260529_182536/logs/T1169_boltz2.log,,
boltz2,T1183,T1183,CASP15,8IFX,B,Yes,Yes,prefiltered A1 protein target with mapped residue range,0.975000,1.000000,1.000000,195,200,high,200,1,195,1,200,pending,,,,,,,,,,,,results/casp15_casp16_unique_lt1000_all_default_20260529_182536/sequences/T1183.fasta,results/casp15_casp16_unique_lt1000_all_default_20260529_182536/predictions/T1183/boltz2/rank_001.pdb,results/casp15_casp16_unique_lt1000_all_default_20260529_182536/logs/T1183_boltz2.log,,
boltz2,T1185s1,T1185s1,CASP15,8OUY,A,Check,Check,reference coverage below threshold 0.200,0.200000,1.000000,1.000000,70,350,high,350,4,73,1,350,pending,,,,,,,,,,,,results/casp15_casp16_unique_lt1000_all_default_20260529_182536/sequences/T1185s1.fasta,results/casp15_casp16_unique_lt1000_all_default_20260529_182536/predictions/T1185s1/boltz2/rank_001.pdb,results/casp15_casp16_unique_lt1000_all_default_20260529_182536/logs/T1185s1_boltz2.log,,
boltz2,T1185s2,T1185s2,CASP15,8OUY,B,Yes,Yes,prefiltered A1 protein target with mapped residue range,0.832447,1.000000,1.000000,313,376,high,376,10,349,1,376,pending,,,,,,,,,,,,results/casp15_casp16_unique_lt1000_all_default_20260529_182536/sequences/T1185s2.fasta,results/casp15_casp16_unique_lt1000_all_default_20260529_182536/predictions/T1185s2/boltz2/rank_001.pdb,results/casp15_casp16_unique_lt1000_all_default_20260529_182536/logs/T1185s2_boltz2.log,,
boltz2,T1185s4,T1185s4,CASP15,8OUY,D,Yes,Yes,prefiltered A1 protein target with mapped residue range,0.838710,1.000000,0.996429,234,279,high,280,20,280,1,280,pending,,,,,,,,,,,,results/casp15_casp16_unique_lt1000_all_default_20260529_182536/sequences/T1185s4.fasta,results/casp15_casp16_unique_lt1000_all_default_20260529_182536/predictions/T1185s4/boltz2/rank_001.pdb,results/casp15_casp16_unique_lt1000_all_default_20260529_182536/logs/T1185s4_boltz2.log,,
boltz2,T1194,T1194,CASP15,8OKH,A,Check,Check,multiple equivalent chains match,0.982036,1.000000,0.994048,164,167,high,168,22,185,1,168,pending,,,,,,,,,,,,results/casp15_casp16_unique_lt1000_all_default_20260529_182536/sequences/T1194.fasta,results/casp15_casp16_unique_lt1000_all_default_20260529_182536/predictions/T1194/boltz2/rank_001.pdb,results/casp15_casp16_unique_lt1000_all_default_20260529_182536/logs/T1194_boltz2.log,,
boltz2,T0272s2,T0272s2,CASP16,9C3C,a,Check,Check,multiple equivalent chains match,0.972393,1.000000,0.898072,317,326,medium,363,25,350,1,363,pending,,,,,,,,,,,,results/casp15_casp16_unique_lt1000_all_default_20260529_182536/sequences/T0272s2.fasta,results/casp15_casp16_unique_lt1000_all_default_20260529_182536/predictions/T0272s2/boltz2/rank_001.pdb,results/casp15_casp16_unique_lt1000_all_default_20260529_182536/logs/T0272s2_boltz2.log,,
boltz2,T0272s3,T0272s3,CASP16,9C3C,b,Check,Check,multiple equivalent chains match,0.823899,1.000000,1.000000,262,318,high,318,57,318,1,318,pending,,,,,,,,,,,,results/casp15_casp16_unique_lt1000_all_default_20260529_182536/sequences/T0272s3.fasta,results/casp15_casp16_unique_lt1000_all_default_20260529_182536/predictions/T0272s3/boltz2/rank_001.pdb,results/casp15_casp16_unique_lt1000_all_default_20260529_182536/logs/T0272s3_boltz2.log,,
boltz2,T0272s4,T0272s4,CASP16,9C3C,d,Check,Check,multiple equivalent chains match,0.930796,1.000000,1.000000,269,289,high,289,21,289,1,289,pending,,,,,,,,,,,,results/casp15_casp16_unique_lt1000_all_default_20260529_182536/sequences/T0272s4.fasta,results/casp15_casp16_unique_lt1000_all_default_20260529_182536/predictions/T0272s4/boltz2/rank_001.pdb,results/casp15_casp16_unique_lt1000_all_default_20260529_182536/logs/T0272s4_boltz2.log,,
boltz2,T0272s5,T0272s5,CASP16,9C3C,g,Check,Check,multiple equivalent chains match,0.907216,1.000000,1.000000,264,291,high,291,28,291,1,291,pending,,,,,,,,,,,,results/casp15_casp16_unique_lt1000_all_default_20260529_182536/sequences/T0272s5.fasta,results/casp15_casp16_unique_lt1000_all_default_20260529_182536/predictions/T0272s5/boltz2/rank_001.pdb,results/casp15_casp16_unique_lt1000_all_default_20260529_182536/logs/T0272s5_boltz2.log,,
boltz2,T0272s6,T0272s6,CASP16,9C3C,A,Check,Check,reference coverage below threshold 0.641,0.641026,1.000000,1.000000,400,624,high,624,63,653,1,624,pending,,,,,,,,,,,,results/casp15_casp16_unique_lt1000_all_default_20260529_182536/sequences/T0272s6.fasta,results/casp15_casp16_unique_lt1000_all_default_20260529_182536/predictions/T0272s6/boltz2/rank_001.pdb,results/casp15_casp16_unique_lt1000_all_default_20260529_182536/logs/T0272s6_boltz2.log,,
boltz2,T0272s7,T0272s7,CASP16,9C3C,B,No,No,chain mapping below threshold identity=1.000 coverage=0.599,1.000000,1.000000,0.599174,145,145,low,242,654,798,1,242,pending,,,,,,,,,,,,results/casp15_casp16_unique_lt1000_all_default_20260529_182536/sequences/T0272s7.fasta,results/casp15_casp16_unique_lt1000_all_default_20260529_182536/predictions/T0272s7/boltz2/rank_001.pdb,results/casp15_casp16_unique_lt1000_all_default_20260529_182536/logs/T0272s7_boltz2.log,,
boltz2,T0272s8,T0272s8,CASP16,9C3C,V,Check,Check,reference coverage below threshold 0.356; multiple equivalent chains match,0.355746,1.000000,1.000000,291,818,high,818,1,291,1,818,pending,,,,,,,,,,,,results/casp15_casp16_unique_lt1000_all_default_20260529_182536/sequences/T0272s8.fasta,results/casp15_casp16_unique_lt1000_all_default_20260529_182536/predictions/T0272s8/boltz2/rank_001.pdb,results/casp15_casp16_unique_lt1000_all_default_20260529_182536/logs/T0272s8_boltz2.log,,
boltz2,T0272s9,T0272s9,CASP16,9C3C,n,Check,Check,reference coverage below threshold 0.735; multiple equivalent chains match,0.735294,1.000000,1.000000,175,238,high,238,42,216,1,238,pending,,,,,,,,,,,,results/casp15_casp16_unique_lt1000_all_default_20260529_182536/sequences/T0272s9.fasta,results/casp15_casp16_unique_lt1000_all_default_20260529_182536/predictions/T0272s9/boltz2/rank_001.pdb,results/casp15_casp16_unique_lt1000_all_default_20260529_182536/logs/T0272s9_boltz2.log,,
boltz2,T1210,T1210,CASP16,9ENR,A,Yes,Yes,prefiltered A1 protein target with mapped residue range,0.876271,1.000000,1.000000,1551,1770,high,1770,19,1651,1,1770,pending,,,,,,,,,,,,results/casp15_casp16_unique_lt1000_all_default_20260529_182536/sequences/T1210.fasta,results/casp15_casp16_unique_lt1000_all_default_20260529_182536/predictions/T1210/boltz2/rank_001.pdb,results/casp15_casp16_unique_lt1000_all_default_20260529_182536/logs/T1210_boltz2.log,,
boltz2,T1212,T1212,CASP16,9B0L,P,Check,Check,multiple equivalent chains match,1.000000,1.000000,1.000000,466,466,high,466,53,518,1,466,pending,,,,,,,,,,,,results/casp15_casp16_unique_lt1000_all_default_20260529_182536/sequences/T1212.fasta,results/casp15_casp16_unique_lt1000_all_default_20260529_182536/predictions/T1212/boltz2/rank_001.pdb,results/casp15_casp16_unique_lt1000_all_default_20260529_182536/logs/T1212_boltz2.log,,
boltz2,T1220s1,T1220s1,CASP16,9H1G,A,Yes,Yes,prefiltered A1 protein target with mapped residue range,0.956166,1.000000,1.000000,1636,1711,high,1711,20,1711,1,1711,pending,,,,,,,,,,,,results/casp15_casp16_unique_lt1000_all_default_20260529_182536/sequences/T1220s1.fasta,results/casp15_casp16_unique_lt1000_all_default_20260529_182536/predictions/T1220s1/boltz2/rank_001.pdb,results/casp15_casp16_unique_lt1000_all_default_20260529_182536/logs/T1220s1_boltz2.log,,
boltz2,T1227s1,T1227s1,CASP16,9N8W,A,Yes,Yes,prefiltered A1 protein target with mapped residue range,0.918033,1.000000,1.000000,392,427,high,427,27,418,1,427,pending,,,,,,,,,,,,results/casp15_casp16_unique_lt1000_all_default_20260529_182536/sequences/T1227s1.fasta,results/casp15_casp16_unique_lt1000_all_default_20260529_182536/predictions/T1227s1/boltz2/rank_001.pdb,results/casp15_casp16_unique_lt1000_all_default_20260529_182536/logs/T1227s1_boltz2.log,,
boltz2,T1266,T1266,CASP16,8QFB,A,Check,Check,multiple equivalent chains match,0.886905,1.000000,1.000000,298,336,high,336,563,860,1,336,pending,,,,,,,,,,,,results/casp15_casp16_unique_lt1000_all_default_20260529_182536/sequences/T1266.fasta,results/casp15_casp16_unique_lt1000_all_default_20260529_182536/predictions/T1266/boltz2/rank_001.pdb,results/casp15_casp16_unique_lt1000_all_default_20260529_182536/logs/T1266_boltz2.log,,
boltz2,T1269,T1269,CASP16,9GVQ,A,Check,Check,multiple equivalent chains match,0.812766,1.000000,1.000000,1146,1410,high,1410,74,1228,1,1410,pending,,,,,,,,,,,,results/casp15_casp16_unique_lt1000_all_default_20260529_182536/sequences/T1269.fasta,results/casp15_casp16_unique_lt1000_all_default_20260529_182536/predictions/T1269/boltz2/rank_001.pdb,results/casp15_casp16_unique_lt1000_all_default_20260529_182536/logs/T1269_boltz2.log,,
boltz2,T1272s2,T1272s2,CASP16,9C3C,a,Check,Check,multiple equivalent chains match,0.972393,1.000000,0.898072,317,326,medium,363,25,350,1,363,pending,,,,,,,,,,,,results/casp15_casp16_unique_lt1000_all_default_20260529_182536/sequences/T1272s2.fasta,results/casp15_casp16_unique_lt1000_all_default_20260529_182536/predictions/T1272s2/boltz2/rank_001.pdb,results/casp15_casp16_unique_lt1000_all_default_20260529_182536/logs/T1272s2_boltz2.log,,
boltz2,T1272s3,T1272s3,CASP16,9C3C,b,Check,Check,multiple equivalent chains match,0.823899,1.000000,1.000000,262,318,high,318,57,318,1,318,pending,,,,,,,,,,,,results/casp15_casp16_unique_lt1000_all_default_20260529_182536/sequences/T1272s3.fasta,results/casp15_casp16_unique_lt1000_all_default_20260529_182536/predictions/T1272s3/boltz2/rank_001.pdb,results/casp15_casp16_unique_lt1000_all_default_20260529_182536/logs/T1272s3_boltz2.log,,
boltz2,T1272s4,T1272s4,CASP16,9C3C,d,Check,Check,multiple equivalent chains match,0.930796,1.000000,1.000000,269,289,high,289,21,289,1,289,pending,,,,,,,,,,,,results/casp15_casp16_unique_lt1000_all_default_20260529_182536/sequences/T1272s4.fasta,results/casp15_casp16_unique_lt1000_all_default_20260529_182536/predictions/T1272s4/boltz2/rank_001.pdb,results/casp15_casp16_unique_lt1000_all_default_20260529_182536/logs/T1272s4_boltz2.log,,
boltz2,T1272s5,T1272s5,CASP16,9C3C,g,Check,Check,multiple equivalent chains match,0.907216,1.000000,1.000000,264,291,high,291,28,291,1,291,pending,,,,,,,,,,,,results/casp15_casp16_unique_lt1000_all_default_20260529_182536/sequences/T1272s5.fasta,results/casp15_casp16_unique_lt1000_all_default_20260529_182536/predictions/T1272s5/boltz2/rank_001.pdb,results/casp15_casp16_unique_lt1000_all_default_20260529_182536/logs/T1272s5_boltz2.log,,
boltz2,T1272s6,T1272s6,CASP16,9C3C,A,Check,Check,reference coverage below threshold 0.641,0.641026,1.000000,1.000000,400,624,high,624,63,653,1,624,pending,,,,,,,,,,,,results/casp15_casp16_unique_lt1000_all_default_20260529_182536/sequences/T1272s6.fasta,results/casp15_casp16_unique_lt1000_all_default_20260529_182536/predictions/T1272s6/boltz2/rank_001.pdb,results/casp15_casp16_unique_lt1000_all_default_20260529_182536/logs/T1272s6_boltz2.log,,
boltz2,T1272s7,T1272s7,CASP16,9C3C,B,No,No,chain mapping below threshold identity=1.000 coverage=0.599,1.000000,1.000000,0.599174,145,145,low,242,654,798,1,242,pending,,,,,,,,,,,,results/casp15_casp16_unique_lt1000_all_default_20260529_182536/sequences/T1272s7.fasta,results/casp15_casp16_unique_lt1000_all_default_20260529_182536/predictions/T1272s7/boltz2/rank_001.pdb,results/casp15_casp16_unique_lt1000_all_default_20260529_182536/logs/T1272s7_boltz2.log,,
boltz2,T1272s8,T1272s8,CASP16,9C3C,V,Check,Check,reference coverage below threshold 0.356; multiple equivalent chains match,0.355746,1.000000,1.000000,291,818,high,818,1,291,1,818,pending,,,,,,,,,,,,results/casp15_casp16_unique_lt1000_all_default_20260529_182536/sequences/T1272s8.fasta,results/casp15_casp16_unique_lt1000_all_default_20260529_182536/predictions/T1272s8/boltz2/rank_001.pdb,results/casp15_casp16_unique_lt1000_all_default_20260529_182536/logs/T1272s8_boltz2.log,,
boltz2,T1272s9,T1272s9,CASP16,9C3C,n,Check,Check,reference coverage below threshold 0.735; multiple equivalent chains match,0.735294,1.000000,1.000000,175,238,high,238,42,216,1,238,pending,,,,,,,,,,,,results/casp15_casp16_unique_lt1000_all_default_20260529_182536/sequences/T1272s9.fasta,results/casp15_casp16_unique_lt1000_all_default_20260529_182536/predictions/T1272s9/boltz2/rank_001.pdb,results/casp15_casp16_unique_lt1000_all_default_20260529_182536/logs/T1272s9_boltz2.log,,
boltz2,T1280,T1280,CASP16,9F5M,AAA,Check,Check,multiple equivalent chains match,0.995745,1.000000,0.991561,234,235,high,237,615,848,1,237,pending,,,,,,,,,,,,results/casp15_casp16_unique_lt1000_all_default_20260529_182536/sequences/T1280.fasta,results/casp15_casp16_unique_lt1000_all_default_20260529_182536/predictions/T1280/boltz2/rank_001.pdb,results/casp15_casp16_unique_lt1000_all_default_20260529_182536/logs/T1280_boltz2.log,,
boltz2,T1299,T1299,CASP16,9FJL,A,Yes,Yes,prefiltered A1 protein target with mapped residue range,1.000000,1.000000,1.000000,168,168,high,168,1,168,1,168,pending,,,,,,,,,,,,results/casp15_casp16_unique_lt1000_all_default_20260529_182536/sequences/T1299.fasta,results/casp15_casp16_unique_lt1000_all_default_20260529_182536/predictions/T1299/boltz2/rank_001.pdb,results/casp15_casp16_unique_lt1000_all_default_20260529_182536/logs/T1299_boltz2.log,,
boltz2,T2272s2,T2272s2,CASP16,9C3C,a,Check,Check,multiple equivalent chains match,0.972393,1.000000,0.898072,317,326,medium,363,25,350,1,363,pending,,,,,,,,,,,,results/casp15_casp16_unique_lt1000_all_default_20260529_182536/sequences/T2272s2.fasta,results/casp15_casp16_unique_lt1000_all_default_20260529_182536/predictions/T2272s2/boltz2/rank_001.pdb,results/casp15_casp16_unique_lt1000_all_default_20260529_182536/logs/T2272s2_boltz2.log,,
boltz2,T2272s3,T2272s3,CASP16,9C3C,b,Check,Check,multiple equivalent chains match,0.823899,1.000000,1.000000,262,318,high,318,57,318,1,318,pending,,,,,,,,,,,,results/casp15_casp16_unique_lt1000_all_default_20260529_182536/sequences/T2272s3.fasta,results/casp15_casp16_unique_lt1000_all_default_20260529_182536/predictions/T2272s3/boltz2/rank_001.pdb,results/casp15_casp16_unique_lt1000_all_default_20260529_182536/logs/T2272s3_boltz2.log,,
boltz2,T2272s4,T2272s4,CASP16,9C3C,d,Check,Check,multiple equivalent chains match,0.930796,1.000000,1.000000,269,289,high,289,21,289,1,289,pending,,,,,,,,,,,,results/casp15_casp16_unique_lt1000_all_default_20260529_182536/sequences/T2272s4.fasta,results/casp15_casp16_unique_lt1000_all_default_20260529_182536/predictions/T2272s4/boltz2/rank_001.pdb,results/casp15_casp16_unique_lt1000_all_default_20260529_182536/logs/T2272s4_boltz2.log,,
boltz2,T2272s5,T2272s5,CASP16,9C3C,g,Check,Check,multiple equivalent chains match,0.907216,1.000000,1.000000,264,291,high,291,28,291,1,291,pending,,,,,,,,,,,,results/casp15_casp16_unique_lt1000_all_default_20260529_182536/sequences/T2272s5.fasta,results/casp15_casp16_unique_lt1000_all_default_20260529_182536/predictions/T2272s5/boltz2/rank_001.pdb,results/casp15_casp16_unique_lt1000_all_default_20260529_182536/logs/T2272s5_boltz2.log,,
boltz2,T2272s6,T2272s6,CASP16,9C3C,A,Check,Check,reference coverage below threshold 0.641,0.641026,1.000000,1.000000,400,624,high,624,63,653,1,624,pending,,,,,,,,,,,,results/casp15_casp16_unique_lt1000_all_default_20260529_182536/sequences/T2272s6.fasta,results/casp15_casp16_unique_lt1000_all_default_20260529_182536/predictions/T2272s6/boltz2/rank_001.pdb,results/casp15_casp16_unique_lt1000_all_default_20260529_182536/logs/T2272s6_boltz2.log,,
boltz2,T2272s7,T2272s7,CASP16,9C3C,B,No,No,chain mapping below threshold identity=1.000 coverage=0.599,1.000000,1.000000,0.599174,145,145,low,242,654,798,1,242,pending,,,,,,,,,,,,results/casp15_casp16_unique_lt1000_all_default_20260529_182536/sequences/T2272s7.fasta,results/casp15_casp16_unique_lt1000_all_default_20260529_182536/predictions/T2272s7/boltz2/rank_001.pdb,results/casp15_casp16_unique_lt1000_all_default_20260529_182536/logs/T2272s7_boltz2.log,,
boltz2,T2272s8,T2272s8,CASP16,9C3C,V,Check,Check,reference coverage below threshold 0.356; multiple equivalent chains match,0.355746,1.000000,1.000000,291,818,high,818,1,291,1,818,pending,,,,,,,,,,,,results/casp15_casp16_unique_lt1000_all_default_20260529_182536/sequences/T2272s8.fasta,results/casp15_casp16_unique_lt1000_all_default_20260529_182536/predictions/T2272s8/boltz2/rank_001.pdb,results/casp15_casp16_unique_lt1000_all_default_20260529_182536/logs/T2272s8_boltz2.log,,
boltz2,T2272s9,T2272s9,CASP16,9C3C,n,Check,Check,reference coverage below threshold 0.735; multiple equivalent chains match,0.735294,1.000000,1.000000,175,238,high,238,42,216,1,238,pending,,,,,,,,,,,,results/casp15_casp16_unique_lt1000_all_default_20260529_182536/sequences/T2272s9.fasta,results/casp15_casp16_unique_lt1000_all_default_20260529_182536/predictions/T2272s9/boltz2/rank_001.pdb,results/casp15_casp16_unique_lt1000_all_default_20260529_182536/logs/T2272s9_boltz2.log,,
boltz2,T2280,T2280,CASP16,9F5M,AAA,Check,Check,multiple equivalent chains match,0.995745,1.000000,0.991561,234,235,high,237,615,848,1,237,pending,,,,,,,,,,,,results/casp15_casp16_unique_lt1000_all_default_20260529_182536/sequences/T2280.fasta,results/casp15_casp16_unique_lt1000_all_default_20260529_182536/predictions/T2280/boltz2/rank_001.pdb,results/casp15_casp16_unique_lt1000_all_default_20260529_182536/logs/T2280_boltz2.log,,
chai1,T1104,T1104,CASP15,7ROA,A,Yes,Yes,prefiltered A1 protein target with mapped residue range,0.871212,1.000000,1.000000,115,132,high,117,58,189,1,117,true,true,0.1848,0.386518771331058,0.52056,9.568993298142953,,,,,,,results/casp15_casp16_unique_lt1000_all_default_20260529_182536/sequences/T1104.fasta,results/casp15_casp16_unique_lt1000_all_default_20260529_182536/predictions/T1104/chai1/rank_001.pdb,results/casp15_casp16_unique_lt1000_all_default_20260529_182536/logs/T1104_chai1.log,skipped existing success,missing score
chai1,T1106s1,T1106s1,CASP15,7QIH,B,No,No,chain mapping below threshold identity=1.000 coverage=0.615; multiple equivalent chains match,0.946667,1.000000,0.614754,71,75,low,122,50,120,1,122,true,true,0.4757,0.33837689133425036,0.47241,16.378685164647294,,,,,,,results/casp15_casp16_unique_lt1000_all_default_20260529_182536/sequences/T1106s1.fasta,results/casp15_casp16_unique_lt1000_all_default_20260529_182536/predictions/T1106s1/chai1/rank_001.pdb,results/casp15_casp16_unique_lt1000_all_default_20260529_182536/logs/T1106s1_chai1.log,skipped existing success,missing score
chai1,T1106s2,T1106s2,CASP15,7QIH,A,Check,Check,multiple equivalent chains match,0.909836,1.000000,1.000000,111,122,high,114,2,112,1,114,true,true,0.9505,0.5697189284145806,0.94684,3.8313068320090062,,,,,,,results/casp15_casp16_unique_lt1000_all_default_20260529_182536/sequences/T1106s2.fasta,results/casp15_casp16_unique_lt1000_all_default_20260529_182536/predictions/T1106s2/chai1/rank_001.pdb,results/casp15_casp16_unique_lt1000_all_default_20260529_182536/logs/T1106s2_chai1.log,skipped existing success,missing score
chai1,T1112,T1112,CASP15,8ORK,AAA,Check,Check,multiple equivalent chains match,0.973913,1.000000,1.000000,448,460,high,460,2,460,1,460,true,true,0.6127,0.2811353749040348,0.81922,13.614218173043623,,,,,,,results/casp15_casp16_unique_lt1000_all_default_20260529_182536/sequences/T1112.fasta,results/casp15_casp16_unique_lt1000_all_default_20260529_182536/predictions/T1112/chai1/rank_001.pdb,results/casp15_casp16_unique_lt1000_all_default_20260529_182536/logs/T1112_chai1.log,skipped existing success,missing score
chai1,T1114s1,T1114s1,CASP15,7UTD,Q,No,No,chain mapping below threshold identity=1.000 coverage=0.317; multiple equivalent chains match,0.983333,1.000000,0.317460,59,60,low,189,20,78,1,189,true,true,0.5678,0.5951923076923077,0.50975,12.949336009271121,,,,,,,results/casp15_casp16_unique_lt1000_all_default_20260529_182536/sequences/T1114s1.fasta,results/casp15_casp16_unique_lt1000_all_default_20260529_182536/predictions/T1114s1/chai1/rank_001.pdb,results/casp15_casp16_unique_lt1000_all_default_20260529_182536/logs/T1114s1_chai1.log,skipped existing success,missing score
chai1,T1114s2,T1114s2,CASP15,7UTD,B,Check,Check,multiple equivalent chains match,0.872629,1.000000,1.000000,322,369,high,369,2,323,1,369,true,true,0.073,0.19942424926620006,0.80381,20.464892738589683,,,,,,,results/casp15_casp16_unique_lt1000_all_default_20260529_182536/sequences/T1114s2.fasta,results/casp15_casp16_unique_lt1000_all_default_20260529_182536/predictions/T1114s2/chai1/rank_001.pdb,results/casp15_casp16_unique_lt1000_all_default_20260529_182536/logs/T1114s2_chai1.log,skipped existing success,missing score
chai1,T1114s3,T1114s3,CASP15,7UTD,A,Check,Check,multiple equivalent chains match,0.998051,1.000000,0.958879,512,513,high,535,4,516,1,535,true,true,0.8872,0.2863006364880138,0.9485,8.857672002192922,,,,,,,results/casp15_casp16_unique_lt1000_all_default_20260529_182536/sequences/T1114s3.fasta,results/casp15_casp16_unique_lt1000_all_default_20260529_182536/predictions/T1114s3/chai1/rank_001.pdb,results/casp15_casp16_unique_lt1000_all_default_20260529_182536/logs/T1114s3_chai1.log,skipped existing success,missing score
chai1,T1120,T1120,CASP15,7QVB,B,Check,Check,multiple equivalent chains match,0.970213,1.000000,1.000000,228,235,high,235,4,231,1,235,true,true,0.2171,0.3787826287826288,0.53154,12.657689491590117,,,,,,,results/casp15_casp16_unique_lt1000_all_default_20260529_182536/sequences/T1120.fasta,results/casp15_casp16_unique_lt1000_all_default_20260529_182536/predictions/T1120/chai1/rank_001.pdb,results/casp15_casp16_unique_lt1000_all_default_20260529_182536/logs/T1120_chai1.log,skipped existing success,missing score
chai1,T1122,T1122,CASP15,8BBT,A,Yes,Yes,prefiltered A1 protein target with mapped residue range,0.954357,1.000000,1.000000,230,241,high,241,4,237,1,241,true,true,0.363,0.4114253393665158,0.49624,18.703923848352687,,,,,,,results/casp15_casp16_unique_lt1000_all_default_20260529_182536/sequences/T1122.fasta,results/casp15_casp16_unique_lt1000_all_default_20260529_182536/predictions/T1122/chai1/rank_001.pdb,results/casp15_casp16_unique_lt1000_all_default_20260529_182536/logs/T1122_chai1.log,skipped existing success,missing score
chai1,T1125,T1125,CASP15,8H2N,A,No,No,chain mapping below threshold identity=1.000 coverage=0.677; multiple equivalent chains match,0.856273,1.000000,0.676667,703,821,low,1200,327,1117,1,1200,pending,,,,,,,,,,,,results/casp15_casp16_unique_lt1000_all_default_20260529_182536/sequences/T1125.fasta,results/casp15_casp16_unique_lt1000_all_default_20260529_182536/predictions/T1125/chai1/rank_001.pdb,results/casp15_casp16_unique_lt1000_all_default_20260529_182536/logs/T1125_chai1.log,,
chai1,T1129s2,T1129s2,CASP15,8A8C,B,Yes,Yes,prefiltered A1 protein target with mapped residue range,0.825000,1.000000,1.000000,528,640,high,640,41,640,1,640,pending,,,,,,,,,,,,results/casp15_casp16_unique_lt1000_all_default_20260529_182536/sequences/T1129s2.fasta,results/casp15_casp16_unique_lt1000_all_default_20260529_182536/predictions/T1129s2/chai1/rank_001.pdb,results/casp15_casp16_unique_lt1000_all_default_20260529_182536/logs/T1129s2_chai1.log,,
chai1,T1133,T1133,CASP15,8DYS,A,Check,Check,reference coverage below threshold 0.699,0.699145,1.000000,1.000000,409,585,high,585,4,427,1,585,pending,,,,,,,,,,,,results/casp15_casp16_unique_lt1000_all_default_20260529_182536/sequences/T1133.fasta,results/casp15_casp16_unique_lt1000_all_default_20260529_182536/predictions/T1133/chai1/rank_001.pdb,results/casp15_casp16_unique_lt1000_all_default_20260529_182536/logs/T1133_chai1.log,,
chai1,T1134s1,T1134s1,CASP15,7UBZ,A,Check,Check,multiple equivalent chains match,1.000000,1.000000,1.000000,230,230,high,230,1,230,1,230,pending,,,,,,,,,,,,results/casp15_casp16_unique_lt1000_all_default_20260529_182536/sequences/T1134s1.fasta,results/casp15_casp16_unique_lt1000_all_default_20260529_182536/predictions/T1134s1/chai1/rank_001.pdb,results/casp15_casp16_unique_lt1000_all_default_20260529_182536/logs/T1134s1_chai1.log,,
chai1,T1134s2,T1134s2,CASP15,7UBZ,D,Check,Check,reference coverage below threshold 0.645; multiple equivalent chains match,0.645367,1.000000,1.000000,202,313,high,313,168,472,1,313,pending,,,,,,,,,,,,results/casp15_casp16_unique_lt1000_all_default_20260529_182536/sequences/T1134s2.fasta,results/casp15_casp16_unique_lt1000_all_default_20260529_182536/predictions/T1134s2/chai1/rank_001.pdb,results/casp15_casp16_unique_lt1000_all_default_20260529_182536/logs/T1134s2_chai1.log,,
chai1,T1137s1,T1137s1,CASP15,8FEF,A,Yes,Yes,prefiltered A1 protein target with mapped residue range,0.958435,1.000000,1.000000,392,409,high,409,18,409,1,409,pending,,,,,,,,,,,,results/casp15_casp16_unique_lt1000_all_default_20260529_182536/sequences/T1137s1.fasta,results/casp15_casp16_unique_lt1000_all_default_20260529_182536/predictions/T1137s1/chai1/rank_001.pdb,results/casp15_casp16_unique_lt1000_all_default_20260529_182536/logs/T1137s1_chai1.log,,
chai1,T1137s2,T1137s2,CASP15,8FEF,B,Yes,Yes,prefiltered A1 protein target with mapped residue range,0.976676,1.000000,1.000000,335,343,high,343,2,343,1,343,pending,,,,,,,,,,,,results/casp15_casp16_unique_lt1000_all_default_20260529_182536/sequences/T1137s2.fasta,results/casp15_casp16_unique_lt1000_all_default_20260529_182536/predictions/T1137s2/chai1/rank_001.pdb,results/casp15_casp16_unique_lt1000_all_default_20260529_182536/logs/T1137s2_chai1.log,,
chai1,T1137s3,T1137s3,CASP15,8FEF,C,Check,Check,reference coverage below threshold 0.592,0.591603,1.000000,1.000000,310,524,high,524,1,310,1,524,pending,,,,,,,,,,,,results/casp15_casp16_unique_lt1000_all_default_20260529_182536/sequences/T1137s3.fasta,results/casp15_casp16_unique_lt1000_all_default_20260529_182536/predictions/T1137s3/chai1/rank_001.pdb,results/casp15_casp16_unique_lt1000_all_default_20260529_182536/logs/T1137s3_chai1.log,,
chai1,T1137s4,T1137s4,CASP15,8FEF,D,Check,Check,reference coverage below threshold 0.704,0.703839,1.000000,1.000000,385,547,high,547,42,468,1,547,pending,,,,,,,,,,,,results/casp15_casp16_unique_lt1000_all_default_20260529_182536/sequences/T1137s4.fasta,results/casp15_casp16_unique_lt1000_all_default_20260529_182536/predictions/T1137s4/chai1/rank_001.pdb,results/casp15_casp16_unique_lt1000_all_default_20260529_182536/logs/T1137s4_chai1.log,,
chai1,T1137s5,T1137s5,CASP15,8FEF,E,Yes,Yes,prefiltered A1 protein target with mapped residue range,0.917949,1.000000,1.000000,358,390,high,390,33,390,1,390,pending,,,,,,,,,,,,results/casp15_casp16_unique_lt1000_all_default_20260529_182536/sequences/T1137s5.fasta,results/casp15_casp16_unique_lt1000_all_default_20260529_182536/predictions/T1137s5/chai1/rank_001.pdb,results/casp15_casp16_unique_lt1000_all_default_20260529_182536/logs/T1137s5_chai1.log,,
chai1,T1137s6,T1137s6,CASP15,8FEF,F,Check,Check,reference coverage below threshold 0.770,0.770270,1.000000,1.000000,399,518,high,518,1,399,1,518,pending,,,,,,,,,,,,results/casp15_casp16_unique_lt1000_all_default_20260529_182536/sequences/T1137s6.fasta,results/casp15_casp16_unique_lt1000_all_default_20260529_182536/predictions/T1137s6/chai1/rank_001.pdb,results/casp15_casp16_unique_lt1000_all_default_20260529_182536/logs/T1137s6_chai1.log,,
chai1,T1137s7,T1137s7,CASP15,8FEF,G,Check,Check,reference coverage below threshold 0.458; multiple equivalent chains match,0.457887,1.000000,1.000000,299,653,high,653,2,325,1,653,pending,,,,,,,,,,,,results/casp15_casp16_unique_lt1000_all_default_20260529_182536/sequences/T1137s7.fasta,results/casp15_casp16_unique_lt1000_all_default_20260529_182536/predictions/T1137s7/chai1/rank_001.pdb,results/casp15_casp16_unique_lt1000_all_default_20260529_182536/logs/T1137s7_chai1.log,,
chai1,T1137s8,T1137s8,CASP15,8FEF,I,Yes,Yes,prefiltered A1 protein target with mapped residue range,0.951128,1.000000,1.000000,253,266,high,266,14,266,1,266,pending,,,,,,,,,,,,results/casp15_casp16_unique_lt1000_all_default_20260529_182536/sequences/T1137s8.fasta,results/casp15_casp16_unique_lt1000_all_default_20260529_182536/predictions/T1137s8/chai1/rank_001.pdb,results/casp15_casp16_unique_lt1000_all_default_20260529_182536/logs/T1137s8_chai1.log,,
chai1,T1137s9,T1137s9,CASP15,8FEF,J,Yes,Yes,prefiltered A1 protein target with mapped residue range,0.910035,1.000000,1.000000,263,289,high,289,27,289,1,289,pending,,,,,,,,,,,,results/casp15_casp16_unique_lt1000_all_default_20260529_182536/sequences/T1137s9.fasta,results/casp15_casp16_unique_lt1000_all_default_20260529_182536/predictions/T1137s9/chai1/rank_001.pdb,results/casp15_casp16_unique_lt1000_all_default_20260529_182536/logs/T1137s9_chai1.log,,
chai1,T1145,T1145,CASP15,7UWW,A,Check,Check,multiple equivalent chains match,0.995276,1.000000,1.000000,632,635,high,635,34,665,1,635,pending,,,,,,,,,,,,results/casp15_casp16_unique_lt1000_all_default_20260529_182536/sequences/T1145.fasta,results/casp15_casp16_unique_lt1000_all_default_20260529_182536/predictions/T1145/chai1/rank_001.pdb,results/casp15_casp16_unique_lt1000_all_default_20260529_182536/logs/T1145_chai1.log,,
chai1,T1147,T1147,CASP15,8EM5,A,Check,Check,multiple equivalent chains match,0.893204,1.000000,1.000000,92,103,high,103,12,103,1,103,pending,,,,,,,,,,,,results/casp15_casp16_unique_lt1000_all_default_20260529_182536/sequences/T1147.fasta,results/casp15_casp16_unique_lt1000_all_default_20260529_182536/predictions/T1147/chai1/rank_001.pdb,results/casp15_casp16_unique_lt1000_all_default_20260529_182536/logs/T1147_chai1.log,,
chai1,T1151s2,T1151s2,CASP15,8D5V,A,Check,Check,reference coverage below threshold 0.724; multiple equivalent chains match,0.724138,1.000000,1.000000,84,116,high,116,8,91,1,116,pending,,,,,,,,,,,,results/casp15_casp16_unique_lt1000_all_default_20260529_182536/sequences/T1151s2.fasta,results/casp15_casp16_unique_lt1000_all_default_20260529_182536/predictions/T1151s2/chai1/rank_001.pdb,results/casp15_casp16_unique_lt1000_all_default_20260529_182536/logs/T1151s2_chai1.log,,
chai1,T1154,T1154,CASP15,7ZCX,AAA,Check,Check,reference coverage below threshold 0.730; multiple equivalent chains match,0.730337,1.000000,1.000000,1040,1424,high,1424,30,1069,1,1424,pending,,,,,,,,,,,,results/casp15_casp16_unique_lt1000_all_default_20260529_182536/sequences/T1154.fasta,results/casp15_casp16_unique_lt1000_all_default_20260529_182536/predictions/T1154/chai1/rank_001.pdb,results/casp15_casp16_unique_lt1000_all_default_20260529_182536/logs/T1154_chai1.log,,
chai1,T1155,T1155,CASP15,8PBV,A,Yes,Yes,prefiltered A1 protein target with mapped residue range,1.000000,1.000000,1.000000,116,116,high,116,1,116,1,116,pending,,,,,,,,,,,,results/casp15_casp16_unique_lt1000_all_default_20260529_182536/sequences/T1155.fasta,results/casp15_casp16_unique_lt1000_all_default_20260529_182536/predictions/T1155/chai1/rank_001.pdb,results/casp15_casp16_unique_lt1000_all_default_20260529_182536/logs/T1155_chai1.log,,
chai1,T1157s1,T1157s1,CASP15,8PKO,A,Yes,Yes,prefiltered A1 protein target with mapped residue range,0.936832,1.000000,1.000000,964,1029,high,1029,64,1083,1,1029,pending,,,,,,,,,,,,results/casp15_casp16_unique_lt1000_all_default_20260529_182536/sequences/T1157s1.fasta,results/casp15_casp16_unique_lt1000_all_default_20260529_182536/predictions/T1157s1/chai1/rank_001.pdb,results/casp15_casp16_unique_lt1000_all_default_20260529_182536/logs/T1157s1_chai1.log,,
chai1,T1157s2,T1157s2,CASP15,8PKO,B,Yes,Yes,prefiltered A1 protein target with mapped residue range,0.937374,1.000000,1.000000,464,495,high,495,21,484,1,495,pending,,,,,,,,,,,,results/casp15_casp16_unique_lt1000_all_default_20260529_182536/sequences/T1157s2.fasta,results/casp15_casp16_unique_lt1000_all_default_20260529_182536/predictions/T1157s2/chai1/rank_001.pdb,results/casp15_casp16_unique_lt1000_all_default_20260529_182536/logs/T1157s2_chai1.log,,
chai1,T1158,T1158,CASP15,8SXA,A,Yes,Yes,prefiltered A1 protein target with mapped residue range,0.870189,1.000000,0.988806,1153,1325,high,1340,48,1298,1,1340,pending,,,,,,,,,,,,results/casp15_casp16_unique_lt1000_all_default_20260529_182536/sequences/T1158.fasta,results/casp15_casp16_unique_lt1000_all_default_20260529_182536/predictions/T1158/chai1/rank_001.pdb,results/casp15_casp16_unique_lt1000_all_default_20260529_182536/logs/T1158_chai1.log,,
chai1,T1159,T1159,CASP15,7PZT,A,Check,Check,multiple equivalent chains match,1.000000,1.000000,1.000000,160,160,high,160,1,160,1,160,pending,,,,,,,,,,,,results/casp15_casp16_unique_lt1000_all_default_20260529_182536/sequences/T1159.fasta,results/casp15_casp16_unique_lt1000_all_default_20260529_182536/predictions/T1159/chai1/rank_001.pdb,results/casp15_casp16_unique_lt1000_all_default_20260529_182536/logs/T1159_chai1.log,,
chai1,T1169,T1169,CASP15,8FJP,A,Yes,Yes,prefiltered A1 protein target with mapped residue range,0.871581,1.000000,1.000000,2932,3364,high,3364,1,3042,1,3364,pending,,,,,,,,,,,,results/casp15_casp16_unique_lt1000_all_default_20260529_182536/sequences/T1169.fasta,results/casp15_casp16_unique_lt1000_all_default_20260529_182536/predictions/T1169/chai1/rank_001.pdb,results/casp15_casp16_unique_lt1000_all_default_20260529_182536/logs/T1169_chai1.log,,
chai1,T1183,T1183,CASP15,8IFX,B,Yes,Yes,prefiltered A1 protein target with mapped residue range,0.975000,1.000000,1.000000,195,200,high,200,1,195,1,200,pending,,,,,,,,,,,,results/casp15_casp16_unique_lt1000_all_default_20260529_182536/sequences/T1183.fasta,results/casp15_casp16_unique_lt1000_all_default_20260529_182536/predictions/T1183/chai1/rank_001.pdb,results/casp15_casp16_unique_lt1000_all_default_20260529_182536/logs/T1183_chai1.log,,
chai1,T1185s1,T1185s1,CASP15,8OUY,A,Check,Check,reference coverage below threshold 0.200,0.200000,1.000000,1.000000,70,350,high,350,4,73,1,350,pending,,,,,,,,,,,,results/casp15_casp16_unique_lt1000_all_default_20260529_182536/sequences/T1185s1.fasta,results/casp15_casp16_unique_lt1000_all_default_20260529_182536/predictions/T1185s1/chai1/rank_001.pdb,results/casp15_casp16_unique_lt1000_all_default_20260529_182536/logs/T1185s1_chai1.log,,
chai1,T1185s2,T1185s2,CASP15,8OUY,B,Yes,Yes,prefiltered A1 protein target with mapped residue range,0.832447,1.000000,1.000000,313,376,high,376,10,349,1,376,pending,,,,,,,,,,,,results/casp15_casp16_unique_lt1000_all_default_20260529_182536/sequences/T1185s2.fasta,results/casp15_casp16_unique_lt1000_all_default_20260529_182536/predictions/T1185s2/chai1/rank_001.pdb,results/casp15_casp16_unique_lt1000_all_default_20260529_182536/logs/T1185s2_chai1.log,,
chai1,T1185s4,T1185s4,CASP15,8OUY,D,Yes,Yes,prefiltered A1 protein target with mapped residue range,0.838710,1.000000,0.996429,234,279,high,280,20,280,1,280,pending,,,,,,,,,,,,results/casp15_casp16_unique_lt1000_all_default_20260529_182536/sequences/T1185s4.fasta,results/casp15_casp16_unique_lt1000_all_default_20260529_182536/predictions/T1185s4/chai1/rank_001.pdb,results/casp15_casp16_unique_lt1000_all_default_20260529_182536/logs/T1185s4_chai1.log,,
chai1,T1194,T1194,CASP15,8OKH,A,Check,Check,multiple equivalent chains match,0.982036,1.000000,0.994048,164,167,high,168,22,185,1,168,pending,,,,,,,,,,,,results/casp15_casp16_unique_lt1000_all_default_20260529_182536/sequences/T1194.fasta,results/casp15_casp16_unique_lt1000_all_default_20260529_182536/predictions/T1194/chai1/rank_001.pdb,results/casp15_casp16_unique_lt1000_all_default_20260529_182536/logs/T1194_chai1.log,,
chai1,T0272s2,T0272s2,CASP16,9C3C,a,Check,Check,multiple equivalent chains match,0.972393,1.000000,0.898072,317,326,medium,363,25,350,1,363,pending,,,,,,,,,,,,results/casp15_casp16_unique_lt1000_all_default_20260529_182536/sequences/T0272s2.fasta,results/casp15_casp16_unique_lt1000_all_default_20260529_182536/predictions/T0272s2/chai1/rank_001.pdb,results/casp15_casp16_unique_lt1000_all_default_20260529_182536/logs/T0272s2_chai1.log,,
chai1,T0272s3,T0272s3,CASP16,9C3C,b,Check,Check,multiple equivalent chains match,0.823899,1.000000,1.000000,262,318,high,318,57,318,1,318,pending,,,,,,,,,,,,results/casp15_casp16_unique_lt1000_all_default_20260529_182536/sequences/T0272s3.fasta,results/casp15_casp16_unique_lt1000_all_default_20260529_182536/predictions/T0272s3/chai1/rank_001.pdb,results/casp15_casp16_unique_lt1000_all_default_20260529_182536/logs/T0272s3_chai1.log,,
chai1,T0272s4,T0272s4,CASP16,9C3C,d,Check,Check,multiple equivalent chains match,0.930796,1.000000,1.000000,269,289,high,289,21,289,1,289,pending,,,,,,,,,,,,results/casp15_casp16_unique_lt1000_all_default_20260529_182536/sequences/T0272s4.fasta,results/casp15_casp16_unique_lt1000_all_default_20260529_182536/predictions/T0272s4/chai1/rank_001.pdb,results/casp15_casp16_unique_lt1000_all_default_20260529_182536/logs/T0272s4_chai1.log,,
chai1,T0272s5,T0272s5,CASP16,9C3C,g,Check,Check,multiple equivalent chains match,0.907216,1.000000,1.000000,264,291,high,291,28,291,1,291,pending,,,,,,,,,,,,results/casp15_casp16_unique_lt1000_all_default_20260529_182536/sequences/T0272s5.fasta,results/casp15_casp16_unique_lt1000_all_default_20260529_182536/predictions/T0272s5/chai1/rank_001.pdb,results/casp15_casp16_unique_lt1000_all_default_20260529_182536/logs/T0272s5_chai1.log,,
chai1,T0272s6,T0272s6,CASP16,9C3C,A,Check,Check,reference coverage below threshold 0.641,0.641026,1.000000,1.000000,400,624,high,624,63,653,1,624,pending,,,,,,,,,,,,results/casp15_casp16_unique_lt1000_all_default_20260529_182536/sequences/T0272s6.fasta,results/casp15_casp16_unique_lt1000_all_default_20260529_182536/predictions/T0272s6/chai1/rank_001.pdb,results/casp15_casp16_unique_lt1000_all_default_20260529_182536/logs/T0272s6_chai1.log,,
chai1,T0272s7,T0272s7,CASP16,9C3C,B,No,No,chain mapping below threshold identity=1.000 coverage=0.599,1.000000,1.000000,0.599174,145,145,low,242,654,798,1,242,pending,,,,,,,,,,,,results/casp15_casp16_unique_lt1000_all_default_20260529_182536/sequences/T0272s7.fasta,results/casp15_casp16_unique_lt1000_all_default_20260529_182536/predictions/T0272s7/chai1/rank_001.pdb,results/casp15_casp16_unique_lt1000_all_default_20260529_182536/logs/T0272s7_chai1.log,,
chai1,T0272s8,T0272s8,CASP16,9C3C,V,Check,Check,reference coverage below threshold 0.356; multiple equivalent chains match,0.355746,1.000000,1.000000,291,818,high,818,1,291,1,818,pending,,,,,,,,,,,,results/casp15_casp16_unique_lt1000_all_default_20260529_182536/sequences/T0272s8.fasta,results/casp15_casp16_unique_lt1000_all_default_20260529_182536/predictions/T0272s8/chai1/rank_001.pdb,results/casp15_casp16_unique_lt1000_all_default_20260529_182536/logs/T0272s8_chai1.log,,
chai1,T0272s9,T0272s9,CASP16,9C3C,n,Check,Check,reference coverage below threshold 0.735; multiple equivalent chains match,0.735294,1.000000,1.000000,175,238,high,238,42,216,1,238,pending,,,,,,,,,,,,results/casp15_casp16_unique_lt1000_all_default_20260529_182536/sequences/T0272s9.fasta,results/casp15_casp16_unique_lt1000_all_default_20260529_182536/predictions/T0272s9/chai1/rank_001.pdb,results/casp15_casp16_unique_lt1000_all_default_20260529_182536/logs/T0272s9_chai1.log,,
chai1,T1210,T1210,CASP16,9ENR,A,Yes,Yes,prefiltered A1 protein target with mapped residue range,0.876271,1.000000,1.000000,1551,1770,high,1770,19,1651,1,1770,pending,,,,,,,,,,,,results/casp15_casp16_unique_lt1000_all_default_20260529_182536/sequences/T1210.fasta,results/casp15_casp16_unique_lt1000_all_default_20260529_182536/predictions/T1210/chai1/rank_001.pdb,results/casp15_casp16_unique_lt1000_all_default_20260529_182536/logs/T1210_chai1.log,,
chai1,T1212,T1212,CASP16,9B0L,P,Check,Check,multiple equivalent chains match,1.000000,1.000000,1.000000,466,466,high,466,53,518,1,466,pending,,,,,,,,,,,,results/casp15_casp16_unique_lt1000_all_default_20260529_182536/sequences/T1212.fasta,results/casp15_casp16_unique_lt1000_all_default_20260529_182536/predictions/T1212/chai1/rank_001.pdb,results/casp15_casp16_unique_lt1000_all_default_20260529_182536/logs/T1212_chai1.log,,
chai1,T1220s1,T1220s1,CASP16,9H1G,A,Yes,Yes,prefiltered A1 protein target with mapped residue range,0.956166,1.000000,1.000000,1636,1711,high,1711,20,1711,1,1711,pending,,,,,,,,,,,,results/casp15_casp16_unique_lt1000_all_default_20260529_182536/sequences/T1220s1.fasta,results/casp15_casp16_unique_lt1000_all_default_20260529_182536/predictions/T1220s1/chai1/rank_001.pdb,results/casp15_casp16_unique_lt1000_all_default_20260529_182536/logs/T1220s1_chai1.log,,
chai1,T1227s1,T1227s1,CASP16,9N8W,A,Yes,Yes,prefiltered A1 protein target with mapped residue range,0.918033,1.000000,1.000000,392,427,high,427,27,418,1,427,pending,,,,,,,,,,,,results/casp15_casp16_unique_lt1000_all_default_20260529_182536/sequences/T1227s1.fasta,results/casp15_casp16_unique_lt1000_all_default_20260529_182536/predictions/T1227s1/chai1/rank_001.pdb,results/casp15_casp16_unique_lt1000_all_default_20260529_182536/logs/T1227s1_chai1.log,,
chai1,T1266,T1266,CASP16,8QFB,A,Check,Check,multiple equivalent chains match,0.886905,1.000000,1.000000,298,336,high,336,563,860,1,336,pending,,,,,,,,,,,,results/casp15_casp16_unique_lt1000_all_default_20260529_182536/sequences/T1266.fasta,results/casp15_casp16_unique_lt1000_all_default_20260529_182536/predictions/T1266/chai1/rank_001.pdb,results/casp15_casp16_unique_lt1000_all_default_20260529_182536/logs/T1266_chai1.log,,
chai1,T1269,T1269,CASP16,9GVQ,A,Check,Check,multiple equivalent chains match,0.812766,1.000000,1.000000,1146,1410,high,1410,74,1228,1,1410,pending,,,,,,,,,,,,results/casp15_casp16_unique_lt1000_all_default_20260529_182536/sequences/T1269.fasta,results/casp15_casp16_unique_lt1000_all_default_20260529_182536/predictions/T1269/chai1/rank_001.pdb,results/casp15_casp16_unique_lt1000_all_default_20260529_182536/logs/T1269_chai1.log,,
chai1,T1272s2,T1272s2,CASP16,9C3C,a,Check,Check,multiple equivalent chains match,0.972393,1.000000,0.898072,317,326,medium,363,25,350,1,363,pending,,,,,,,,,,,,results/casp15_casp16_unique_lt1000_all_default_20260529_182536/sequences/T1272s2.fasta,results/casp15_casp16_unique_lt1000_all_default_20260529_182536/predictions/T1272s2/chai1/rank_001.pdb,results/casp15_casp16_unique_lt1000_all_default_20260529_182536/logs/T1272s2_chai1.log,,
chai1,T1272s3,T1272s3,CASP16,9C3C,b,Check,Check,multiple equivalent chains match,0.823899,1.000000,1.000000,262,318,high,318,57,318,1,318,pending,,,,,,,,,,,,results/casp15_casp16_unique_lt1000_all_default_20260529_182536/sequences/T1272s3.fasta,results/casp15_casp16_unique_lt1000_all_default_20260529_182536/predictions/T1272s3/chai1/rank_001.pdb,results/casp15_casp16_unique_lt1000_all_default_20260529_182536/logs/T1272s3_chai1.log,,
chai1,T1272s4,T1272s4,CASP16,9C3C,d,Check,Check,multiple equivalent chains match,0.930796,1.000000,1.000000,269,289,high,289,21,289,1,289,pending,,,,,,,,,,,,results/casp15_casp16_unique_lt1000_all_default_20260529_182536/sequences/T1272s4.fasta,results/casp15_casp16_unique_lt1000_all_default_20260529_182536/predictions/T1272s4/chai1/rank_001.pdb,results/casp15_casp16_unique_lt1000_all_default_20260529_182536/logs/T1272s4_chai1.log,,
chai1,T1272s5,T1272s5,CASP16,9C3C,g,Check,Check,multiple equivalent chains match,0.907216,1.000000,1.000000,264,291,high,291,28,291,1,291,pending,,,,,,,,,,,,results/casp15_casp16_unique_lt1000_all_default_20260529_182536/sequences/T1272s5.fasta,results/casp15_casp16_unique_lt1000_all_default_20260529_182536/predictions/T1272s5/chai1/rank_001.pdb,results/casp15_casp16_unique_lt1000_all_default_20260529_182536/logs/T1272s5_chai1.log,,
chai1,T1272s6,T1272s6,CASP16,9C3C,A,Check,Check,reference coverage below threshold 0.641,0.641026,1.000000,1.000000,400,624,high,624,63,653,1,624,pending,,,,,,,,,,,,results/casp15_casp16_unique_lt1000_all_default_20260529_182536/sequences/T1272s6.fasta,results/casp15_casp16_unique_lt1000_all_default_20260529_182536/predictions/T1272s6/chai1/rank_001.pdb,results/casp15_casp16_unique_lt1000_all_default_20260529_182536/logs/T1272s6_chai1.log,,
chai1,T1272s7,T1272s7,CASP16,9C3C,B,No,No,chain mapping below threshold identity=1.000 coverage=0.599,1.000000,1.000000,0.599174,145,145,low,242,654,798,1,242,pending,,,,,,,,,,,,results/casp15_casp16_unique_lt1000_all_default_20260529_182536/sequences/T1272s7.fasta,results/casp15_casp16_unique_lt1000_all_default_20260529_182536/predictions/T1272s7/chai1/rank_001.pdb,results/casp15_casp16_unique_lt1000_all_default_20260529_182536/logs/T1272s7_chai1.log,,
chai1,T1272s8,T1272s8,CASP16,9C3C,V,Check,Check,reference coverage below threshold 0.356; multiple equivalent chains match,0.355746,1.000000,1.000000,291,818,high,818,1,291,1,818,pending,,,,,,,,,,,,results/casp15_casp16_unique_lt1000_all_default_20260529_182536/sequences/T1272s8.fasta,results/casp15_casp16_unique_lt1000_all_default_20260529_182536/predictions/T1272s8/chai1/rank_001.pdb,results/casp15_casp16_unique_lt1000_all_default_20260529_182536/logs/T1272s8_chai1.log,,
chai1,T1272s9,T1272s9,CASP16,9C3C,n,Check,Check,reference coverage below threshold 0.735; multiple equivalent chains match,0.735294,1.000000,1.000000,175,238,high,238,42,216,1,238,pending,,,,,,,,,,,,results/casp15_casp16_unique_lt1000_all_default_20260529_182536/sequences/T1272s9.fasta,results/casp15_casp16_unique_lt1000_all_default_20260529_182536/predictions/T1272s9/chai1/rank_001.pdb,results/casp15_casp16_unique_lt1000_all_default_20260529_182536/logs/T1272s9_chai1.log,,
chai1,T1280,T1280,CASP16,9F5M,AAA,Check,Check,multiple equivalent chains match,0.995745,1.000000,0.991561,234,235,high,237,615,848,1,237,pending,,,,,,,,,,,,results/casp15_casp16_unique_lt1000_all_default_20260529_182536/sequences/T1280.fasta,results/casp15_casp16_unique_lt1000_all_default_20260529_182536/predictions/T1280/chai1/rank_001.pdb,results/casp15_casp16_unique_lt1000_all_default_20260529_182536/logs/T1280_chai1.log,,
chai1,T1299,T1299,CASP16,9FJL,A,Yes,Yes,prefiltered A1 protein target with mapped residue range,1.000000,1.000000,1.000000,168,168,high,168,1,168,1,168,pending,,,,,,,,,,,,results/casp15_casp16_unique_lt1000_all_default_20260529_182536/sequences/T1299.fasta,results/casp15_casp16_unique_lt1000_all_default_20260529_182536/predictions/T1299/chai1/rank_001.pdb,results/casp15_casp16_unique_lt1000_all_default_20260529_182536/logs/T1299_chai1.log,,
chai1,T2272s2,T2272s2,CASP16,9C3C,a,Check,Check,multiple equivalent chains match,0.972393,1.000000,0.898072,317,326,medium,363,25,350,1,363,pending,,,,,,,,,,,,results/casp15_casp16_unique_lt1000_all_default_20260529_182536/sequences/T2272s2.fasta,results/casp15_casp16_unique_lt1000_all_default_20260529_182536/predictions/T2272s2/chai1/rank_001.pdb,results/casp15_casp16_unique_lt1000_all_default_20260529_182536/logs/T2272s2_chai1.log,,
chai1,T2272s3,T2272s3,CASP16,9C3C,b,Check,Check,multiple equivalent chains match,0.823899,1.000000,1.000000,262,318,high,318,57,318,1,318,pending,,,,,,,,,,,,results/casp15_casp16_unique_lt1000_all_default_20260529_182536/sequences/T2272s3.fasta,results/casp15_casp16_unique_lt1000_all_default_20260529_182536/predictions/T2272s3/chai1/rank_001.pdb,results/casp15_casp16_unique_lt1000_all_default_20260529_182536/logs/T2272s3_chai1.log,,
chai1,T2272s4,T2272s4,CASP16,9C3C,d,Check,Check,multiple equivalent chains match,0.930796,1.000000,1.000000,269,289,high,289,21,289,1,289,pending,,,,,,,,,,,,results/casp15_casp16_unique_lt1000_all_default_20260529_182536/sequences/T2272s4.fasta,results/casp15_casp16_unique_lt1000_all_default_20260529_182536/predictions/T2272s4/chai1/rank_001.pdb,results/casp15_casp16_unique_lt1000_all_default_20260529_182536/logs/T2272s4_chai1.log,,
chai1,T2272s5,T2272s5,CASP16,9C3C,g,Check,Check,multiple equivalent chains match,0.907216,1.000000,1.000000,264,291,high,291,28,291,1,291,pending,,,,,,,,,,,,results/casp15_casp16_unique_lt1000_all_default_20260529_182536/sequences/T2272s5.fasta,results/casp15_casp16_unique_lt1000_all_default_20260529_182536/predictions/T2272s5/chai1/rank_001.pdb,results/casp15_casp16_unique_lt1000_all_default_20260529_182536/logs/T2272s5_chai1.log,,
chai1,T2272s6,T2272s6,CASP16,9C3C,A,Check,Check,reference coverage below threshold 0.641,0.641026,1.000000,1.000000,400,624,high,624,63,653,1,624,pending,,,,,,,,,,,,results/casp15_casp16_unique_lt1000_all_default_20260529_182536/sequences/T2272s6.fasta,results/casp15_casp16_unique_lt1000_all_default_20260529_182536/predictions/T2272s6/chai1/rank_001.pdb,results/casp15_casp16_unique_lt1000_all_default_20260529_182536/logs/T2272s6_chai1.log,,
chai1,T2272s7,T2272s7,CASP16,9C3C,B,No,No,chain mapping below threshold identity=1.000 coverage=0.599,1.000000,1.000000,0.599174,145,145,low,242,654,798,1,242,pending,,,,,,,,,,,,results/casp15_casp16_unique_lt1000_all_default_20260529_182536/sequences/T2272s7.fasta,results/casp15_casp16_unique_lt1000_all_default_20260529_182536/predictions/T2272s7/chai1/rank_001.pdb,results/casp15_casp16_unique_lt1000_all_default_20260529_182536/logs/T2272s7_chai1.log,,
chai1,T2272s8,T2272s8,CASP16,9C3C,V,Check,Check,reference coverage below threshold 0.356; multiple equivalent chains match,0.355746,1.000000,1.000000,291,818,high,818,1,291,1,818,pending,,,,,,,,,,,,results/casp15_casp16_unique_lt1000_all_default_20260529_182536/sequences/T2272s8.fasta,results/casp15_casp16_unique_lt1000_all_default_20260529_182536/predictions/T2272s8/chai1/rank_001.pdb,results/casp15_casp16_unique_lt1000_all_default_20260529_182536/logs/T2272s8_chai1.log,,
chai1,T2272s9,T2272s9,CASP16,9C3C,n,Check,Check,reference coverage below threshold 0.735; multiple equivalent chains match,0.735294,1.000000,1.000000,175,238,high,238,42,216,1,238,pending,,,,,,,,,,,,results/casp15_casp16_unique_lt1000_all_default_20260529_182536/sequences/T2272s9.fasta,results/casp15_casp16_unique_lt1000_all_default_20260529_182536/predictions/T2272s9/chai1/rank_001.pdb,results/casp15_casp16_unique_lt1000_all_default_20260529_182536/logs/T2272s9_chai1.log,,
chai1,T2280,T2280,CASP16,9F5M,AAA,Check,Check,multiple equivalent chains match,0.995745,1.000000,0.991561,234,235,high,237,615,848,1,237,pending,,,,,,,,,,,,results/casp15_casp16_unique_lt1000_all_default_20260529_182536/sequences/T2280.fasta,results/casp15_casp16_unique_lt1000_all_default_20260529_182536/predictions/T2280/chai1/rank_001.pdb,results/casp15_casp16_unique_lt1000_all_default_20260529_182536/logs/T2280_chai1.log,,
colabfold,T1104,T1104,CASP15,7ROA,A,Yes,Yes,prefiltered A1 protein target with mapped residue range,0.871212,1.000000,1.000000,115,132,high,117,58,189,1,117,true,true,0.2043,0.34328782707622296,0.38509,15.035749065662623,,,,,,,results/casp15_casp16_unique_lt1000_all_default_20260529_182536/sequences/T1104.fasta,results/casp15_casp16_unique_lt1000_all_default_20260529_182536/predictions/T1104/colabfold/rank_001.pdb,results/casp15_casp16_unique_lt1000_all_default_20260529_182536/logs/T1104_colabfold.log,skipped existing success,missing score
colabfold,T1106s1,T1106s1,CASP15,7QIH,B,No,No,chain mapping below threshold identity=1.000 coverage=0.615; multiple equivalent chains match,0.946667,1.000000,0.614754,71,75,low,122,50,120,1,122,true,true,0.4861,0.4291609353507565,0.51586,11.921878731418596,,,,,,,results/casp15_casp16_unique_lt1000_all_default_20260529_182536/sequences/T1106s1.fasta,results/casp15_casp16_unique_lt1000_all_default_20260529_182536/predictions/T1106s1/colabfold/rank_001.pdb,results/casp15_casp16_unique_lt1000_all_default_20260529_182536/logs/T1106s1_colabfold.log,skipped existing success,missing score
colabfold,T1106s2,T1106s2,CASP15,7QIH,A,Check,Check,multiple equivalent chains match,0.909836,1.000000,1.000000,111,122,high,114,2,112,1,114,true,true,0.3896,0.46256038647342995,0.41297,12.499907889082019,,,,,,,results/casp15_casp16_unique_lt1000_all_default_20260529_182536/sequences/T1106s2.fasta,results/casp15_casp16_unique_lt1000_all_default_20260529_182536/predictions/T1106s2/colabfold/rank_001.pdb,results/casp15_casp16_unique_lt1000_all_default_20260529_182536/logs/T1106s2_colabfold.log,skipped existing success,missing score
colabfold,T1112,T1112,CASP15,8ORK,AAA,Check,Check,multiple equivalent chains match,0.973913,1.000000,1.000000,448,460,high,460,2,460,1,460,true,true,0.1081,0.20570673035912307,0.28445,25.65332180105971,,,,,,,results/casp15_casp16_unique_lt1000_all_default_20260529_182536/sequences/T1112.fasta,results/casp15_casp16_unique_lt1000_all_default_20260529_182536/predictions/T1112/colabfold/rank_001.pdb,results/casp15_casp16_unique_lt1000_all_default_20260529_182536/logs/T1112_colabfold.log,skipped existing success,missing score
colabfold,T1114s1,T1114s1,CASP15,7UTD,Q,No,No,chain mapping below threshold identity=1.000 coverage=0.317; multiple equivalent chains match,0.983333,1.000000,0.317460,59,60,low,189,20,78,1,189,true,true,0.589,0.6673076923076923,0.53771,10.246584419665618,,,,,,,results/casp15_casp16_unique_lt1000_all_default_20260529_182536/sequences/T1114s1.fasta,results/casp15_casp16_unique_lt1000_all_default_20260529_182536/predictions/T1114s1/colabfold/rank_001.pdb,results/casp15_casp16_unique_lt1000_all_default_20260529_182536/logs/T1114s1_colabfold.log,skipped existing success,missing score
colabfold,T1114s2,T1114s2,CASP15,7UTD,B,Check,Check,multiple equivalent chains match,0.872629,1.000000,1.000000,322,369,high,369,2,323,1,369,true,true,0.0528,0.14218785278843982,0.23968,23.132229937930248,,,,,,,results/casp15_casp16_unique_lt1000_all_default_20260529_182536/sequences/T1114s2.fasta,results/casp15_casp16_unique_lt1000_all_default_20260529_182536/predictions/T1114s2/colabfold/rank_001.pdb,results/casp15_casp16_unique_lt1000_all_default_20260529_182536/logs/T1114s2_colabfold.log,skipped existing success,missing score
colabfold,T1114s3,T1114s3,CASP15,7UTD,A,Check,Check,multiple equivalent chains match,0.998051,1.000000,0.958879,512,513,high,535,4,516,1,535,true,true,0.0664,0.14764142525727203,0.23223,32.4978852022087,,,,,,,results/casp15_casp16_unique_lt1000_all_default_20260529_182536/sequences/T1114s3.fasta,results/casp15_casp16_unique_lt1000_all_default_20260529_182536/predictions/T1114s3/colabfold/rank_001.pdb,results/casp15_casp16_unique_lt1000_all_default_20260529_182536/logs/T1114s3_colabfold.log,skipped existing success,missing score
colabfold,T1120,T1120,CASP15,7QVB,B,Check,Check,multiple equivalent chains match,0.970213,1.000000,1.000000,228,235,high,235,4,231,1,235,true,true,0.1513,0.3198775698775699,0.43059,24.794088884609508,,,,,,,results/casp15_casp16_unique_lt1000_all_default_20260529_182536/sequences/T1120.fasta,results/casp15_casp16_unique_lt1000_all_default_20260529_182536/predictions/T1120/colabfold/rank_001.pdb,results/casp15_casp16_unique_lt1000_all_default_20260529_182536/logs/T1120_colabfold.log,skipped existing success,missing score
colabfold,T1122,T1122,CASP15,8BBT,A,Yes,Yes,prefiltered A1 protein target with mapped residue range,0.954357,1.000000,1.000000,230,241,high,241,4,237,1,241,true,true,0.2174,0.3494909502262443,0.37213,18.946421785619055,,,,,,,results/casp15_casp16_unique_lt1000_all_default_20260529_182536/sequences/T1122.fasta,results/casp15_casp16_unique_lt1000_all_default_20260529_182536/predictions/T1122/colabfold/rank_001.pdb,results/casp15_casp16_unique_lt1000_all_default_20260529_182536/logs/T1122_colabfold.log,skipped existing success,missing score
colabfold,T1125,T1125,CASP15,8H2N,A,No,No,chain mapping below threshold identity=1.000 coverage=0.677; multiple equivalent chains match,0.856273,1.000000,0.676667,703,821,low,1200,327,1117,1,1200,pending,,,,,,,,,,,,results/casp15_casp16_unique_lt1000_all_default_20260529_182536/sequences/T1125.fasta,results/casp15_casp16_unique_lt1000_all_default_20260529_182536/predictions/T1125/colabfold/rank_001.pdb,results/casp15_casp16_unique_lt1000_all_default_20260529_182536/logs/T1125_colabfold.log,,
colabfold,T1129s2,T1129s2,CASP15,8A8C,B,Yes,Yes,prefiltered A1 protein target with mapped residue range,0.825000,1.000000,1.000000,528,640,high,640,41,640,1,640,pending,,,,,,,,,,,,results/casp15_casp16_unique_lt1000_all_default_20260529_182536/sequences/T1129s2.fasta,results/casp15_casp16_unique_lt1000_all_default_20260529_182536/predictions/T1129s2/colabfold/rank_001.pdb,results/casp15_casp16_unique_lt1000_all_default_20260529_182536/logs/T1129s2_colabfold.log,,
colabfold,T1133,T1133,CASP15,8DYS,A,Check,Check,reference coverage below threshold 0.699,0.699145,1.000000,1.000000,409,585,high,585,4,427,1,585,pending,,,,,,,,,,,,results/casp15_casp16_unique_lt1000_all_default_20260529_182536/sequences/T1133.fasta,results/casp15_casp16_unique_lt1000_all_default_20260529_182536/predictions/T1133/colabfold/rank_001.pdb,results/casp15_casp16_unique_lt1000_all_default_20260529_182536/logs/T1133_colabfold.log,,
colabfold,T1134s1,T1134s1,CASP15,7UBZ,A,Check,Check,multiple equivalent chains match,1.000000,1.000000,1.000000,230,230,high,230,1,230,1,230,pending,,,,,,,,,,,,results/casp15_casp16_unique_lt1000_all_default_20260529_182536/sequences/T1134s1.fasta,results/casp15_casp16_unique_lt1000_all_default_20260529_182536/predictions/T1134s1/colabfold/rank_001.pdb,results/casp15_casp16_unique_lt1000_all_default_20260529_182536/logs/T1134s1_colabfold.log,,
colabfold,T1134s2,T1134s2,CASP15,7UBZ,D,Check,Check,reference coverage below threshold 0.645; multiple equivalent chains match,0.645367,1.000000,1.000000,202,313,high,313,168,472,1,313,pending,,,,,,,,,,,,results/casp15_casp16_unique_lt1000_all_default_20260529_182536/sequences/T1134s2.fasta,results/casp15_casp16_unique_lt1000_all_default_20260529_182536/predictions/T1134s2/colabfold/rank_001.pdb,results/casp15_casp16_unique_lt1000_all_default_20260529_182536/logs/T1134s2_colabfold.log,,
colabfold,T1137s1,T1137s1,CASP15,8FEF,A,Yes,Yes,prefiltered A1 protein target with mapped residue range,0.958435,1.000000,1.000000,392,409,high,409,18,409,1,409,pending,,,,,,,,,,,,results/casp15_casp16_unique_lt1000_all_default_20260529_182536/sequences/T1137s1.fasta,results/casp15_casp16_unique_lt1000_all_default_20260529_182536/predictions/T1137s1/colabfold/rank_001.pdb,results/casp15_casp16_unique_lt1000_all_default_20260529_182536/logs/T1137s1_colabfold.log,,
colabfold,T1137s2,T1137s2,CASP15,8FEF,B,Yes,Yes,prefiltered A1 protein target with mapped residue range,0.976676,1.000000,1.000000,335,343,high,343,2,343,1,343,pending,,,,,,,,,,,,results/casp15_casp16_unique_lt1000_all_default_20260529_182536/sequences/T1137s2.fasta,results/casp15_casp16_unique_lt1000_all_default_20260529_182536/predictions/T1137s2/colabfold/rank_001.pdb,results/casp15_casp16_unique_lt1000_all_default_20260529_182536/logs/T1137s2_colabfold.log,,
colabfold,T1137s3,T1137s3,CASP15,8FEF,C,Check,Check,reference coverage below threshold 0.592,0.591603,1.000000,1.000000,310,524,high,524,1,310,1,524,pending,,,,,,,,,,,,results/casp15_casp16_unique_lt1000_all_default_20260529_182536/sequences/T1137s3.fasta,results/casp15_casp16_unique_lt1000_all_default_20260529_182536/predictions/T1137s3/colabfold/rank_001.pdb,results/casp15_casp16_unique_lt1000_all_default_20260529_182536/logs/T1137s3_colabfold.log,,
colabfold,T1137s4,T1137s4,CASP15,8FEF,D,Check,Check,reference coverage below threshold 0.704,0.703839,1.000000,1.000000,385,547,high,547,42,468,1,547,pending,,,,,,,,,,,,results/casp15_casp16_unique_lt1000_all_default_20260529_182536/sequences/T1137s4.fasta,results/casp15_casp16_unique_lt1000_all_default_20260529_182536/predictions/T1137s4/colabfold/rank_001.pdb,results/casp15_casp16_unique_lt1000_all_default_20260529_182536/logs/T1137s4_colabfold.log,,
colabfold,T1137s5,T1137s5,CASP15,8FEF,E,Yes,Yes,prefiltered A1 protein target with mapped residue range,0.917949,1.000000,1.000000,358,390,high,390,33,390,1,390,pending,,,,,,,,,,,,results/casp15_casp16_unique_lt1000_all_default_20260529_182536/sequences/T1137s5.fasta,results/casp15_casp16_unique_lt1000_all_default_20260529_182536/predictions/T1137s5/colabfold/rank_001.pdb,results/casp15_casp16_unique_lt1000_all_default_20260529_182536/logs/T1137s5_colabfold.log,,
colabfold,T1137s6,T1137s6,CASP15,8FEF,F,Check,Check,reference coverage below threshold 0.770,0.770270,1.000000,1.000000,399,518,high,518,1,399,1,518,pending,,,,,,,,,,,,results/casp15_casp16_unique_lt1000_all_default_20260529_182536/sequences/T1137s6.fasta,results/casp15_casp16_unique_lt1000_all_default_20260529_182536/predictions/T1137s6/colabfold/rank_001.pdb,results/casp15_casp16_unique_lt1000_all_default_20260529_182536/logs/T1137s6_colabfold.log,,
colabfold,T1137s7,T1137s7,CASP15,8FEF,G,Check,Check,reference coverage below threshold 0.458; multiple equivalent chains match,0.457887,1.000000,1.000000,299,653,high,653,2,325,1,653,pending,,,,,,,,,,,,results/casp15_casp16_unique_lt1000_all_default_20260529_182536/sequences/T1137s7.fasta,results/casp15_casp16_unique_lt1000_all_default_20260529_182536/predictions/T1137s7/colabfold/rank_001.pdb,results/casp15_casp16_unique_lt1000_all_default_20260529_182536/logs/T1137s7_colabfold.log,,
colabfold,T1137s8,T1137s8,CASP15,8FEF,I,Yes,Yes,prefiltered A1 protein target with mapped residue range,0.951128,1.000000,1.000000,253,266,high,266,14,266,1,266,pending,,,,,,,,,,,,results/casp15_casp16_unique_lt1000_all_default_20260529_182536/sequences/T1137s8.fasta,results/casp15_casp16_unique_lt1000_all_default_20260529_182536/predictions/T1137s8/colabfold/rank_001.pdb,results/casp15_casp16_unique_lt1000_all_default_20260529_182536/logs/T1137s8_colabfold.log,,
colabfold,T1137s9,T1137s9,CASP15,8FEF,J,Yes,Yes,prefiltered A1 protein target with mapped residue range,0.910035,1.000000,1.000000,263,289,high,289,27,289,1,289,pending,,,,,,,,,,,,results/casp15_casp16_unique_lt1000_all_default_20260529_182536/sequences/T1137s9.fasta,results/casp15_casp16_unique_lt1000_all_default_20260529_182536/predictions/T1137s9/colabfold/rank_001.pdb,results/casp15_casp16_unique_lt1000_all_default_20260529_182536/logs/T1137s9_colabfold.log,,
colabfold,T1145,T1145,CASP15,7UWW,A,Check,Check,multiple equivalent chains match,0.995276,1.000000,1.000000,632,635,high,635,34,665,1,635,pending,,,,,,,,,,,,results/casp15_casp16_unique_lt1000_all_default_20260529_182536/sequences/T1145.fasta,results/casp15_casp16_unique_lt1000_all_default_20260529_182536/predictions/T1145/colabfold/rank_001.pdb,results/casp15_casp16_unique_lt1000_all_default_20260529_182536/logs/T1145_colabfold.log,,
colabfold,T1147,T1147,CASP15,8EM5,A,Check,Check,multiple equivalent chains match,0.893204,1.000000,1.000000,92,103,high,103,12,103,1,103,pending,,,,,,,,,,,,results/casp15_casp16_unique_lt1000_all_default_20260529_182536/sequences/T1147.fasta,results/casp15_casp16_unique_lt1000_all_default_20260529_182536/predictions/T1147/colabfold/rank_001.pdb,results/casp15_casp16_unique_lt1000_all_default_20260529_182536/logs/T1147_colabfold.log,,
colabfold,T1151s2,T1151s2,CASP15,8D5V,A,Check,Check,reference coverage below threshold 0.724; multiple equivalent chains match,0.724138,1.000000,1.000000,84,116,high,116,8,91,1,116,pending,,,,,,,,,,,,results/casp15_casp16_unique_lt1000_all_default_20260529_182536/sequences/T1151s2.fasta,results/casp15_casp16_unique_lt1000_all_default_20260529_182536/predictions/T1151s2/colabfold/rank_001.pdb,results/casp15_casp16_unique_lt1000_all_default_20260529_182536/logs/T1151s2_colabfold.log,,
colabfold,T1154,T1154,CASP15,7ZCX,AAA,Check,Check,reference coverage below threshold 0.730; multiple equivalent chains match,0.730337,1.000000,1.000000,1040,1424,high,1424,30,1069,1,1424,pending,,,,,,,,,,,,results/casp15_casp16_unique_lt1000_all_default_20260529_182536/sequences/T1154.fasta,results/casp15_casp16_unique_lt1000_all_default_20260529_182536/predictions/T1154/colabfold/rank_001.pdb,results/casp15_casp16_unique_lt1000_all_default_20260529_182536/logs/T1154_colabfold.log,,
colabfold,T1155,T1155,CASP15,8PBV,A,Yes,Yes,prefiltered A1 protein target with mapped residue range,1.000000,1.000000,1.000000,116,116,high,116,1,116,1,116,pending,,,,,,,,,,,,results/casp15_casp16_unique_lt1000_all_default_20260529_182536/sequences/T1155.fasta,results/casp15_casp16_unique_lt1000_all_default_20260529_182536/predictions/T1155/colabfold/rank_001.pdb,results/casp15_casp16_unique_lt1000_all_default_20260529_182536/logs/T1155_colabfold.log,,
colabfold,T1157s1,T1157s1,CASP15,8PKO,A,Yes,Yes,prefiltered A1 protein target with mapped residue range,0.936832,1.000000,1.000000,964,1029,high,1029,64,1083,1,1029,pending,,,,,,,,,,,,results/casp15_casp16_unique_lt1000_all_default_20260529_182536/sequences/T1157s1.fasta,results/casp15_casp16_unique_lt1000_all_default_20260529_182536/predictions/T1157s1/colabfold/rank_001.pdb,results/casp15_casp16_unique_lt1000_all_default_20260529_182536/logs/T1157s1_colabfold.log,,
colabfold,T1157s2,T1157s2,CASP15,8PKO,B,Yes,Yes,prefiltered A1 protein target with mapped residue range,0.937374,1.000000,1.000000,464,495,high,495,21,484,1,495,pending,,,,,,,,,,,,results/casp15_casp16_unique_lt1000_all_default_20260529_182536/sequences/T1157s2.fasta,results/casp15_casp16_unique_lt1000_all_default_20260529_182536/predictions/T1157s2/colabfold/rank_001.pdb,results/casp15_casp16_unique_lt1000_all_default_20260529_182536/logs/T1157s2_colabfold.log,,
colabfold,T1158,T1158,CASP15,8SXA,A,Yes,Yes,prefiltered A1 protein target with mapped residue range,0.870189,1.000000,0.988806,1153,1325,high,1340,48,1298,1,1340,pending,,,,,,,,,,,,results/casp15_casp16_unique_lt1000_all_default_20260529_182536/sequences/T1158.fasta,results/casp15_casp16_unique_lt1000_all_default_20260529_182536/predictions/T1158/colabfold/rank_001.pdb,results/casp15_casp16_unique_lt1000_all_default_20260529_182536/logs/T1158_colabfold.log,,
colabfold,T1159,T1159,CASP15,7PZT,A,Check,Check,multiple equivalent chains match,1.000000,1.000000,1.000000,160,160,high,160,1,160,1,160,pending,,,,,,,,,,,,results/casp15_casp16_unique_lt1000_all_default_20260529_182536/sequences/T1159.fasta,results/casp15_casp16_unique_lt1000_all_default_20260529_182536/predictions/T1159/colabfold/rank_001.pdb,results/casp15_casp16_unique_lt1000_all_default_20260529_182536/logs/T1159_colabfold.log,,
colabfold,T1169,T1169,CASP15,8FJP,A,Yes,Yes,prefiltered A1 protein target with mapped residue range,0.871581,1.000000,1.000000,2932,3364,high,3364,1,3042,1,3364,pending,,,,,,,,,,,,results/casp15_casp16_unique_lt1000_all_default_20260529_182536/sequences/T1169.fasta,results/casp15_casp16_unique_lt1000_all_default_20260529_182536/predictions/T1169/colabfold/rank_001.pdb,results/casp15_casp16_unique_lt1000_all_default_20260529_182536/logs/T1169_colabfold.log,,
colabfold,T1183,T1183,CASP15,8IFX,B,Yes,Yes,prefiltered A1 protein target with mapped residue range,0.975000,1.000000,1.000000,195,200,high,200,1,195,1,200,pending,,,,,,,,,,,,results/casp15_casp16_unique_lt1000_all_default_20260529_182536/sequences/T1183.fasta,results/casp15_casp16_unique_lt1000_all_default_20260529_182536/predictions/T1183/colabfold/rank_001.pdb,results/casp15_casp16_unique_lt1000_all_default_20260529_182536/logs/T1183_colabfold.log,,
colabfold,T1185s1,T1185s1,CASP15,8OUY,A,Check,Check,reference coverage below threshold 0.200,0.200000,1.000000,1.000000,70,350,high,350,4,73,1,350,pending,,,,,,,,,,,,results/casp15_casp16_unique_lt1000_all_default_20260529_182536/sequences/T1185s1.fasta,results/casp15_casp16_unique_lt1000_all_default_20260529_182536/predictions/T1185s1/colabfold/rank_001.pdb,results/casp15_casp16_unique_lt1000_all_default_20260529_182536/logs/T1185s1_colabfold.log,,
colabfold,T1185s2,T1185s2,CASP15,8OUY,B,Yes,Yes,prefiltered A1 protein target with mapped residue range,0.832447,1.000000,1.000000,313,376,high,376,10,349,1,376,pending,,,,,,,,,,,,results/casp15_casp16_unique_lt1000_all_default_20260529_182536/sequences/T1185s2.fasta,results/casp15_casp16_unique_lt1000_all_default_20260529_182536/predictions/T1185s2/colabfold/rank_001.pdb,results/casp15_casp16_unique_lt1000_all_default_20260529_182536/logs/T1185s2_colabfold.log,,
colabfold,T1185s4,T1185s4,CASP15,8OUY,D,Yes,Yes,prefiltered A1 protein target with mapped residue range,0.838710,1.000000,0.996429,234,279,high,280,20,280,1,280,pending,,,,,,,,,,,,results/casp15_casp16_unique_lt1000_all_default_20260529_182536/sequences/T1185s4.fasta,results/casp15_casp16_unique_lt1000_all_default_20260529_182536/predictions/T1185s4/colabfold/rank_001.pdb,results/casp15_casp16_unique_lt1000_all_default_20260529_182536/logs/T1185s4_colabfold.log,,
colabfold,T1194,T1194,CASP15,8OKH,A,Check,Check,multiple equivalent chains match,0.982036,1.000000,0.994048,164,167,high,168,22,185,1,168,pending,,,,,,,,,,,,results/casp15_casp16_unique_lt1000_all_default_20260529_182536/sequences/T1194.fasta,results/casp15_casp16_unique_lt1000_all_default_20260529_182536/predictions/T1194/colabfold/rank_001.pdb,results/casp15_casp16_unique_lt1000_all_default_20260529_182536/logs/T1194_colabfold.log,,
colabfold,T0272s2,T0272s2,CASP16,9C3C,a,Check,Check,multiple equivalent chains match,0.972393,1.000000,0.898072,317,326,medium,363,25,350,1,363,pending,,,,,,,,,,,,results/casp15_casp16_unique_lt1000_all_default_20260529_182536/sequences/T0272s2.fasta,results/casp15_casp16_unique_lt1000_all_default_20260529_182536/predictions/T0272s2/colabfold/rank_001.pdb,results/casp15_casp16_unique_lt1000_all_default_20260529_182536/logs/T0272s2_colabfold.log,,
colabfold,T0272s3,T0272s3,CASP16,9C3C,b,Check,Check,multiple equivalent chains match,0.823899,1.000000,1.000000,262,318,high,318,57,318,1,318,pending,,,,,,,,,,,,results/casp15_casp16_unique_lt1000_all_default_20260529_182536/sequences/T0272s3.fasta,results/casp15_casp16_unique_lt1000_all_default_20260529_182536/predictions/T0272s3/colabfold/rank_001.pdb,results/casp15_casp16_unique_lt1000_all_default_20260529_182536/logs/T0272s3_colabfold.log,,
colabfold,T0272s4,T0272s4,CASP16,9C3C,d,Check,Check,multiple equivalent chains match,0.930796,1.000000,1.000000,269,289,high,289,21,289,1,289,pending,,,,,,,,,,,,results/casp15_casp16_unique_lt1000_all_default_20260529_182536/sequences/T0272s4.fasta,results/casp15_casp16_unique_lt1000_all_default_20260529_182536/predictions/T0272s4/colabfold/rank_001.pdb,results/casp15_casp16_unique_lt1000_all_default_20260529_182536/logs/T0272s4_colabfold.log,,
colabfold,T0272s5,T0272s5,CASP16,9C3C,g,Check,Check,multiple equivalent chains match,0.907216,1.000000,1.000000,264,291,high,291,28,291,1,291,pending,,,,,,,,,,,,results/casp15_casp16_unique_lt1000_all_default_20260529_182536/sequences/T0272s5.fasta,results/casp15_casp16_unique_lt1000_all_default_20260529_182536/predictions/T0272s5/colabfold/rank_001.pdb,results/casp15_casp16_unique_lt1000_all_default_20260529_182536/logs/T0272s5_colabfold.log,,
colabfold,T0272s6,T0272s6,CASP16,9C3C,A,Check,Check,reference coverage below threshold 0.641,0.641026,1.000000,1.000000,400,624,high,624,63,653,1,624,pending,,,,,,,,,,,,results/casp15_casp16_unique_lt1000_all_default_20260529_182536/sequences/T0272s6.fasta,results/casp15_casp16_unique_lt1000_all_default_20260529_182536/predictions/T0272s6/colabfold/rank_001.pdb,results/casp15_casp16_unique_lt1000_all_default_20260529_182536/logs/T0272s6_colabfold.log,,
colabfold,T0272s7,T0272s7,CASP16,9C3C,B,No,No,chain mapping below threshold identity=1.000 coverage=0.599,1.000000,1.000000,0.599174,145,145,low,242,654,798,1,242,pending,,,,,,,,,,,,results/casp15_casp16_unique_lt1000_all_default_20260529_182536/sequences/T0272s7.fasta,results/casp15_casp16_unique_lt1000_all_default_20260529_182536/predictions/T0272s7/colabfold/rank_001.pdb,results/casp15_casp16_unique_lt1000_all_default_20260529_182536/logs/T0272s7_colabfold.log,,
colabfold,T0272s8,T0272s8,CASP16,9C3C,V,Check,Check,reference coverage below threshold 0.356; multiple equivalent chains match,0.355746,1.000000,1.000000,291,818,high,818,1,291,1,818,pending,,,,,,,,,,,,results/casp15_casp16_unique_lt1000_all_default_20260529_182536/sequences/T0272s8.fasta,results/casp15_casp16_unique_lt1000_all_default_20260529_182536/predictions/T0272s8/colabfold/rank_001.pdb,results/casp15_casp16_unique_lt1000_all_default_20260529_182536/logs/T0272s8_colabfold.log,,
colabfold,T0272s9,T0272s9,CASP16,9C3C,n,Check,Check,reference coverage below threshold 0.735; multiple equivalent chains match,0.735294,1.000000,1.000000,175,238,high,238,42,216,1,238,pending,,,,,,,,,,,,results/casp15_casp16_unique_lt1000_all_default_20260529_182536/sequences/T0272s9.fasta,results/casp15_casp16_unique_lt1000_all_default_20260529_182536/predictions/T0272s9/colabfold/rank_001.pdb,results/casp15_casp16_unique_lt1000_all_default_20260529_182536/logs/T0272s9_colabfold.log,,
colabfold,T1210,T1210,CASP16,9ENR,A,Yes,Yes,prefiltered A1 protein target with mapped residue range,0.876271,1.000000,1.000000,1551,1770,high,1770,19,1651,1,1770,pending,,,,,,,,,,,,results/casp15_casp16_unique_lt1000_all_default_20260529_182536/sequences/T1210.fasta,results/casp15_casp16_unique_lt1000_all_default_20260529_182536/predictions/T1210/colabfold/rank_001.pdb,results/casp15_casp16_unique_lt1000_all_default_20260529_182536/logs/T1210_colabfold.log,,
colabfold,T1212,T1212,CASP16,9B0L,P,Check,Check,multiple equivalent chains match,1.000000,1.000000,1.000000,466,466,high,466,53,518,1,466,pending,,,,,,,,,,,,results/casp15_casp16_unique_lt1000_all_default_20260529_182536/sequences/T1212.fasta,results/casp15_casp16_unique_lt1000_all_default_20260529_182536/predictions/T1212/colabfold/rank_001.pdb,results/casp15_casp16_unique_lt1000_all_default_20260529_182536/logs/T1212_colabfold.log,,
colabfold,T1220s1,T1220s1,CASP16,9H1G,A,Yes,Yes,prefiltered A1 protein target with mapped residue range,0.956166,1.000000,1.000000,1636,1711,high,1711,20,1711,1,1711,pending,,,,,,,,,,,,results/casp15_casp16_unique_lt1000_all_default_20260529_182536/sequences/T1220s1.fasta,results/casp15_casp16_unique_lt1000_all_default_20260529_182536/predictions/T1220s1/colabfold/rank_001.pdb,results/casp15_casp16_unique_lt1000_all_default_20260529_182536/logs/T1220s1_colabfold.log,,
colabfold,T1227s1,T1227s1,CASP16,9N8W,A,Yes,Yes,prefiltered A1 protein target with mapped residue range,0.918033,1.000000,1.000000,392,427,high,427,27,418,1,427,pending,,,,,,,,,,,,results/casp15_casp16_unique_lt1000_all_default_20260529_182536/sequences/T1227s1.fasta,results/casp15_casp16_unique_lt1000_all_default_20260529_182536/predictions/T1227s1/colabfold/rank_001.pdb,results/casp15_casp16_unique_lt1000_all_default_20260529_182536/logs/T1227s1_colabfold.log,,
colabfold,T1266,T1266,CASP16,8QFB,A,Check,Check,multiple equivalent chains match,0.886905,1.000000,1.000000,298,336,high,336,563,860,1,336,pending,,,,,,,,,,,,results/casp15_casp16_unique_lt1000_all_default_20260529_182536/sequences/T1266.fasta,results/casp15_casp16_unique_lt1000_all_default_20260529_182536/predictions/T1266/colabfold/rank_001.pdb,results/casp15_casp16_unique_lt1000_all_default_20260529_182536/logs/T1266_colabfold.log,,
colabfold,T1269,T1269,CASP16,9GVQ,A,Check,Check,multiple equivalent chains match,0.812766,1.000000,1.000000,1146,1410,high,1410,74,1228,1,1410,pending,,,,,,,,,,,,results/casp15_casp16_unique_lt1000_all_default_20260529_182536/sequences/T1269.fasta,results/casp15_casp16_unique_lt1000_all_default_20260529_182536/predictions/T1269/colabfold/rank_001.pdb,results/casp15_casp16_unique_lt1000_all_default_20260529_182536/logs/T1269_colabfold.log,,
colabfold,T1272s2,T1272s2,CASP16,9C3C,a,Check,Check,multiple equivalent chains match,0.972393,1.000000,0.898072,317,326,medium,363,25,350,1,363,pending,,,,,,,,,,,,results/casp15_casp16_unique_lt1000_all_default_20260529_182536/sequences/T1272s2.fasta,results/casp15_casp16_unique_lt1000_all_default_20260529_182536/predictions/T1272s2/colabfold/rank_001.pdb,results/casp15_casp16_unique_lt1000_all_default_20260529_182536/logs/T1272s2_colabfold.log,,
colabfold,T1272s3,T1272s3,CASP16,9C3C,b,Check,Check,multiple equivalent chains match,0.823899,1.000000,1.000000,262,318,high,318,57,318,1,318,pending,,,,,,,,,,,,results/casp15_casp16_unique_lt1000_all_default_20260529_182536/sequences/T1272s3.fasta,results/casp15_casp16_unique_lt1000_all_default_20260529_182536/predictions/T1272s3/colabfold/rank_001.pdb,results/casp15_casp16_unique_lt1000_all_default_20260529_182536/logs/T1272s3_colabfold.log,,
colabfold,T1272s4,T1272s4,CASP16,9C3C,d,Check,Check,multiple equivalent chains match,0.930796,1.000000,1.000000,269,289,high,289,21,289,1,289,pending,,,,,,,,,,,,results/casp15_casp16_unique_lt1000_all_default_20260529_182536/sequences/T1272s4.fasta,results/casp15_casp16_unique_lt1000_all_default_20260529_182536/predictions/T1272s4/colabfold/rank_001.pdb,results/casp15_casp16_unique_lt1000_all_default_20260529_182536/logs/T1272s4_colabfold.log,,
colabfold,T1272s5,T1272s5,CASP16,9C3C,g,Check,Check,multiple equivalent chains match,0.907216,1.000000,1.000000,264,291,high,291,28,291,1,291,pending,,,,,,,,,,,,results/casp15_casp16_unique_lt1000_all_default_20260529_182536/sequences/T1272s5.fasta,results/casp15_casp16_unique_lt1000_all_default_20260529_182536/predictions/T1272s5/colabfold/rank_001.pdb,results/casp15_casp16_unique_lt1000_all_default_20260529_182536/logs/T1272s5_colabfold.log,,
colabfold,T1272s6,T1272s6,CASP16,9C3C,A,Check,Check,reference coverage below threshold 0.641,0.641026,1.000000,1.000000,400,624,high,624,63,653,1,624,pending,,,,,,,,,,,,results/casp15_casp16_unique_lt1000_all_default_20260529_182536/sequences/T1272s6.fasta,results/casp15_casp16_unique_lt1000_all_default_20260529_182536/predictions/T1272s6/colabfold/rank_001.pdb,results/casp15_casp16_unique_lt1000_all_default_20260529_182536/logs/T1272s6_colabfold.log,,
colabfold,T1272s7,T1272s7,CASP16,9C3C,B,No,No,chain mapping below threshold identity=1.000 coverage=0.599,1.000000,1.000000,0.599174,145,145,low,242,654,798,1,242,pending,,,,,,,,,,,,results/casp15_casp16_unique_lt1000_all_default_20260529_182536/sequences/T1272s7.fasta,results/casp15_casp16_unique_lt1000_all_default_20260529_182536/predictions/T1272s7/colabfold/rank_001.pdb,results/casp15_casp16_unique_lt1000_all_default_20260529_182536/logs/T1272s7_colabfold.log,,
colabfold,T1272s8,T1272s8,CASP16,9C3C,V,Check,Check,reference coverage below threshold 0.356; multiple equivalent chains match,0.355746,1.000000,1.000000,291,818,high,818,1,291,1,818,pending,,,,,,,,,,,,results/casp15_casp16_unique_lt1000_all_default_20260529_182536/sequences/T1272s8.fasta,results/casp15_casp16_unique_lt1000_all_default_20260529_182536/predictions/T1272s8/colabfold/rank_001.pdb,results/casp15_casp16_unique_lt1000_all_default_20260529_182536/logs/T1272s8_colabfold.log,,
colabfold,T1272s9,T1272s9,CASP16,9C3C,n,Check,Check,reference coverage below threshold 0.735; multiple equivalent chains match,0.735294,1.000000,1.000000,175,238,high,238,42,216,1,238,pending,,,,,,,,,,,,results/casp15_casp16_unique_lt1000_all_default_20260529_182536/sequences/T1272s9.fasta,results/casp15_casp16_unique_lt1000_all_default_20260529_182536/predictions/T1272s9/colabfold/rank_001.pdb,results/casp15_casp16_unique_lt1000_all_default_20260529_182536/logs/T1272s9_colabfold.log,,
colabfold,T1280,T1280,CASP16,9F5M,AAA,Check,Check,multiple equivalent chains match,0.995745,1.000000,0.991561,234,235,high,237,615,848,1,237,pending,,,,,,,,,,,,results/casp15_casp16_unique_lt1000_all_default_20260529_182536/sequences/T1280.fasta,results/casp15_casp16_unique_lt1000_all_default_20260529_182536/predictions/T1280/colabfold/rank_001.pdb,results/casp15_casp16_unique_lt1000_all_default_20260529_182536/logs/T1280_colabfold.log,,
colabfold,T1299,T1299,CASP16,9FJL,A,Yes,Yes,prefiltered A1 protein target with mapped residue range,1.000000,1.000000,1.000000,168,168,high,168,1,168,1,168,pending,,,,,,,,,,,,results/casp15_casp16_unique_lt1000_all_default_20260529_182536/sequences/T1299.fasta,results/casp15_casp16_unique_lt1000_all_default_20260529_182536/predictions/T1299/colabfold/rank_001.pdb,results/casp15_casp16_unique_lt1000_all_default_20260529_182536/logs/T1299_colabfold.log,,
colabfold,T2272s2,T2272s2,CASP16,9C3C,a,Check,Check,multiple equivalent chains match,0.972393,1.000000,0.898072,317,326,medium,363,25,350,1,363,pending,,,,,,,,,,,,results/casp15_casp16_unique_lt1000_all_default_20260529_182536/sequences/T2272s2.fasta,results/casp15_casp16_unique_lt1000_all_default_20260529_182536/predictions/T2272s2/colabfold/rank_001.pdb,results/casp15_casp16_unique_lt1000_all_default_20260529_182536/logs/T2272s2_colabfold.log,,
colabfold,T2272s3,T2272s3,CASP16,9C3C,b,Check,Check,multiple equivalent chains match,0.823899,1.000000,1.000000,262,318,high,318,57,318,1,318,pending,,,,,,,,,,,,results/casp15_casp16_unique_lt1000_all_default_20260529_182536/sequences/T2272s3.fasta,results/casp15_casp16_unique_lt1000_all_default_20260529_182536/predictions/T2272s3/colabfold/rank_001.pdb,results/casp15_casp16_unique_lt1000_all_default_20260529_182536/logs/T2272s3_colabfold.log,,
colabfold,T2272s4,T2272s4,CASP16,9C3C,d,Check,Check,multiple equivalent chains match,0.930796,1.000000,1.000000,269,289,high,289,21,289,1,289,pending,,,,,,,,,,,,results/casp15_casp16_unique_lt1000_all_default_20260529_182536/sequences/T2272s4.fasta,results/casp15_casp16_unique_lt1000_all_default_20260529_182536/predictions/T2272s4/colabfold/rank_001.pdb,results/casp15_casp16_unique_lt1000_all_default_20260529_182536/logs/T2272s4_colabfold.log,,
colabfold,T2272s5,T2272s5,CASP16,9C3C,g,Check,Check,multiple equivalent chains match,0.907216,1.000000,1.000000,264,291,high,291,28,291,1,291,pending,,,,,,,,,,,,results/casp15_casp16_unique_lt1000_all_default_20260529_182536/sequences/T2272s5.fasta,results/casp15_casp16_unique_lt1000_all_default_20260529_182536/predictions/T2272s5/colabfold/rank_001.pdb,results/casp15_casp16_unique_lt1000_all_default_20260529_182536/logs/T2272s5_colabfold.log,,
colabfold,T2272s6,T2272s6,CASP16,9C3C,A,Check,Check,reference coverage below threshold 0.641,0.641026,1.000000,1.000000,400,624,high,624,63,653,1,624,pending,,,,,,,,,,,,results/casp15_casp16_unique_lt1000_all_default_20260529_182536/sequences/T2272s6.fasta,results/casp15_casp16_unique_lt1000_all_default_20260529_182536/predictions/T2272s6/colabfold/rank_001.pdb,results/casp15_casp16_unique_lt1000_all_default_20260529_182536/logs/T2272s6_colabfold.log,,
colabfold,T2272s7,T2272s7,CASP16,9C3C,B,No,No,chain mapping below threshold identity=1.000 coverage=0.599,1.000000,1.000000,0.599174,145,145,low,242,654,798,1,242,pending,,,,,,,,,,,,results/casp15_casp16_unique_lt1000_all_default_20260529_182536/sequences/T2272s7.fasta,results/casp15_casp16_unique_lt1000_all_default_20260529_182536/predictions/T2272s7/colabfold/rank_001.pdb,results/casp15_casp16_unique_lt1000_all_default_20260529_182536/logs/T2272s7_colabfold.log,,
colabfold,T2272s8,T2272s8,CASP16,9C3C,V,Check,Check,reference coverage below threshold 0.356; multiple equivalent chains match,0.355746,1.000000,1.000000,291,818,high,818,1,291,1,818,pending,,,,,,,,,,,,results/casp15_casp16_unique_lt1000_all_default_20260529_182536/sequences/T2272s8.fasta,results/casp15_casp16_unique_lt1000_all_default_20260529_182536/predictions/T2272s8/colabfold/rank_001.pdb,results/casp15_casp16_unique_lt1000_all_default_20260529_182536/logs/T2272s8_colabfold.log,,
colabfold,T2272s9,T2272s9,CASP16,9C3C,n,Check,Check,reference coverage below threshold 0.735; multiple equivalent chains match,0.735294,1.000000,1.000000,175,238,high,238,42,216,1,238,pending,,,,,,,,,,,,results/casp15_casp16_unique_lt1000_all_default_20260529_182536/sequences/T2272s9.fasta,results/casp15_casp16_unique_lt1000_all_default_20260529_182536/predictions/T2272s9/colabfold/rank_001.pdb,results/casp15_casp16_unique_lt1000_all_default_20260529_182536/logs/T2272s9_colabfold.log,,
colabfold,T2280,T2280,CASP16,9F5M,AAA,Check,Check,multiple equivalent chains match,0.995745,1.000000,0.991561,234,235,high,237,615,848,1,237,pending,,,,,,,,,,,,results/casp15_casp16_unique_lt1000_all_default_20260529_182536/sequences/T2280.fasta,results/casp15_casp16_unique_lt1000_all_default_20260529_182536/predictions/T2280/colabfold/rank_001.pdb,results/casp15_casp16_unique_lt1000_all_default_20260529_182536/logs/T2280_colabfold.log,,
esmfold,T1104,T1104,CASP15,7ROA,A,Yes,Yes,prefiltered A1 protein target with mapped residue range,0.871212,1.000000,1.000000,115,132,high,117,58,189,1,117,true,true,0.1957,0.47819491846795603,0.87951,4.582658038223173,,,,,,,results/casp15_casp16_unique_lt1000_all_default_20260529_182536/sequences/T1104.fasta,results/casp15_casp16_unique_lt1000_all_default_20260529_182536/predictions/T1104/esmfold/rank_001.pdb,results/casp15_casp16_unique_lt1000_all_default_20260529_182536/logs/T1104_esmfold.log,skipped existing success,missing score
esmfold,T1106s1,T1106s1,CASP15,7QIH,B,No,No,chain mapping below threshold identity=1.000 coverage=0.615; multiple equivalent chains match,0.946667,1.000000,0.614754,71,75,low,122,50,120,1,122,true,true,0.4722,0.46767537826685013,0.50195,9.45662486232462,,,,,,,results/casp15_casp16_unique_lt1000_all_default_20260529_182536/sequences/T1106s1.fasta,results/casp15_casp16_unique_lt1000_all_default_20260529_182536/predictions/T1106s1/esmfold/rank_001.pdb,results/casp15_casp16_unique_lt1000_all_default_20260529_182536/logs/T1106s1_esmfold.log,skipped existing success,missing score
esmfold,T1106s2,T1106s2,CASP15,7QIH,A,Check,Check,multiple equivalent chains match,0.909836,1.000000,1.000000,111,122,high,114,2,112,1,114,true,true,0.9459,0.5709266578831796,0.94424,3.7890202238102737,,,,,,,results/casp15_casp16_unique_lt1000_all_default_20260529_182536/sequences/T1106s2.fasta,results/casp15_casp16_unique_lt1000_all_default_20260529_182536/predictions/T1106s2/esmfold/rank_001.pdb,results/casp15_casp16_unique_lt1000_all_default_20260529_182536/logs/T1106s2_esmfold.log,skipped existing success,missing score
esmfold,T1112,T1112,CASP15,8ORK,AAA,Check,Check,multiple equivalent chains match,0.973913,1.000000,1.000000,448,460,high,460,2,460,1,460,true,true,0.6071,0.28260684125223917,0.8147,13.584416607080327,,,,,,,results/casp15_casp16_unique_lt1000_all_default_20260529_182536/sequences/T1112.fasta,results/casp15_casp16_unique_lt1000_all_default_20260529_182536/predictions/T1112/esmfold/rank_001.pdb,results/casp15_casp16_unique_lt1000_all_default_20260529_182536/logs/T1112_esmfold.log,skipped existing success,missing score
esmfold,T1114s1,T1114s1,CASP15,7UTD,Q,No,No,chain mapping below threshold identity=1.000 coverage=0.317; multiple equivalent chains match,0.983333,1.000000,0.317460,59,60,low,189,20,78,1,189,true,true,0.7458,0.6302884615384615,0.5825,12.345452898564373,,,,,,,results/casp15_casp16_unique_lt1000_all_default_20260529_182536/sequences/T1114s1.fasta,results/casp15_casp16_unique_lt1000_all_default_20260529_182536/predictions/T1114s1/esmfold/rank_001.pdb,results/casp15_casp16_unique_lt1000_all_default_20260529_182536/logs/T1114s1_esmfold.log,skipped existing success,missing score
esmfold,T1114s2,T1114s2,CASP15,7UTD,B,Check,Check,multiple equivalent chains match,0.872629,1.000000,1.000000,322,369,high,369,2,323,1,369,true,true,0.0637,0.19202980356739668,0.78027,21.360231412366662,,,,,,,results/casp15_casp16_unique_lt1000_all_default_20260529_182536/sequences/T1114s2.fasta,results/casp15_casp16_unique_lt1000_all_default_20260529_182536/predictions/T1114s2/esmfold/rank_001.pdb,results/casp15_casp16_unique_lt1000_all_default_20260529_182536/logs/T1114s2_esmfold.log,skipped existing success,missing score
esmfold,T1114s3,T1114s3,CASP15,7UTD,A,Check,Check,multiple equivalent chains match,0.998051,1.000000,0.958879,512,513,high,535,4,516,1,535,true,true,0.8955,0.28634525013384093,0.96363,8.713869243888485,,,,,,,results/casp15_casp16_unique_lt1000_all_default_20260529_182536/sequences/T1114s3.fasta,results/casp15_casp16_unique_lt1000_all_default_20260529_182536/predictions/T1114s3/esmfold/rank_001.pdb,results/casp15_casp16_unique_lt1000_all_default_20260529_182536/logs/T1114s3_esmfold.log,skipped existing success,missing score
esmfold,T1120,T1120,CASP15,7QVB,B,Check,Check,multiple equivalent chains match,0.970213,1.000000,1.000000,228,235,high,235,4,231,1,235,true,true,0.227,0.3713906213906214,0.55446,12.343107714777604,,,,,,,results/casp15_casp16_unique_lt1000_all_default_20260529_182536/sequences/T1120.fasta,results/casp15_casp16_unique_lt1000_all_default_20260529_182536/predictions/T1120/esmfold/rank_001.pdb,results/casp15_casp16_unique_lt1000_all_default_20260529_182536/logs/T1120_esmfold.log,skipped existing success,missing score
esmfold,T1122,T1122,CASP15,8BBT,A,Yes,Yes,prefiltered A1 protein target with mapped residue range,0.954357,1.000000,1.000000,230,241,high,241,4,237,1,241,true,true,0.362,0.37369909502262444,0.45193,15.619125997058596,,,,,,,results/casp15_casp16_unique_lt1000_all_default_20260529_182536/sequences/T1122.fasta,results/casp15_casp16_unique_lt1000_all_default_20260529_182536/predictions/T1122/esmfold/rank_001.pdb,results/casp15_casp16_unique_lt1000_all_default_20260529_182536/logs/T1122_esmfold.log,skipped existing success,missing score
esmfold,T1125,T1125,CASP15,8H2N,A,No,No,chain mapping below threshold identity=1.000 coverage=0.677; multiple equivalent chains match,0.856273,1.000000,0.676667,703,821,low,1200,327,1117,1,1200,pending,,,,,,,,,,,,results/casp15_casp16_unique_lt1000_all_default_20260529_182536/sequences/T1125.fasta,results/casp15_casp16_unique_lt1000_all_default_20260529_182536/predictions/T1125/esmfold/rank_001.pdb,results/casp15_casp16_unique_lt1000_all_default_20260529_182536/logs/T1125_esmfold.log,,
esmfold,T1129s2,T1129s2,CASP15,8A8C,B,Yes,Yes,prefiltered A1 protein target with mapped residue range,0.825000,1.000000,1.000000,528,640,high,640,41,640,1,640,pending,,,,,,,,,,,,results/casp15_casp16_unique_lt1000_all_default_20260529_182536/sequences/T1129s2.fasta,results/casp15_casp16_unique_lt1000_all_default_20260529_182536/predictions/T1129s2/esmfold/rank_001.pdb,results/casp15_casp16_unique_lt1000_all_default_20260529_182536/logs/T1129s2_esmfold.log,,
esmfold,T1133,T1133,CASP15,8DYS,A,Check,Check,reference coverage below threshold 0.699,0.699145,1.000000,1.000000,409,585,high,585,4,427,1,585,pending,,,,,,,,,,,,results/casp15_casp16_unique_lt1000_all_default_20260529_182536/sequences/T1133.fasta,results/casp15_casp16_unique_lt1000_all_default_20260529_182536/predictions/T1133/esmfold/rank_001.pdb,results/casp15_casp16_unique_lt1000_all_default_20260529_182536/logs/T1133_esmfold.log,,
esmfold,T1134s1,T1134s1,CASP15,7UBZ,A,Check,Check,multiple equivalent chains match,1.000000,1.000000,1.000000,230,230,high,230,1,230,1,230,pending,,,,,,,,,,,,results/casp15_casp16_unique_lt1000_all_default_20260529_182536/sequences/T1134s1.fasta,results/casp15_casp16_unique_lt1000_all_default_20260529_182536/predictions/T1134s1/esmfold/rank_001.pdb,results/casp15_casp16_unique_lt1000_all_default_20260529_182536/logs/T1134s1_esmfold.log,,
esmfold,T1134s2,T1134s2,CASP15,7UBZ,D,Check,Check,reference coverage below threshold 0.645; multiple equivalent chains match,0.645367,1.000000,1.000000,202,313,high,313,168,472,1,313,pending,,,,,,,,,,,,results/casp15_casp16_unique_lt1000_all_default_20260529_182536/sequences/T1134s2.fasta,results/casp15_casp16_unique_lt1000_all_default_20260529_182536/predictions/T1134s2/esmfold/rank_001.pdb,results/casp15_casp16_unique_lt1000_all_default_20260529_182536/logs/T1134s2_esmfold.log,,
esmfold,T1137s1,T1137s1,CASP15,8FEF,A,Yes,Yes,prefiltered A1 protein target with mapped residue range,0.958435,1.000000,1.000000,392,409,high,409,18,409,1,409,pending,,,,,,,,,,,,results/casp15_casp16_unique_lt1000_all_default_20260529_182536/sequences/T1137s1.fasta,results/casp15_casp16_unique_lt1000_all_default_20260529_182536/predictions/T1137s1/esmfold/rank_001.pdb,results/casp15_casp16_unique_lt1000_all_default_20260529_182536/logs/T1137s1_esmfold.log,,
esmfold,T1137s2,T1137s2,CASP15,8FEF,B,Yes,Yes,prefiltered A1 protein target with mapped residue range,0.976676,1.000000,1.000000,335,343,high,343,2,343,1,343,pending,,,,,,,,,,,,results/casp15_casp16_unique_lt1000_all_default_20260529_182536/sequences/T1137s2.fasta,results/casp15_casp16_unique_lt1000_all_default_20260529_182536/predictions/T1137s2/esmfold/rank_001.pdb,results/casp15_casp16_unique_lt1000_all_default_20260529_182536/logs/T1137s2_esmfold.log,,
esmfold,T1137s3,T1137s3,CASP15,8FEF,C,Check,Check,reference coverage below threshold 0.592,0.591603,1.000000,1.000000,310,524,high,524,1,310,1,524,pending,,,,,,,,,,,,results/casp15_casp16_unique_lt1000_all_default_20260529_182536/sequences/T1137s3.fasta,results/casp15_casp16_unique_lt1000_all_default_20260529_182536/predictions/T1137s3/esmfold/rank_001.pdb,results/casp15_casp16_unique_lt1000_all_default_20260529_182536/logs/T1137s3_esmfold.log,,
esmfold,T1137s4,T1137s4,CASP15,8FEF,D,Check,Check,reference coverage below threshold 0.704,0.703839,1.000000,1.000000,385,547,high,547,42,468,1,547,pending,,,,,,,,,,,,results/casp15_casp16_unique_lt1000_all_default_20260529_182536/sequences/T1137s4.fasta,results/casp15_casp16_unique_lt1000_all_default_20260529_182536/predictions/T1137s4/esmfold/rank_001.pdb,results/casp15_casp16_unique_lt1000_all_default_20260529_182536/logs/T1137s4_esmfold.log,,
esmfold,T1137s5,T1137s5,CASP15,8FEF,E,Yes,Yes,prefiltered A1 protein target with mapped residue range,0.917949,1.000000,1.000000,358,390,high,390,33,390,1,390,pending,,,,,,,,,,,,results/casp15_casp16_unique_lt1000_all_default_20260529_182536/sequences/T1137s5.fasta,results/casp15_casp16_unique_lt1000_all_default_20260529_182536/predictions/T1137s5/esmfold/rank_001.pdb,results/casp15_casp16_unique_lt1000_all_default_20260529_182536/logs/T1137s5_esmfold.log,,
esmfold,T1137s6,T1137s6,CASP15,8FEF,F,Check,Check,reference coverage below threshold 0.770,0.770270,1.000000,1.000000,399,518,high,518,1,399,1,518,pending,,,,,,,,,,,,results/casp15_casp16_unique_lt1000_all_default_20260529_182536/sequences/T1137s6.fasta,results/casp15_casp16_unique_lt1000_all_default_20260529_182536/predictions/T1137s6/esmfold/rank_001.pdb,results/casp15_casp16_unique_lt1000_all_default_20260529_182536/logs/T1137s6_esmfold.log,,
esmfold,T1137s7,T1137s7,CASP15,8FEF,G,Check,Check,reference coverage below threshold 0.458; multiple equivalent chains match,0.457887,1.000000,1.000000,299,653,high,653,2,325,1,653,pending,,,,,,,,,,,,results/casp15_casp16_unique_lt1000_all_default_20260529_182536/sequences/T1137s7.fasta,results/casp15_casp16_unique_lt1000_all_default_20260529_182536/predictions/T1137s7/esmfold/rank_001.pdb,results/casp15_casp16_unique_lt1000_all_default_20260529_182536/logs/T1137s7_esmfold.log,,
esmfold,T1137s8,T1137s8,CASP15,8FEF,I,Yes,Yes,prefiltered A1 protein target with mapped residue range,0.951128,1.000000,1.000000,253,266,high,266,14,266,1,266,pending,,,,,,,,,,,,results/casp15_casp16_unique_lt1000_all_default_20260529_182536/sequences/T1137s8.fasta,results/casp15_casp16_unique_lt1000_all_default_20260529_182536/predictions/T1137s8/esmfold/rank_001.pdb,results/casp15_casp16_unique_lt1000_all_default_20260529_182536/logs/T1137s8_esmfold.log,,
esmfold,T1137s9,T1137s9,CASP15,8FEF,J,Yes,Yes,prefiltered A1 protein target with mapped residue range,0.910035,1.000000,1.000000,263,289,high,289,27,289,1,289,pending,,,,,,,,,,,,results/casp15_casp16_unique_lt1000_all_default_20260529_182536/sequences/T1137s9.fasta,results/casp15_casp16_unique_lt1000_all_default_20260529_182536/predictions/T1137s9/esmfold/rank_001.pdb,results/casp15_casp16_unique_lt1000_all_default_20260529_182536/logs/T1137s9_esmfold.log,,
esmfold,T1145,T1145,CASP15,7UWW,A,Check,Check,multiple equivalent chains match,0.995276,1.000000,1.000000,632,635,high,635,34,665,1,635,pending,,,,,,,,,,,,results/casp15_casp16_unique_lt1000_all_default_20260529_182536/sequences/T1145.fasta,results/casp15_casp16_unique_lt1000_all_default_20260529_182536/predictions/T1145/esmfold/rank_001.pdb,results/casp15_casp16_unique_lt1000_all_default_20260529_182536/logs/T1145_esmfold.log,,
esmfold,T1147,T1147,CASP15,8EM5,A,Check,Check,multiple equivalent chains match,0.893204,1.000000,1.000000,92,103,high,103,12,103,1,103,pending,,,,,,,,,,,,results/casp15_casp16_unique_lt1000_all_default_20260529_182536/sequences/T1147.fasta,results/casp15_casp16_unique_lt1000_all_default_20260529_182536/predictions/T1147/esmfold/rank_001.pdb,results/casp15_casp16_unique_lt1000_all_default_20260529_182536/logs/T1147_esmfold.log,,
esmfold,T1151s2,T1151s2,CASP15,8D5V,A,Check,Check,reference coverage below threshold 0.724; multiple equivalent chains match,0.724138,1.000000,1.000000,84,116,high,116,8,91,1,116,pending,,,,,,,,,,,,results/casp15_casp16_unique_lt1000_all_default_20260529_182536/sequences/T1151s2.fasta,results/casp15_casp16_unique_lt1000_all_default_20260529_182536/predictions/T1151s2/esmfold/rank_001.pdb,results/casp15_casp16_unique_lt1000_all_default_20260529_182536/logs/T1151s2_esmfold.log,,
esmfold,T1154,T1154,CASP15,7ZCX,AAA,Check,Check,reference coverage below threshold 0.730; multiple equivalent chains match,0.730337,1.000000,1.000000,1040,1424,high,1424,30,1069,1,1424,pending,,,,,,,,,,,,results/casp15_casp16_unique_lt1000_all_default_20260529_182536/sequences/T1154.fasta,results/casp15_casp16_unique_lt1000_all_default_20260529_182536/predictions/T1154/esmfold/rank_001.pdb,results/casp15_casp16_unique_lt1000_all_default_20260529_182536/logs/T1154_esmfold.log,,
esmfold,T1155,T1155,CASP15,8PBV,A,Yes,Yes,prefiltered A1 protein target with mapped residue range,1.000000,1.000000,1.000000,116,116,high,116,1,116,1,116,pending,,,,,,,,,,,,results/casp15_casp16_unique_lt1000_all_default_20260529_182536/sequences/T1155.fasta,results/casp15_casp16_unique_lt1000_all_default_20260529_182536/predictions/T1155/esmfold/rank_001.pdb,results/casp15_casp16_unique_lt1000_all_default_20260529_182536/logs/T1155_esmfold.log,,
esmfold,T1157s1,T1157s1,CASP15,8PKO,A,Yes,Yes,prefiltered A1 protein target with mapped residue range,0.936832,1.000000,1.000000,964,1029,high,1029,64,1083,1,1029,pending,,,,,,,,,,,,results/casp15_casp16_unique_lt1000_all_default_20260529_182536/sequences/T1157s1.fasta,results/casp15_casp16_unique_lt1000_all_default_20260529_182536/predictions/T1157s1/esmfold/rank_001.pdb,results/casp15_casp16_unique_lt1000_all_default_20260529_182536/logs/T1157s1_esmfold.log,,
esmfold,T1157s2,T1157s2,CASP15,8PKO,B,Yes,Yes,prefiltered A1 protein target with mapped residue range,0.937374,1.000000,1.000000,464,495,high,495,21,484,1,495,pending,,,,,,,,,,,,results/casp15_casp16_unique_lt1000_all_default_20260529_182536/sequences/T1157s2.fasta,results/casp15_casp16_unique_lt1000_all_default_20260529_182536/predictions/T1157s2/esmfold/rank_001.pdb,results/casp15_casp16_unique_lt1000_all_default_20260529_182536/logs/T1157s2_esmfold.log,,
esmfold,T1158,T1158,CASP15,8SXA,A,Yes,Yes,prefiltered A1 protein target with mapped residue range,0.870189,1.000000,0.988806,1153,1325,high,1340,48,1298,1,1340,pending,,,,,,,,,,,,results/casp15_casp16_unique_lt1000_all_default_20260529_182536/sequences/T1158.fasta,results/casp15_casp16_unique_lt1000_all_default_20260529_182536/predictions/T1158/esmfold/rank_001.pdb,results/casp15_casp16_unique_lt1000_all_default_20260529_182536/logs/T1158_esmfold.log,,
esmfold,T1159,T1159,CASP15,7PZT,A,Check,Check,multiple equivalent chains match,1.000000,1.000000,1.000000,160,160,high,160,1,160,1,160,pending,,,,,,,,,,,,results/casp15_casp16_unique_lt1000_all_default_20260529_182536/sequences/T1159.fasta,results/casp15_casp16_unique_lt1000_all_default_20260529_182536/predictions/T1159/esmfold/rank_001.pdb,results/casp15_casp16_unique_lt1000_all_default_20260529_182536/logs/T1159_esmfold.log,,
esmfold,T1169,T1169,CASP15,8FJP,A,Yes,Yes,prefiltered A1 protein target with mapped residue range,0.871581,1.000000,1.000000,2932,3364,high,3364,1,3042,1,3364,pending,,,,,,,,,,,,results/casp15_casp16_unique_lt1000_all_default_20260529_182536/sequences/T1169.fasta,results/casp15_casp16_unique_lt1000_all_default_20260529_182536/predictions/T1169/esmfold/rank_001.pdb,results/casp15_casp16_unique_lt1000_all_default_20260529_182536/logs/T1169_esmfold.log,,
esmfold,T1183,T1183,CASP15,8IFX,B,Yes,Yes,prefiltered A1 protein target with mapped residue range,0.975000,1.000000,1.000000,195,200,high,200,1,195,1,200,pending,,,,,,,,,,,,results/casp15_casp16_unique_lt1000_all_default_20260529_182536/sequences/T1183.fasta,results/casp15_casp16_unique_lt1000_all_default_20260529_182536/predictions/T1183/esmfold/rank_001.pdb,results/casp15_casp16_unique_lt1000_all_default_20260529_182536/logs/T1183_esmfold.log,,
esmfold,T1185s1,T1185s1,CASP15,8OUY,A,Check,Check,reference coverage below threshold 0.200,0.200000,1.000000,1.000000,70,350,high,350,4,73,1,350,pending,,,,,,,,,,,,results/casp15_casp16_unique_lt1000_all_default_20260529_182536/sequences/T1185s1.fasta,results/casp15_casp16_unique_lt1000_all_default_20260529_182536/predictions/T1185s1/esmfold/rank_001.pdb,results/casp15_casp16_unique_lt1000_all_default_20260529_182536/logs/T1185s1_esmfold.log,,
esmfold,T1185s2,T1185s2,CASP15,8OUY,B,Yes,Yes,prefiltered A1 protein target with mapped residue range,0.832447,1.000000,1.000000,313,376,high,376,10,349,1,376,pending,,,,,,,,,,,,results/casp15_casp16_unique_lt1000_all_default_20260529_182536/sequences/T1185s2.fasta,results/casp15_casp16_unique_lt1000_all_default_20260529_182536/predictions/T1185s2/esmfold/rank_001.pdb,results/casp15_casp16_unique_lt1000_all_default_20260529_182536/logs/T1185s2_esmfold.log,,
esmfold,T1185s4,T1185s4,CASP15,8OUY,D,Yes,Yes,prefiltered A1 protein target with mapped residue range,0.838710,1.000000,0.996429,234,279,high,280,20,280,1,280,pending,,,,,,,,,,,,results/casp15_casp16_unique_lt1000_all_default_20260529_182536/sequences/T1185s4.fasta,results/casp15_casp16_unique_lt1000_all_default_20260529_182536/predictions/T1185s4/esmfold/rank_001.pdb,results/casp15_casp16_unique_lt1000_all_default_20260529_182536/logs/T1185s4_esmfold.log,,
esmfold,T1194,T1194,CASP15,8OKH,A,Check,Check,multiple equivalent chains match,0.982036,1.000000,0.994048,164,167,high,168,22,185,1,168,pending,,,,,,,,,,,,results/casp15_casp16_unique_lt1000_all_default_20260529_182536/sequences/T1194.fasta,results/casp15_casp16_unique_lt1000_all_default_20260529_182536/predictions/T1194/esmfold/rank_001.pdb,results/casp15_casp16_unique_lt1000_all_default_20260529_182536/logs/T1194_esmfold.log,,
esmfold,T0272s2,T0272s2,CASP16,9C3C,a,Check,Check,multiple equivalent chains match,0.972393,1.000000,0.898072,317,326,medium,363,25,350,1,363,pending,,,,,,,,,,,,results/casp15_casp16_unique_lt1000_all_default_20260529_182536/sequences/T0272s2.fasta,results/casp15_casp16_unique_lt1000_all_default_20260529_182536/predictions/T0272s2/esmfold/rank_001.pdb,results/casp15_casp16_unique_lt1000_all_default_20260529_182536/logs/T0272s2_esmfold.log,,
esmfold,T0272s3,T0272s3,CASP16,9C3C,b,Check,Check,multiple equivalent chains match,0.823899,1.000000,1.000000,262,318,high,318,57,318,1,318,pending,,,,,,,,,,,,results/casp15_casp16_unique_lt1000_all_default_20260529_182536/sequences/T0272s3.fasta,results/casp15_casp16_unique_lt1000_all_default_20260529_182536/predictions/T0272s3/esmfold/rank_001.pdb,results/casp15_casp16_unique_lt1000_all_default_20260529_182536/logs/T0272s3_esmfold.log,,
esmfold,T0272s4,T0272s4,CASP16,9C3C,d,Check,Check,multiple equivalent chains match,0.930796,1.000000,1.000000,269,289,high,289,21,289,1,289,pending,,,,,,,,,,,,results/casp15_casp16_unique_lt1000_all_default_20260529_182536/sequences/T0272s4.fasta,results/casp15_casp16_unique_lt1000_all_default_20260529_182536/predictions/T0272s4/esmfold/rank_001.pdb,results/casp15_casp16_unique_lt1000_all_default_20260529_182536/logs/T0272s4_esmfold.log,,
esmfold,T0272s5,T0272s5,CASP16,9C3C,g,Check,Check,multiple equivalent chains match,0.907216,1.000000,1.000000,264,291,high,291,28,291,1,291,pending,,,,,,,,,,,,results/casp15_casp16_unique_lt1000_all_default_20260529_182536/sequences/T0272s5.fasta,results/casp15_casp16_unique_lt1000_all_default_20260529_182536/predictions/T0272s5/esmfold/rank_001.pdb,results/casp15_casp16_unique_lt1000_all_default_20260529_182536/logs/T0272s5_esmfold.log,,
esmfold,T0272s6,T0272s6,CASP16,9C3C,A,Check,Check,reference coverage below threshold 0.641,0.641026,1.000000,1.000000,400,624,high,624,63,653,1,624,pending,,,,,,,,,,,,results/casp15_casp16_unique_lt1000_all_default_20260529_182536/sequences/T0272s6.fasta,results/casp15_casp16_unique_lt1000_all_default_20260529_182536/predictions/T0272s6/esmfold/rank_001.pdb,results/casp15_casp16_unique_lt1000_all_default_20260529_182536/logs/T0272s6_esmfold.log,,
esmfold,T0272s7,T0272s7,CASP16,9C3C,B,No,No,chain mapping below threshold identity=1.000 coverage=0.599,1.000000,1.000000,0.599174,145,145,low,242,654,798,1,242,pending,,,,,,,,,,,,results/casp15_casp16_unique_lt1000_all_default_20260529_182536/sequences/T0272s7.fasta,results/casp15_casp16_unique_lt1000_all_default_20260529_182536/predictions/T0272s7/esmfold/rank_001.pdb,results/casp15_casp16_unique_lt1000_all_default_20260529_182536/logs/T0272s7_esmfold.log,,
esmfold,T0272s8,T0272s8,CASP16,9C3C,V,Check,Check,reference coverage below threshold 0.356; multiple equivalent chains match,0.355746,1.000000,1.000000,291,818,high,818,1,291,1,818,pending,,,,,,,,,,,,results/casp15_casp16_unique_lt1000_all_default_20260529_182536/sequences/T0272s8.fasta,results/casp15_casp16_unique_lt1000_all_default_20260529_182536/predictions/T0272s8/esmfold/rank_001.pdb,results/casp15_casp16_unique_lt1000_all_default_20260529_182536/logs/T0272s8_esmfold.log,,
esmfold,T0272s9,T0272s9,CASP16,9C3C,n,Check,Check,reference coverage below threshold 0.735; multiple equivalent chains match,0.735294,1.000000,1.000000,175,238,high,238,42,216,1,238,pending,,,,,,,,,,,,results/casp15_casp16_unique_lt1000_all_default_20260529_182536/sequences/T0272s9.fasta,results/casp15_casp16_unique_lt1000_all_default_20260529_182536/predictions/T0272s9/esmfold/rank_001.pdb,results/casp15_casp16_unique_lt1000_all_default_20260529_182536/logs/T0272s9_esmfold.log,,
esmfold,T1210,T1210,CASP16,9ENR,A,Yes,Yes,prefiltered A1 protein target with mapped residue range,0.876271,1.000000,1.000000,1551,1770,high,1770,19,1651,1,1770,pending,,,,,,,,,,,,results/casp15_casp16_unique_lt1000_all_default_20260529_182536/sequences/T1210.fasta,results/casp15_casp16_unique_lt1000_all_default_20260529_182536/predictions/T1210/esmfold/rank_001.pdb,results/casp15_casp16_unique_lt1000_all_default_20260529_182536/logs/T1210_esmfold.log,,
esmfold,T1212,T1212,CASP16,9B0L,P,Check,Check,multiple equivalent chains match,1.000000,1.000000,1.000000,466,466,high,466,53,518,1,466,pending,,,,,,,,,,,,results/casp15_casp16_unique_lt1000_all_default_20260529_182536/sequences/T1212.fasta,results/casp15_casp16_unique_lt1000_all_default_20260529_182536/predictions/T1212/esmfold/rank_001.pdb,results/casp15_casp16_unique_lt1000_all_default_20260529_182536/logs/T1212_esmfold.log,,
esmfold,T1220s1,T1220s1,CASP16,9H1G,A,Yes,Yes,prefiltered A1 protein target with mapped residue range,0.956166,1.000000,1.000000,1636,1711,high,1711,20,1711,1,1711,pending,,,,,,,,,,,,results/casp15_casp16_unique_lt1000_all_default_20260529_182536/sequences/T1220s1.fasta,results/casp15_casp16_unique_lt1000_all_default_20260529_182536/predictions/T1220s1/esmfold/rank_001.pdb,results/casp15_casp16_unique_lt1000_all_default_20260529_182536/logs/T1220s1_esmfold.log,,
esmfold,T1227s1,T1227s1,CASP16,9N8W,A,Yes,Yes,prefiltered A1 protein target with mapped residue range,0.918033,1.000000,1.000000,392,427,high,427,27,418,1,427,pending,,,,,,,,,,,,results/casp15_casp16_unique_lt1000_all_default_20260529_182536/sequences/T1227s1.fasta,results/casp15_casp16_unique_lt1000_all_default_20260529_182536/predictions/T1227s1/esmfold/rank_001.pdb,results/casp15_casp16_unique_lt1000_all_default_20260529_182536/logs/T1227s1_esmfold.log,,
esmfold,T1266,T1266,CASP16,8QFB,A,Check,Check,multiple equivalent chains match,0.886905,1.000000,1.000000,298,336,high,336,563,860,1,336,pending,,,,,,,,,,,,results/casp15_casp16_unique_lt1000_all_default_20260529_182536/sequences/T1266.fasta,results/casp15_casp16_unique_lt1000_all_default_20260529_182536/predictions/T1266/esmfold/rank_001.pdb,results/casp15_casp16_unique_lt1000_all_default_20260529_182536/logs/T1266_esmfold.log,,
esmfold,T1269,T1269,CASP16,9GVQ,A,Check,Check,multiple equivalent chains match,0.812766,1.000000,1.000000,1146,1410,high,1410,74,1228,1,1410,pending,,,,,,,,,,,,results/casp15_casp16_unique_lt1000_all_default_20260529_182536/sequences/T1269.fasta,results/casp15_casp16_unique_lt1000_all_default_20260529_182536/predictions/T1269/esmfold/rank_001.pdb,results/casp15_casp16_unique_lt1000_all_default_20260529_182536/logs/T1269_esmfold.log,,
esmfold,T1272s2,T1272s2,CASP16,9C3C,a,Check,Check,multiple equivalent chains match,0.972393,1.000000,0.898072,317,326,medium,363,25,350,1,363,pending,,,,,,,,,,,,results/casp15_casp16_unique_lt1000_all_default_20260529_182536/sequences/T1272s2.fasta,results/casp15_casp16_unique_lt1000_all_default_20260529_182536/predictions/T1272s2/esmfold/rank_001.pdb,results/casp15_casp16_unique_lt1000_all_default_20260529_182536/logs/T1272s2_esmfold.log,,
esmfold,T1272s3,T1272s3,CASP16,9C3C,b,Check,Check,multiple equivalent chains match,0.823899,1.000000,1.000000,262,318,high,318,57,318,1,318,pending,,,,,,,,,,,,results/casp15_casp16_unique_lt1000_all_default_20260529_182536/sequences/T1272s3.fasta,results/casp15_casp16_unique_lt1000_all_default_20260529_182536/predictions/T1272s3/esmfold/rank_001.pdb,results/casp15_casp16_unique_lt1000_all_default_20260529_182536/logs/T1272s3_esmfold.log,,
esmfold,T1272s4,T1272s4,CASP16,9C3C,d,Check,Check,multiple equivalent chains match,0.930796,1.000000,1.000000,269,289,high,289,21,289,1,289,pending,,,,,,,,,,,,results/casp15_casp16_unique_lt1000_all_default_20260529_182536/sequences/T1272s4.fasta,results/casp15_casp16_unique_lt1000_all_default_20260529_182536/predictions/T1272s4/esmfold/rank_001.pdb,results/casp15_casp16_unique_lt1000_all_default_20260529_182536/logs/T1272s4_esmfold.log,,
esmfold,T1272s5,T1272s5,CASP16,9C3C,g,Check,Check,multiple equivalent chains match,0.907216,1.000000,1.000000,264,291,high,291,28,291,1,291,pending,,,,,,,,,,,,results/casp15_casp16_unique_lt1000_all_default_20260529_182536/sequences/T1272s5.fasta,results/casp15_casp16_unique_lt1000_all_default_20260529_182536/predictions/T1272s5/esmfold/rank_001.pdb,results/casp15_casp16_unique_lt1000_all_default_20260529_182536/logs/T1272s5_esmfold.log,,
esmfold,T1272s6,T1272s6,CASP16,9C3C,A,Check,Check,reference coverage below threshold 0.641,0.641026,1.000000,1.000000,400,624,high,624,63,653,1,624,pending,,,,,,,,,,,,results/casp15_casp16_unique_lt1000_all_default_20260529_182536/sequences/T1272s6.fasta,results/casp15_casp16_unique_lt1000_all_default_20260529_182536/predictions/T1272s6/esmfold/rank_001.pdb,results/casp15_casp16_unique_lt1000_all_default_20260529_182536/logs/T1272s6_esmfold.log,,
esmfold,T1272s7,T1272s7,CASP16,9C3C,B,No,No,chain mapping below threshold identity=1.000 coverage=0.599,1.000000,1.000000,0.599174,145,145,low,242,654,798,1,242,pending,,,,,,,,,,,,results/casp15_casp16_unique_lt1000_all_default_20260529_182536/sequences/T1272s7.fasta,results/casp15_casp16_unique_lt1000_all_default_20260529_182536/predictions/T1272s7/esmfold/rank_001.pdb,results/casp15_casp16_unique_lt1000_all_default_20260529_182536/logs/T1272s7_esmfold.log,,
esmfold,T1272s8,T1272s8,CASP16,9C3C,V,Check,Check,reference coverage below threshold 0.356; multiple equivalent chains match,0.355746,1.000000,1.000000,291,818,high,818,1,291,1,818,pending,,,,,,,,,,,,results/casp15_casp16_unique_lt1000_all_default_20260529_182536/sequences/T1272s8.fasta,results/casp15_casp16_unique_lt1000_all_default_20260529_182536/predictions/T1272s8/esmfold/rank_001.pdb,results/casp15_casp16_unique_lt1000_all_default_20260529_182536/logs/T1272s8_esmfold.log,,
esmfold,T1272s9,T1272s9,CASP16,9C3C,n,Check,Check,reference coverage below threshold 0.735; multiple equivalent chains match,0.735294,1.000000,1.000000,175,238,high,238,42,216,1,238,pending,,,,,,,,,,,,results/casp15_casp16_unique_lt1000_all_default_20260529_182536/sequences/T1272s9.fasta,results/casp15_casp16_unique_lt1000_all_default_20260529_182536/predictions/T1272s9/esmfold/rank_001.pdb,results/casp15_casp16_unique_lt1000_all_default_20260529_182536/logs/T1272s9_esmfold.log,,
esmfold,T1280,T1280,CASP16,9F5M,AAA,Check,Check,multiple equivalent chains match,0.995745,1.000000,0.991561,234,235,high,237,615,848,1,237,pending,,,,,,,,,,,,results/casp15_casp16_unique_lt1000_all_default_20260529_182536/sequences/T1280.fasta,results/casp15_casp16_unique_lt1000_all_default_20260529_182536/predictions/T1280/esmfold/rank_001.pdb,results/casp15_casp16_unique_lt1000_all_default_20260529_182536/logs/T1280_esmfold.log,,
esmfold,T1299,T1299,CASP16,9FJL,A,Yes,Yes,prefiltered A1 protein target with mapped residue range,1.000000,1.000000,1.000000,168,168,high,168,1,168,1,168,pending,,,,,,,,,,,,results/casp15_casp16_unique_lt1000_all_default_20260529_182536/sequences/T1299.fasta,results/casp15_casp16_unique_lt1000_all_default_20260529_182536/predictions/T1299/esmfold/rank_001.pdb,results/casp15_casp16_unique_lt1000_all_default_20260529_182536/logs/T1299_esmfold.log,,
esmfold,T2272s2,T2272s2,CASP16,9C3C,a,Check,Check,multiple equivalent chains match,0.972393,1.000000,0.898072,317,326,medium,363,25,350,1,363,pending,,,,,,,,,,,,results/casp15_casp16_unique_lt1000_all_default_20260529_182536/sequences/T2272s2.fasta,results/casp15_casp16_unique_lt1000_all_default_20260529_182536/predictions/T2272s2/esmfold/rank_001.pdb,results/casp15_casp16_unique_lt1000_all_default_20260529_182536/logs/T2272s2_esmfold.log,,
esmfold,T2272s3,T2272s3,CASP16,9C3C,b,Check,Check,multiple equivalent chains match,0.823899,1.000000,1.000000,262,318,high,318,57,318,1,318,pending,,,,,,,,,,,,results/casp15_casp16_unique_lt1000_all_default_20260529_182536/sequences/T2272s3.fasta,results/casp15_casp16_unique_lt1000_all_default_20260529_182536/predictions/T2272s3/esmfold/rank_001.pdb,results/casp15_casp16_unique_lt1000_all_default_20260529_182536/logs/T2272s3_esmfold.log,,
esmfold,T2272s4,T2272s4,CASP16,9C3C,d,Check,Check,multiple equivalent chains match,0.930796,1.000000,1.000000,269,289,high,289,21,289,1,289,pending,,,,,,,,,,,,results/casp15_casp16_unique_lt1000_all_default_20260529_182536/sequences/T2272s4.fasta,results/casp15_casp16_unique_lt1000_all_default_20260529_182536/predictions/T2272s4/esmfold/rank_001.pdb,results/casp15_casp16_unique_lt1000_all_default_20260529_182536/logs/T2272s4_esmfold.log,,
esmfold,T2272s5,T2272s5,CASP16,9C3C,g,Check,Check,multiple equivalent chains match,0.907216,1.000000,1.000000,264,291,high,291,28,291,1,291,pending,,,,,,,,,,,,results/casp15_casp16_unique_lt1000_all_default_20260529_182536/sequences/T2272s5.fasta,results/casp15_casp16_unique_lt1000_all_default_20260529_182536/predictions/T2272s5/esmfold/rank_001.pdb,results/casp15_casp16_unique_lt1000_all_default_20260529_182536/logs/T2272s5_esmfold.log,,
esmfold,T2272s6,T2272s6,CASP16,9C3C,A,Check,Check,reference coverage below threshold 0.641,0.641026,1.000000,1.000000,400,624,high,624,63,653,1,624,pending,,,,,,,,,,,,results/casp15_casp16_unique_lt1000_all_default_20260529_182536/sequences/T2272s6.fasta,results/casp15_casp16_unique_lt1000_all_default_20260529_182536/predictions/T2272s6/esmfold/rank_001.pdb,results/casp15_casp16_unique_lt1000_all_default_20260529_182536/logs/T2272s6_esmfold.log,,
esmfold,T2272s7,T2272s7,CASP16,9C3C,B,No,No,chain mapping below threshold identity=1.000 coverage=0.599,1.000000,1.000000,0.599174,145,145,low,242,654,798,1,242,pending,,,,,,,,,,,,results/casp15_casp16_unique_lt1000_all_default_20260529_182536/sequences/T2272s7.fasta,results/casp15_casp16_unique_lt1000_all_default_20260529_182536/predictions/T2272s7/esmfold/rank_001.pdb,results/casp15_casp16_unique_lt1000_all_default_20260529_182536/logs/T2272s7_esmfold.log,,
esmfold,T2272s8,T2272s8,CASP16,9C3C,V,Check,Check,reference coverage below threshold 0.356; multiple equivalent chains match,0.355746,1.000000,1.000000,291,818,high,818,1,291,1,818,pending,,,,,,,,,,,,results/casp15_casp16_unique_lt1000_all_default_20260529_182536/sequences/T2272s8.fasta,results/casp15_casp16_unique_lt1000_all_default_20260529_182536/predictions/T2272s8/esmfold/rank_001.pdb,results/casp15_casp16_unique_lt1000_all_default_20260529_182536/logs/T2272s8_esmfold.log,,
esmfold,T2272s9,T2272s9,CASP16,9C3C,n,Check,Check,reference coverage below threshold 0.735; multiple equivalent chains match,0.735294,1.000000,1.000000,175,238,high,238,42,216,1,238,pending,,,,,,,,,,,,results/casp15_casp16_unique_lt1000_all_default_20260529_182536/sequences/T2272s9.fasta,results/casp15_casp16_unique_lt1000_all_default_20260529_182536/predictions/T2272s9/esmfold/rank_001.pdb,results/casp15_casp16_unique_lt1000_all_default_20260529_182536/logs/T2272s9_esmfold.log,,
esmfold,T2280,T2280,CASP16,9F5M,AAA,Check,Check,multiple equivalent chains match,0.995745,1.000000,0.991561,234,235,high,237,615,848,1,237,pending,,,,,,,,,,,,results/casp15_casp16_unique_lt1000_all_default_20260529_182536/sequences/T2280.fasta,results/casp15_casp16_unique_lt1000_all_default_20260529_182536/predictions/T2280/esmfold/rank_001.pdb,results/casp15_casp16_unique_lt1000_all_default_20260529_182536/logs/T2280_esmfold.log,,
omegafold,T1104,T1104,CASP15,7ROA,A,Yes,Yes,prefiltered A1 protein target with mapped residue range,0.871212,1.000000,1.000000,115,132,high,117,58,189,1,117,true,true,0.2087,0.37627986348122866,0.47206,12.687786169752496,,,,,,,results/casp15_casp16_unique_lt1000_all_default_20260529_182536/sequences/T1104.fasta,results/casp15_casp16_unique_lt1000_all_default_20260529_182536/predictions/T1104/omegafold/rank_001.pdb,results/casp15_casp16_unique_lt1000_all_default_20260529_182536/logs/T1104_omegafold.log,skipped existing success,missing score
omegafold,T1106s1,T1106s1,CASP15,7QIH,B,No,No,chain mapping below threshold identity=1.000 coverage=0.615; multiple equivalent chains match,0.946667,1.000000,0.614754,71,75,low,122,50,120,1,122,true,true,0.3576,0.4621733149931224,0.45782,8.937569573028593,,,,,,,results/casp15_casp16_unique_lt1000_all_default_20260529_182536/sequences/T1106s1.fasta,results/casp15_casp16_unique_lt1000_all_default_20260529_182536/predictions/T1106s1/omegafold/rank_001.pdb,results/casp15_casp16_unique_lt1000_all_default_20260529_182536/logs/T1106s1_omegafold.log,skipped existing success,missing score
omegafold,T1106s2,T1106s2,CASP15,7QIH,A,Check,Check,multiple equivalent chains match,0.909836,1.000000,1.000000,111,122,high,114,2,112,1,114,true,true,0.482,0.5709266578831795,0.91283,4.205300164038342,,,,,,,results/casp15_casp16_unique_lt1000_all_default_20260529_182536/sequences/T1106s2.fasta,results/casp15_casp16_unique_lt1000_all_default_20260529_182536/predictions/T1106s2/omegafold/rank_001.pdb,results/casp15_casp16_unique_lt1000_all_default_20260529_182536/logs/T1106s2_omegafold.log,skipped existing success,missing score
omegafold,T1112,T1112,CASP15,8ORK,AAA,Check,Check,multiple equivalent chains match,0.973913,1.000000,1.000000,448,460,high,460,2,460,1,460,true,true,0.3519,0.28593363473513606,0.84035,13.533583867308716,,,,,,,results/casp15_casp16_unique_lt1000_all_default_20260529_182536/sequences/T1112.fasta,results/casp15_casp16_unique_lt1000_all_default_20260529_182536/predictions/T1112/omegafold/rank_001.pdb,results/casp15_casp16_unique_lt1000_all_default_20260529_182536/logs/T1112_omegafold.log,skipped existing success,missing score
omegafold,T1114s1,T1114s1,CASP15,7UTD,Q,No,No,chain mapping below threshold identity=1.000 coverage=0.317; multiple equivalent chains match,0.983333,1.000000,0.317460,59,60,low,189,20,78,1,189,true,true,0.5381,0.6615384615384615,0.60494,11.174680097334141,,,,,,,results/casp15_casp16_unique_lt1000_all_default_20260529_182536/sequences/T1114s1.fasta,results/casp15_casp16_unique_lt1000_all_default_20260529_182536/predictions/T1114s1/omegafold/rank_001.pdb,results/casp15_casp16_unique_lt1000_all_default_20260529_182536/logs/T1114s1_omegafold.log,skipped existing success,missing score
omegafold,T1114s2,T1114s2,CASP15,7UTD,B,Check,Check,multiple equivalent chains match,0.872629,1.000000,1.000000,322,369,high,369,2,323,1,369,true,true,0.0784,0.18954617295100473,0.66751,21.524044088263718,,,,,,,results/casp15_casp16_unique_lt1000_all_default_20260529_182536/sequences/T1114s2.fasta,results/casp15_casp16_unique_lt1000_all_default_20260529_182536/predictions/T1114s2/omegafold/rank_001.pdb,results/casp15_casp16_unique_lt1000_all_default_20260529_182536/logs/T1114s2_omegafold.log,skipped existing success,missing score
omegafold,T1114s3,T1114s3,CASP15,7UTD,A,Check,Check,multiple equivalent chains match,0.998051,1.000000,0.958879,512,513,high,535,4,516,1,535,true,true,0.3838,0.27880554398905477,0.8962,9.185286608035199,,,,,,,results/casp15_casp16_unique_lt1000_all_default_20260529_182536/sequences/T1114s3.fasta,results/casp15_casp16_unique_lt1000_all_default_20260529_182536/predictions/T1114s3/omegafold/rank_001.pdb,results/casp15_casp16_unique_lt1000_all_default_20260529_182536/logs/T1114s3_omegafold.log,skipped existing success,missing score
omegafold,T1120,T1120,CASP15,7QVB,B,Check,Check,multiple equivalent chains match,0.970213,1.000000,1.000000,228,235,high,235,4,231,1,235,true,true,0.2182,0.38103488103488103,0.51146,13.783292757809452,,,,,,,results/casp15_casp16_unique_lt1000_all_default_20260529_182536/sequences/T1120.fasta,results/casp15_casp16_unique_lt1000_all_default_20260529_182536/predictions/T1120/omegafold/rank_001.pdb,results/casp15_casp16_unique_lt1000_all_default_20260529_182536/logs/T1120_omegafold.log,skipped existing success,missing score
omegafold,T1122,T1122,CASP15,8BBT,A,Yes,Yes,prefiltered A1 protein target with mapped residue range,0.954357,1.000000,1.000000,230,241,high,241,4,237,1,241,true,true,0.2152,0.3839932126696832,0.41387,16.325669099712584,,,,,,,results/casp15_casp16_unique_lt1000_all_default_20260529_182536/sequences/T1122.fasta,results/casp15_casp16_unique_lt1000_all_default_20260529_182536/predictions/T1122/omegafold/rank_001.pdb,results/casp15_casp16_unique_lt1000_all_default_20260529_182536/logs/T1122_omegafold.log,skipped existing success,missing score
omegafold,T1125,T1125,CASP15,8H2N,A,No,No,chain mapping below threshold identity=1.000 coverage=0.677; multiple equivalent chains match,0.856273,1.000000,0.676667,703,821,low,1200,327,1117,1,1200,pending,,,,,,,,,,,,results/casp15_casp16_unique_lt1000_all_default_20260529_182536/sequences/T1125.fasta,results/casp15_casp16_unique_lt1000_all_default_20260529_182536/predictions/T1125/omegafold/rank_001.pdb,results/casp15_casp16_unique_lt1000_all_default_20260529_182536/logs/T1125_omegafold.log,,
omegafold,T1129s2,T1129s2,CASP15,8A8C,B,Yes,Yes,prefiltered A1 protein target with mapped residue range,0.825000,1.000000,1.000000,528,640,high,640,41,640,1,640,pending,,,,,,,,,,,,results/casp15_casp16_unique_lt1000_all_default_20260529_182536/sequences/T1129s2.fasta,results/casp15_casp16_unique_lt1000_all_default_20260529_182536/predictions/T1129s2/omegafold/rank_001.pdb,results/casp15_casp16_unique_lt1000_all_default_20260529_182536/logs/T1129s2_omegafold.log,,
omegafold,T1133,T1133,CASP15,8DYS,A,Check,Check,reference coverage below threshold 0.699,0.699145,1.000000,1.000000,409,585,high,585,4,427,1,585,pending,,,,,,,,,,,,results/casp15_casp16_unique_lt1000_all_default_20260529_182536/sequences/T1133.fasta,results/casp15_casp16_unique_lt1000_all_default_20260529_182536/predictions/T1133/omegafold/rank_001.pdb,results/casp15_casp16_unique_lt1000_all_default_20260529_182536/logs/T1133_omegafold.log,,
omegafold,T1134s1,T1134s1,CASP15,7UBZ,A,Check,Check,multiple equivalent chains match,1.000000,1.000000,1.000000,230,230,high,230,1,230,1,230,pending,,,,,,,,,,,,results/casp15_casp16_unique_lt1000_all_default_20260529_182536/sequences/T1134s1.fasta,results/casp15_casp16_unique_lt1000_all_default_20260529_182536/predictions/T1134s1/omegafold/rank_001.pdb,results/casp15_casp16_unique_lt1000_all_default_20260529_182536/logs/T1134s1_omegafold.log,,
omegafold,T1134s2,T1134s2,CASP15,7UBZ,D,Check,Check,reference coverage below threshold 0.645; multiple equivalent chains match,0.645367,1.000000,1.000000,202,313,high,313,168,472,1,313,pending,,,,,,,,,,,,results/casp15_casp16_unique_lt1000_all_default_20260529_182536/sequences/T1134s2.fasta,results/casp15_casp16_unique_lt1000_all_default_20260529_182536/predictions/T1134s2/omegafold/rank_001.pdb,results/casp15_casp16_unique_lt1000_all_default_20260529_182536/logs/T1134s2_omegafold.log,,
omegafold,T1137s1,T1137s1,CASP15,8FEF,A,Yes,Yes,prefiltered A1 protein target with mapped residue range,0.958435,1.000000,1.000000,392,409,high,409,18,409,1,409,pending,,,,,,,,,,,,results/casp15_casp16_unique_lt1000_all_default_20260529_182536/sequences/T1137s1.fasta,results/casp15_casp16_unique_lt1000_all_default_20260529_182536/predictions/T1137s1/omegafold/rank_001.pdb,results/casp15_casp16_unique_lt1000_all_default_20260529_182536/logs/T1137s1_omegafold.log,,
omegafold,T1137s2,T1137s2,CASP15,8FEF,B,Yes,Yes,prefiltered A1 protein target with mapped residue range,0.976676,1.000000,1.000000,335,343,high,343,2,343,1,343,pending,,,,,,,,,,,,results/casp15_casp16_unique_lt1000_all_default_20260529_182536/sequences/T1137s2.fasta,results/casp15_casp16_unique_lt1000_all_default_20260529_182536/predictions/T1137s2/omegafold/rank_001.pdb,results/casp15_casp16_unique_lt1000_all_default_20260529_182536/logs/T1137s2_omegafold.log,,
omegafold,T1137s3,T1137s3,CASP15,8FEF,C,Check,Check,reference coverage below threshold 0.592,0.591603,1.000000,1.000000,310,524,high,524,1,310,1,524,pending,,,,,,,,,,,,results/casp15_casp16_unique_lt1000_all_default_20260529_182536/sequences/T1137s3.fasta,results/casp15_casp16_unique_lt1000_all_default_20260529_182536/predictions/T1137s3/omegafold/rank_001.pdb,results/casp15_casp16_unique_lt1000_all_default_20260529_182536/logs/T1137s3_omegafold.log,,
omegafold,T1137s4,T1137s4,CASP15,8FEF,D,Check,Check,reference coverage below threshold 0.704,0.703839,1.000000,1.000000,385,547,high,547,42,468,1,547,pending,,,,,,,,,,,,results/casp15_casp16_unique_lt1000_all_default_20260529_182536/sequences/T1137s4.fasta,results/casp15_casp16_unique_lt1000_all_default_20260529_182536/predictions/T1137s4/omegafold/rank_001.pdb,results/casp15_casp16_unique_lt1000_all_default_20260529_182536/logs/T1137s4_omegafold.log,,
omegafold,T1137s5,T1137s5,CASP15,8FEF,E,Yes,Yes,prefiltered A1 protein target with mapped residue range,0.917949,1.000000,1.000000,358,390,high,390,33,390,1,390,pending,,,,,,,,,,,,results/casp15_casp16_unique_lt1000_all_default_20260529_182536/sequences/T1137s5.fasta,results/casp15_casp16_unique_lt1000_all_default_20260529_182536/predictions/T1137s5/omegafold/rank_001.pdb,results/casp15_casp16_unique_lt1000_all_default_20260529_182536/logs/T1137s5_omegafold.log,,
omegafold,T1137s6,T1137s6,CASP15,8FEF,F,Check,Check,reference coverage below threshold 0.770,0.770270,1.000000,1.000000,399,518,high,518,1,399,1,518,pending,,,,,,,,,,,,results/casp15_casp16_unique_lt1000_all_default_20260529_182536/sequences/T1137s6.fasta,results/casp15_casp16_unique_lt1000_all_default_20260529_182536/predictions/T1137s6/omegafold/rank_001.pdb,results/casp15_casp16_unique_lt1000_all_default_20260529_182536/logs/T1137s6_omegafold.log,,
omegafold,T1137s7,T1137s7,CASP15,8FEF,G,Check,Check,reference coverage below threshold 0.458; multiple equivalent chains match,0.457887,1.000000,1.000000,299,653,high,653,2,325,1,653,pending,,,,,,,,,,,,results/casp15_casp16_unique_lt1000_all_default_20260529_182536/sequences/T1137s7.fasta,results/casp15_casp16_unique_lt1000_all_default_20260529_182536/predictions/T1137s7/omegafold/rank_001.pdb,results/casp15_casp16_unique_lt1000_all_default_20260529_182536/logs/T1137s7_omegafold.log,,
omegafold,T1137s8,T1137s8,CASP15,8FEF,I,Yes,Yes,prefiltered A1 protein target with mapped residue range,0.951128,1.000000,1.000000,253,266,high,266,14,266,1,266,pending,,,,,,,,,,,,results/casp15_casp16_unique_lt1000_all_default_20260529_182536/sequences/T1137s8.fasta,results/casp15_casp16_unique_lt1000_all_default_20260529_182536/predictions/T1137s8/omegafold/rank_001.pdb,results/casp15_casp16_unique_lt1000_all_default_20260529_182536/logs/T1137s8_omegafold.log,,
omegafold,T1137s9,T1137s9,CASP15,8FEF,J,Yes,Yes,prefiltered A1 protein target with mapped residue range,0.910035,1.000000,1.000000,263,289,high,289,27,289,1,289,pending,,,,,,,,,,,,results/casp15_casp16_unique_lt1000_all_default_20260529_182536/sequences/T1137s9.fasta,results/casp15_casp16_unique_lt1000_all_default_20260529_182536/predictions/T1137s9/omegafold/rank_001.pdb,results/casp15_casp16_unique_lt1000_all_default_20260529_182536/logs/T1137s9_omegafold.log,,
omegafold,T1145,T1145,CASP15,7UWW,A,Check,Check,multiple equivalent chains match,0.995276,1.000000,1.000000,632,635,high,635,34,665,1,635,pending,,,,,,,,,,,,results/casp15_casp16_unique_lt1000_all_default_20260529_182536/sequences/T1145.fasta,results/casp15_casp16_unique_lt1000_all_default_20260529_182536/predictions/T1145/omegafold/rank_001.pdb,results/casp15_casp16_unique_lt1000_all_default_20260529_182536/logs/T1145_omegafold.log,,
omegafold,T1147,T1147,CASP15,8EM5,A,Check,Check,multiple equivalent chains match,0.893204,1.000000,1.000000,92,103,high,103,12,103,1,103,pending,,,,,,,,,,,,results/casp15_casp16_unique_lt1000_all_default_20260529_182536/sequences/T1147.fasta,results/casp15_casp16_unique_lt1000_all_default_20260529_182536/predictions/T1147/omegafold/rank_001.pdb,results/casp15_casp16_unique_lt1000_all_default_20260529_182536/logs/T1147_omegafold.log,,
omegafold,T1151s2,T1151s2,CASP15,8D5V,A,Check,Check,reference coverage below threshold 0.724; multiple equivalent chains match,0.724138,1.000000,1.000000,84,116,high,116,8,91,1,116,pending,,,,,,,,,,,,results/casp15_casp16_unique_lt1000_all_default_20260529_182536/sequences/T1151s2.fasta,results/casp15_casp16_unique_lt1000_all_default_20260529_182536/predictions/T1151s2/omegafold/rank_001.pdb,results/casp15_casp16_unique_lt1000_all_default_20260529_182536/logs/T1151s2_omegafold.log,,
omegafold,T1154,T1154,CASP15,7ZCX,AAA,Check,Check,reference coverage below threshold 0.730; multiple equivalent chains match,0.730337,1.000000,1.000000,1040,1424,high,1424,30,1069,1,1424,pending,,,,,,,,,,,,results/casp15_casp16_unique_lt1000_all_default_20260529_182536/sequences/T1154.fasta,results/casp15_casp16_unique_lt1000_all_default_20260529_182536/predictions/T1154/omegafold/rank_001.pdb,results/casp15_casp16_unique_lt1000_all_default_20260529_182536/logs/T1154_omegafold.log,,
omegafold,T1155,T1155,CASP15,8PBV,A,Yes,Yes,prefiltered A1 protein target with mapped residue range,1.000000,1.000000,1.000000,116,116,high,116,1,116,1,116,pending,,,,,,,,,,,,results/casp15_casp16_unique_lt1000_all_default_20260529_182536/sequences/T1155.fasta,results/casp15_casp16_unique_lt1000_all_default_20260529_182536/predictions/T1155/omegafold/rank_001.pdb,results/casp15_casp16_unique_lt1000_all_default_20260529_182536/logs/T1155_omegafold.log,,
omegafold,T1157s1,T1157s1,CASP15,8PKO,A,Yes,Yes,prefiltered A1 protein target with mapped residue range,0.936832,1.000000,1.000000,964,1029,high,1029,64,1083,1,1029,pending,,,,,,,,,,,,results/casp15_casp16_unique_lt1000_all_default_20260529_182536/sequences/T1157s1.fasta,results/casp15_casp16_unique_lt1000_all_default_20260529_182536/predictions/T1157s1/omegafold/rank_001.pdb,results/casp15_casp16_unique_lt1000_all_default_20260529_182536/logs/T1157s1_omegafold.log,,
omegafold,T1157s2,T1157s2,CASP15,8PKO,B,Yes,Yes,prefiltered A1 protein target with mapped residue range,0.937374,1.000000,1.000000,464,495,high,495,21,484,1,495,pending,,,,,,,,,,,,results/casp15_casp16_unique_lt1000_all_default_20260529_182536/sequences/T1157s2.fasta,results/casp15_casp16_unique_lt1000_all_default_20260529_182536/predictions/T1157s2/omegafold/rank_001.pdb,results/casp15_casp16_unique_lt1000_all_default_20260529_182536/logs/T1157s2_omegafold.log,,
omegafold,T1158,T1158,CASP15,8SXA,A,Yes,Yes,prefiltered A1 protein target with mapped residue range,0.870189,1.000000,0.988806,1153,1325,high,1340,48,1298,1,1340,pending,,,,,,,,,,,,results/casp15_casp16_unique_lt1000_all_default_20260529_182536/sequences/T1158.fasta,results/casp15_casp16_unique_lt1000_all_default_20260529_182536/predictions/T1158/omegafold/rank_001.pdb,results/casp15_casp16_unique_lt1000_all_default_20260529_182536/logs/T1158_omegafold.log,,
omegafold,T1159,T1159,CASP15,7PZT,A,Check,Check,multiple equivalent chains match,1.000000,1.000000,1.000000,160,160,high,160,1,160,1,160,pending,,,,,,,,,,,,results/casp15_casp16_unique_lt1000_all_default_20260529_182536/sequences/T1159.fasta,results/casp15_casp16_unique_lt1000_all_default_20260529_182536/predictions/T1159/omegafold/rank_001.pdb,results/casp15_casp16_unique_lt1000_all_default_20260529_182536/logs/T1159_omegafold.log,,
omegafold,T1169,T1169,CASP15,8FJP,A,Yes,Yes,prefiltered A1 protein target with mapped residue range,0.871581,1.000000,1.000000,2932,3364,high,3364,1,3042,1,3364,pending,,,,,,,,,,,,results/casp15_casp16_unique_lt1000_all_default_20260529_182536/sequences/T1169.fasta,results/casp15_casp16_unique_lt1000_all_default_20260529_182536/predictions/T1169/omegafold/rank_001.pdb,results/casp15_casp16_unique_lt1000_all_default_20260529_182536/logs/T1169_omegafold.log,,
omegafold,T1183,T1183,CASP15,8IFX,B,Yes,Yes,prefiltered A1 protein target with mapped residue range,0.975000,1.000000,1.000000,195,200,high,200,1,195,1,200,pending,,,,,,,,,,,,results/casp15_casp16_unique_lt1000_all_default_20260529_182536/sequences/T1183.fasta,results/casp15_casp16_unique_lt1000_all_default_20260529_182536/predictions/T1183/omegafold/rank_001.pdb,results/casp15_casp16_unique_lt1000_all_default_20260529_182536/logs/T1183_omegafold.log,,
omegafold,T1185s1,T1185s1,CASP15,8OUY,A,Check,Check,reference coverage below threshold 0.200,0.200000,1.000000,1.000000,70,350,high,350,4,73,1,350,pending,,,,,,,,,,,,results/casp15_casp16_unique_lt1000_all_default_20260529_182536/sequences/T1185s1.fasta,results/casp15_casp16_unique_lt1000_all_default_20260529_182536/predictions/T1185s1/omegafold/rank_001.pdb,results/casp15_casp16_unique_lt1000_all_default_20260529_182536/logs/T1185s1_omegafold.log,,
omegafold,T1185s2,T1185s2,CASP15,8OUY,B,Yes,Yes,prefiltered A1 protein target with mapped residue range,0.832447,1.000000,1.000000,313,376,high,376,10,349,1,376,pending,,,,,,,,,,,,results/casp15_casp16_unique_lt1000_all_default_20260529_182536/sequences/T1185s2.fasta,results/casp15_casp16_unique_lt1000_all_default_20260529_182536/predictions/T1185s2/omegafold/rank_001.pdb,results/casp15_casp16_unique_lt1000_all_default_20260529_182536/logs/T1185s2_omegafold.log,,
omegafold,T1185s4,T1185s4,CASP15,8OUY,D,Yes,Yes,prefiltered A1 protein target with mapped residue range,0.838710,1.000000,0.996429,234,279,high,280,20,280,1,280,pending,,,,,,,,,,,,results/casp15_casp16_unique_lt1000_all_default_20260529_182536/sequences/T1185s4.fasta,results/casp15_casp16_unique_lt1000_all_default_20260529_182536/predictions/T1185s4/omegafold/rank_001.pdb,results/casp15_casp16_unique_lt1000_all_default_20260529_182536/logs/T1185s4_omegafold.log,,
omegafold,T1194,T1194,CASP15,8OKH,A,Check,Check,multiple equivalent chains match,0.982036,1.000000,0.994048,164,167,high,168,22,185,1,168,pending,,,,,,,,,,,,results/casp15_casp16_unique_lt1000_all_default_20260529_182536/sequences/T1194.fasta,results/casp15_casp16_unique_lt1000_all_default_20260529_182536/predictions/T1194/omegafold/rank_001.pdb,results/casp15_casp16_unique_lt1000_all_default_20260529_182536/logs/T1194_omegafold.log,,
omegafold,T0272s2,T0272s2,CASP16,9C3C,a,Check,Check,multiple equivalent chains match,0.972393,1.000000,0.898072,317,326,medium,363,25,350,1,363,pending,,,,,,,,,,,,results/casp15_casp16_unique_lt1000_all_default_20260529_182536/sequences/T0272s2.fasta,results/casp15_casp16_unique_lt1000_all_default_20260529_182536/predictions/T0272s2/omegafold/rank_001.pdb,results/casp15_casp16_unique_lt1000_all_default_20260529_182536/logs/T0272s2_omegafold.log,,
omegafold,T0272s3,T0272s3,CASP16,9C3C,b,Check,Check,multiple equivalent chains match,0.823899,1.000000,1.000000,262,318,high,318,57,318,1,318,pending,,,,,,,,,,,,results/casp15_casp16_unique_lt1000_all_default_20260529_182536/sequences/T0272s3.fasta,results/casp15_casp16_unique_lt1000_all_default_20260529_182536/predictions/T0272s3/omegafold/rank_001.pdb,results/casp15_casp16_unique_lt1000_all_default_20260529_182536/logs/T0272s3_omegafold.log,,
omegafold,T0272s4,T0272s4,CASP16,9C3C,d,Check,Check,multiple equivalent chains match,0.930796,1.000000,1.000000,269,289,high,289,21,289,1,289,pending,,,,,,,,,,,,results/casp15_casp16_unique_lt1000_all_default_20260529_182536/sequences/T0272s4.fasta,results/casp15_casp16_unique_lt1000_all_default_20260529_182536/predictions/T0272s4/omegafold/rank_001.pdb,results/casp15_casp16_unique_lt1000_all_default_20260529_182536/logs/T0272s4_omegafold.log,,
omegafold,T0272s5,T0272s5,CASP16,9C3C,g,Check,Check,multiple equivalent chains match,0.907216,1.000000,1.000000,264,291,high,291,28,291,1,291,pending,,,,,,,,,,,,results/casp15_casp16_unique_lt1000_all_default_20260529_182536/sequences/T0272s5.fasta,results/casp15_casp16_unique_lt1000_all_default_20260529_182536/predictions/T0272s5/omegafold/rank_001.pdb,results/casp15_casp16_unique_lt1000_all_default_20260529_182536/logs/T0272s5_omegafold.log,,
omegafold,T0272s6,T0272s6,CASP16,9C3C,A,Check,Check,reference coverage below threshold 0.641,0.641026,1.000000,1.000000,400,624,high,624,63,653,1,624,pending,,,,,,,,,,,,results/casp15_casp16_unique_lt1000_all_default_20260529_182536/sequences/T0272s6.fasta,results/casp15_casp16_unique_lt1000_all_default_20260529_182536/predictions/T0272s6/omegafold/rank_001.pdb,results/casp15_casp16_unique_lt1000_all_default_20260529_182536/logs/T0272s6_omegafold.log,,
omegafold,T0272s7,T0272s7,CASP16,9C3C,B,No,No,chain mapping below threshold identity=1.000 coverage=0.599,1.000000,1.000000,0.599174,145,145,low,242,654,798,1,242,pending,,,,,,,,,,,,results/casp15_casp16_unique_lt1000_all_default_20260529_182536/sequences/T0272s7.fasta,results/casp15_casp16_unique_lt1000_all_default_20260529_182536/predictions/T0272s7/omegafold/rank_001.pdb,results/casp15_casp16_unique_lt1000_all_default_20260529_182536/logs/T0272s7_omegafold.log,,
omegafold,T0272s8,T0272s8,CASP16,9C3C,V,Check,Check,reference coverage below threshold 0.356; multiple equivalent chains match,0.355746,1.000000,1.000000,291,818,high,818,1,291,1,818,pending,,,,,,,,,,,,results/casp15_casp16_unique_lt1000_all_default_20260529_182536/sequences/T0272s8.fasta,results/casp15_casp16_unique_lt1000_all_default_20260529_182536/predictions/T0272s8/omegafold/rank_001.pdb,results/casp15_casp16_unique_lt1000_all_default_20260529_182536/logs/T0272s8_omegafold.log,,
omegafold,T0272s9,T0272s9,CASP16,9C3C,n,Check,Check,reference coverage below threshold 0.735; multiple equivalent chains match,0.735294,1.000000,1.000000,175,238,high,238,42,216,1,238,pending,,,,,,,,,,,,results/casp15_casp16_unique_lt1000_all_default_20260529_182536/sequences/T0272s9.fasta,results/casp15_casp16_unique_lt1000_all_default_20260529_182536/predictions/T0272s9/omegafold/rank_001.pdb,results/casp15_casp16_unique_lt1000_all_default_20260529_182536/logs/T0272s9_omegafold.log,,
omegafold,T1210,T1210,CASP16,9ENR,A,Yes,Yes,prefiltered A1 protein target with mapped residue range,0.876271,1.000000,1.000000,1551,1770,high,1770,19,1651,1,1770,pending,,,,,,,,,,,,results/casp15_casp16_unique_lt1000_all_default_20260529_182536/sequences/T1210.fasta,results/casp15_casp16_unique_lt1000_all_default_20260529_182536/predictions/T1210/omegafold/rank_001.pdb,results/casp15_casp16_unique_lt1000_all_default_20260529_182536/logs/T1210_omegafold.log,,
omegafold,T1212,T1212,CASP16,9B0L,P,Check,Check,multiple equivalent chains match,1.000000,1.000000,1.000000,466,466,high,466,53,518,1,466,pending,,,,,,,,,,,,results/casp15_casp16_unique_lt1000_all_default_20260529_182536/sequences/T1212.fasta,results/casp15_casp16_unique_lt1000_all_default_20260529_182536/predictions/T1212/omegafold/rank_001.pdb,results/casp15_casp16_unique_lt1000_all_default_20260529_182536/logs/T1212_omegafold.log,,
omegafold,T1220s1,T1220s1,CASP16,9H1G,A,Yes,Yes,prefiltered A1 protein target with mapped residue range,0.956166,1.000000,1.000000,1636,1711,high,1711,20,1711,1,1711,pending,,,,,,,,,,,,results/casp15_casp16_unique_lt1000_all_default_20260529_182536/sequences/T1220s1.fasta,results/casp15_casp16_unique_lt1000_all_default_20260529_182536/predictions/T1220s1/omegafold/rank_001.pdb,results/casp15_casp16_unique_lt1000_all_default_20260529_182536/logs/T1220s1_omegafold.log,,
omegafold,T1227s1,T1227s1,CASP16,9N8W,A,Yes,Yes,prefiltered A1 protein target with mapped residue range,0.918033,1.000000,1.000000,392,427,high,427,27,418,1,427,pending,,,,,,,,,,,,results/casp15_casp16_unique_lt1000_all_default_20260529_182536/sequences/T1227s1.fasta,results/casp15_casp16_unique_lt1000_all_default_20260529_182536/predictions/T1227s1/omegafold/rank_001.pdb,results/casp15_casp16_unique_lt1000_all_default_20260529_182536/logs/T1227s1_omegafold.log,,
omegafold,T1266,T1266,CASP16,8QFB,A,Check,Check,multiple equivalent chains match,0.886905,1.000000,1.000000,298,336,high,336,563,860,1,336,pending,,,,,,,,,,,,results/casp15_casp16_unique_lt1000_all_default_20260529_182536/sequences/T1266.fasta,results/casp15_casp16_unique_lt1000_all_default_20260529_182536/predictions/T1266/omegafold/rank_001.pdb,results/casp15_casp16_unique_lt1000_all_default_20260529_182536/logs/T1266_omegafold.log,,
omegafold,T1269,T1269,CASP16,9GVQ,A,Check,Check,multiple equivalent chains match,0.812766,1.000000,1.000000,1146,1410,high,1410,74,1228,1,1410,pending,,,,,,,,,,,,results/casp15_casp16_unique_lt1000_all_default_20260529_182536/sequences/T1269.fasta,results/casp15_casp16_unique_lt1000_all_default_20260529_182536/predictions/T1269/omegafold/rank_001.pdb,results/casp15_casp16_unique_lt1000_all_default_20260529_182536/logs/T1269_omegafold.log,,
omegafold,T1272s2,T1272s2,CASP16,9C3C,a,Check,Check,multiple equivalent chains match,0.972393,1.000000,0.898072,317,326,medium,363,25,350,1,363,pending,,,,,,,,,,,,results/casp15_casp16_unique_lt1000_all_default_20260529_182536/sequences/T1272s2.fasta,results/casp15_casp16_unique_lt1000_all_default_20260529_182536/predictions/T1272s2/omegafold/rank_001.pdb,results/casp15_casp16_unique_lt1000_all_default_20260529_182536/logs/T1272s2_omegafold.log,,
omegafold,T1272s3,T1272s3,CASP16,9C3C,b,Check,Check,multiple equivalent chains match,0.823899,1.000000,1.000000,262,318,high,318,57,318,1,318,pending,,,,,,,,,,,,results/casp15_casp16_unique_lt1000_all_default_20260529_182536/sequences/T1272s3.fasta,results/casp15_casp16_unique_lt1000_all_default_20260529_182536/predictions/T1272s3/omegafold/rank_001.pdb,results/casp15_casp16_unique_lt1000_all_default_20260529_182536/logs/T1272s3_omegafold.log,,
omegafold,T1272s4,T1272s4,CASP16,9C3C,d,Check,Check,multiple equivalent chains match,0.930796,1.000000,1.000000,269,289,high,289,21,289,1,289,pending,,,,,,,,,,,,results/casp15_casp16_unique_lt1000_all_default_20260529_182536/sequences/T1272s4.fasta,results/casp15_casp16_unique_lt1000_all_default_20260529_182536/predictions/T1272s4/omegafold/rank_001.pdb,results/casp15_casp16_unique_lt1000_all_default_20260529_182536/logs/T1272s4_omegafold.log,,
omegafold,T1272s5,T1272s5,CASP16,9C3C,g,Check,Check,multiple equivalent chains match,0.907216,1.000000,1.000000,264,291,high,291,28,291,1,291,pending,,,,,,,,,,,,results/casp15_casp16_unique_lt1000_all_default_20260529_182536/sequences/T1272s5.fasta,results/casp15_casp16_unique_lt1000_all_default_20260529_182536/predictions/T1272s5/omegafold/rank_001.pdb,results/casp15_casp16_unique_lt1000_all_default_20260529_182536/logs/T1272s5_omegafold.log,,
omegafold,T1272s6,T1272s6,CASP16,9C3C,A,Check,Check,reference coverage below threshold 0.641,0.641026,1.000000,1.000000,400,624,high,624,63,653,1,624,pending,,,,,,,,,,,,results/casp15_casp16_unique_lt1000_all_default_20260529_182536/sequences/T1272s6.fasta,results/casp15_casp16_unique_lt1000_all_default_20260529_182536/predictions/T1272s6/omegafold/rank_001.pdb,results/casp15_casp16_unique_lt1000_all_default_20260529_182536/logs/T1272s6_omegafold.log,,
omegafold,T1272s7,T1272s7,CASP16,9C3C,B,No,No,chain mapping below threshold identity=1.000 coverage=0.599,1.000000,1.000000,0.599174,145,145,low,242,654,798,1,242,pending,,,,,,,,,,,,results/casp15_casp16_unique_lt1000_all_default_20260529_182536/sequences/T1272s7.fasta,results/casp15_casp16_unique_lt1000_all_default_20260529_182536/predictions/T1272s7/omegafold/rank_001.pdb,results/casp15_casp16_unique_lt1000_all_default_20260529_182536/logs/T1272s7_omegafold.log,,
omegafold,T1272s8,T1272s8,CASP16,9C3C,V,Check,Check,reference coverage below threshold 0.356; multiple equivalent chains match,0.355746,1.000000,1.000000,291,818,high,818,1,291,1,818,pending,,,,,,,,,,,,results/casp15_casp16_unique_lt1000_all_default_20260529_182536/sequences/T1272s8.fasta,results/casp15_casp16_unique_lt1000_all_default_20260529_182536/predictions/T1272s8/omegafold/rank_001.pdb,results/casp15_casp16_unique_lt1000_all_default_20260529_182536/logs/T1272s8_omegafold.log,,
omegafold,T1272s9,T1272s9,CASP16,9C3C,n,Check,Check,reference coverage below threshold 0.735; multiple equivalent chains match,0.735294,1.000000,1.000000,175,238,high,238,42,216,1,238,pending,,,,,,,,,,,,results/casp15_casp16_unique_lt1000_all_default_20260529_182536/sequences/T1272s9.fasta,results/casp15_casp16_unique_lt1000_all_default_20260529_182536/predictions/T1272s9/omegafold/rank_001.pdb,results/casp15_casp16_unique_lt1000_all_default_20260529_182536/logs/T1272s9_omegafold.log,,
omegafold,T1280,T1280,CASP16,9F5M,AAA,Check,Check,multiple equivalent chains match,0.995745,1.000000,0.991561,234,235,high,237,615,848,1,237,pending,,,,,,,,,,,,results/casp15_casp16_unique_lt1000_all_default_20260529_182536/sequences/T1280.fasta,results/casp15_casp16_unique_lt1000_all_default_20260529_182536/predictions/T1280/omegafold/rank_001.pdb,results/casp15_casp16_unique_lt1000_all_default_20260529_182536/logs/T1280_omegafold.log,,
omegafold,T1299,T1299,CASP16,9FJL,A,Yes,Yes,prefiltered A1 protein target with mapped residue range,1.000000,1.000000,1.000000,168,168,high,168,1,168,1,168,pending,,,,,,,,,,,,results/casp15_casp16_unique_lt1000_all_default_20260529_182536/sequences/T1299.fasta,results/casp15_casp16_unique_lt1000_all_default_20260529_182536/predictions/T1299/omegafold/rank_001.pdb,results/casp15_casp16_unique_lt1000_all_default_20260529_182536/logs/T1299_omegafold.log,,
omegafold,T2272s2,T2272s2,CASP16,9C3C,a,Check,Check,multiple equivalent chains match,0.972393,1.000000,0.898072,317,326,medium,363,25,350,1,363,pending,,,,,,,,,,,,results/casp15_casp16_unique_lt1000_all_default_20260529_182536/sequences/T2272s2.fasta,results/casp15_casp16_unique_lt1000_all_default_20260529_182536/predictions/T2272s2/omegafold/rank_001.pdb,results/casp15_casp16_unique_lt1000_all_default_20260529_182536/logs/T2272s2_omegafold.log,,
omegafold,T2272s3,T2272s3,CASP16,9C3C,b,Check,Check,multiple equivalent chains match,0.823899,1.000000,1.000000,262,318,high,318,57,318,1,318,pending,,,,,,,,,,,,results/casp15_casp16_unique_lt1000_all_default_20260529_182536/sequences/T2272s3.fasta,results/casp15_casp16_unique_lt1000_all_default_20260529_182536/predictions/T2272s3/omegafold/rank_001.pdb,results/casp15_casp16_unique_lt1000_all_default_20260529_182536/logs/T2272s3_omegafold.log,,
omegafold,T2272s4,T2272s4,CASP16,9C3C,d,Check,Check,multiple equivalent chains match,0.930796,1.000000,1.000000,269,289,high,289,21,289,1,289,pending,,,,,,,,,,,,results/casp15_casp16_unique_lt1000_all_default_20260529_182536/sequences/T2272s4.fasta,results/casp15_casp16_unique_lt1000_all_default_20260529_182536/predictions/T2272s4/omegafold/rank_001.pdb,results/casp15_casp16_unique_lt1000_all_default_20260529_182536/logs/T2272s4_omegafold.log,,
omegafold,T2272s5,T2272s5,CASP16,9C3C,g,Check,Check,multiple equivalent chains match,0.907216,1.000000,1.000000,264,291,high,291,28,291,1,291,pending,,,,,,,,,,,,results/casp15_casp16_unique_lt1000_all_default_20260529_182536/sequences/T2272s5.fasta,results/casp15_casp16_unique_lt1000_all_default_20260529_182536/predictions/T2272s5/omegafold/rank_001.pdb,results/casp15_casp16_unique_lt1000_all_default_20260529_182536/logs/T2272s5_omegafold.log,,
omegafold,T2272s6,T2272s6,CASP16,9C3C,A,Check,Check,reference coverage below threshold 0.641,0.641026,1.000000,1.000000,400,624,high,624,63,653,1,624,pending,,,,,,,,,,,,results/casp15_casp16_unique_lt1000_all_default_20260529_182536/sequences/T2272s6.fasta,results/casp15_casp16_unique_lt1000_all_default_20260529_182536/predictions/T2272s6/omegafold/rank_001.pdb,results/casp15_casp16_unique_lt1000_all_default_20260529_182536/logs/T2272s6_omegafold.log,,
omegafold,T2272s7,T2272s7,CASP16,9C3C,B,No,No,chain mapping below threshold identity=1.000 coverage=0.599,1.000000,1.000000,0.599174,145,145,low,242,654,798,1,242,pending,,,,,,,,,,,,results/casp15_casp16_unique_lt1000_all_default_20260529_182536/sequences/T2272s7.fasta,results/casp15_casp16_unique_lt1000_all_default_20260529_182536/predictions/T2272s7/omegafold/rank_001.pdb,results/casp15_casp16_unique_lt1000_all_default_20260529_182536/logs/T2272s7_omegafold.log,,
omegafold,T2272s8,T2272s8,CASP16,9C3C,V,Check,Check,reference coverage below threshold 0.356; multiple equivalent chains match,0.355746,1.000000,1.000000,291,818,high,818,1,291,1,818,pending,,,,,,,,,,,,results/casp15_casp16_unique_lt1000_all_default_20260529_182536/sequences/T2272s8.fasta,results/casp15_casp16_unique_lt1000_all_default_20260529_182536/predictions/T2272s8/omegafold/rank_001.pdb,results/casp15_casp16_unique_lt1000_all_default_20260529_182536/logs/T2272s8_omegafold.log,,
omegafold,T2272s9,T2272s9,CASP16,9C3C,n,Check,Check,reference coverage below threshold 0.735; multiple equivalent chains match,0.735294,1.000000,1.000000,175,238,high,238,42,216,1,238,pending,,,,,,,,,,,,results/casp15_casp16_unique_lt1000_all_default_20260529_182536/sequences/T2272s9.fasta,results/casp15_casp16_unique_lt1000_all_default_20260529_182536/predictions/T2272s9/omegafold/rank_001.pdb,results/casp15_casp16_unique_lt1000_all_default_20260529_182536/logs/T2272s9_omegafold.log,,
omegafold,T2280,T2280,CASP16,9F5M,AAA,Check,Check,multiple equivalent chains match,0.995745,1.000000,0.991561,234,235,high,237,615,848,1,237,pending,,,,,,,,,,,,results/casp15_casp16_unique_lt1000_all_default_20260529_182536/sequences/T2280.fasta,results/casp15_casp16_unique_lt1000_all_default_20260529_182536/predictions/T2280/omegafold/rank_001.pdb,results/casp15_casp16_unique_lt1000_all_default_20260529_182536/logs/T2280_omegafold.log,,
openfold,T1104,T1104,CASP15,7ROA,A,Yes,Yes,prefiltered A1 protein target with mapped residue range,0.871212,1.000000,1.000000,115,132,high,117,58,189,1,117,true,true,0.187,0.4251042851725445,0.60404,6.046249269509129,,,,,,,results/casp15_casp16_unique_lt1000_all_default_20260529_182536/sequences/T1104.fasta,results/casp15_casp16_unique_lt1000_all_default_20260529_182536/predictions/T1104/openfold/rank_001.pdb,results/casp15_casp16_unique_lt1000_all_default_20260529_182536/logs/T1104_openfold.log,skipped existing success,missing score
openfold,T1106s1,T1106s1,CASP15,7QIH,B,No,No,chain mapping below threshold identity=1.000 coverage=0.615; multiple equivalent chains match,0.946667,1.000000,0.614754,71,75,low,122,50,120,1,122,true,true,0.5556,0.4305364511691884,0.55388,11.071437473402566,,,,,,,results/casp15_casp16_unique_lt1000_all_default_20260529_182536/sequences/T1106s1.fasta,results/casp15_casp16_unique_lt1000_all_default_20260529_182536/predictions/T1106s1/openfold/rank_001.pdb,results/casp15_casp16_unique_lt1000_all_default_20260529_182536/logs/T1106s1_openfold.log,skipped existing success,missing score
openfold,T1106s2,T1106s2,CASP15,7QIH,A,Check,Check,multiple equivalent chains match,0.909836,1.000000,1.000000,111,122,high,114,2,112,1,114,true,true,0.4144,0.4980237154150198,0.41926,13.337489153738167,,,,,,,results/casp15_casp16_unique_lt1000_all_default_20260529_182536/sequences/T1106s2.fasta,results/casp15_casp16_unique_lt1000_all_default_20260529_182536/predictions/T1106s2/openfold/rank_001.pdb,results/casp15_casp16_unique_lt1000_all_default_20260529_182536/logs/T1106s2_openfold.log,skipped existing success,missing score
openfold,T1112,T1112,CASP15,8ORK,AAA,Check,Check,multiple equivalent chains match,0.973913,1.000000,1.000000,448,460,high,460,2,460,1,460,true,true,0.085,0.1965580482811567,0.23912,25.08949003566325,,,,,,,results/casp15_casp16_unique_lt1000_all_default_20260529_182536/sequences/T1112.fasta,results/casp15_casp16_unique_lt1000_all_default_20260529_182536/predictions/T1112/openfold/rank_001.pdb,results/casp15_casp16_unique_lt1000_all_default_20260529_182536/logs/T1112_openfold.log,skipped existing success,missing score
openfold,T1114s1,T1114s1,CASP15,7UTD,Q,No,No,chain mapping below threshold identity=1.000 coverage=0.317; multiple equivalent chains match,0.983333,1.000000,0.317460,59,60,low,189,20,78,1,189,true,true,0.6017,0.6625,0.56785,11.33192784982195,,,,,,,results/casp15_casp16_unique_lt1000_all_default_20260529_182536/sequences/T1114s1.fasta,results/casp15_casp16_unique_lt1000_all_default_20260529_182536/predictions/T1114s1/openfold/rank_001.pdb,results/casp15_casp16_unique_lt1000_all_default_20260529_182536/logs/T1114s1_openfold.log,skipped existing success,missing score
openfold,T1114s2,T1114s2,CASP15,7UTD,B,Check,Check,multiple equivalent chains match,0.872629,1.000000,1.000000,322,369,high,369,2,323,1,369,true,true,0.0598,0.14752201399864528,0.25801,23.694554109458227,,,,,,,results/casp15_casp16_unique_lt1000_all_default_20260529_182536/sequences/T1114s2.fasta,results/casp15_casp16_unique_lt1000_all_default_20260529_182536/predictions/T1114s2/openfold/rank_001.pdb,results/casp15_casp16_unique_lt1000_all_default_20260529_182536/logs/T1114s2_openfold.log,skipped existing success,missing score
openfold,T1114s3,T1114s3,CASP15,7UTD,A,Check,Check,multiple equivalent chains match,0.998051,1.000000,0.958879,512,513,high,535,4,516,1,535,true,true,0.062,0.15262328237463565,0.23206,29.645205298034785,,,,,,,results/casp15_casp16_unique_lt1000_all_default_20260529_182536/sequences/T1114s3.fasta,results/casp15_casp16_unique_lt1000_all_default_20260529_182536/predictions/T1114s3/openfold/rank_001.pdb,results/casp15_casp16_unique_lt1000_all_default_20260529_182536/logs/T1114s3_openfold.log,skipped existing success,missing score
openfold,T1120,T1120,CASP15,7QVB,B,Check,Check,multiple equivalent chains match,0.970213,1.000000,1.000000,228,235,high,235,4,231,1,235,true,true,0.1338,0.2869022869022869,0.35577,26.544915982011815,,,,,,,results/casp15_casp16_unique_lt1000_all_default_20260529_182536/sequences/T1120.fasta,results/casp15_casp16_unique_lt1000_all_default_20260529_182536/predictions/T1120/openfold/rank_001.pdb,results/casp15_casp16_unique_lt1000_all_default_20260529_182536/logs/T1120_openfold.log,skipped existing success,missing score
openfold,T1122,T1122,CASP15,8BBT,A,Yes,Yes,prefiltered A1 protein target with mapped residue range,0.954357,1.000000,1.000000,230,241,high,241,4,237,1,241,true,true,0.2207,0.3376696832579186,0.37173,23.53705002181899,,,,,,,results/casp15_casp16_unique_lt1000_all_default_20260529_182536/sequences/T1122.fasta,results/casp15_casp16_unique_lt1000_all_default_20260529_182536/predictions/T1122/openfold/rank_001.pdb,results/casp15_casp16_unique_lt1000_all_default_20260529_182536/logs/T1122_openfold.log,skipped existing success,missing score
openfold,T1125,T1125,CASP15,8H2N,A,No,No,chain mapping below threshold identity=1.000 coverage=0.677; multiple equivalent chains match,0.856273,1.000000,0.676667,703,821,low,1200,327,1117,1,1200,pending,,,,,,,,,,,,results/casp15_casp16_unique_lt1000_all_default_20260529_182536/sequences/T1125.fasta,results/casp15_casp16_unique_lt1000_all_default_20260529_182536/predictions/T1125/openfold/rank_001.pdb,results/casp15_casp16_unique_lt1000_all_default_20260529_182536/logs/T1125_openfold.log,,
openfold,T1129s2,T1129s2,CASP15,8A8C,B,Yes,Yes,prefiltered A1 protein target with mapped residue range,0.825000,1.000000,1.000000,528,640,high,640,41,640,1,640,pending,,,,,,,,,,,,results/casp15_casp16_unique_lt1000_all_default_20260529_182536/sequences/T1129s2.fasta,results/casp15_casp16_unique_lt1000_all_default_20260529_182536/predictions/T1129s2/openfold/rank_001.pdb,results/casp15_casp16_unique_lt1000_all_default_20260529_182536/logs/T1129s2_openfold.log,,
openfold,T1133,T1133,CASP15,8DYS,A,Check,Check,reference coverage below threshold 0.699,0.699145,1.000000,1.000000,409,585,high,585,4,427,1,585,pending,,,,,,,,,,,,results/casp15_casp16_unique_lt1000_all_default_20260529_182536/sequences/T1133.fasta,results/casp15_casp16_unique_lt1000_all_default_20260529_182536/predictions/T1133/openfold/rank_001.pdb,results/casp15_casp16_unique_lt1000_all_default_20260529_182536/logs/T1133_openfold.log,,
openfold,T1134s1,T1134s1,CASP15,7UBZ,A,Check,Check,multiple equivalent chains match,1.000000,1.000000,1.000000,230,230,high,230,1,230,1,230,pending,,,,,,,,,,,,results/casp15_casp16_unique_lt1000_all_default_20260529_182536/sequences/T1134s1.fasta,results/casp15_casp16_unique_lt1000_all_default_20260529_182536/predictions/T1134s1/openfold/rank_001.pdb,results/casp15_casp16_unique_lt1000_all_default_20260529_182536/logs/T1134s1_openfold.log,,
openfold,T1134s2,T1134s2,CASP15,7UBZ,D,Check,Check,reference coverage below threshold 0.645; multiple equivalent chains match,0.645367,1.000000,1.000000,202,313,high,313,168,472,1,313,pending,,,,,,,,,,,,results/casp15_casp16_unique_lt1000_all_default_20260529_182536/sequences/T1134s2.fasta,results/casp15_casp16_unique_lt1000_all_default_20260529_182536/predictions/T1134s2/openfold/rank_001.pdb,results/casp15_casp16_unique_lt1000_all_default_20260529_182536/logs/T1134s2_openfold.log,,
openfold,T1137s1,T1137s1,CASP15,8FEF,A,Yes,Yes,prefiltered A1 protein target with mapped residue range,0.958435,1.000000,1.000000,392,409,high,409,18,409,1,409,pending,,,,,,,,,,,,results/casp15_casp16_unique_lt1000_all_default_20260529_182536/sequences/T1137s1.fasta,results/casp15_casp16_unique_lt1000_all_default_20260529_182536/predictions/T1137s1/openfold/rank_001.pdb,results/casp15_casp16_unique_lt1000_all_default_20260529_182536/logs/T1137s1_openfold.log,,
openfold,T1137s2,T1137s2,CASP15,8FEF,B,Yes,Yes,prefiltered A1 protein target with mapped residue range,0.976676,1.000000,1.000000,335,343,high,343,2,343,1,343,pending,,,,,,,,,,,,results/casp15_casp16_unique_lt1000_all_default_20260529_182536/sequences/T1137s2.fasta,results/casp15_casp16_unique_lt1000_all_default_20260529_182536/predictions/T1137s2/openfold/rank_001.pdb,results/casp15_casp16_unique_lt1000_all_default_20260529_182536/logs/T1137s2_openfold.log,,
openfold,T1137s3,T1137s3,CASP15,8FEF,C,Check,Check,reference coverage below threshold 0.592,0.591603,1.000000,1.000000,310,524,high,524,1,310,1,524,pending,,,,,,,,,,,,results/casp15_casp16_unique_lt1000_all_default_20260529_182536/sequences/T1137s3.fasta,results/casp15_casp16_unique_lt1000_all_default_20260529_182536/predictions/T1137s3/openfold/rank_001.pdb,results/casp15_casp16_unique_lt1000_all_default_20260529_182536/logs/T1137s3_openfold.log,,
openfold,T1137s4,T1137s4,CASP15,8FEF,D,Check,Check,reference coverage below threshold 0.704,0.703839,1.000000,1.000000,385,547,high,547,42,468,1,547,pending,,,,,,,,,,,,results/casp15_casp16_unique_lt1000_all_default_20260529_182536/sequences/T1137s4.fasta,results/casp15_casp16_unique_lt1000_all_default_20260529_182536/predictions/T1137s4/openfold/rank_001.pdb,results/casp15_casp16_unique_lt1000_all_default_20260529_182536/logs/T1137s4_openfold.log,,
openfold,T1137s5,T1137s5,CASP15,8FEF,E,Yes,Yes,prefiltered A1 protein target with mapped residue range,0.917949,1.000000,1.000000,358,390,high,390,33,390,1,390,pending,,,,,,,,,,,,results/casp15_casp16_unique_lt1000_all_default_20260529_182536/sequences/T1137s5.fasta,results/casp15_casp16_unique_lt1000_all_default_20260529_182536/predictions/T1137s5/openfold/rank_001.pdb,results/casp15_casp16_unique_lt1000_all_default_20260529_182536/logs/T1137s5_openfold.log,,
openfold,T1137s6,T1137s6,CASP15,8FEF,F,Check,Check,reference coverage below threshold 0.770,0.770270,1.000000,1.000000,399,518,high,518,1,399,1,518,pending,,,,,,,,,,,,results/casp15_casp16_unique_lt1000_all_default_20260529_182536/sequences/T1137s6.fasta,results/casp15_casp16_unique_lt1000_all_default_20260529_182536/predictions/T1137s6/openfold/rank_001.pdb,results/casp15_casp16_unique_lt1000_all_default_20260529_182536/logs/T1137s6_openfold.log,,
openfold,T1137s7,T1137s7,CASP15,8FEF,G,Check,Check,reference coverage below threshold 0.458; multiple equivalent chains match,0.457887,1.000000,1.000000,299,653,high,653,2,325,1,653,pending,,,,,,,,,,,,results/casp15_casp16_unique_lt1000_all_default_20260529_182536/sequences/T1137s7.fasta,results/casp15_casp16_unique_lt1000_all_default_20260529_182536/predictions/T1137s7/openfold/rank_001.pdb,results/casp15_casp16_unique_lt1000_all_default_20260529_182536/logs/T1137s7_openfold.log,,
openfold,T1137s8,T1137s8,CASP15,8FEF,I,Yes,Yes,prefiltered A1 protein target with mapped residue range,0.951128,1.000000,1.000000,253,266,high,266,14,266,1,266,pending,,,,,,,,,,,,results/casp15_casp16_unique_lt1000_all_default_20260529_182536/sequences/T1137s8.fasta,results/casp15_casp16_unique_lt1000_all_default_20260529_182536/predictions/T1137s8/openfold/rank_001.pdb,results/casp15_casp16_unique_lt1000_all_default_20260529_182536/logs/T1137s8_openfold.log,,
openfold,T1137s9,T1137s9,CASP15,8FEF,J,Yes,Yes,prefiltered A1 protein target with mapped residue range,0.910035,1.000000,1.000000,263,289,high,289,27,289,1,289,pending,,,,,,,,,,,,results/casp15_casp16_unique_lt1000_all_default_20260529_182536/sequences/T1137s9.fasta,results/casp15_casp16_unique_lt1000_all_default_20260529_182536/predictions/T1137s9/openfold/rank_001.pdb,results/casp15_casp16_unique_lt1000_all_default_20260529_182536/logs/T1137s9_openfold.log,,
openfold,T1145,T1145,CASP15,7UWW,A,Check,Check,multiple equivalent chains match,0.995276,1.000000,1.000000,632,635,high,635,34,665,1,635,pending,,,,,,,,,,,,results/casp15_casp16_unique_lt1000_all_default_20260529_182536/sequences/T1145.fasta,results/casp15_casp16_unique_lt1000_all_default_20260529_182536/predictions/T1145/openfold/rank_001.pdb,results/casp15_casp16_unique_lt1000_all_default_20260529_182536/logs/T1145_openfold.log,,
openfold,T1147,T1147,CASP15,8EM5,A,Check,Check,multiple equivalent chains match,0.893204,1.000000,1.000000,92,103,high,103,12,103,1,103,pending,,,,,,,,,,,,results/casp15_casp16_unique_lt1000_all_default_20260529_182536/sequences/T1147.fasta,results/casp15_casp16_unique_lt1000_all_default_20260529_182536/predictions/T1147/openfold/rank_001.pdb,results/casp15_casp16_unique_lt1000_all_default_20260529_182536/logs/T1147_openfold.log,,
openfold,T1151s2,T1151s2,CASP15,8D5V,A,Check,Check,reference coverage below threshold 0.724; multiple equivalent chains match,0.724138,1.000000,1.000000,84,116,high,116,8,91,1,116,pending,,,,,,,,,,,,results/casp15_casp16_unique_lt1000_all_default_20260529_182536/sequences/T1151s2.fasta,results/casp15_casp16_unique_lt1000_all_default_20260529_182536/predictions/T1151s2/openfold/rank_001.pdb,results/casp15_casp16_unique_lt1000_all_default_20260529_182536/logs/T1151s2_openfold.log,,
openfold,T1154,T1154,CASP15,7ZCX,AAA,Check,Check,reference coverage below threshold 0.730; multiple equivalent chains match,0.730337,1.000000,1.000000,1040,1424,high,1424,30,1069,1,1424,pending,,,,,,,,,,,,results/casp15_casp16_unique_lt1000_all_default_20260529_182536/sequences/T1154.fasta,results/casp15_casp16_unique_lt1000_all_default_20260529_182536/predictions/T1154/openfold/rank_001.pdb,results/casp15_casp16_unique_lt1000_all_default_20260529_182536/logs/T1154_openfold.log,,
openfold,T1155,T1155,CASP15,8PBV,A,Yes,Yes,prefiltered A1 protein target with mapped residue range,1.000000,1.000000,1.000000,116,116,high,116,1,116,1,116,pending,,,,,,,,,,,,results/casp15_casp16_unique_lt1000_all_default_20260529_182536/sequences/T1155.fasta,results/casp15_casp16_unique_lt1000_all_default_20260529_182536/predictions/T1155/openfold/rank_001.pdb,results/casp15_casp16_unique_lt1000_all_default_20260529_182536/logs/T1155_openfold.log,,
openfold,T1157s1,T1157s1,CASP15,8PKO,A,Yes,Yes,prefiltered A1 protein target with mapped residue range,0.936832,1.000000,1.000000,964,1029,high,1029,64,1083,1,1029,pending,,,,,,,,,,,,results/casp15_casp16_unique_lt1000_all_default_20260529_182536/sequences/T1157s1.fasta,results/casp15_casp16_unique_lt1000_all_default_20260529_182536/predictions/T1157s1/openfold/rank_001.pdb,results/casp15_casp16_unique_lt1000_all_default_20260529_182536/logs/T1157s1_openfold.log,,
openfold,T1157s2,T1157s2,CASP15,8PKO,B,Yes,Yes,prefiltered A1 protein target with mapped residue range,0.937374,1.000000,1.000000,464,495,high,495,21,484,1,495,pending,,,,,,,,,,,,results/casp15_casp16_unique_lt1000_all_default_20260529_182536/sequences/T1157s2.fasta,results/casp15_casp16_unique_lt1000_all_default_20260529_182536/predictions/T1157s2/openfold/rank_001.pdb,results/casp15_casp16_unique_lt1000_all_default_20260529_182536/logs/T1157s2_openfold.log,,
openfold,T1158,T1158,CASP15,8SXA,A,Yes,Yes,prefiltered A1 protein target with mapped residue range,0.870189,1.000000,0.988806,1153,1325,high,1340,48,1298,1,1340,pending,,,,,,,,,,,,results/casp15_casp16_unique_lt1000_all_default_20260529_182536/sequences/T1158.fasta,results/casp15_casp16_unique_lt1000_all_default_20260529_182536/predictions/T1158/openfold/rank_001.pdb,results/casp15_casp16_unique_lt1000_all_default_20260529_182536/logs/T1158_openfold.log,,
openfold,T1159,T1159,CASP15,7PZT,A,Check,Check,multiple equivalent chains match,1.000000,1.000000,1.000000,160,160,high,160,1,160,1,160,pending,,,,,,,,,,,,results/casp15_casp16_unique_lt1000_all_default_20260529_182536/sequences/T1159.fasta,results/casp15_casp16_unique_lt1000_all_default_20260529_182536/predictions/T1159/openfold/rank_001.pdb,results/casp15_casp16_unique_lt1000_all_default_20260529_182536/logs/T1159_openfold.log,,
openfold,T1169,T1169,CASP15,8FJP,A,Yes,Yes,prefiltered A1 protein target with mapped residue range,0.871581,1.000000,1.000000,2932,3364,high,3364,1,3042,1,3364,pending,,,,,,,,,,,,results/casp15_casp16_unique_lt1000_all_default_20260529_182536/sequences/T1169.fasta,results/casp15_casp16_unique_lt1000_all_default_20260529_182536/predictions/T1169/openfold/rank_001.pdb,results/casp15_casp16_unique_lt1000_all_default_20260529_182536/logs/T1169_openfold.log,,
openfold,T1183,T1183,CASP15,8IFX,B,Yes,Yes,prefiltered A1 protein target with mapped residue range,0.975000,1.000000,1.000000,195,200,high,200,1,195,1,200,pending,,,,,,,,,,,,results/casp15_casp16_unique_lt1000_all_default_20260529_182536/sequences/T1183.fasta,results/casp15_casp16_unique_lt1000_all_default_20260529_182536/predictions/T1183/openfold/rank_001.pdb,results/casp15_casp16_unique_lt1000_all_default_20260529_182536/logs/T1183_openfold.log,,
openfold,T1185s1,T1185s1,CASP15,8OUY,A,Check,Check,reference coverage below threshold 0.200,0.200000,1.000000,1.000000,70,350,high,350,4,73,1,350,pending,,,,,,,,,,,,results/casp15_casp16_unique_lt1000_all_default_20260529_182536/sequences/T1185s1.fasta,results/casp15_casp16_unique_lt1000_all_default_20260529_182536/predictions/T1185s1/openfold/rank_001.pdb,results/casp15_casp16_unique_lt1000_all_default_20260529_182536/logs/T1185s1_openfold.log,,
openfold,T1185s2,T1185s2,CASP15,8OUY,B,Yes,Yes,prefiltered A1 protein target with mapped residue range,0.832447,1.000000,1.000000,313,376,high,376,10,349,1,376,pending,,,,,,,,,,,,results/casp15_casp16_unique_lt1000_all_default_20260529_182536/sequences/T1185s2.fasta,results/casp15_casp16_unique_lt1000_all_default_20260529_182536/predictions/T1185s2/openfold/rank_001.pdb,results/casp15_casp16_unique_lt1000_all_default_20260529_182536/logs/T1185s2_openfold.log,,
openfold,T1185s4,T1185s4,CASP15,8OUY,D,Yes,Yes,prefiltered A1 protein target with mapped residue range,0.838710,1.000000,0.996429,234,279,high,280,20,280,1,280,pending,,,,,,,,,,,,results/casp15_casp16_unique_lt1000_all_default_20260529_182536/sequences/T1185s4.fasta,results/casp15_casp16_unique_lt1000_all_default_20260529_182536/predictions/T1185s4/openfold/rank_001.pdb,results/casp15_casp16_unique_lt1000_all_default_20260529_182536/logs/T1185s4_openfold.log,,
openfold,T1194,T1194,CASP15,8OKH,A,Check,Check,multiple equivalent chains match,0.982036,1.000000,0.994048,164,167,high,168,22,185,1,168,pending,,,,,,,,,,,,results/casp15_casp16_unique_lt1000_all_default_20260529_182536/sequences/T1194.fasta,results/casp15_casp16_unique_lt1000_all_default_20260529_182536/predictions/T1194/openfold/rank_001.pdb,results/casp15_casp16_unique_lt1000_all_default_20260529_182536/logs/T1194_openfold.log,,
openfold,T0272s2,T0272s2,CASP16,9C3C,a,Check,Check,multiple equivalent chains match,0.972393,1.000000,0.898072,317,326,medium,363,25,350,1,363,pending,,,,,,,,,,,,results/casp15_casp16_unique_lt1000_all_default_20260529_182536/sequences/T0272s2.fasta,results/casp15_casp16_unique_lt1000_all_default_20260529_182536/predictions/T0272s2/openfold/rank_001.pdb,results/casp15_casp16_unique_lt1000_all_default_20260529_182536/logs/T0272s2_openfold.log,,
openfold,T0272s3,T0272s3,CASP16,9C3C,b,Check,Check,multiple equivalent chains match,0.823899,1.000000,1.000000,262,318,high,318,57,318,1,318,pending,,,,,,,,,,,,results/casp15_casp16_unique_lt1000_all_default_20260529_182536/sequences/T0272s3.fasta,results/casp15_casp16_unique_lt1000_all_default_20260529_182536/predictions/T0272s3/openfold/rank_001.pdb,results/casp15_casp16_unique_lt1000_all_default_20260529_182536/logs/T0272s3_openfold.log,,
openfold,T0272s4,T0272s4,CASP16,9C3C,d,Check,Check,multiple equivalent chains match,0.930796,1.000000,1.000000,269,289,high,289,21,289,1,289,pending,,,,,,,,,,,,results/casp15_casp16_unique_lt1000_all_default_20260529_182536/sequences/T0272s4.fasta,results/casp15_casp16_unique_lt1000_all_default_20260529_182536/predictions/T0272s4/openfold/rank_001.pdb,results/casp15_casp16_unique_lt1000_all_default_20260529_182536/logs/T0272s4_openfold.log,,
openfold,T0272s5,T0272s5,CASP16,9C3C,g,Check,Check,multiple equivalent chains match,0.907216,1.000000,1.000000,264,291,high,291,28,291,1,291,pending,,,,,,,,,,,,results/casp15_casp16_unique_lt1000_all_default_20260529_182536/sequences/T0272s5.fasta,results/casp15_casp16_unique_lt1000_all_default_20260529_182536/predictions/T0272s5/openfold/rank_001.pdb,results/casp15_casp16_unique_lt1000_all_default_20260529_182536/logs/T0272s5_openfold.log,,
openfold,T0272s6,T0272s6,CASP16,9C3C,A,Check,Check,reference coverage below threshold 0.641,0.641026,1.000000,1.000000,400,624,high,624,63,653,1,624,pending,,,,,,,,,,,,results/casp15_casp16_unique_lt1000_all_default_20260529_182536/sequences/T0272s6.fasta,results/casp15_casp16_unique_lt1000_all_default_20260529_182536/predictions/T0272s6/openfold/rank_001.pdb,results/casp15_casp16_unique_lt1000_all_default_20260529_182536/logs/T0272s6_openfold.log,,
openfold,T0272s7,T0272s7,CASP16,9C3C,B,No,No,chain mapping below threshold identity=1.000 coverage=0.599,1.000000,1.000000,0.599174,145,145,low,242,654,798,1,242,pending,,,,,,,,,,,,results/casp15_casp16_unique_lt1000_all_default_20260529_182536/sequences/T0272s7.fasta,results/casp15_casp16_unique_lt1000_all_default_20260529_182536/predictions/T0272s7/openfold/rank_001.pdb,results/casp15_casp16_unique_lt1000_all_default_20260529_182536/logs/T0272s7_openfold.log,,
openfold,T0272s8,T0272s8,CASP16,9C3C,V,Check,Check,reference coverage below threshold 0.356; multiple equivalent chains match,0.355746,1.000000,1.000000,291,818,high,818,1,291,1,818,pending,,,,,,,,,,,,results/casp15_casp16_unique_lt1000_all_default_20260529_182536/sequences/T0272s8.fasta,results/casp15_casp16_unique_lt1000_all_default_20260529_182536/predictions/T0272s8/openfold/rank_001.pdb,results/casp15_casp16_unique_lt1000_all_default_20260529_182536/logs/T0272s8_openfold.log,,
openfold,T0272s9,T0272s9,CASP16,9C3C,n,Check,Check,reference coverage below threshold 0.735; multiple equivalent chains match,0.735294,1.000000,1.000000,175,238,high,238,42,216,1,238,pending,,,,,,,,,,,,results/casp15_casp16_unique_lt1000_all_default_20260529_182536/sequences/T0272s9.fasta,results/casp15_casp16_unique_lt1000_all_default_20260529_182536/predictions/T0272s9/openfold/rank_001.pdb,results/casp15_casp16_unique_lt1000_all_default_20260529_182536/logs/T0272s9_openfold.log,,
openfold,T1210,T1210,CASP16,9ENR,A,Yes,Yes,prefiltered A1 protein target with mapped residue range,0.876271,1.000000,1.000000,1551,1770,high,1770,19,1651,1,1770,pending,,,,,,,,,,,,results/casp15_casp16_unique_lt1000_all_default_20260529_182536/sequences/T1210.fasta,results/casp15_casp16_unique_lt1000_all_default_20260529_182536/predictions/T1210/openfold/rank_001.pdb,results/casp15_casp16_unique_lt1000_all_default_20260529_182536/logs/T1210_openfold.log,,
openfold,T1212,T1212,CASP16,9B0L,P,Check,Check,multiple equivalent chains match,1.000000,1.000000,1.000000,466,466,high,466,53,518,1,466,pending,,,,,,,,,,,,results/casp15_casp16_unique_lt1000_all_default_20260529_182536/sequences/T1212.fasta,results/casp15_casp16_unique_lt1000_all_default_20260529_182536/predictions/T1212/openfold/rank_001.pdb,results/casp15_casp16_unique_lt1000_all_default_20260529_182536/logs/T1212_openfold.log,,
openfold,T1220s1,T1220s1,CASP16,9H1G,A,Yes,Yes,prefiltered A1 protein target with mapped residue range,0.956166,1.000000,1.000000,1636,1711,high,1711,20,1711,1,1711,pending,,,,,,,,,,,,results/casp15_casp16_unique_lt1000_all_default_20260529_182536/sequences/T1220s1.fasta,results/casp15_casp16_unique_lt1000_all_default_20260529_182536/predictions/T1220s1/openfold/rank_001.pdb,results/casp15_casp16_unique_lt1000_all_default_20260529_182536/logs/T1220s1_openfold.log,,
openfold,T1227s1,T1227s1,CASP16,9N8W,A,Yes,Yes,prefiltered A1 protein target with mapped residue range,0.918033,1.000000,1.000000,392,427,high,427,27,418,1,427,pending,,,,,,,,,,,,results/casp15_casp16_unique_lt1000_all_default_20260529_182536/sequences/T1227s1.fasta,results/casp15_casp16_unique_lt1000_all_default_20260529_182536/predictions/T1227s1/openfold/rank_001.pdb,results/casp15_casp16_unique_lt1000_all_default_20260529_182536/logs/T1227s1_openfold.log,,
openfold,T1266,T1266,CASP16,8QFB,A,Check,Check,multiple equivalent chains match,0.886905,1.000000,1.000000,298,336,high,336,563,860,1,336,pending,,,,,,,,,,,,results/casp15_casp16_unique_lt1000_all_default_20260529_182536/sequences/T1266.fasta,results/casp15_casp16_unique_lt1000_all_default_20260529_182536/predictions/T1266/openfold/rank_001.pdb,results/casp15_casp16_unique_lt1000_all_default_20260529_182536/logs/T1266_openfold.log,,
openfold,T1269,T1269,CASP16,9GVQ,A,Check,Check,multiple equivalent chains match,0.812766,1.000000,1.000000,1146,1410,high,1410,74,1228,1,1410,pending,,,,,,,,,,,,results/casp15_casp16_unique_lt1000_all_default_20260529_182536/sequences/T1269.fasta,results/casp15_casp16_unique_lt1000_all_default_20260529_182536/predictions/T1269/openfold/rank_001.pdb,results/casp15_casp16_unique_lt1000_all_default_20260529_182536/logs/T1269_openfold.log,,
openfold,T1272s2,T1272s2,CASP16,9C3C,a,Check,Check,multiple equivalent chains match,0.972393,1.000000,0.898072,317,326,medium,363,25,350,1,363,pending,,,,,,,,,,,,results/casp15_casp16_unique_lt1000_all_default_20260529_182536/sequences/T1272s2.fasta,results/casp15_casp16_unique_lt1000_all_default_20260529_182536/predictions/T1272s2/openfold/rank_001.pdb,results/casp15_casp16_unique_lt1000_all_default_20260529_182536/logs/T1272s2_openfold.log,,
openfold,T1272s3,T1272s3,CASP16,9C3C,b,Check,Check,multiple equivalent chains match,0.823899,1.000000,1.000000,262,318,high,318,57,318,1,318,pending,,,,,,,,,,,,results/casp15_casp16_unique_lt1000_all_default_20260529_182536/sequences/T1272s3.fasta,results/casp15_casp16_unique_lt1000_all_default_20260529_182536/predictions/T1272s3/openfold/rank_001.pdb,results/casp15_casp16_unique_lt1000_all_default_20260529_182536/logs/T1272s3_openfold.log,,
openfold,T1272s4,T1272s4,CASP16,9C3C,d,Check,Check,multiple equivalent chains match,0.930796,1.000000,1.000000,269,289,high,289,21,289,1,289,pending,,,,,,,,,,,,results/casp15_casp16_unique_lt1000_all_default_20260529_182536/sequences/T1272s4.fasta,results/casp15_casp16_unique_lt1000_all_default_20260529_182536/predictions/T1272s4/openfold/rank_001.pdb,results/casp15_casp16_unique_lt1000_all_default_20260529_182536/logs/T1272s4_openfold.log,,
openfold,T1272s5,T1272s5,CASP16,9C3C,g,Check,Check,multiple equivalent chains match,0.907216,1.000000,1.000000,264,291,high,291,28,291,1,291,pending,,,,,,,,,,,,results/casp15_casp16_unique_lt1000_all_default_20260529_182536/sequences/T1272s5.fasta,results/casp15_casp16_unique_lt1000_all_default_20260529_182536/predictions/T1272s5/openfold/rank_001.pdb,results/casp15_casp16_unique_lt1000_all_default_20260529_182536/logs/T1272s5_openfold.log,,
openfold,T1272s6,T1272s6,CASP16,9C3C,A,Check,Check,reference coverage below threshold 0.641,0.641026,1.000000,1.000000,400,624,high,624,63,653,1,624,pending,,,,,,,,,,,,results/casp15_casp16_unique_lt1000_all_default_20260529_182536/sequences/T1272s6.fasta,results/casp15_casp16_unique_lt1000_all_default_20260529_182536/predictions/T1272s6/openfold/rank_001.pdb,results/casp15_casp16_unique_lt1000_all_default_20260529_182536/logs/T1272s6_openfold.log,,
openfold,T1272s7,T1272s7,CASP16,9C3C,B,No,No,chain mapping below threshold identity=1.000 coverage=0.599,1.000000,1.000000,0.599174,145,145,low,242,654,798,1,242,pending,,,,,,,,,,,,results/casp15_casp16_unique_lt1000_all_default_20260529_182536/sequences/T1272s7.fasta,results/casp15_casp16_unique_lt1000_all_default_20260529_182536/predictions/T1272s7/openfold/rank_001.pdb,results/casp15_casp16_unique_lt1000_all_default_20260529_182536/logs/T1272s7_openfold.log,,
openfold,T1272s8,T1272s8,CASP16,9C3C,V,Check,Check,reference coverage below threshold 0.356; multiple equivalent chains match,0.355746,1.000000,1.000000,291,818,high,818,1,291,1,818,pending,,,,,,,,,,,,results/casp15_casp16_unique_lt1000_all_default_20260529_182536/sequences/T1272s8.fasta,results/casp15_casp16_unique_lt1000_all_default_20260529_182536/predictions/T1272s8/openfold/rank_001.pdb,results/casp15_casp16_unique_lt1000_all_default_20260529_182536/logs/T1272s8_openfold.log,,
openfold,T1272s9,T1272s9,CASP16,9C3C,n,Check,Check,reference coverage below threshold 0.735; multiple equivalent chains match,0.735294,1.000000,1.000000,175,238,high,238,42,216,1,238,pending,,,,,,,,,,,,results/casp15_casp16_unique_lt1000_all_default_20260529_182536/sequences/T1272s9.fasta,results/casp15_casp16_unique_lt1000_all_default_20260529_182536/predictions/T1272s9/openfold/rank_001.pdb,results/casp15_casp16_unique_lt1000_all_default_20260529_182536/logs/T1272s9_openfold.log,,
openfold,T1280,T1280,CASP16,9F5M,AAA,Check,Check,multiple equivalent chains match,0.995745,1.000000,0.991561,234,235,high,237,615,848,1,237,pending,,,,,,,,,,,,results/casp15_casp16_unique_lt1000_all_default_20260529_182536/sequences/T1280.fasta,results/casp15_casp16_unique_lt1000_all_default_20260529_182536/predictions/T1280/openfold/rank_001.pdb,results/casp15_casp16_unique_lt1000_all_default_20260529_182536/logs/T1280_openfold.log,,
openfold,T1299,T1299,CASP16,9FJL,A,Yes,Yes,prefiltered A1 protein target with mapped residue range,1.000000,1.000000,1.000000,168,168,high,168,1,168,1,168,pending,,,,,,,,,,,,results/casp15_casp16_unique_lt1000_all_default_20260529_182536/sequences/T1299.fasta,results/casp15_casp16_unique_lt1000_all_default_20260529_182536/predictions/T1299/openfold/rank_001.pdb,results/casp15_casp16_unique_lt1000_all_default_20260529_182536/logs/T1299_openfold.log,,
openfold,T2272s2,T2272s2,CASP16,9C3C,a,Check,Check,multiple equivalent chains match,0.972393,1.000000,0.898072,317,326,medium,363,25,350,1,363,pending,,,,,,,,,,,,results/casp15_casp16_unique_lt1000_all_default_20260529_182536/sequences/T2272s2.fasta,results/casp15_casp16_unique_lt1000_all_default_20260529_182536/predictions/T2272s2/openfold/rank_001.pdb,results/casp15_casp16_unique_lt1000_all_default_20260529_182536/logs/T2272s2_openfold.log,,
openfold,T2272s3,T2272s3,CASP16,9C3C,b,Check,Check,multiple equivalent chains match,0.823899,1.000000,1.000000,262,318,high,318,57,318,1,318,pending,,,,,,,,,,,,results/casp15_casp16_unique_lt1000_all_default_20260529_182536/sequences/T2272s3.fasta,results/casp15_casp16_unique_lt1000_all_default_20260529_182536/predictions/T2272s3/openfold/rank_001.pdb,results/casp15_casp16_unique_lt1000_all_default_20260529_182536/logs/T2272s3_openfold.log,,
openfold,T2272s4,T2272s4,CASP16,9C3C,d,Check,Check,multiple equivalent chains match,0.930796,1.000000,1.000000,269,289,high,289,21,289,1,289,pending,,,,,,,,,,,,results/casp15_casp16_unique_lt1000_all_default_20260529_182536/sequences/T2272s4.fasta,results/casp15_casp16_unique_lt1000_all_default_20260529_182536/predictions/T2272s4/openfold/rank_001.pdb,results/casp15_casp16_unique_lt1000_all_default_20260529_182536/logs/T2272s4_openfold.log,,
openfold,T2272s5,T2272s5,CASP16,9C3C,g,Check,Check,multiple equivalent chains match,0.907216,1.000000,1.000000,264,291,high,291,28,291,1,291,pending,,,,,,,,,,,,results/casp15_casp16_unique_lt1000_all_default_20260529_182536/sequences/T2272s5.fasta,results/casp15_casp16_unique_lt1000_all_default_20260529_182536/predictions/T2272s5/openfold/rank_001.pdb,results/casp15_casp16_unique_lt1000_all_default_20260529_182536/logs/T2272s5_openfold.log,,
openfold,T2272s6,T2272s6,CASP16,9C3C,A,Check,Check,reference coverage below threshold 0.641,0.641026,1.000000,1.000000,400,624,high,624,63,653,1,624,pending,,,,,,,,,,,,results/casp15_casp16_unique_lt1000_all_default_20260529_182536/sequences/T2272s6.fasta,results/casp15_casp16_unique_lt1000_all_default_20260529_182536/predictions/T2272s6/openfold/rank_001.pdb,results/casp15_casp16_unique_lt1000_all_default_20260529_182536/logs/T2272s6_openfold.log,,
openfold,T2272s7,T2272s7,CASP16,9C3C,B,No,No,chain mapping below threshold identity=1.000 coverage=0.599,1.000000,1.000000,0.599174,145,145,low,242,654,798,1,242,pending,,,,,,,,,,,,results/casp15_casp16_unique_lt1000_all_default_20260529_182536/sequences/T2272s7.fasta,results/casp15_casp16_unique_lt1000_all_default_20260529_182536/predictions/T2272s7/openfold/rank_001.pdb,results/casp15_casp16_unique_lt1000_all_default_20260529_182536/logs/T2272s7_openfold.log,,
openfold,T2272s8,T2272s8,CASP16,9C3C,V,Check,Check,reference coverage below threshold 0.356; multiple equivalent chains match,0.355746,1.000000,1.000000,291,818,high,818,1,291,1,818,pending,,,,,,,,,,,,results/casp15_casp16_unique_lt1000_all_default_20260529_182536/sequences/T2272s8.fasta,results/casp15_casp16_unique_lt1000_all_default_20260529_182536/predictions/T2272s8/openfold/rank_001.pdb,results/casp15_casp16_unique_lt1000_all_default_20260529_182536/logs/T2272s8_openfold.log,,
openfold,T2272s9,T2272s9,CASP16,9C3C,n,Check,Check,reference coverage below threshold 0.735; multiple equivalent chains match,0.735294,1.000000,1.000000,175,238,high,238,42,216,1,238,pending,,,,,,,,,,,,results/casp15_casp16_unique_lt1000_all_default_20260529_182536/sequences/T2272s9.fasta,results/casp15_casp16_unique_lt1000_all_default_20260529_182536/predictions/T2272s9/openfold/rank_001.pdb,results/casp15_casp16_unique_lt1000_all_default_20260529_182536/logs/T2272s9_openfold.log,,
openfold,T2280,T2280,CASP16,9F5M,AAA,Check,Check,multiple equivalent chains match,0.995745,1.000000,0.991561,234,235,high,237,615,848,1,237,pending,,,,,,,,,,,,results/casp15_casp16_unique_lt1000_all_default_20260529_182536/sequences/T2280.fasta,results/casp15_casp16_unique_lt1000_all_default_20260529_182536/predictions/T2280/openfold/rank_001.pdb,results/casp15_casp16_unique_lt1000_all_default_20260529_182536/logs/T2280_openfold.log,,
