domain_id,target_id,casp_round,pdb_id,chain_id,residue_start,residue_end,sequence_start,sequence_end,target_length,sequence_length,model,rank,input_fasta,output_dir,output_pdb,output_structure,success,return_code,start_time,end_time,runtime_sec,log_file,command,error_message,should_use,target_qc_status,qc_reason,mapping_identity,mapping_coverage,reference_coverage,resolved_ca_count,expected_mapped_residue_count,chain_assignment_confidence,residue_mapping_note,type,stoichiometry,description,msa_used,msa_source,msa_mode,msa_database,msa_database_path,msa_a3m_file,msa_build_runtime_sec,msa_build_carbon_emissions_g,msa_build_energy_consumed_kwh,msa_build_included_in_runtime,msa_build_included_in_carbon,msa_reused,inference_runtime_sec,inference_carbon_emissions_g,inference_energy_consumed_kwh,total_runtime_sec,total_carbon_emissions_g,total_energy_consumed_kwh,shared_msa_source_model,shared_msa_a3m_file,shared_msa_dir,stage_metadata_note
T1104,T1104,CASP15,7ROA,A,58,189,1,117,117,117,colabfold,1,results/20260603_123021_casp15_casp16_unique_lt1000_all_default_colabfold/sequences/T1104.fasta,results/20260603_123021_casp15_casp16_unique_lt1000_all_default_colabfold/predictions/T1104/colabfold,results/20260603_123021_casp15_casp16_unique_lt1000_all_default_colabfold/predictions/T1104/colabfold/rank_001.pdb,results/20260603_123021_casp15_casp16_unique_lt1000_all_default_colabfold/predictions/T1104/colabfold/rank_001.pdb,true,0,2026-06-03T12:30:21+02:00,2026-06-03T12:38:22+02:00,481,results/20260603_123021_casp15_casp16_unique_lt1000_all_default_colabfold/logs/T1104_colabfold.log,bash runners/run_colabfold.sh results/20260603_123021_casp15_casp16_unique_lt1000_all_default_colabfold/sequences/T1104.fasta results/20260603_123021_casp15_casp16_unique_lt1000_all_default_colabfold/predictions/T1104/colabfold 1,,Yes,Yes,prefiltered A1 protein target with mapped residue range,1.000000,1.000000,0.871212,115,132,high,mapped from mmCIF atom_site CA records; 17 aligned positions lack resolved CA atoms,All groups,A1,EntV136 PDB code 7roa,true,colabfold_mmseqs2,mmseqs2_uniref_env,colabfold,/data/chen/protein_folding_databases/colabfold,results/20260603_123021_casp15_casp16_unique_lt1000_all_default_colabfold/predictions/T1104/colabfold/tmp_colabfold_msa_search/T1104_qc_Yes_CASP15_7ROA_A_residue_58-189_seq_1-117_coverage_0.871212.a3m,373,5.92789071890646,0.012479769934539916,true,true,false,107,2.329085511896031,0.004903337919781118,480.0,8.256976230802492,0.017383107854321032,,,,ColabFold local MMseqs2 MSA search measured separately from colabfold_batch inference.
T1104,T1104,CASP15,7ROA,A,58,189,1,117,117,117,boltz2,1,results/20260603_123021_casp15_casp16_unique_lt1000_all_default_colabfold/sequences/T1104.fasta,results/20260603_123021_casp15_casp16_unique_lt1000_all_default_colabfold/predictions/T1104/boltz2,results/20260603_123021_casp15_casp16_unique_lt1000_all_default_colabfold/predictions/T1104/boltz2/rank_001.pdb,results/20260603_123021_casp15_casp16_unique_lt1000_all_default_colabfold/predictions/T1104/boltz2/rank_001.pdb,true,0,2026-06-03T12:38:22+02:00,2026-06-03T12:40:10+02:00,108,results/20260603_123021_casp15_casp16_unique_lt1000_all_default_colabfold/logs/T1104_boltz2.log,SHARED_MSA_A3M_FILE=results/20260603_123021_casp15_casp16_unique_lt1000_all_default_colabfold/predictions/T1104/colabfold/tmp_colabfold/T1104_qc_Yes_CASP15_7ROA_A_residue_58-189_seq_1-117_coverage_0.871212.a3m SHARED_MSA_DIR=results/20260603_123021_casp15_casp16_unique_lt1000_all_default_colabfold/predictions/T1104/colabfold/tmp_colabfold SHARED_MSA_METADATA_FILE=results/20260603_123021_casp15_casp16_unique_lt1000_all_default_colabfold/metadata/prediction_manifest.csv bash runners/run_boltz2.sh results/20260603_123021_casp15_casp16_unique_lt1000_all_default_colabfold/sequences/T1104.fasta results/20260603_123021_casp15_casp16_unique_lt1000_all_default_colabfold/predictions/T1104/boltz2 1,,Yes,Yes,prefiltered A1 protein target with mapped residue range,1.000000,1.000000,0.871212,115,132,high,mapped from mmCIF atom_site CA records; 17 aligned positions lack resolved CA atoms,All groups,A1,EntV136 PDB code 7roa,true,colabfold_mmseqs2,shared_precomputed_msa,,,results/20260603_123021_casp15_casp16_unique_lt1000_all_default_colabfold/predictions/T1104/boltz2/shared_input.a3m,,,,,,true,107.94571092503611,1.6456258155336136,0.003464475401123397,107.94571092503611,1.6456258155336136,0.003464475401123397,,results/20260603_123021_casp15_casp16_unique_lt1000_all_default_colabfold/predictions/T1104/colabfold/tmp_colabfold/T1104_qc_Yes_CASP15_7ROA_A_residue_58-189_seq_1-117_coverage_0.871212.a3m,results/20260603_123021_casp15_casp16_unique_lt1000_all_default_colabfold/predictions/T1104/colabfold/tmp_colabfold,runner CodeCarbon output: results/20260603_123021_casp15_casp16_unique_lt1000_all_default_colabfold/predictions/T1104/boltz2/carbon/T1104_boltz2_inference_emissions.csv
T1104,T1104,CASP15,7ROA,A,58,189,1,117,117,117,openfold,1,results/20260603_123021_casp15_casp16_unique_lt1000_all_default_colabfold/sequences/T1104.fasta,results/20260603_123021_casp15_casp16_unique_lt1000_all_default_colabfold/predictions/T1104/openfold,results/20260603_123021_casp15_casp16_unique_lt1000_all_default_colabfold/predictions/T1104/openfold/rank_001.pdb,results/20260603_123021_casp15_casp16_unique_lt1000_all_default_colabfold/predictions/T1104/openfold/rank_001.pdb,true,0,2026-06-03T12:40:10+02:00,2026-06-03T12:40:32+02:00,22,results/20260603_123021_casp15_casp16_unique_lt1000_all_default_colabfold/logs/T1104_openfold.log,SHARED_MSA_A3M_FILE=results/20260603_123021_casp15_casp16_unique_lt1000_all_default_colabfold/predictions/T1104/colabfold/tmp_colabfold/T1104_qc_Yes_CASP15_7ROA_A_residue_58-189_seq_1-117_coverage_0.871212.a3m SHARED_MSA_DIR=results/20260603_123021_casp15_casp16_unique_lt1000_all_default_colabfold/predictions/T1104/colabfold/tmp_colabfold SHARED_MSA_METADATA_FILE=results/20260603_123021_casp15_casp16_unique_lt1000_all_default_colabfold/metadata/prediction_manifest.csv bash runners/run_openfold_shared_msa.sh results/20260603_123021_casp15_casp16_unique_lt1000_all_default_colabfold/sequences/T1104.fasta results/20260603_123021_casp15_casp16_unique_lt1000_all_default_colabfold/predictions/T1104/openfold 1,,Yes,Yes,prefiltered A1 protein target with mapped residue range,1.000000,1.000000,0.871212,115,132,high,mapped from mmCIF atom_site CA records; 17 aligned positions lack resolved CA atoms,All groups,A1,EntV136 PDB code 7roa,true,colabfold_mmseqs2,mmseqs2_uniref_env,colabfold,/data/chen/protein_folding_databases/colabfold,results/20260603_123021_casp15_casp16_unique_lt1000_all_default_colabfold/predictions/T1104/colabfold/tmp_colabfold_msa_search/T1104_qc_Yes_CASP15_7ROA_A_residue_58-189_seq_1-117_coverage_0.871212.a3m,373,5.92789071890646,0.012479769934539916,false,false,true,21.563443545950577,0.5267106876573451,0.0011088646055944108,394.5634435459506,6.454601406563805,0.013588634540134327,colabfold,results/20260603_123021_casp15_casp16_unique_lt1000_all_default_colabfold/predictions/T1104/colabfold/tmp_colabfold_msa_search/T1104_qc_Yes_CASP15_7ROA_A_residue_58-189_seq_1-117_coverage_0.871212.a3m,results/20260603_123021_casp15_casp16_unique_lt1000_all_default_colabfold/predictions/T1104/colabfold/tmp_colabfold,runner CodeCarbon output: results/20260603_123021_casp15_casp16_unique_lt1000_all_default_colabfold/predictions/T1104/openfold/carbon/T1104_openfold_inference_emissions.csv; OpenFold reused the ColabFold A3M; MSA build time/carbon copied from the colabfold row.
T1104,T1104,CASP15,7ROA,A,58,189,1,117,117,117,protenix,1,results/20260603_123021_casp15_casp16_unique_lt1000_all_default_colabfold/sequences/T1104.fasta,results/20260603_123021_casp15_casp16_unique_lt1000_all_default_colabfold/predictions/T1104/protenix,results/20260603_123021_casp15_casp16_unique_lt1000_all_default_colabfold/predictions/T1104/protenix/rank_001.pdb,results/20260603_123021_casp15_casp16_unique_lt1000_all_default_colabfold/predictions/T1104/protenix/rank_001.pdb,false,1,2026-06-03T12:40:32+02:00,2026-06-03T12:40:43+02:00,11,results/20260603_123021_casp15_casp16_unique_lt1000_all_default_colabfold/logs/T1104_protenix.log,SHARED_MSA_A3M_FILE=results/20260603_123021_casp15_casp16_unique_lt1000_all_default_colabfold/predictions/T1104/colabfold/tmp_colabfold/T1104_qc_Yes_CASP15_7ROA_A_residue_58-189_seq_1-117_coverage_0.871212.a3m SHARED_MSA_DIR=results/20260603_123021_casp15_casp16_unique_lt1000_all_default_colabfold/predictions/T1104/colabfold/tmp_colabfold SHARED_MSA_METADATA_FILE=results/20260603_123021_casp15_casp16_unique_lt1000_all_default_colabfold/metadata/prediction_manifest.csv bash runners/run_protenix_shared_msa.sh results/20260603_123021_casp15_casp16_unique_lt1000_all_default_colabfold/sequences/T1104.fasta results/20260603_123021_casp15_casp16_unique_lt1000_all_default_colabfold/predictions/T1104/protenix 1,runner failed or rank_001.pdb missing; see results/20260603_123021_casp15_casp16_unique_lt1000_all_default_colabfold/logs/T1104_protenix.log,Yes,Yes,prefiltered A1 protein target with mapped residue range,1.000000,1.000000,0.871212,115,132,high,mapped from mmCIF atom_site CA records; 17 aligned positions lack resolved CA atoms,All groups,A1,EntV136 PDB code 7roa,,,,,,,,,,,,,10.704826430999674,0.12870914108605006,0.00027096661281273695,10.704826430999674,0.12870914108605006,0.00027096661281273695,,,,runner CodeCarbon output: results/20260603_123021_casp15_casp16_unique_lt1000_all_default_colabfold/predictions/T1104/protenix/carbon/T1104_protenix_inference_emissions.csv
T1106s1,T1106s1,CASP15,7QIH,B,50,120,1,122,122,122,colabfold,1,results/20260603_123021_casp15_casp16_unique_lt1000_all_default_colabfold/sequences/T1106s1.fasta,results/20260603_123021_casp15_casp16_unique_lt1000_all_default_colabfold/predictions/T1106s1/colabfold,results/20260603_123021_casp15_casp16_unique_lt1000_all_default_colabfold/predictions/T1106s1/colabfold/rank_001.pdb,results/20260603_123021_casp15_casp16_unique_lt1000_all_default_colabfold/predictions/T1106s1/colabfold/rank_001.pdb,true,0,2026-06-03T12:40:43+02:00,2026-06-03T12:50:49+02:00,606,results/20260603_123021_casp15_casp16_unique_lt1000_all_default_colabfold/logs/T1106s1_colabfold.log,bash runners/run_colabfold.sh results/20260603_123021_casp15_casp16_unique_lt1000_all_default_colabfold/sequences/T1106s1.fasta results/20260603_123021_casp15_casp16_unique_lt1000_all_default_colabfold/predictions/T1106s1/colabfold 1,,No,No,chain mapping below threshold identity=1.000 coverage=0.615; multiple equivalent chains match,1.000000,0.614754,0.946667,71,75,low,mapped from mmCIF atom_site CA records; 4 aligned positions lack resolved CA atoms,All groups,A1,YscY-YscX PDB code 7qih,true,colabfold_mmseqs2,mmseqs2_uniref_env,colabfold,/data/chen/protein_folding_databases/colabfold,results/20260603_123021_casp15_casp16_unique_lt1000_all_default_colabfold/predictions/T1106s1/colabfold/tmp_colabfold_msa_search/T1106s1_qc_No_CASP15_7QIH_B_residue_50-120_seq_1-122_coverage_0.946667.a3m,490,7.646003850287226,0.016096850211131,true,true,false,116,2.4830200664330064,0.00522741066617475,606.0,10.129023916720232,0.02132426087730575,,,,ColabFold local MMseqs2 MSA search measured separately from colabfold_batch inference.
T1106s1,T1106s1,CASP15,7QIH,B,50,120,1,122,122,122,boltz2,1,results/20260603_123021_casp15_casp16_unique_lt1000_all_default_colabfold/sequences/T1106s1.fasta,results/20260603_123021_casp15_casp16_unique_lt1000_all_default_colabfold/predictions/T1106s1/boltz2,results/20260603_123021_casp15_casp16_unique_lt1000_all_default_colabfold/predictions/T1106s1/boltz2/rank_001.pdb,results/20260603_123021_casp15_casp16_unique_lt1000_all_default_colabfold/predictions/T1106s1/boltz2/rank_001.pdb,true,0,2026-06-03T12:50:49+02:00,2026-06-03T12:52:39+02:00,110,results/20260603_123021_casp15_casp16_unique_lt1000_all_default_colabfold/logs/T1106s1_boltz2.log,SHARED_MSA_A3M_FILE=results/20260603_123021_casp15_casp16_unique_lt1000_all_default_colabfold/predictions/T1106s1/colabfold/tmp_colabfold/T1106s1_qc_No_CASP15_7QIH_B_residue_50-120_seq_1-122_coverage_0.946667.a3m SHARED_MSA_DIR=results/20260603_123021_casp15_casp16_unique_lt1000_all_default_colabfold/predictions/T1106s1/colabfold/tmp_colabfold SHARED_MSA_METADATA_FILE=results/20260603_123021_casp15_casp16_unique_lt1000_all_default_colabfold/metadata/prediction_manifest.csv bash runners/run_boltz2.sh results/20260603_123021_casp15_casp16_unique_lt1000_all_default_colabfold/sequences/T1106s1.fasta results/20260603_123021_casp15_casp16_unique_lt1000_all_default_colabfold/predictions/T1106s1/boltz2 1,,No,No,chain mapping below threshold identity=1.000 coverage=0.615; multiple equivalent chains match,1.000000,0.614754,0.946667,71,75,low,mapped from mmCIF atom_site CA records; 4 aligned positions lack resolved CA atoms,All groups,A1,YscY-YscX PDB code 7qih,true,colabfold_mmseqs2,shared_precomputed_msa,,,results/20260603_123021_casp15_casp16_unique_lt1000_all_default_colabfold/predictions/T1106s1/boltz2/shared_input.a3m,,,,,,true,110.1660685990937,1.6855642972475624,0.003548556415258026,110.1660685990937,1.6855642972475624,0.003548556415258026,,results/20260603_123021_casp15_casp16_unique_lt1000_all_default_colabfold/predictions/T1106s1/colabfold/tmp_colabfold/T1106s1_qc_No_CASP15_7QIH_B_residue_50-120_seq_1-122_coverage_0.946667.a3m,results/20260603_123021_casp15_casp16_unique_lt1000_all_default_colabfold/predictions/T1106s1/colabfold/tmp_colabfold,runner CodeCarbon output: results/20260603_123021_casp15_casp16_unique_lt1000_all_default_colabfold/predictions/T1106s1/boltz2/carbon/T1106s1_boltz2_inference_emissions.csv
T1106s1,T1106s1,CASP15,7QIH,B,50,120,1,122,122,122,openfold,1,results/20260603_123021_casp15_casp16_unique_lt1000_all_default_colabfold/sequences/T1106s1.fasta,results/20260603_123021_casp15_casp16_unique_lt1000_all_default_colabfold/predictions/T1106s1/openfold,results/20260603_123021_casp15_casp16_unique_lt1000_all_default_colabfold/predictions/T1106s1/openfold/rank_001.pdb,results/20260603_123021_casp15_casp16_unique_lt1000_all_default_colabfold/predictions/T1106s1/openfold/rank_001.pdb,true,0,2026-06-03T12:52:39+02:00,2026-06-03T12:53:02+02:00,23,results/20260603_123021_casp15_casp16_unique_lt1000_all_default_colabfold/logs/T1106s1_openfold.log,SHARED_MSA_A3M_FILE=results/20260603_123021_casp15_casp16_unique_lt1000_all_default_colabfold/predictions/T1106s1/colabfold/tmp_colabfold/T1106s1_qc_No_CASP15_7QIH_B_residue_50-120_seq_1-122_coverage_0.946667.a3m SHARED_MSA_DIR=results/20260603_123021_casp15_casp16_unique_lt1000_all_default_colabfold/predictions/T1106s1/colabfold/tmp_colabfold SHARED_MSA_METADATA_FILE=results/20260603_123021_casp15_casp16_unique_lt1000_all_default_colabfold/metadata/prediction_manifest.csv bash runners/run_openfold_shared_msa.sh results/20260603_123021_casp15_casp16_unique_lt1000_all_default_colabfold/sequences/T1106s1.fasta results/20260603_123021_casp15_casp16_unique_lt1000_all_default_colabfold/predictions/T1106s1/openfold 1,,No,No,chain mapping below threshold identity=1.000 coverage=0.615; multiple equivalent chains match,1.000000,0.614754,0.946667,71,75,low,mapped from mmCIF atom_site CA records; 4 aligned positions lack resolved CA atoms,All groups,A1,YscY-YscX PDB code 7qih,true,colabfold_mmseqs2,mmseqs2_uniref_env,colabfold,/data/chen/protein_folding_databases/colabfold,results/20260603_123021_casp15_casp16_unique_lt1000_all_default_colabfold/predictions/T1106s1/colabfold/tmp_colabfold_msa_search/T1106s1_qc_No_CASP15_7QIH_B_residue_50-120_seq_1-122_coverage_0.946667.a3m,490,7.646003850287226,0.016096850211131,false,false,true,22.041207238915376,0.5367433563877152,0.0011299860134478216,512.0412072389154,8.182747206674941,0.017226836224578823,colabfold,results/20260603_123021_casp15_casp16_unique_lt1000_all_default_colabfold/predictions/T1106s1/colabfold/tmp_colabfold_msa_search/T1106s1_qc_No_CASP15_7QIH_B_residue_50-120_seq_1-122_coverage_0.946667.a3m,results/20260603_123021_casp15_casp16_unique_lt1000_all_default_colabfold/predictions/T1106s1/colabfold/tmp_colabfold,runner CodeCarbon output: results/20260603_123021_casp15_casp16_unique_lt1000_all_default_colabfold/predictions/T1106s1/openfold/carbon/T1106s1_openfold_inference_emissions.csv; OpenFold reused the ColabFold A3M; MSA build time/carbon copied from the colabfold row.
T1106s1,T1106s1,CASP15,7QIH,B,50,120,1,122,122,122,protenix,1,results/20260603_123021_casp15_casp16_unique_lt1000_all_default_colabfold/sequences/T1106s1.fasta,results/20260603_123021_casp15_casp16_unique_lt1000_all_default_colabfold/predictions/T1106s1/protenix,results/20260603_123021_casp15_casp16_unique_lt1000_all_default_colabfold/predictions/T1106s1/protenix/rank_001.pdb,results/20260603_123021_casp15_casp16_unique_lt1000_all_default_colabfold/predictions/T1106s1/protenix/rank_001.pdb,false,1,2026-06-03T12:53:02+02:00,2026-06-03T12:53:13+02:00,11,results/20260603_123021_casp15_casp16_unique_lt1000_all_default_colabfold/logs/T1106s1_protenix.log,SHARED_MSA_A3M_FILE=results/20260603_123021_casp15_casp16_unique_lt1000_all_default_colabfold/predictions/T1106s1/colabfold/tmp_colabfold/T1106s1_qc_No_CASP15_7QIH_B_residue_50-120_seq_1-122_coverage_0.946667.a3m SHARED_MSA_DIR=results/20260603_123021_casp15_casp16_unique_lt1000_all_default_colabfold/predictions/T1106s1/colabfold/tmp_colabfold SHARED_MSA_METADATA_FILE=results/20260603_123021_casp15_casp16_unique_lt1000_all_default_colabfold/metadata/prediction_manifest.csv bash runners/run_protenix_shared_msa.sh results/20260603_123021_casp15_casp16_unique_lt1000_all_default_colabfold/sequences/T1106s1.fasta results/20260603_123021_casp15_casp16_unique_lt1000_all_default_colabfold/predictions/T1106s1/protenix 1,runner failed or rank_001.pdb missing; see results/20260603_123021_casp15_casp16_unique_lt1000_all_default_colabfold/logs/T1106s1_protenix.log,No,No,chain mapping below threshold identity=1.000 coverage=0.615; multiple equivalent chains match,1.000000,0.614754,0.946667,71,75,low,mapped from mmCIF atom_site CA records; 4 aligned positions lack resolved CA atoms,All groups,A1,YscY-YscX PDB code 7qih,,,,,,,,,,,,,10.756979987956583,0.1338046305444982,0.00028169395904104885,10.756979987956583,0.1338046305444982,0.00028169395904104885,,,,runner CodeCarbon output: results/20260603_123021_casp15_casp16_unique_lt1000_all_default_colabfold/predictions/T1106s1/protenix/carbon/T1106s1_protenix_inference_emissions.csv
T1106s2,T1106s2,CASP15,7QIH,A,2,112,1,114,114,114,colabfold,1,results/20260603_123021_casp15_casp16_unique_lt1000_all_default_colabfold/sequences/T1106s2.fasta,results/20260603_123021_casp15_casp16_unique_lt1000_all_default_colabfold/predictions/T1106s2/colabfold,results/20260603_123021_casp15_casp16_unique_lt1000_all_default_colabfold/predictions/T1106s2/colabfold/rank_001.pdb,results/20260603_123021_casp15_casp16_unique_lt1000_all_default_colabfold/predictions/T1106s2/colabfold/rank_001.pdb,true,0,2026-06-03T12:53:13+02:00,2026-06-03T13:03:42+02:00,629,results/20260603_123021_casp15_casp16_unique_lt1000_all_default_colabfold/logs/T1106s2_colabfold.log,bash runners/run_colabfold.sh results/20260603_123021_casp15_casp16_unique_lt1000_all_default_colabfold/sequences/T1106s2.fasta results/20260603_123021_casp15_casp16_unique_lt1000_all_default_colabfold/predictions/T1106s2/colabfold 1,,Check,Check,multiple equivalent chains match,1.000000,1.000000,0.909836,111,122,high,mapped from mmCIF atom_site CA records; 11 aligned positions lack resolved CA atoms,All groups,A1,YscY-YscX PDB code 7qih,true,colabfold_mmseqs2,mmseqs2_uniref_env,colabfold,/data/chen/protein_folding_databases/colabfold,results/20260603_123021_casp15_casp16_unique_lt1000_all_default_colabfold/predictions/T1106s2/colabfold/tmp_colabfold_msa_search/T1106s2_qc_Check_CASP15_7QIH_A_residue_2-112_seq_1-114_coverage_0.909836.a3m,509,7.885244486942782,0.016600514709353226,true,true,false,119,2.5520186999856396,0.005372670947338188,628.0,10.437263186928423,0.021973185656691416,,,,ColabFold local MMseqs2 MSA search measured separately from colabfold_batch inference.
T1106s2,T1106s2,CASP15,7QIH,A,2,112,1,114,114,114,boltz2,1,results/20260603_123021_casp15_casp16_unique_lt1000_all_default_colabfold/sequences/T1106s2.fasta,results/20260603_123021_casp15_casp16_unique_lt1000_all_default_colabfold/predictions/T1106s2/boltz2,results/20260603_123021_casp15_casp16_unique_lt1000_all_default_colabfold/predictions/T1106s2/boltz2/rank_001.pdb,results/20260603_123021_casp15_casp16_unique_lt1000_all_default_colabfold/predictions/T1106s2/boltz2/rank_001.pdb,true,0,2026-06-03T13:03:42+02:00,2026-06-03T13:05:28+02:00,106,results/20260603_123021_casp15_casp16_unique_lt1000_all_default_colabfold/logs/T1106s2_boltz2.log,SHARED_MSA_A3M_FILE=results/20260603_123021_casp15_casp16_unique_lt1000_all_default_colabfold/predictions/T1106s2/colabfold/tmp_colabfold/T1106s2_qc_Check_CASP15_7QIH_A_residue_2-112_seq_1-114_coverage_0.909836.a3m SHARED_MSA_DIR=results/20260603_123021_casp15_casp16_unique_lt1000_all_default_colabfold/predictions/T1106s2/colabfold/tmp_colabfold SHARED_MSA_METADATA_FILE=results/20260603_123021_casp15_casp16_unique_lt1000_all_default_colabfold/metadata/prediction_manifest.csv bash runners/run_boltz2.sh results/20260603_123021_casp15_casp16_unique_lt1000_all_default_colabfold/sequences/T1106s2.fasta results/20260603_123021_casp15_casp16_unique_lt1000_all_default_colabfold/predictions/T1106s2/boltz2 1,,Check,Check,multiple equivalent chains match,1.000000,1.000000,0.909836,111,122,high,mapped from mmCIF atom_site CA records; 11 aligned positions lack resolved CA atoms,All groups,A1,YscY-YscX PDB code 7qih,true,colabfold_mmseqs2,shared_precomputed_msa,,,results/20260603_123021_casp15_casp16_unique_lt1000_all_default_colabfold/predictions/T1106s2/boltz2/shared_input.a3m,,,,,,true,105.88233227899764,1.6307159531154019,0.0034330862170850567,105.88233227899764,1.6307159531154019,0.0034330862170850567,,results/20260603_123021_casp15_casp16_unique_lt1000_all_default_colabfold/predictions/T1106s2/colabfold/tmp_colabfold/T1106s2_qc_Check_CASP15_7QIH_A_residue_2-112_seq_1-114_coverage_0.909836.a3m,results/20260603_123021_casp15_casp16_unique_lt1000_all_default_colabfold/predictions/T1106s2/colabfold/tmp_colabfold,runner CodeCarbon output: results/20260603_123021_casp15_casp16_unique_lt1000_all_default_colabfold/predictions/T1106s2/boltz2/carbon/T1106s2_boltz2_inference_emissions.csv
T1106s2,T1106s2,CASP15,7QIH,A,2,112,1,114,114,114,openfold,1,results/20260603_123021_casp15_casp16_unique_lt1000_all_default_colabfold/sequences/T1106s2.fasta,results/20260603_123021_casp15_casp16_unique_lt1000_all_default_colabfold/predictions/T1106s2/openfold,results/20260603_123021_casp15_casp16_unique_lt1000_all_default_colabfold/predictions/T1106s2/openfold/rank_001.pdb,results/20260603_123021_casp15_casp16_unique_lt1000_all_default_colabfold/predictions/T1106s2/openfold/rank_001.pdb,true,0,2026-06-03T13:05:28+02:00,2026-06-03T13:05:49+02:00,21,results/20260603_123021_casp15_casp16_unique_lt1000_all_default_colabfold/logs/T1106s2_openfold.log,SHARED_MSA_A3M_FILE=results/20260603_123021_casp15_casp16_unique_lt1000_all_default_colabfold/predictions/T1106s2/colabfold/tmp_colabfold/T1106s2_qc_Check_CASP15_7QIH_A_residue_2-112_seq_1-114_coverage_0.909836.a3m SHARED_MSA_DIR=results/20260603_123021_casp15_casp16_unique_lt1000_all_default_colabfold/predictions/T1106s2/colabfold/tmp_colabfold SHARED_MSA_METADATA_FILE=results/20260603_123021_casp15_casp16_unique_lt1000_all_default_colabfold/metadata/prediction_manifest.csv bash runners/run_openfold_shared_msa.sh results/20260603_123021_casp15_casp16_unique_lt1000_all_default_colabfold/sequences/T1106s2.fasta results/20260603_123021_casp15_casp16_unique_lt1000_all_default_colabfold/predictions/T1106s2/openfold 1,,Check,Check,multiple equivalent chains match,1.000000,1.000000,0.909836,111,122,high,mapped from mmCIF atom_site CA records; 11 aligned positions lack resolved CA atoms,All groups,A1,YscY-YscX PDB code 7qih,true,colabfold_mmseqs2,mmseqs2_uniref_env,colabfold,/data/chen/protein_folding_databases/colabfold,results/20260603_123021_casp15_casp16_unique_lt1000_all_default_colabfold/predictions/T1106s2/colabfold/tmp_colabfold_msa_search/T1106s2_qc_Check_CASP15_7QIH_A_residue_2-112_seq_1-114_coverage_0.909836.a3m,509,7.885244486942782,0.016600514709353226,false,false,true,21.252635444980115,0.5176226312040325,0.0010897318551663841,530.2526354449801,8.402867118146816,0.01769024656451961,colabfold,results/20260603_123021_casp15_casp16_unique_lt1000_all_default_colabfold/predictions/T1106s2/colabfold/tmp_colabfold_msa_search/T1106s2_qc_Check_CASP15_7QIH_A_residue_2-112_seq_1-114_coverage_0.909836.a3m,results/20260603_123021_casp15_casp16_unique_lt1000_all_default_colabfold/predictions/T1106s2/colabfold/tmp_colabfold,runner CodeCarbon output: results/20260603_123021_casp15_casp16_unique_lt1000_all_default_colabfold/predictions/T1106s2/openfold/carbon/T1106s2_openfold_inference_emissions.csv; OpenFold reused the ColabFold A3M; MSA build time/carbon copied from the colabfold row.
T1106s2,T1106s2,CASP15,7QIH,A,2,112,1,114,114,114,protenix,1,results/20260603_123021_casp15_casp16_unique_lt1000_all_default_colabfold/sequences/T1106s2.fasta,results/20260603_123021_casp15_casp16_unique_lt1000_all_default_colabfold/predictions/T1106s2/protenix,results/20260603_123021_casp15_casp16_unique_lt1000_all_default_colabfold/predictions/T1106s2/protenix/rank_001.pdb,results/20260603_123021_casp15_casp16_unique_lt1000_all_default_colabfold/predictions/T1106s2/protenix/rank_001.pdb,false,1,2026-06-03T13:05:49+02:00,2026-06-03T13:05:59+02:00,10,results/20260603_123021_casp15_casp16_unique_lt1000_all_default_colabfold/logs/T1106s2_protenix.log,SHARED_MSA_A3M_FILE=results/20260603_123021_casp15_casp16_unique_lt1000_all_default_colabfold/predictions/T1106s2/colabfold/tmp_colabfold/T1106s2_qc_Check_CASP15_7QIH_A_residue_2-112_seq_1-114_coverage_0.909836.a3m SHARED_MSA_DIR=results/20260603_123021_casp15_casp16_unique_lt1000_all_default_colabfold/predictions/T1106s2/colabfold/tmp_colabfold SHARED_MSA_METADATA_FILE=results/20260603_123021_casp15_casp16_unique_lt1000_all_default_colabfold/metadata/prediction_manifest.csv bash runners/run_protenix_shared_msa.sh results/20260603_123021_casp15_casp16_unique_lt1000_all_default_colabfold/sequences/T1106s2.fasta results/20260603_123021_casp15_casp16_unique_lt1000_all_default_colabfold/predictions/T1106s2/protenix 1,runner failed or rank_001.pdb missing; see results/20260603_123021_casp15_casp16_unique_lt1000_all_default_colabfold/logs/T1106s2_protenix.log,Check,Check,multiple equivalent chains match,1.000000,1.000000,0.909836,111,122,high,mapped from mmCIF atom_site CA records; 11 aligned positions lack resolved CA atoms,All groups,A1,YscY-YscX PDB code 7qih,,,,,,,,,,,,,9.389503527898341,0.1206318236226784,0.0002539617339424808,9.389503527898341,0.1206318236226784,0.0002539617339424808,,,,runner CodeCarbon output: results/20260603_123021_casp15_casp16_unique_lt1000_all_default_colabfold/predictions/T1106s2/protenix/carbon/T1106s2_protenix_inference_emissions.csv
T1112,T1112,CASP15,8ORK,AAA,2,460,1,460,460,460,colabfold,1,results/20260603_123021_casp15_casp16_unique_lt1000_all_default_colabfold/sequences/T1112.fasta,results/20260603_123021_casp15_casp16_unique_lt1000_all_default_colabfold/predictions/T1112/colabfold,results/20260603_123021_casp15_casp16_unique_lt1000_all_default_colabfold/predictions/T1112/colabfold/rank_001.pdb,results/20260603_123021_casp15_casp16_unique_lt1000_all_default_colabfold/predictions/T1112/colabfold/rank_001.pdb,pending,,,,,results/20260603_123021_casp15_casp16_unique_lt1000_all_default_colabfold/logs/T1112_colabfold.log,,,Check,Check,multiple equivalent chains match,1.000000,1.000000,0.973913,448,460,high,mapped from mmCIF atom_site CA records; 12 aligned positions lack resolved CA atoms,All groups,A1,O93732.1 PDB code 8ork,,,,,,,,,,,,,,,,,,,,,,
T1112,T1112,CASP15,8ORK,AAA,2,460,1,460,460,460,boltz2,1,results/20260603_123021_casp15_casp16_unique_lt1000_all_default_colabfold/sequences/T1112.fasta,results/20260603_123021_casp15_casp16_unique_lt1000_all_default_colabfold/predictions/T1112/boltz2,results/20260603_123021_casp15_casp16_unique_lt1000_all_default_colabfold/predictions/T1112/boltz2/rank_001.pdb,results/20260603_123021_casp15_casp16_unique_lt1000_all_default_colabfold/predictions/T1112/boltz2/rank_001.pdb,pending,,,,,results/20260603_123021_casp15_casp16_unique_lt1000_all_default_colabfold/logs/T1112_boltz2.log,,,Check,Check,multiple equivalent chains match,1.000000,1.000000,0.973913,448,460,high,mapped from mmCIF atom_site CA records; 12 aligned positions lack resolved CA atoms,All groups,A1,O93732.1 PDB code 8ork,,,,,,,,,,,,,,,,,,,,,,
T1112,T1112,CASP15,8ORK,AAA,2,460,1,460,460,460,openfold,1,results/20260603_123021_casp15_casp16_unique_lt1000_all_default_colabfold/sequences/T1112.fasta,results/20260603_123021_casp15_casp16_unique_lt1000_all_default_colabfold/predictions/T1112/openfold,results/20260603_123021_casp15_casp16_unique_lt1000_all_default_colabfold/predictions/T1112/openfold/rank_001.pdb,results/20260603_123021_casp15_casp16_unique_lt1000_all_default_colabfold/predictions/T1112/openfold/rank_001.pdb,pending,,,,,results/20260603_123021_casp15_casp16_unique_lt1000_all_default_colabfold/logs/T1112_openfold.log,,,Check,Check,multiple equivalent chains match,1.000000,1.000000,0.973913,448,460,high,mapped from mmCIF atom_site CA records; 12 aligned positions lack resolved CA atoms,All groups,A1,O93732.1 PDB code 8ork,,,,,,,,,,,,,,,,,,,,,,
T1112,T1112,CASP15,8ORK,AAA,2,460,1,460,460,460,protenix,1,results/20260603_123021_casp15_casp16_unique_lt1000_all_default_colabfold/sequences/T1112.fasta,results/20260603_123021_casp15_casp16_unique_lt1000_all_default_colabfold/predictions/T1112/protenix,results/20260603_123021_casp15_casp16_unique_lt1000_all_default_colabfold/predictions/T1112/protenix/rank_001.pdb,results/20260603_123021_casp15_casp16_unique_lt1000_all_default_colabfold/predictions/T1112/protenix/rank_001.pdb,pending,,,,,results/20260603_123021_casp15_casp16_unique_lt1000_all_default_colabfold/logs/T1112_protenix.log,,,Check,Check,multiple equivalent chains match,1.000000,1.000000,0.973913,448,460,high,mapped from mmCIF atom_site CA records; 12 aligned positions lack resolved CA atoms,All groups,A1,O93732.1 PDB code 8ork,,,,,,,,,,,,,,,,,,,,,,
T1114s1,T1114s1,CASP15,7UTD,Q,20,78,1,189,189,189,colabfold,1,results/20260603_123021_casp15_casp16_unique_lt1000_all_default_colabfold/sequences/T1114s1.fasta,results/20260603_123021_casp15_casp16_unique_lt1000_all_default_colabfold/predictions/T1114s1/colabfold,results/20260603_123021_casp15_casp16_unique_lt1000_all_default_colabfold/predictions/T1114s1/colabfold/rank_001.pdb,results/20260603_123021_casp15_casp16_unique_lt1000_all_default_colabfold/predictions/T1114s1/colabfold/rank_001.pdb,pending,,,,,results/20260603_123021_casp15_casp16_unique_lt1000_all_default_colabfold/logs/T1114s1_colabfold.log,,,No,No,chain mapping below threshold identity=1.000 coverage=0.317; multiple equivalent chains match,1.000000,0.317460,0.983333,59,60,low,mapped from mmCIF atom_site CA records; 1 aligned positions lack resolved CA atoms,All groups,A1,"A0QUM5, A0QUM6, A0QUM7 PDB code 7utd",,,,,,,,,,,,,,,,,,,,,,
T1114s1,T1114s1,CASP15,7UTD,Q,20,78,1,189,189,189,boltz2,1,results/20260603_123021_casp15_casp16_unique_lt1000_all_default_colabfold/sequences/T1114s1.fasta,results/20260603_123021_casp15_casp16_unique_lt1000_all_default_colabfold/predictions/T1114s1/boltz2,results/20260603_123021_casp15_casp16_unique_lt1000_all_default_colabfold/predictions/T1114s1/boltz2/rank_001.pdb,results/20260603_123021_casp15_casp16_unique_lt1000_all_default_colabfold/predictions/T1114s1/boltz2/rank_001.pdb,pending,,,,,results/20260603_123021_casp15_casp16_unique_lt1000_all_default_colabfold/logs/T1114s1_boltz2.log,,,No,No,chain mapping below threshold identity=1.000 coverage=0.317; multiple equivalent chains match,1.000000,0.317460,0.983333,59,60,low,mapped from mmCIF atom_site CA records; 1 aligned positions lack resolved CA atoms,All groups,A1,"A0QUM5, A0QUM6, A0QUM7 PDB code 7utd",,,,,,,,,,,,,,,,,,,,,,
T1114s1,T1114s1,CASP15,7UTD,Q,20,78,1,189,189,189,openfold,1,results/20260603_123021_casp15_casp16_unique_lt1000_all_default_colabfold/sequences/T1114s1.fasta,results/20260603_123021_casp15_casp16_unique_lt1000_all_default_colabfold/predictions/T1114s1/openfold,results/20260603_123021_casp15_casp16_unique_lt1000_all_default_colabfold/predictions/T1114s1/openfold/rank_001.pdb,results/20260603_123021_casp15_casp16_unique_lt1000_all_default_colabfold/predictions/T1114s1/openfold/rank_001.pdb,pending,,,,,results/20260603_123021_casp15_casp16_unique_lt1000_all_default_colabfold/logs/T1114s1_openfold.log,,,No,No,chain mapping below threshold identity=1.000 coverage=0.317; multiple equivalent chains match,1.000000,0.317460,0.983333,59,60,low,mapped from mmCIF atom_site CA records; 1 aligned positions lack resolved CA atoms,All groups,A1,"A0QUM5, A0QUM6, A0QUM7 PDB code 7utd",,,,,,,,,,,,,,,,,,,,,,
T1114s1,T1114s1,CASP15,7UTD,Q,20,78,1,189,189,189,protenix,1,results/20260603_123021_casp15_casp16_unique_lt1000_all_default_colabfold/sequences/T1114s1.fasta,results/20260603_123021_casp15_casp16_unique_lt1000_all_default_colabfold/predictions/T1114s1/protenix,results/20260603_123021_casp15_casp16_unique_lt1000_all_default_colabfold/predictions/T1114s1/protenix/rank_001.pdb,results/20260603_123021_casp15_casp16_unique_lt1000_all_default_colabfold/predictions/T1114s1/protenix/rank_001.pdb,pending,,,,,results/20260603_123021_casp15_casp16_unique_lt1000_all_default_colabfold/logs/T1114s1_protenix.log,,,No,No,chain mapping below threshold identity=1.000 coverage=0.317; multiple equivalent chains match,1.000000,0.317460,0.983333,59,60,low,mapped from mmCIF atom_site CA records; 1 aligned positions lack resolved CA atoms,All groups,A1,"A0QUM5, A0QUM6, A0QUM7 PDB code 7utd",,,,,,,,,,,,,,,,,,,,,,
T1114s2,T1114s2,CASP15,7UTD,B,2,323,1,369,369,369,colabfold,1,results/20260603_123021_casp15_casp16_unique_lt1000_all_default_colabfold/sequences/T1114s2.fasta,results/20260603_123021_casp15_casp16_unique_lt1000_all_default_colabfold/predictions/T1114s2/colabfold,results/20260603_123021_casp15_casp16_unique_lt1000_all_default_colabfold/predictions/T1114s2/colabfold/rank_001.pdb,results/20260603_123021_casp15_casp16_unique_lt1000_all_default_colabfold/predictions/T1114s2/colabfold/rank_001.pdb,pending,,,,,results/20260603_123021_casp15_casp16_unique_lt1000_all_default_colabfold/logs/T1114s2_colabfold.log,,,Check,Check,multiple equivalent chains match,1.000000,1.000000,0.872629,322,369,high,mapped from mmCIF atom_site CA records; 47 aligned positions lack resolved CA atoms,All groups,A1,"A0QUM5, A0QUM6, A0QUM7 PDB code 7utd",,,,,,,,,,,,,,,,,,,,,,
T1114s2,T1114s2,CASP15,7UTD,B,2,323,1,369,369,369,boltz2,1,results/20260603_123021_casp15_casp16_unique_lt1000_all_default_colabfold/sequences/T1114s2.fasta,results/20260603_123021_casp15_casp16_unique_lt1000_all_default_colabfold/predictions/T1114s2/boltz2,results/20260603_123021_casp15_casp16_unique_lt1000_all_default_colabfold/predictions/T1114s2/boltz2/rank_001.pdb,results/20260603_123021_casp15_casp16_unique_lt1000_all_default_colabfold/predictions/T1114s2/boltz2/rank_001.pdb,pending,,,,,results/20260603_123021_casp15_casp16_unique_lt1000_all_default_colabfold/logs/T1114s2_boltz2.log,,,Check,Check,multiple equivalent chains match,1.000000,1.000000,0.872629,322,369,high,mapped from mmCIF atom_site CA records; 47 aligned positions lack resolved CA atoms,All groups,A1,"A0QUM5, A0QUM6, A0QUM7 PDB code 7utd",,,,,,,,,,,,,,,,,,,,,,
T1114s2,T1114s2,CASP15,7UTD,B,2,323,1,369,369,369,openfold,1,results/20260603_123021_casp15_casp16_unique_lt1000_all_default_colabfold/sequences/T1114s2.fasta,results/20260603_123021_casp15_casp16_unique_lt1000_all_default_colabfold/predictions/T1114s2/openfold,results/20260603_123021_casp15_casp16_unique_lt1000_all_default_colabfold/predictions/T1114s2/openfold/rank_001.pdb,results/20260603_123021_casp15_casp16_unique_lt1000_all_default_colabfold/predictions/T1114s2/openfold/rank_001.pdb,pending,,,,,results/20260603_123021_casp15_casp16_unique_lt1000_all_default_colabfold/logs/T1114s2_openfold.log,,,Check,Check,multiple equivalent chains match,1.000000,1.000000,0.872629,322,369,high,mapped from mmCIF atom_site CA records; 47 aligned positions lack resolved CA atoms,All groups,A1,"A0QUM5, A0QUM6, A0QUM7 PDB code 7utd",,,,,,,,,,,,,,,,,,,,,,
T1114s2,T1114s2,CASP15,7UTD,B,2,323,1,369,369,369,protenix,1,results/20260603_123021_casp15_casp16_unique_lt1000_all_default_colabfold/sequences/T1114s2.fasta,results/20260603_123021_casp15_casp16_unique_lt1000_all_default_colabfold/predictions/T1114s2/protenix,results/20260603_123021_casp15_casp16_unique_lt1000_all_default_colabfold/predictions/T1114s2/protenix/rank_001.pdb,results/20260603_123021_casp15_casp16_unique_lt1000_all_default_colabfold/predictions/T1114s2/protenix/rank_001.pdb,pending,,,,,results/20260603_123021_casp15_casp16_unique_lt1000_all_default_colabfold/logs/T1114s2_protenix.log,,,Check,Check,multiple equivalent chains match,1.000000,1.000000,0.872629,322,369,high,mapped from mmCIF atom_site CA records; 47 aligned positions lack resolved CA atoms,All groups,A1,"A0QUM5, A0QUM6, A0QUM7 PDB code 7utd",,,,,,,,,,,,,,,,,,,,,,
T1114s3,T1114s3,CASP15,7UTD,A,4,516,1,535,535,535,colabfold,1,results/20260603_123021_casp15_casp16_unique_lt1000_all_default_colabfold/sequences/T1114s3.fasta,results/20260603_123021_casp15_casp16_unique_lt1000_all_default_colabfold/predictions/T1114s3/colabfold,results/20260603_123021_casp15_casp16_unique_lt1000_all_default_colabfold/predictions/T1114s3/colabfold/rank_001.pdb,results/20260603_123021_casp15_casp16_unique_lt1000_all_default_colabfold/predictions/T1114s3/colabfold/rank_001.pdb,pending,,,,,results/20260603_123021_casp15_casp16_unique_lt1000_all_default_colabfold/logs/T1114s3_colabfold.log,,,Check,Check,multiple equivalent chains match,1.000000,0.958879,0.998051,512,513,high,mapped from mmCIF atom_site CA records; 1 aligned positions lack resolved CA atoms,All groups,A1,"A0QUM5, A0QUM6, A0QUM7 PDB code 7utd",,,,,,,,,,,,,,,,,,,,,,
T1114s3,T1114s3,CASP15,7UTD,A,4,516,1,535,535,535,boltz2,1,results/20260603_123021_casp15_casp16_unique_lt1000_all_default_colabfold/sequences/T1114s3.fasta,results/20260603_123021_casp15_casp16_unique_lt1000_all_default_colabfold/predictions/T1114s3/boltz2,results/20260603_123021_casp15_casp16_unique_lt1000_all_default_colabfold/predictions/T1114s3/boltz2/rank_001.pdb,results/20260603_123021_casp15_casp16_unique_lt1000_all_default_colabfold/predictions/T1114s3/boltz2/rank_001.pdb,pending,,,,,results/20260603_123021_casp15_casp16_unique_lt1000_all_default_colabfold/logs/T1114s3_boltz2.log,,,Check,Check,multiple equivalent chains match,1.000000,0.958879,0.998051,512,513,high,mapped from mmCIF atom_site CA records; 1 aligned positions lack resolved CA atoms,All groups,A1,"A0QUM5, A0QUM6, A0QUM7 PDB code 7utd",,,,,,,,,,,,,,,,,,,,,,
T1114s3,T1114s3,CASP15,7UTD,A,4,516,1,535,535,535,openfold,1,results/20260603_123021_casp15_casp16_unique_lt1000_all_default_colabfold/sequences/T1114s3.fasta,results/20260603_123021_casp15_casp16_unique_lt1000_all_default_colabfold/predictions/T1114s3/openfold,results/20260603_123021_casp15_casp16_unique_lt1000_all_default_colabfold/predictions/T1114s3/openfold/rank_001.pdb,results/20260603_123021_casp15_casp16_unique_lt1000_all_default_colabfold/predictions/T1114s3/openfold/rank_001.pdb,pending,,,,,results/20260603_123021_casp15_casp16_unique_lt1000_all_default_colabfold/logs/T1114s3_openfold.log,,,Check,Check,multiple equivalent chains match,1.000000,0.958879,0.998051,512,513,high,mapped from mmCIF atom_site CA records; 1 aligned positions lack resolved CA atoms,All groups,A1,"A0QUM5, A0QUM6, A0QUM7 PDB code 7utd",,,,,,,,,,,,,,,,,,,,,,
T1114s3,T1114s3,CASP15,7UTD,A,4,516,1,535,535,535,protenix,1,results/20260603_123021_casp15_casp16_unique_lt1000_all_default_colabfold/sequences/T1114s3.fasta,results/20260603_123021_casp15_casp16_unique_lt1000_all_default_colabfold/predictions/T1114s3/protenix,results/20260603_123021_casp15_casp16_unique_lt1000_all_default_colabfold/predictions/T1114s3/protenix/rank_001.pdb,results/20260603_123021_casp15_casp16_unique_lt1000_all_default_colabfold/predictions/T1114s3/protenix/rank_001.pdb,pending,,,,,results/20260603_123021_casp15_casp16_unique_lt1000_all_default_colabfold/logs/T1114s3_protenix.log,,,Check,Check,multiple equivalent chains match,1.000000,0.958879,0.998051,512,513,high,mapped from mmCIF atom_site CA records; 1 aligned positions lack resolved CA atoms,All groups,A1,"A0QUM5, A0QUM6, A0QUM7 PDB code 7utd",,,,,,,,,,,,,,,,,,,,,,
T1120,T1120,CASP15,7QVB,B,4,231,1,235,235,235,colabfold,1,results/20260603_123021_casp15_casp16_unique_lt1000_all_default_colabfold/sequences/T1120.fasta,results/20260603_123021_casp15_casp16_unique_lt1000_all_default_colabfold/predictions/T1120/colabfold,results/20260603_123021_casp15_casp16_unique_lt1000_all_default_colabfold/predictions/T1120/colabfold/rank_001.pdb,results/20260603_123021_casp15_casp16_unique_lt1000_all_default_colabfold/predictions/T1120/colabfold/rank_001.pdb,pending,,,,,results/20260603_123021_casp15_casp16_unique_lt1000_all_default_colabfold/logs/T1120_colabfold.log,,,Check,Check,multiple equivalent chains match,1.000000,1.000000,0.970213,228,235,high,mapped from mmCIF atom_site CA records; 7 aligned positions lack resolved CA atoms,All groups,A1,DdrC PDB code 7qvb,,,,,,,,,,,,,,,,,,,,,,
T1120,T1120,CASP15,7QVB,B,4,231,1,235,235,235,boltz2,1,results/20260603_123021_casp15_casp16_unique_lt1000_all_default_colabfold/sequences/T1120.fasta,results/20260603_123021_casp15_casp16_unique_lt1000_all_default_colabfold/predictions/T1120/boltz2,results/20260603_123021_casp15_casp16_unique_lt1000_all_default_colabfold/predictions/T1120/boltz2/rank_001.pdb,results/20260603_123021_casp15_casp16_unique_lt1000_all_default_colabfold/predictions/T1120/boltz2/rank_001.pdb,pending,,,,,results/20260603_123021_casp15_casp16_unique_lt1000_all_default_colabfold/logs/T1120_boltz2.log,,,Check,Check,multiple equivalent chains match,1.000000,1.000000,0.970213,228,235,high,mapped from mmCIF atom_site CA records; 7 aligned positions lack resolved CA atoms,All groups,A1,DdrC PDB code 7qvb,,,,,,,,,,,,,,,,,,,,,,
T1120,T1120,CASP15,7QVB,B,4,231,1,235,235,235,openfold,1,results/20260603_123021_casp15_casp16_unique_lt1000_all_default_colabfold/sequences/T1120.fasta,results/20260603_123021_casp15_casp16_unique_lt1000_all_default_colabfold/predictions/T1120/openfold,results/20260603_123021_casp15_casp16_unique_lt1000_all_default_colabfold/predictions/T1120/openfold/rank_001.pdb,results/20260603_123021_casp15_casp16_unique_lt1000_all_default_colabfold/predictions/T1120/openfold/rank_001.pdb,pending,,,,,results/20260603_123021_casp15_casp16_unique_lt1000_all_default_colabfold/logs/T1120_openfold.log,,,Check,Check,multiple equivalent chains match,1.000000,1.000000,0.970213,228,235,high,mapped from mmCIF atom_site CA records; 7 aligned positions lack resolved CA atoms,All groups,A1,DdrC PDB code 7qvb,,,,,,,,,,,,,,,,,,,,,,
T1120,T1120,CASP15,7QVB,B,4,231,1,235,235,235,protenix,1,results/20260603_123021_casp15_casp16_unique_lt1000_all_default_colabfold/sequences/T1120.fasta,results/20260603_123021_casp15_casp16_unique_lt1000_all_default_colabfold/predictions/T1120/protenix,results/20260603_123021_casp15_casp16_unique_lt1000_all_default_colabfold/predictions/T1120/protenix/rank_001.pdb,results/20260603_123021_casp15_casp16_unique_lt1000_all_default_colabfold/predictions/T1120/protenix/rank_001.pdb,pending,,,,,results/20260603_123021_casp15_casp16_unique_lt1000_all_default_colabfold/logs/T1120_protenix.log,,,Check,Check,multiple equivalent chains match,1.000000,1.000000,0.970213,228,235,high,mapped from mmCIF atom_site CA records; 7 aligned positions lack resolved CA atoms,All groups,A1,DdrC PDB code 7qvb,,,,,,,,,,,,,,,,,,,,,,
T1122,T1122,CASP15,8BBT,A,4,237,1,241,241,241,colabfold,1,results/20260603_123021_casp15_casp16_unique_lt1000_all_default_colabfold/sequences/T1122.fasta,results/20260603_123021_casp15_casp16_unique_lt1000_all_default_colabfold/predictions/T1122/colabfold,results/20260603_123021_casp15_casp16_unique_lt1000_all_default_colabfold/predictions/T1122/colabfold/rank_001.pdb,results/20260603_123021_casp15_casp16_unique_lt1000_all_default_colabfold/predictions/T1122/colabfold/rank_001.pdb,pending,,,,,results/20260603_123021_casp15_casp16_unique_lt1000_all_default_colabfold/logs/T1122_colabfold.log,,,Yes,Yes,prefiltered A1 protein target with mapped residue range,1.000000,1.000000,0.954357,230,241,high,mapped from mmCIF atom_site CA records; 11 aligned positions lack resolved CA atoms,All groups,A1,A0A0B4VFQ3 PDB code 8bbt,,,,,,,,,,,,,,,,,,,,,,
T1122,T1122,CASP15,8BBT,A,4,237,1,241,241,241,boltz2,1,results/20260603_123021_casp15_casp16_unique_lt1000_all_default_colabfold/sequences/T1122.fasta,results/20260603_123021_casp15_casp16_unique_lt1000_all_default_colabfold/predictions/T1122/boltz2,results/20260603_123021_casp15_casp16_unique_lt1000_all_default_colabfold/predictions/T1122/boltz2/rank_001.pdb,results/20260603_123021_casp15_casp16_unique_lt1000_all_default_colabfold/predictions/T1122/boltz2/rank_001.pdb,pending,,,,,results/20260603_123021_casp15_casp16_unique_lt1000_all_default_colabfold/logs/T1122_boltz2.log,,,Yes,Yes,prefiltered A1 protein target with mapped residue range,1.000000,1.000000,0.954357,230,241,high,mapped from mmCIF atom_site CA records; 11 aligned positions lack resolved CA atoms,All groups,A1,A0A0B4VFQ3 PDB code 8bbt,,,,,,,,,,,,,,,,,,,,,,
T1122,T1122,CASP15,8BBT,A,4,237,1,241,241,241,openfold,1,results/20260603_123021_casp15_casp16_unique_lt1000_all_default_colabfold/sequences/T1122.fasta,results/20260603_123021_casp15_casp16_unique_lt1000_all_default_colabfold/predictions/T1122/openfold,results/20260603_123021_casp15_casp16_unique_lt1000_all_default_colabfold/predictions/T1122/openfold/rank_001.pdb,results/20260603_123021_casp15_casp16_unique_lt1000_all_default_colabfold/predictions/T1122/openfold/rank_001.pdb,pending,,,,,results/20260603_123021_casp15_casp16_unique_lt1000_all_default_colabfold/logs/T1122_openfold.log,,,Yes,Yes,prefiltered A1 protein target with mapped residue range,1.000000,1.000000,0.954357,230,241,high,mapped from mmCIF atom_site CA records; 11 aligned positions lack resolved CA atoms,All groups,A1,A0A0B4VFQ3 PDB code 8bbt,,,,,,,,,,,,,,,,,,,,,,
T1122,T1122,CASP15,8BBT,A,4,237,1,241,241,241,protenix,1,results/20260603_123021_casp15_casp16_unique_lt1000_all_default_colabfold/sequences/T1122.fasta,results/20260603_123021_casp15_casp16_unique_lt1000_all_default_colabfold/predictions/T1122/protenix,results/20260603_123021_casp15_casp16_unique_lt1000_all_default_colabfold/predictions/T1122/protenix/rank_001.pdb,results/20260603_123021_casp15_casp16_unique_lt1000_all_default_colabfold/predictions/T1122/protenix/rank_001.pdb,pending,,,,,results/20260603_123021_casp15_casp16_unique_lt1000_all_default_colabfold/logs/T1122_protenix.log,,,Yes,Yes,prefiltered A1 protein target with mapped residue range,1.000000,1.000000,0.954357,230,241,high,mapped from mmCIF atom_site CA records; 11 aligned positions lack resolved CA atoms,All groups,A1,A0A0B4VFQ3 PDB code 8bbt,,,,,,,,,,,,,,,,,,,,,,
T1129s2,T1129s2,CASP15,8A8C,B,41,640,1,640,640,640,colabfold,1,results/20260603_123021_casp15_casp16_unique_lt1000_all_default_colabfold/sequences/T1129s2.fasta,results/20260603_123021_casp15_casp16_unique_lt1000_all_default_colabfold/predictions/T1129s2/colabfold,results/20260603_123021_casp15_casp16_unique_lt1000_all_default_colabfold/predictions/T1129s2/colabfold/rank_001.pdb,results/20260603_123021_casp15_casp16_unique_lt1000_all_default_colabfold/predictions/T1129s2/colabfold/rank_001.pdb,pending,,,,,results/20260603_123021_casp15_casp16_unique_lt1000_all_default_colabfold/logs/T1129s2_colabfold.log,,,Yes,Yes,prefiltered A1 protein target with mapped residue range,1.000000,1.000000,0.825000,528,640,high,mapped from mmCIF atom_site CA records; 112 aligned positions lack resolved CA atoms,All groups,A1,P06971; P23207 PDB code 8a8c,,,,,,,,,,,,,,,,,,,,,,
T1129s2,T1129s2,CASP15,8A8C,B,41,640,1,640,640,640,boltz2,1,results/20260603_123021_casp15_casp16_unique_lt1000_all_default_colabfold/sequences/T1129s2.fasta,results/20260603_123021_casp15_casp16_unique_lt1000_all_default_colabfold/predictions/T1129s2/boltz2,results/20260603_123021_casp15_casp16_unique_lt1000_all_default_colabfold/predictions/T1129s2/boltz2/rank_001.pdb,results/20260603_123021_casp15_casp16_unique_lt1000_all_default_colabfold/predictions/T1129s2/boltz2/rank_001.pdb,pending,,,,,results/20260603_123021_casp15_casp16_unique_lt1000_all_default_colabfold/logs/T1129s2_boltz2.log,,,Yes,Yes,prefiltered A1 protein target with mapped residue range,1.000000,1.000000,0.825000,528,640,high,mapped from mmCIF atom_site CA records; 112 aligned positions lack resolved CA atoms,All groups,A1,P06971; P23207 PDB code 8a8c,,,,,,,,,,,,,,,,,,,,,,
T1129s2,T1129s2,CASP15,8A8C,B,41,640,1,640,640,640,openfold,1,results/20260603_123021_casp15_casp16_unique_lt1000_all_default_colabfold/sequences/T1129s2.fasta,results/20260603_123021_casp15_casp16_unique_lt1000_all_default_colabfold/predictions/T1129s2/openfold,results/20260603_123021_casp15_casp16_unique_lt1000_all_default_colabfold/predictions/T1129s2/openfold/rank_001.pdb,results/20260603_123021_casp15_casp16_unique_lt1000_all_default_colabfold/predictions/T1129s2/openfold/rank_001.pdb,pending,,,,,results/20260603_123021_casp15_casp16_unique_lt1000_all_default_colabfold/logs/T1129s2_openfold.log,,,Yes,Yes,prefiltered A1 protein target with mapped residue range,1.000000,1.000000,0.825000,528,640,high,mapped from mmCIF atom_site CA records; 112 aligned positions lack resolved CA atoms,All groups,A1,P06971; P23207 PDB code 8a8c,,,,,,,,,,,,,,,,,,,,,,
T1129s2,T1129s2,CASP15,8A8C,B,41,640,1,640,640,640,protenix,1,results/20260603_123021_casp15_casp16_unique_lt1000_all_default_colabfold/sequences/T1129s2.fasta,results/20260603_123021_casp15_casp16_unique_lt1000_all_default_colabfold/predictions/T1129s2/protenix,results/20260603_123021_casp15_casp16_unique_lt1000_all_default_colabfold/predictions/T1129s2/protenix/rank_001.pdb,results/20260603_123021_casp15_casp16_unique_lt1000_all_default_colabfold/predictions/T1129s2/protenix/rank_001.pdb,pending,,,,,results/20260603_123021_casp15_casp16_unique_lt1000_all_default_colabfold/logs/T1129s2_protenix.log,,,Yes,Yes,prefiltered A1 protein target with mapped residue range,1.000000,1.000000,0.825000,528,640,high,mapped from mmCIF atom_site CA records; 112 aligned positions lack resolved CA atoms,All groups,A1,P06971; P23207 PDB code 8a8c,,,,,,,,,,,,,,,,,,,,,,
T1133,T1133,CASP15,8DYS,A,4,427,1,585,585,585,colabfold,1,results/20260603_123021_casp15_casp16_unique_lt1000_all_default_colabfold/sequences/T1133.fasta,results/20260603_123021_casp15_casp16_unique_lt1000_all_default_colabfold/predictions/T1133/colabfold,results/20260603_123021_casp15_casp16_unique_lt1000_all_default_colabfold/predictions/T1133/colabfold/rank_001.pdb,results/20260603_123021_casp15_casp16_unique_lt1000_all_default_colabfold/predictions/T1133/colabfold/rank_001.pdb,pending,,,,,results/20260603_123021_casp15_casp16_unique_lt1000_all_default_colabfold/logs/T1133_colabfold.log,,,Check,Check,reference coverage below threshold 0.699,1.000000,1.000000,0.699145,409,585,high,mapped from mmCIF atom_site CA records; 176 aligned positions lack resolved CA atoms,All groups,A1,Q9BY44 PDB code 8dys,,,,,,,,,,,,,,,,,,,,,,
T1133,T1133,CASP15,8DYS,A,4,427,1,585,585,585,boltz2,1,results/20260603_123021_casp15_casp16_unique_lt1000_all_default_colabfold/sequences/T1133.fasta,results/20260603_123021_casp15_casp16_unique_lt1000_all_default_colabfold/predictions/T1133/boltz2,results/20260603_123021_casp15_casp16_unique_lt1000_all_default_colabfold/predictions/T1133/boltz2/rank_001.pdb,results/20260603_123021_casp15_casp16_unique_lt1000_all_default_colabfold/predictions/T1133/boltz2/rank_001.pdb,pending,,,,,results/20260603_123021_casp15_casp16_unique_lt1000_all_default_colabfold/logs/T1133_boltz2.log,,,Check,Check,reference coverage below threshold 0.699,1.000000,1.000000,0.699145,409,585,high,mapped from mmCIF atom_site CA records; 176 aligned positions lack resolved CA atoms,All groups,A1,Q9BY44 PDB code 8dys,,,,,,,,,,,,,,,,,,,,,,
T1133,T1133,CASP15,8DYS,A,4,427,1,585,585,585,openfold,1,results/20260603_123021_casp15_casp16_unique_lt1000_all_default_colabfold/sequences/T1133.fasta,results/20260603_123021_casp15_casp16_unique_lt1000_all_default_colabfold/predictions/T1133/openfold,results/20260603_123021_casp15_casp16_unique_lt1000_all_default_colabfold/predictions/T1133/openfold/rank_001.pdb,results/20260603_123021_casp15_casp16_unique_lt1000_all_default_colabfold/predictions/T1133/openfold/rank_001.pdb,pending,,,,,results/20260603_123021_casp15_casp16_unique_lt1000_all_default_colabfold/logs/T1133_openfold.log,,,Check,Check,reference coverage below threshold 0.699,1.000000,1.000000,0.699145,409,585,high,mapped from mmCIF atom_site CA records; 176 aligned positions lack resolved CA atoms,All groups,A1,Q9BY44 PDB code 8dys,,,,,,,,,,,,,,,,,,,,,,
T1133,T1133,CASP15,8DYS,A,4,427,1,585,585,585,protenix,1,results/20260603_123021_casp15_casp16_unique_lt1000_all_default_colabfold/sequences/T1133.fasta,results/20260603_123021_casp15_casp16_unique_lt1000_all_default_colabfold/predictions/T1133/protenix,results/20260603_123021_casp15_casp16_unique_lt1000_all_default_colabfold/predictions/T1133/protenix/rank_001.pdb,results/20260603_123021_casp15_casp16_unique_lt1000_all_default_colabfold/predictions/T1133/protenix/rank_001.pdb,pending,,,,,results/20260603_123021_casp15_casp16_unique_lt1000_all_default_colabfold/logs/T1133_protenix.log,,,Check,Check,reference coverage below threshold 0.699,1.000000,1.000000,0.699145,409,585,high,mapped from mmCIF atom_site CA records; 176 aligned positions lack resolved CA atoms,All groups,A1,Q9BY44 PDB code 8dys,,,,,,,,,,,,,,,,,,,,,,
T1134s1,T1134s1,CASP15,7UBZ,A,1,230,1,230,230,230,colabfold,1,results/20260603_123021_casp15_casp16_unique_lt1000_all_default_colabfold/sequences/T1134s1.fasta,results/20260603_123021_casp15_casp16_unique_lt1000_all_default_colabfold/predictions/T1134s1/colabfold,results/20260603_123021_casp15_casp16_unique_lt1000_all_default_colabfold/predictions/T1134s1/colabfold/rank_001.pdb,results/20260603_123021_casp15_casp16_unique_lt1000_all_default_colabfold/predictions/T1134s1/colabfold/rank_001.pdb,pending,,,,,results/20260603_123021_casp15_casp16_unique_lt1000_all_default_colabfold/logs/T1134s1_colabfold.log,,,Check,Check,multiple equivalent chains match,1.000000,1.000000,1.000000,230,230,high,mapped from mmCIF atom_site CA records,All groups,A1,"TleTli or WP_062934778.1, WP_013096194 PDB code 7ubz",,,,,,,,,,,,,,,,,,,,,,
T1134s1,T1134s1,CASP15,7UBZ,A,1,230,1,230,230,230,boltz2,1,results/20260603_123021_casp15_casp16_unique_lt1000_all_default_colabfold/sequences/T1134s1.fasta,results/20260603_123021_casp15_casp16_unique_lt1000_all_default_colabfold/predictions/T1134s1/boltz2,results/20260603_123021_casp15_casp16_unique_lt1000_all_default_colabfold/predictions/T1134s1/boltz2/rank_001.pdb,results/20260603_123021_casp15_casp16_unique_lt1000_all_default_colabfold/predictions/T1134s1/boltz2/rank_001.pdb,pending,,,,,results/20260603_123021_casp15_casp16_unique_lt1000_all_default_colabfold/logs/T1134s1_boltz2.log,,,Check,Check,multiple equivalent chains match,1.000000,1.000000,1.000000,230,230,high,mapped from mmCIF atom_site CA records,All groups,A1,"TleTli or WP_062934778.1, WP_013096194 PDB code 7ubz",,,,,,,,,,,,,,,,,,,,,,
T1134s1,T1134s1,CASP15,7UBZ,A,1,230,1,230,230,230,openfold,1,results/20260603_123021_casp15_casp16_unique_lt1000_all_default_colabfold/sequences/T1134s1.fasta,results/20260603_123021_casp15_casp16_unique_lt1000_all_default_colabfold/predictions/T1134s1/openfold,results/20260603_123021_casp15_casp16_unique_lt1000_all_default_colabfold/predictions/T1134s1/openfold/rank_001.pdb,results/20260603_123021_casp15_casp16_unique_lt1000_all_default_colabfold/predictions/T1134s1/openfold/rank_001.pdb,pending,,,,,results/20260603_123021_casp15_casp16_unique_lt1000_all_default_colabfold/logs/T1134s1_openfold.log,,,Check,Check,multiple equivalent chains match,1.000000,1.000000,1.000000,230,230,high,mapped from mmCIF atom_site CA records,All groups,A1,"TleTli or WP_062934778.1, WP_013096194 PDB code 7ubz",,,,,,,,,,,,,,,,,,,,,,
T1134s1,T1134s1,CASP15,7UBZ,A,1,230,1,230,230,230,protenix,1,results/20260603_123021_casp15_casp16_unique_lt1000_all_default_colabfold/sequences/T1134s1.fasta,results/20260603_123021_casp15_casp16_unique_lt1000_all_default_colabfold/predictions/T1134s1/protenix,results/20260603_123021_casp15_casp16_unique_lt1000_all_default_colabfold/predictions/T1134s1/protenix/rank_001.pdb,results/20260603_123021_casp15_casp16_unique_lt1000_all_default_colabfold/predictions/T1134s1/protenix/rank_001.pdb,pending,,,,,results/20260603_123021_casp15_casp16_unique_lt1000_all_default_colabfold/logs/T1134s1_protenix.log,,,Check,Check,multiple equivalent chains match,1.000000,1.000000,1.000000,230,230,high,mapped from mmCIF atom_site CA records,All groups,A1,"TleTli or WP_062934778.1, WP_013096194 PDB code 7ubz",,,,,,,,,,,,,,,,,,,,,,
T1134s2,T1134s2,CASP15,7UBZ,D,168,472,1,313,313,313,colabfold,1,results/20260603_123021_casp15_casp16_unique_lt1000_all_default_colabfold/sequences/T1134s2.fasta,results/20260603_123021_casp15_casp16_unique_lt1000_all_default_colabfold/predictions/T1134s2/colabfold,results/20260603_123021_casp15_casp16_unique_lt1000_all_default_colabfold/predictions/T1134s2/colabfold/rank_001.pdb,results/20260603_123021_casp15_casp16_unique_lt1000_all_default_colabfold/predictions/T1134s2/colabfold/rank_001.pdb,pending,,,,,results/20260603_123021_casp15_casp16_unique_lt1000_all_default_colabfold/logs/T1134s2_colabfold.log,,,Check,Check,reference coverage below threshold 0.645; multiple equivalent chains match,1.000000,1.000000,0.645367,202,313,high,mapped from mmCIF atom_site CA records; 111 aligned positions lack resolved CA atoms,All groups,A1,"TleTli or WP_062934778.1, WP_013096194 PDB code 7ubz",,,,,,,,,,,,,,,,,,,,,,
T1134s2,T1134s2,CASP15,7UBZ,D,168,472,1,313,313,313,boltz2,1,results/20260603_123021_casp15_casp16_unique_lt1000_all_default_colabfold/sequences/T1134s2.fasta,results/20260603_123021_casp15_casp16_unique_lt1000_all_default_colabfold/predictions/T1134s2/boltz2,results/20260603_123021_casp15_casp16_unique_lt1000_all_default_colabfold/predictions/T1134s2/boltz2/rank_001.pdb,results/20260603_123021_casp15_casp16_unique_lt1000_all_default_colabfold/predictions/T1134s2/boltz2/rank_001.pdb,pending,,,,,results/20260603_123021_casp15_casp16_unique_lt1000_all_default_colabfold/logs/T1134s2_boltz2.log,,,Check,Check,reference coverage below threshold 0.645; multiple equivalent chains match,1.000000,1.000000,0.645367,202,313,high,mapped from mmCIF atom_site CA records; 111 aligned positions lack resolved CA atoms,All groups,A1,"TleTli or WP_062934778.1, WP_013096194 PDB code 7ubz",,,,,,,,,,,,,,,,,,,,,,
T1134s2,T1134s2,CASP15,7UBZ,D,168,472,1,313,313,313,openfold,1,results/20260603_123021_casp15_casp16_unique_lt1000_all_default_colabfold/sequences/T1134s2.fasta,results/20260603_123021_casp15_casp16_unique_lt1000_all_default_colabfold/predictions/T1134s2/openfold,results/20260603_123021_casp15_casp16_unique_lt1000_all_default_colabfold/predictions/T1134s2/openfold/rank_001.pdb,results/20260603_123021_casp15_casp16_unique_lt1000_all_default_colabfold/predictions/T1134s2/openfold/rank_001.pdb,pending,,,,,results/20260603_123021_casp15_casp16_unique_lt1000_all_default_colabfold/logs/T1134s2_openfold.log,,,Check,Check,reference coverage below threshold 0.645; multiple equivalent chains match,1.000000,1.000000,0.645367,202,313,high,mapped from mmCIF atom_site CA records; 111 aligned positions lack resolved CA atoms,All groups,A1,"TleTli or WP_062934778.1, WP_013096194 PDB code 7ubz",,,,,,,,,,,,,,,,,,,,,,
T1134s2,T1134s2,CASP15,7UBZ,D,168,472,1,313,313,313,protenix,1,results/20260603_123021_casp15_casp16_unique_lt1000_all_default_colabfold/sequences/T1134s2.fasta,results/20260603_123021_casp15_casp16_unique_lt1000_all_default_colabfold/predictions/T1134s2/protenix,results/20260603_123021_casp15_casp16_unique_lt1000_all_default_colabfold/predictions/T1134s2/protenix/rank_001.pdb,results/20260603_123021_casp15_casp16_unique_lt1000_all_default_colabfold/predictions/T1134s2/protenix/rank_001.pdb,pending,,,,,results/20260603_123021_casp15_casp16_unique_lt1000_all_default_colabfold/logs/T1134s2_protenix.log,,,Check,Check,reference coverage below threshold 0.645; multiple equivalent chains match,1.000000,1.000000,0.645367,202,313,high,mapped from mmCIF atom_site CA records; 111 aligned positions lack resolved CA atoms,All groups,A1,"TleTli or WP_062934778.1, WP_013096194 PDB code 7ubz",,,,,,,,,,,,,,,,,,,,,,
T1137s1,T1137s1,CASP15,8FEF,A,18,409,1,409,409,409,colabfold,1,results/20260603_123021_casp15_casp16_unique_lt1000_all_default_colabfold/sequences/T1137s1.fasta,results/20260603_123021_casp15_casp16_unique_lt1000_all_default_colabfold/predictions/T1137s1/colabfold,results/20260603_123021_casp15_casp16_unique_lt1000_all_default_colabfold/predictions/T1137s1/colabfold/rank_001.pdb,results/20260603_123021_casp15_casp16_unique_lt1000_all_default_colabfold/predictions/T1137s1/colabfold/rank_001.pdb,pending,,,,,results/20260603_123021_casp15_casp16_unique_lt1000_all_default_colabfold/logs/T1137s1_colabfold.log,,,Yes,Yes,prefiltered A1 protein target with mapped residue range,1.000000,1.000000,0.958435,392,409,high,mapped from mmCIF atom_site CA records; 17 aligned positions lack resolved CA atoms,All groups,A1,MceG complex PDB code 8fef,,,,,,,,,,,,,,,,,,,,,,
T1137s1,T1137s1,CASP15,8FEF,A,18,409,1,409,409,409,boltz2,1,results/20260603_123021_casp15_casp16_unique_lt1000_all_default_colabfold/sequences/T1137s1.fasta,results/20260603_123021_casp15_casp16_unique_lt1000_all_default_colabfold/predictions/T1137s1/boltz2,results/20260603_123021_casp15_casp16_unique_lt1000_all_default_colabfold/predictions/T1137s1/boltz2/rank_001.pdb,results/20260603_123021_casp15_casp16_unique_lt1000_all_default_colabfold/predictions/T1137s1/boltz2/rank_001.pdb,pending,,,,,results/20260603_123021_casp15_casp16_unique_lt1000_all_default_colabfold/logs/T1137s1_boltz2.log,,,Yes,Yes,prefiltered A1 protein target with mapped residue range,1.000000,1.000000,0.958435,392,409,high,mapped from mmCIF atom_site CA records; 17 aligned positions lack resolved CA atoms,All groups,A1,MceG complex PDB code 8fef,,,,,,,,,,,,,,,,,,,,,,
T1137s1,T1137s1,CASP15,8FEF,A,18,409,1,409,409,409,openfold,1,results/20260603_123021_casp15_casp16_unique_lt1000_all_default_colabfold/sequences/T1137s1.fasta,results/20260603_123021_casp15_casp16_unique_lt1000_all_default_colabfold/predictions/T1137s1/openfold,results/20260603_123021_casp15_casp16_unique_lt1000_all_default_colabfold/predictions/T1137s1/openfold/rank_001.pdb,results/20260603_123021_casp15_casp16_unique_lt1000_all_default_colabfold/predictions/T1137s1/openfold/rank_001.pdb,pending,,,,,results/20260603_123021_casp15_casp16_unique_lt1000_all_default_colabfold/logs/T1137s1_openfold.log,,,Yes,Yes,prefiltered A1 protein target with mapped residue range,1.000000,1.000000,0.958435,392,409,high,mapped from mmCIF atom_site CA records; 17 aligned positions lack resolved CA atoms,All groups,A1,MceG complex PDB code 8fef,,,,,,,,,,,,,,,,,,,,,,
T1137s1,T1137s1,CASP15,8FEF,A,18,409,1,409,409,409,protenix,1,results/20260603_123021_casp15_casp16_unique_lt1000_all_default_colabfold/sequences/T1137s1.fasta,results/20260603_123021_casp15_casp16_unique_lt1000_all_default_colabfold/predictions/T1137s1/protenix,results/20260603_123021_casp15_casp16_unique_lt1000_all_default_colabfold/predictions/T1137s1/protenix/rank_001.pdb,results/20260603_123021_casp15_casp16_unique_lt1000_all_default_colabfold/predictions/T1137s1/protenix/rank_001.pdb,pending,,,,,results/20260603_123021_casp15_casp16_unique_lt1000_all_default_colabfold/logs/T1137s1_protenix.log,,,Yes,Yes,prefiltered A1 protein target with mapped residue range,1.000000,1.000000,0.958435,392,409,high,mapped from mmCIF atom_site CA records; 17 aligned positions lack resolved CA atoms,All groups,A1,MceG complex PDB code 8fef,,,,,,,,,,,,,,,,,,,,,,
T1137s2,T1137s2,CASP15,8FEF,B,2,343,1,343,343,343,colabfold,1,results/20260603_123021_casp15_casp16_unique_lt1000_all_default_colabfold/sequences/T1137s2.fasta,results/20260603_123021_casp15_casp16_unique_lt1000_all_default_colabfold/predictions/T1137s2/colabfold,results/20260603_123021_casp15_casp16_unique_lt1000_all_default_colabfold/predictions/T1137s2/colabfold/rank_001.pdb,results/20260603_123021_casp15_casp16_unique_lt1000_all_default_colabfold/predictions/T1137s2/colabfold/rank_001.pdb,pending,,,,,results/20260603_123021_casp15_casp16_unique_lt1000_all_default_colabfold/logs/T1137s2_colabfold.log,,,Yes,Yes,prefiltered A1 protein target with mapped residue range,1.000000,1.000000,0.976676,335,343,high,mapped from mmCIF atom_site CA records; 8 aligned positions lack resolved CA atoms,All groups,A1,MceG complex PDB code 8fef,,,,,,,,,,,,,,,,,,,,,,
T1137s2,T1137s2,CASP15,8FEF,B,2,343,1,343,343,343,boltz2,1,results/20260603_123021_casp15_casp16_unique_lt1000_all_default_colabfold/sequences/T1137s2.fasta,results/20260603_123021_casp15_casp16_unique_lt1000_all_default_colabfold/predictions/T1137s2/boltz2,results/20260603_123021_casp15_casp16_unique_lt1000_all_default_colabfold/predictions/T1137s2/boltz2/rank_001.pdb,results/20260603_123021_casp15_casp16_unique_lt1000_all_default_colabfold/predictions/T1137s2/boltz2/rank_001.pdb,pending,,,,,results/20260603_123021_casp15_casp16_unique_lt1000_all_default_colabfold/logs/T1137s2_boltz2.log,,,Yes,Yes,prefiltered A1 protein target with mapped residue range,1.000000,1.000000,0.976676,335,343,high,mapped from mmCIF atom_site CA records; 8 aligned positions lack resolved CA atoms,All groups,A1,MceG complex PDB code 8fef,,,,,,,,,,,,,,,,,,,,,,
T1137s2,T1137s2,CASP15,8FEF,B,2,343,1,343,343,343,openfold,1,results/20260603_123021_casp15_casp16_unique_lt1000_all_default_colabfold/sequences/T1137s2.fasta,results/20260603_123021_casp15_casp16_unique_lt1000_all_default_colabfold/predictions/T1137s2/openfold,results/20260603_123021_casp15_casp16_unique_lt1000_all_default_colabfold/predictions/T1137s2/openfold/rank_001.pdb,results/20260603_123021_casp15_casp16_unique_lt1000_all_default_colabfold/predictions/T1137s2/openfold/rank_001.pdb,pending,,,,,results/20260603_123021_casp15_casp16_unique_lt1000_all_default_colabfold/logs/T1137s2_openfold.log,,,Yes,Yes,prefiltered A1 protein target with mapped residue range,1.000000,1.000000,0.976676,335,343,high,mapped from mmCIF atom_site CA records; 8 aligned positions lack resolved CA atoms,All groups,A1,MceG complex PDB code 8fef,,,,,,,,,,,,,,,,,,,,,,
T1137s2,T1137s2,CASP15,8FEF,B,2,343,1,343,343,343,protenix,1,results/20260603_123021_casp15_casp16_unique_lt1000_all_default_colabfold/sequences/T1137s2.fasta,results/20260603_123021_casp15_casp16_unique_lt1000_all_default_colabfold/predictions/T1137s2/protenix,results/20260603_123021_casp15_casp16_unique_lt1000_all_default_colabfold/predictions/T1137s2/protenix/rank_001.pdb,results/20260603_123021_casp15_casp16_unique_lt1000_all_default_colabfold/predictions/T1137s2/protenix/rank_001.pdb,pending,,,,,results/20260603_123021_casp15_casp16_unique_lt1000_all_default_colabfold/logs/T1137s2_protenix.log,,,Yes,Yes,prefiltered A1 protein target with mapped residue range,1.000000,1.000000,0.976676,335,343,high,mapped from mmCIF atom_site CA records; 8 aligned positions lack resolved CA atoms,All groups,A1,MceG complex PDB code 8fef,,,,,,,,,,,,,,,,,,,,,,
T1137s3,T1137s3,CASP15,8FEF,C,1,310,1,524,524,524,colabfold,1,results/20260603_123021_casp15_casp16_unique_lt1000_all_default_colabfold/sequences/T1137s3.fasta,results/20260603_123021_casp15_casp16_unique_lt1000_all_default_colabfold/predictions/T1137s3/colabfold,results/20260603_123021_casp15_casp16_unique_lt1000_all_default_colabfold/predictions/T1137s3/colabfold/rank_001.pdb,results/20260603_123021_casp15_casp16_unique_lt1000_all_default_colabfold/predictions/T1137s3/colabfold/rank_001.pdb,pending,,,,,results/20260603_123021_casp15_casp16_unique_lt1000_all_default_colabfold/logs/T1137s3_colabfold.log,,,Check,Check,reference coverage below threshold 0.592,1.000000,1.000000,0.591603,310,524,high,mapped from mmCIF atom_site CA records; 214 aligned positions lack resolved CA atoms,All groups,A1,MceG complex PDB code 8fef,,,,,,,,,,,,,,,,,,,,,,
T1137s3,T1137s3,CASP15,8FEF,C,1,310,1,524,524,524,boltz2,1,results/20260603_123021_casp15_casp16_unique_lt1000_all_default_colabfold/sequences/T1137s3.fasta,results/20260603_123021_casp15_casp16_unique_lt1000_all_default_colabfold/predictions/T1137s3/boltz2,results/20260603_123021_casp15_casp16_unique_lt1000_all_default_colabfold/predictions/T1137s3/boltz2/rank_001.pdb,results/20260603_123021_casp15_casp16_unique_lt1000_all_default_colabfold/predictions/T1137s3/boltz2/rank_001.pdb,pending,,,,,results/20260603_123021_casp15_casp16_unique_lt1000_all_default_colabfold/logs/T1137s3_boltz2.log,,,Check,Check,reference coverage below threshold 0.592,1.000000,1.000000,0.591603,310,524,high,mapped from mmCIF atom_site CA records; 214 aligned positions lack resolved CA atoms,All groups,A1,MceG complex PDB code 8fef,,,,,,,,,,,,,,,,,,,,,,
T1137s3,T1137s3,CASP15,8FEF,C,1,310,1,524,524,524,openfold,1,results/20260603_123021_casp15_casp16_unique_lt1000_all_default_colabfold/sequences/T1137s3.fasta,results/20260603_123021_casp15_casp16_unique_lt1000_all_default_colabfold/predictions/T1137s3/openfold,results/20260603_123021_casp15_casp16_unique_lt1000_all_default_colabfold/predictions/T1137s3/openfold/rank_001.pdb,results/20260603_123021_casp15_casp16_unique_lt1000_all_default_colabfold/predictions/T1137s3/openfold/rank_001.pdb,pending,,,,,results/20260603_123021_casp15_casp16_unique_lt1000_all_default_colabfold/logs/T1137s3_openfold.log,,,Check,Check,reference coverage below threshold 0.592,1.000000,1.000000,0.591603,310,524,high,mapped from mmCIF atom_site CA records; 214 aligned positions lack resolved CA atoms,All groups,A1,MceG complex PDB code 8fef,,,,,,,,,,,,,,,,,,,,,,
T1137s3,T1137s3,CASP15,8FEF,C,1,310,1,524,524,524,protenix,1,results/20260603_123021_casp15_casp16_unique_lt1000_all_default_colabfold/sequences/T1137s3.fasta,results/20260603_123021_casp15_casp16_unique_lt1000_all_default_colabfold/predictions/T1137s3/protenix,results/20260603_123021_casp15_casp16_unique_lt1000_all_default_colabfold/predictions/T1137s3/protenix/rank_001.pdb,results/20260603_123021_casp15_casp16_unique_lt1000_all_default_colabfold/predictions/T1137s3/protenix/rank_001.pdb,pending,,,,,results/20260603_123021_casp15_casp16_unique_lt1000_all_default_colabfold/logs/T1137s3_protenix.log,,,Check,Check,reference coverage below threshold 0.592,1.000000,1.000000,0.591603,310,524,high,mapped from mmCIF atom_site CA records; 214 aligned positions lack resolved CA atoms,All groups,A1,MceG complex PDB code 8fef,,,,,,,,,,,,,,,,,,,,,,
T1137s4,T1137s4,CASP15,8FEF,D,42,468,1,547,547,547,colabfold,1,results/20260603_123021_casp15_casp16_unique_lt1000_all_default_colabfold/sequences/T1137s4.fasta,results/20260603_123021_casp15_casp16_unique_lt1000_all_default_colabfold/predictions/T1137s4/colabfold,results/20260603_123021_casp15_casp16_unique_lt1000_all_default_colabfold/predictions/T1137s4/colabfold/rank_001.pdb,results/20260603_123021_casp15_casp16_unique_lt1000_all_default_colabfold/predictions/T1137s4/colabfold/rank_001.pdb,pending,,,,,results/20260603_123021_casp15_casp16_unique_lt1000_all_default_colabfold/logs/T1137s4_colabfold.log,,,Check,Check,reference coverage below threshold 0.704,1.000000,1.000000,0.703839,385,547,high,mapped from mmCIF atom_site CA records; 162 aligned positions lack resolved CA atoms,All groups,A1,MceG complex PDB code 8fef,,,,,,,,,,,,,,,,,,,,,,
T1137s4,T1137s4,CASP15,8FEF,D,42,468,1,547,547,547,boltz2,1,results/20260603_123021_casp15_casp16_unique_lt1000_all_default_colabfold/sequences/T1137s4.fasta,results/20260603_123021_casp15_casp16_unique_lt1000_all_default_colabfold/predictions/T1137s4/boltz2,results/20260603_123021_casp15_casp16_unique_lt1000_all_default_colabfold/predictions/T1137s4/boltz2/rank_001.pdb,results/20260603_123021_casp15_casp16_unique_lt1000_all_default_colabfold/predictions/T1137s4/boltz2/rank_001.pdb,pending,,,,,results/20260603_123021_casp15_casp16_unique_lt1000_all_default_colabfold/logs/T1137s4_boltz2.log,,,Check,Check,reference coverage below threshold 0.704,1.000000,1.000000,0.703839,385,547,high,mapped from mmCIF atom_site CA records; 162 aligned positions lack resolved CA atoms,All groups,A1,MceG complex PDB code 8fef,,,,,,,,,,,,,,,,,,,,,,
T1137s4,T1137s4,CASP15,8FEF,D,42,468,1,547,547,547,openfold,1,results/20260603_123021_casp15_casp16_unique_lt1000_all_default_colabfold/sequences/T1137s4.fasta,results/20260603_123021_casp15_casp16_unique_lt1000_all_default_colabfold/predictions/T1137s4/openfold,results/20260603_123021_casp15_casp16_unique_lt1000_all_default_colabfold/predictions/T1137s4/openfold/rank_001.pdb,results/20260603_123021_casp15_casp16_unique_lt1000_all_default_colabfold/predictions/T1137s4/openfold/rank_001.pdb,pending,,,,,results/20260603_123021_casp15_casp16_unique_lt1000_all_default_colabfold/logs/T1137s4_openfold.log,,,Check,Check,reference coverage below threshold 0.704,1.000000,1.000000,0.703839,385,547,high,mapped from mmCIF atom_site CA records; 162 aligned positions lack resolved CA atoms,All groups,A1,MceG complex PDB code 8fef,,,,,,,,,,,,,,,,,,,,,,
T1137s4,T1137s4,CASP15,8FEF,D,42,468,1,547,547,547,protenix,1,results/20260603_123021_casp15_casp16_unique_lt1000_all_default_colabfold/sequences/T1137s4.fasta,results/20260603_123021_casp15_casp16_unique_lt1000_all_default_colabfold/predictions/T1137s4/protenix,results/20260603_123021_casp15_casp16_unique_lt1000_all_default_colabfold/predictions/T1137s4/protenix/rank_001.pdb,results/20260603_123021_casp15_casp16_unique_lt1000_all_default_colabfold/predictions/T1137s4/protenix/rank_001.pdb,pending,,,,,results/20260603_123021_casp15_casp16_unique_lt1000_all_default_colabfold/logs/T1137s4_protenix.log,,,Check,Check,reference coverage below threshold 0.704,1.000000,1.000000,0.703839,385,547,high,mapped from mmCIF atom_site CA records; 162 aligned positions lack resolved CA atoms,All groups,A1,MceG complex PDB code 8fef,,,,,,,,,,,,,,,,,,,,,,
T1137s5,T1137s5,CASP15,8FEF,E,33,390,1,390,390,390,colabfold,1,results/20260603_123021_casp15_casp16_unique_lt1000_all_default_colabfold/sequences/T1137s5.fasta,results/20260603_123021_casp15_casp16_unique_lt1000_all_default_colabfold/predictions/T1137s5/colabfold,results/20260603_123021_casp15_casp16_unique_lt1000_all_default_colabfold/predictions/T1137s5/colabfold/rank_001.pdb,results/20260603_123021_casp15_casp16_unique_lt1000_all_default_colabfold/predictions/T1137s5/colabfold/rank_001.pdb,pending,,,,,results/20260603_123021_casp15_casp16_unique_lt1000_all_default_colabfold/logs/T1137s5_colabfold.log,,,Yes,Yes,prefiltered A1 protein target with mapped residue range,1.000000,1.000000,0.917949,358,390,high,mapped from mmCIF atom_site CA records; 32 aligned positions lack resolved CA atoms,All groups,A1,MceG complex PDB code 8fef,,,,,,,,,,,,,,,,,,,,,,
T1137s5,T1137s5,CASP15,8FEF,E,33,390,1,390,390,390,boltz2,1,results/20260603_123021_casp15_casp16_unique_lt1000_all_default_colabfold/sequences/T1137s5.fasta,results/20260603_123021_casp15_casp16_unique_lt1000_all_default_colabfold/predictions/T1137s5/boltz2,results/20260603_123021_casp15_casp16_unique_lt1000_all_default_colabfold/predictions/T1137s5/boltz2/rank_001.pdb,results/20260603_123021_casp15_casp16_unique_lt1000_all_default_colabfold/predictions/T1137s5/boltz2/rank_001.pdb,pending,,,,,results/20260603_123021_casp15_casp16_unique_lt1000_all_default_colabfold/logs/T1137s5_boltz2.log,,,Yes,Yes,prefiltered A1 protein target with mapped residue range,1.000000,1.000000,0.917949,358,390,high,mapped from mmCIF atom_site CA records; 32 aligned positions lack resolved CA atoms,All groups,A1,MceG complex PDB code 8fef,,,,,,,,,,,,,,,,,,,,,,
T1137s5,T1137s5,CASP15,8FEF,E,33,390,1,390,390,390,openfold,1,results/20260603_123021_casp15_casp16_unique_lt1000_all_default_colabfold/sequences/T1137s5.fasta,results/20260603_123021_casp15_casp16_unique_lt1000_all_default_colabfold/predictions/T1137s5/openfold,results/20260603_123021_casp15_casp16_unique_lt1000_all_default_colabfold/predictions/T1137s5/openfold/rank_001.pdb,results/20260603_123021_casp15_casp16_unique_lt1000_all_default_colabfold/predictions/T1137s5/openfold/rank_001.pdb,pending,,,,,results/20260603_123021_casp15_casp16_unique_lt1000_all_default_colabfold/logs/T1137s5_openfold.log,,,Yes,Yes,prefiltered A1 protein target with mapped residue range,1.000000,1.000000,0.917949,358,390,high,mapped from mmCIF atom_site CA records; 32 aligned positions lack resolved CA atoms,All groups,A1,MceG complex PDB code 8fef,,,,,,,,,,,,,,,,,,,,,,
T1137s5,T1137s5,CASP15,8FEF,E,33,390,1,390,390,390,protenix,1,results/20260603_123021_casp15_casp16_unique_lt1000_all_default_colabfold/sequences/T1137s5.fasta,results/20260603_123021_casp15_casp16_unique_lt1000_all_default_colabfold/predictions/T1137s5/protenix,results/20260603_123021_casp15_casp16_unique_lt1000_all_default_colabfold/predictions/T1137s5/protenix/rank_001.pdb,results/20260603_123021_casp15_casp16_unique_lt1000_all_default_colabfold/predictions/T1137s5/protenix/rank_001.pdb,pending,,,,,results/20260603_123021_casp15_casp16_unique_lt1000_all_default_colabfold/logs/T1137s5_protenix.log,,,Yes,Yes,prefiltered A1 protein target with mapped residue range,1.000000,1.000000,0.917949,358,390,high,mapped from mmCIF atom_site CA records; 32 aligned positions lack resolved CA atoms,All groups,A1,MceG complex PDB code 8fef,,,,,,,,,,,,,,,,,,,,,,
T1137s6,T1137s6,CASP15,8FEF,F,1,399,1,518,518,518,colabfold,1,results/20260603_123021_casp15_casp16_unique_lt1000_all_default_colabfold/sequences/T1137s6.fasta,results/20260603_123021_casp15_casp16_unique_lt1000_all_default_colabfold/predictions/T1137s6/colabfold,results/20260603_123021_casp15_casp16_unique_lt1000_all_default_colabfold/predictions/T1137s6/colabfold/rank_001.pdb,results/20260603_123021_casp15_casp16_unique_lt1000_all_default_colabfold/predictions/T1137s6/colabfold/rank_001.pdb,pending,,,,,results/20260603_123021_casp15_casp16_unique_lt1000_all_default_colabfold/logs/T1137s6_colabfold.log,,,Check,Check,reference coverage below threshold 0.770,1.000000,1.000000,0.770270,399,518,high,mapped from mmCIF atom_site CA records; 119 aligned positions lack resolved CA atoms,All groups,A1,MceG complex PDB code 8fef,,,,,,,,,,,,,,,,,,,,,,
T1137s6,T1137s6,CASP15,8FEF,F,1,399,1,518,518,518,boltz2,1,results/20260603_123021_casp15_casp16_unique_lt1000_all_default_colabfold/sequences/T1137s6.fasta,results/20260603_123021_casp15_casp16_unique_lt1000_all_default_colabfold/predictions/T1137s6/boltz2,results/20260603_123021_casp15_casp16_unique_lt1000_all_default_colabfold/predictions/T1137s6/boltz2/rank_001.pdb,results/20260603_123021_casp15_casp16_unique_lt1000_all_default_colabfold/predictions/T1137s6/boltz2/rank_001.pdb,pending,,,,,results/20260603_123021_casp15_casp16_unique_lt1000_all_default_colabfold/logs/T1137s6_boltz2.log,,,Check,Check,reference coverage below threshold 0.770,1.000000,1.000000,0.770270,399,518,high,mapped from mmCIF atom_site CA records; 119 aligned positions lack resolved CA atoms,All groups,A1,MceG complex PDB code 8fef,,,,,,,,,,,,,,,,,,,,,,
T1137s6,T1137s6,CASP15,8FEF,F,1,399,1,518,518,518,openfold,1,results/20260603_123021_casp15_casp16_unique_lt1000_all_default_colabfold/sequences/T1137s6.fasta,results/20260603_123021_casp15_casp16_unique_lt1000_all_default_colabfold/predictions/T1137s6/openfold,results/20260603_123021_casp15_casp16_unique_lt1000_all_default_colabfold/predictions/T1137s6/openfold/rank_001.pdb,results/20260603_123021_casp15_casp16_unique_lt1000_all_default_colabfold/predictions/T1137s6/openfold/rank_001.pdb,pending,,,,,results/20260603_123021_casp15_casp16_unique_lt1000_all_default_colabfold/logs/T1137s6_openfold.log,,,Check,Check,reference coverage below threshold 0.770,1.000000,1.000000,0.770270,399,518,high,mapped from mmCIF atom_site CA records; 119 aligned positions lack resolved CA atoms,All groups,A1,MceG complex PDB code 8fef,,,,,,,,,,,,,,,,,,,,,,
T1137s6,T1137s6,CASP15,8FEF,F,1,399,1,518,518,518,protenix,1,results/20260603_123021_casp15_casp16_unique_lt1000_all_default_colabfold/sequences/T1137s6.fasta,results/20260603_123021_casp15_casp16_unique_lt1000_all_default_colabfold/predictions/T1137s6/protenix,results/20260603_123021_casp15_casp16_unique_lt1000_all_default_colabfold/predictions/T1137s6/protenix/rank_001.pdb,results/20260603_123021_casp15_casp16_unique_lt1000_all_default_colabfold/predictions/T1137s6/protenix/rank_001.pdb,pending,,,,,results/20260603_123021_casp15_casp16_unique_lt1000_all_default_colabfold/logs/T1137s6_protenix.log,,,Check,Check,reference coverage below threshold 0.770,1.000000,1.000000,0.770270,399,518,high,mapped from mmCIF atom_site CA records; 119 aligned positions lack resolved CA atoms,All groups,A1,MceG complex PDB code 8fef,,,,,,,,,,,,,,,,,,,,,,
T1137s7,T1137s7,CASP15,8FEF,G,2,325,1,653,653,653,colabfold,1,results/20260603_123021_casp15_casp16_unique_lt1000_all_default_colabfold/sequences/T1137s7.fasta,results/20260603_123021_casp15_casp16_unique_lt1000_all_default_colabfold/predictions/T1137s7/colabfold,results/20260603_123021_casp15_casp16_unique_lt1000_all_default_colabfold/predictions/T1137s7/colabfold/rank_001.pdb,results/20260603_123021_casp15_casp16_unique_lt1000_all_default_colabfold/predictions/T1137s7/colabfold/rank_001.pdb,pending,,,,,results/20260603_123021_casp15_casp16_unique_lt1000_all_default_colabfold/logs/T1137s7_colabfold.log,,,Check,Check,reference coverage below threshold 0.458; multiple equivalent chains match,1.000000,1.000000,0.457887,299,653,high,mapped from mmCIF atom_site CA records; 354 aligned positions lack resolved CA atoms,All groups,A1,MceG complex PDB code 8fef,,,,,,,,,,,,,,,,,,,,,,
T1137s7,T1137s7,CASP15,8FEF,G,2,325,1,653,653,653,boltz2,1,results/20260603_123021_casp15_casp16_unique_lt1000_all_default_colabfold/sequences/T1137s7.fasta,results/20260603_123021_casp15_casp16_unique_lt1000_all_default_colabfold/predictions/T1137s7/boltz2,results/20260603_123021_casp15_casp16_unique_lt1000_all_default_colabfold/predictions/T1137s7/boltz2/rank_001.pdb,results/20260603_123021_casp15_casp16_unique_lt1000_all_default_colabfold/predictions/T1137s7/boltz2/rank_001.pdb,pending,,,,,results/20260603_123021_casp15_casp16_unique_lt1000_all_default_colabfold/logs/T1137s7_boltz2.log,,,Check,Check,reference coverage below threshold 0.458; multiple equivalent chains match,1.000000,1.000000,0.457887,299,653,high,mapped from mmCIF atom_site CA records; 354 aligned positions lack resolved CA atoms,All groups,A1,MceG complex PDB code 8fef,,,,,,,,,,,,,,,,,,,,,,
T1137s7,T1137s7,CASP15,8FEF,G,2,325,1,653,653,653,openfold,1,results/20260603_123021_casp15_casp16_unique_lt1000_all_default_colabfold/sequences/T1137s7.fasta,results/20260603_123021_casp15_casp16_unique_lt1000_all_default_colabfold/predictions/T1137s7/openfold,results/20260603_123021_casp15_casp16_unique_lt1000_all_default_colabfold/predictions/T1137s7/openfold/rank_001.pdb,results/20260603_123021_casp15_casp16_unique_lt1000_all_default_colabfold/predictions/T1137s7/openfold/rank_001.pdb,pending,,,,,results/20260603_123021_casp15_casp16_unique_lt1000_all_default_colabfold/logs/T1137s7_openfold.log,,,Check,Check,reference coverage below threshold 0.458; multiple equivalent chains match,1.000000,1.000000,0.457887,299,653,high,mapped from mmCIF atom_site CA records; 354 aligned positions lack resolved CA atoms,All groups,A1,MceG complex PDB code 8fef,,,,,,,,,,,,,,,,,,,,,,
T1137s7,T1137s7,CASP15,8FEF,G,2,325,1,653,653,653,protenix,1,results/20260603_123021_casp15_casp16_unique_lt1000_all_default_colabfold/sequences/T1137s7.fasta,results/20260603_123021_casp15_casp16_unique_lt1000_all_default_colabfold/predictions/T1137s7/protenix,results/20260603_123021_casp15_casp16_unique_lt1000_all_default_colabfold/predictions/T1137s7/protenix/rank_001.pdb,results/20260603_123021_casp15_casp16_unique_lt1000_all_default_colabfold/predictions/T1137s7/protenix/rank_001.pdb,pending,,,,,results/20260603_123021_casp15_casp16_unique_lt1000_all_default_colabfold/logs/T1137s7_protenix.log,,,Check,Check,reference coverage below threshold 0.458; multiple equivalent chains match,1.000000,1.000000,0.457887,299,653,high,mapped from mmCIF atom_site CA records; 354 aligned positions lack resolved CA atoms,All groups,A1,MceG complex PDB code 8fef,,,,,,,,,,,,,,,,,,,,,,
T1137s8,T1137s8,CASP15,8FEF,I,14,266,1,266,266,266,colabfold,1,results/20260603_123021_casp15_casp16_unique_lt1000_all_default_colabfold/sequences/T1137s8.fasta,results/20260603_123021_casp15_casp16_unique_lt1000_all_default_colabfold/predictions/T1137s8/colabfold,results/20260603_123021_casp15_casp16_unique_lt1000_all_default_colabfold/predictions/T1137s8/colabfold/rank_001.pdb,results/20260603_123021_casp15_casp16_unique_lt1000_all_default_colabfold/predictions/T1137s8/colabfold/rank_001.pdb,pending,,,,,results/20260603_123021_casp15_casp16_unique_lt1000_all_default_colabfold/logs/T1137s8_colabfold.log,,,Yes,Yes,prefiltered A1 protein target with mapped residue range,1.000000,1.000000,0.951128,253,266,high,mapped from mmCIF atom_site CA records; 13 aligned positions lack resolved CA atoms,All groups,A1,MceG complex PDB code 8fef,,,,,,,,,,,,,,,,,,,,,,
T1137s8,T1137s8,CASP15,8FEF,I,14,266,1,266,266,266,boltz2,1,results/20260603_123021_casp15_casp16_unique_lt1000_all_default_colabfold/sequences/T1137s8.fasta,results/20260603_123021_casp15_casp16_unique_lt1000_all_default_colabfold/predictions/T1137s8/boltz2,results/20260603_123021_casp15_casp16_unique_lt1000_all_default_colabfold/predictions/T1137s8/boltz2/rank_001.pdb,results/20260603_123021_casp15_casp16_unique_lt1000_all_default_colabfold/predictions/T1137s8/boltz2/rank_001.pdb,pending,,,,,results/20260603_123021_casp15_casp16_unique_lt1000_all_default_colabfold/logs/T1137s8_boltz2.log,,,Yes,Yes,prefiltered A1 protein target with mapped residue range,1.000000,1.000000,0.951128,253,266,high,mapped from mmCIF atom_site CA records; 13 aligned positions lack resolved CA atoms,All groups,A1,MceG complex PDB code 8fef,,,,,,,,,,,,,,,,,,,,,,
T1137s8,T1137s8,CASP15,8FEF,I,14,266,1,266,266,266,openfold,1,results/20260603_123021_casp15_casp16_unique_lt1000_all_default_colabfold/sequences/T1137s8.fasta,results/20260603_123021_casp15_casp16_unique_lt1000_all_default_colabfold/predictions/T1137s8/openfold,results/20260603_123021_casp15_casp16_unique_lt1000_all_default_colabfold/predictions/T1137s8/openfold/rank_001.pdb,results/20260603_123021_casp15_casp16_unique_lt1000_all_default_colabfold/predictions/T1137s8/openfold/rank_001.pdb,pending,,,,,results/20260603_123021_casp15_casp16_unique_lt1000_all_default_colabfold/logs/T1137s8_openfold.log,,,Yes,Yes,prefiltered A1 protein target with mapped residue range,1.000000,1.000000,0.951128,253,266,high,mapped from mmCIF atom_site CA records; 13 aligned positions lack resolved CA atoms,All groups,A1,MceG complex PDB code 8fef,,,,,,,,,,,,,,,,,,,,,,
T1137s8,T1137s8,CASP15,8FEF,I,14,266,1,266,266,266,protenix,1,results/20260603_123021_casp15_casp16_unique_lt1000_all_default_colabfold/sequences/T1137s8.fasta,results/20260603_123021_casp15_casp16_unique_lt1000_all_default_colabfold/predictions/T1137s8/protenix,results/20260603_123021_casp15_casp16_unique_lt1000_all_default_colabfold/predictions/T1137s8/protenix/rank_001.pdb,results/20260603_123021_casp15_casp16_unique_lt1000_all_default_colabfold/predictions/T1137s8/protenix/rank_001.pdb,pending,,,,,results/20260603_123021_casp15_casp16_unique_lt1000_all_default_colabfold/logs/T1137s8_protenix.log,,,Yes,Yes,prefiltered A1 protein target with mapped residue range,1.000000,1.000000,0.951128,253,266,high,mapped from mmCIF atom_site CA records; 13 aligned positions lack resolved CA atoms,All groups,A1,MceG complex PDB code 8fef,,,,,,,,,,,,,,,,,,,,,,
T1137s9,T1137s9,CASP15,8FEF,J,27,289,1,289,289,289,colabfold,1,results/20260603_123021_casp15_casp16_unique_lt1000_all_default_colabfold/sequences/T1137s9.fasta,results/20260603_123021_casp15_casp16_unique_lt1000_all_default_colabfold/predictions/T1137s9/colabfold,results/20260603_123021_casp15_casp16_unique_lt1000_all_default_colabfold/predictions/T1137s9/colabfold/rank_001.pdb,results/20260603_123021_casp15_casp16_unique_lt1000_all_default_colabfold/predictions/T1137s9/colabfold/rank_001.pdb,pending,,,,,results/20260603_123021_casp15_casp16_unique_lt1000_all_default_colabfold/logs/T1137s9_colabfold.log,,,Yes,Yes,prefiltered A1 protein target with mapped residue range,1.000000,1.000000,0.910035,263,289,high,mapped from mmCIF atom_site CA records; 26 aligned positions lack resolved CA atoms,All groups,A1,MceG complex PDB code 8fef,,,,,,,,,,,,,,,,,,,,,,
T1137s9,T1137s9,CASP15,8FEF,J,27,289,1,289,289,289,boltz2,1,results/20260603_123021_casp15_casp16_unique_lt1000_all_default_colabfold/sequences/T1137s9.fasta,results/20260603_123021_casp15_casp16_unique_lt1000_all_default_colabfold/predictions/T1137s9/boltz2,results/20260603_123021_casp15_casp16_unique_lt1000_all_default_colabfold/predictions/T1137s9/boltz2/rank_001.pdb,results/20260603_123021_casp15_casp16_unique_lt1000_all_default_colabfold/predictions/T1137s9/boltz2/rank_001.pdb,pending,,,,,results/20260603_123021_casp15_casp16_unique_lt1000_all_default_colabfold/logs/T1137s9_boltz2.log,,,Yes,Yes,prefiltered A1 protein target with mapped residue range,1.000000,1.000000,0.910035,263,289,high,mapped from mmCIF atom_site CA records; 26 aligned positions lack resolved CA atoms,All groups,A1,MceG complex PDB code 8fef,,,,,,,,,,,,,,,,,,,,,,
T1137s9,T1137s9,CASP15,8FEF,J,27,289,1,289,289,289,openfold,1,results/20260603_123021_casp15_casp16_unique_lt1000_all_default_colabfold/sequences/T1137s9.fasta,results/20260603_123021_casp15_casp16_unique_lt1000_all_default_colabfold/predictions/T1137s9/openfold,results/20260603_123021_casp15_casp16_unique_lt1000_all_default_colabfold/predictions/T1137s9/openfold/rank_001.pdb,results/20260603_123021_casp15_casp16_unique_lt1000_all_default_colabfold/predictions/T1137s9/openfold/rank_001.pdb,pending,,,,,results/20260603_123021_casp15_casp16_unique_lt1000_all_default_colabfold/logs/T1137s9_openfold.log,,,Yes,Yes,prefiltered A1 protein target with mapped residue range,1.000000,1.000000,0.910035,263,289,high,mapped from mmCIF atom_site CA records; 26 aligned positions lack resolved CA atoms,All groups,A1,MceG complex PDB code 8fef,,,,,,,,,,,,,,,,,,,,,,
T1137s9,T1137s9,CASP15,8FEF,J,27,289,1,289,289,289,protenix,1,results/20260603_123021_casp15_casp16_unique_lt1000_all_default_colabfold/sequences/T1137s9.fasta,results/20260603_123021_casp15_casp16_unique_lt1000_all_default_colabfold/predictions/T1137s9/protenix,results/20260603_123021_casp15_casp16_unique_lt1000_all_default_colabfold/predictions/T1137s9/protenix/rank_001.pdb,results/20260603_123021_casp15_casp16_unique_lt1000_all_default_colabfold/predictions/T1137s9/protenix/rank_001.pdb,pending,,,,,results/20260603_123021_casp15_casp16_unique_lt1000_all_default_colabfold/logs/T1137s9_protenix.log,,,Yes,Yes,prefiltered A1 protein target with mapped residue range,1.000000,1.000000,0.910035,263,289,high,mapped from mmCIF atom_site CA records; 26 aligned positions lack resolved CA atoms,All groups,A1,MceG complex PDB code 8fef,,,,,,,,,,,,,,,,,,,,,,
T1145,T1145,CASP15,7UWW,A,34,665,1,635,635,635,colabfold,1,results/20260603_123021_casp15_casp16_unique_lt1000_all_default_colabfold/sequences/T1145.fasta,results/20260603_123021_casp15_casp16_unique_lt1000_all_default_colabfold/predictions/T1145/colabfold,results/20260603_123021_casp15_casp16_unique_lt1000_all_default_colabfold/predictions/T1145/colabfold/rank_001.pdb,results/20260603_123021_casp15_casp16_unique_lt1000_all_default_colabfold/predictions/T1145/colabfold/rank_001.pdb,pending,,,,,results/20260603_123021_casp15_casp16_unique_lt1000_all_default_colabfold/logs/T1145_colabfold.log,,,Check,Check,multiple equivalent chains match,1.000000,1.000000,0.995276,632,635,high,mapped from mmCIF atom_site CA records; 3 aligned positions lack resolved CA atoms,All groups,A1,Starch binding protein PDB code 7uww,,,,,,,,,,,,,,,,,,,,,,
T1145,T1145,CASP15,7UWW,A,34,665,1,635,635,635,boltz2,1,results/20260603_123021_casp15_casp16_unique_lt1000_all_default_colabfold/sequences/T1145.fasta,results/20260603_123021_casp15_casp16_unique_lt1000_all_default_colabfold/predictions/T1145/boltz2,results/20260603_123021_casp15_casp16_unique_lt1000_all_default_colabfold/predictions/T1145/boltz2/rank_001.pdb,results/20260603_123021_casp15_casp16_unique_lt1000_all_default_colabfold/predictions/T1145/boltz2/rank_001.pdb,pending,,,,,results/20260603_123021_casp15_casp16_unique_lt1000_all_default_colabfold/logs/T1145_boltz2.log,,,Check,Check,multiple equivalent chains match,1.000000,1.000000,0.995276,632,635,high,mapped from mmCIF atom_site CA records; 3 aligned positions lack resolved CA atoms,All groups,A1,Starch binding protein PDB code 7uww,,,,,,,,,,,,,,,,,,,,,,
T1145,T1145,CASP15,7UWW,A,34,665,1,635,635,635,openfold,1,results/20260603_123021_casp15_casp16_unique_lt1000_all_default_colabfold/sequences/T1145.fasta,results/20260603_123021_casp15_casp16_unique_lt1000_all_default_colabfold/predictions/T1145/openfold,results/20260603_123021_casp15_casp16_unique_lt1000_all_default_colabfold/predictions/T1145/openfold/rank_001.pdb,results/20260603_123021_casp15_casp16_unique_lt1000_all_default_colabfold/predictions/T1145/openfold/rank_001.pdb,pending,,,,,results/20260603_123021_casp15_casp16_unique_lt1000_all_default_colabfold/logs/T1145_openfold.log,,,Check,Check,multiple equivalent chains match,1.000000,1.000000,0.995276,632,635,high,mapped from mmCIF atom_site CA records; 3 aligned positions lack resolved CA atoms,All groups,A1,Starch binding protein PDB code 7uww,,,,,,,,,,,,,,,,,,,,,,
T1145,T1145,CASP15,7UWW,A,34,665,1,635,635,635,protenix,1,results/20260603_123021_casp15_casp16_unique_lt1000_all_default_colabfold/sequences/T1145.fasta,results/20260603_123021_casp15_casp16_unique_lt1000_all_default_colabfold/predictions/T1145/protenix,results/20260603_123021_casp15_casp16_unique_lt1000_all_default_colabfold/predictions/T1145/protenix/rank_001.pdb,results/20260603_123021_casp15_casp16_unique_lt1000_all_default_colabfold/predictions/T1145/protenix/rank_001.pdb,pending,,,,,results/20260603_123021_casp15_casp16_unique_lt1000_all_default_colabfold/logs/T1145_protenix.log,,,Check,Check,multiple equivalent chains match,1.000000,1.000000,0.995276,632,635,high,mapped from mmCIF atom_site CA records; 3 aligned positions lack resolved CA atoms,All groups,A1,Starch binding protein PDB code 7uww,,,,,,,,,,,,,,,,,,,,,,
T1147,T1147,CASP15,8EM5,A,12,103,1,103,103,103,colabfold,1,results/20260603_123021_casp15_casp16_unique_lt1000_all_default_colabfold/sequences/T1147.fasta,results/20260603_123021_casp15_casp16_unique_lt1000_all_default_colabfold/predictions/T1147/colabfold,results/20260603_123021_casp15_casp16_unique_lt1000_all_default_colabfold/predictions/T1147/colabfold/rank_001.pdb,results/20260603_123021_casp15_casp16_unique_lt1000_all_default_colabfold/predictions/T1147/colabfold/rank_001.pdb,pending,,,,,results/20260603_123021_casp15_casp16_unique_lt1000_all_default_colabfold/logs/T1147_colabfold.log,,,Check,Check,multiple equivalent chains match,1.000000,1.000000,0.893204,92,103,high,mapped from mmCIF atom_site CA records; 11 aligned positions lack resolved CA atoms,All groups,A1,"KEK_05752, MmpS5 PDB code 8em5",,,,,,,,,,,,,,,,,,,,,,
T1147,T1147,CASP15,8EM5,A,12,103,1,103,103,103,boltz2,1,results/20260603_123021_casp15_casp16_unique_lt1000_all_default_colabfold/sequences/T1147.fasta,results/20260603_123021_casp15_casp16_unique_lt1000_all_default_colabfold/predictions/T1147/boltz2,results/20260603_123021_casp15_casp16_unique_lt1000_all_default_colabfold/predictions/T1147/boltz2/rank_001.pdb,results/20260603_123021_casp15_casp16_unique_lt1000_all_default_colabfold/predictions/T1147/boltz2/rank_001.pdb,pending,,,,,results/20260603_123021_casp15_casp16_unique_lt1000_all_default_colabfold/logs/T1147_boltz2.log,,,Check,Check,multiple equivalent chains match,1.000000,1.000000,0.893204,92,103,high,mapped from mmCIF atom_site CA records; 11 aligned positions lack resolved CA atoms,All groups,A1,"KEK_05752, MmpS5 PDB code 8em5",,,,,,,,,,,,,,,,,,,,,,
T1147,T1147,CASP15,8EM5,A,12,103,1,103,103,103,openfold,1,results/20260603_123021_casp15_casp16_unique_lt1000_all_default_colabfold/sequences/T1147.fasta,results/20260603_123021_casp15_casp16_unique_lt1000_all_default_colabfold/predictions/T1147/openfold,results/20260603_123021_casp15_casp16_unique_lt1000_all_default_colabfold/predictions/T1147/openfold/rank_001.pdb,results/20260603_123021_casp15_casp16_unique_lt1000_all_default_colabfold/predictions/T1147/openfold/rank_001.pdb,pending,,,,,results/20260603_123021_casp15_casp16_unique_lt1000_all_default_colabfold/logs/T1147_openfold.log,,,Check,Check,multiple equivalent chains match,1.000000,1.000000,0.893204,92,103,high,mapped from mmCIF atom_site CA records; 11 aligned positions lack resolved CA atoms,All groups,A1,"KEK_05752, MmpS5 PDB code 8em5",,,,,,,,,,,,,,,,,,,,,,
T1147,T1147,CASP15,8EM5,A,12,103,1,103,103,103,protenix,1,results/20260603_123021_casp15_casp16_unique_lt1000_all_default_colabfold/sequences/T1147.fasta,results/20260603_123021_casp15_casp16_unique_lt1000_all_default_colabfold/predictions/T1147/protenix,results/20260603_123021_casp15_casp16_unique_lt1000_all_default_colabfold/predictions/T1147/protenix/rank_001.pdb,results/20260603_123021_casp15_casp16_unique_lt1000_all_default_colabfold/predictions/T1147/protenix/rank_001.pdb,pending,,,,,results/20260603_123021_casp15_casp16_unique_lt1000_all_default_colabfold/logs/T1147_protenix.log,,,Check,Check,multiple equivalent chains match,1.000000,1.000000,0.893204,92,103,high,mapped from mmCIF atom_site CA records; 11 aligned positions lack resolved CA atoms,All groups,A1,"KEK_05752, MmpS5 PDB code 8em5",,,,,,,,,,,,,,,,,,,,,,
T1151s2,T1151s2,CASP15,8D5V,A,8,91,1,116,116,116,colabfold,1,results/20260603_123021_casp15_casp16_unique_lt1000_all_default_colabfold/sequences/T1151s2.fasta,results/20260603_123021_casp15_casp16_unique_lt1000_all_default_colabfold/predictions/T1151s2/colabfold,results/20260603_123021_casp15_casp16_unique_lt1000_all_default_colabfold/predictions/T1151s2/colabfold/rank_001.pdb,results/20260603_123021_casp15_casp16_unique_lt1000_all_default_colabfold/predictions/T1151s2/colabfold/rank_001.pdb,pending,,,,,results/20260603_123021_casp15_casp16_unique_lt1000_all_default_colabfold/logs/T1151s2_colabfold.log,,,Check,Check,reference coverage below threshold 0.724; multiple equivalent chains match,1.000000,1.000000,0.724138,84,116,high,mapped from mmCIF atom_site CA records; 32 aligned positions lack resolved CA atoms,All groups,A1,P9WF37 PDB code 8d5v,,,,,,,,,,,,,,,,,,,,,,
T1151s2,T1151s2,CASP15,8D5V,A,8,91,1,116,116,116,boltz2,1,results/20260603_123021_casp15_casp16_unique_lt1000_all_default_colabfold/sequences/T1151s2.fasta,results/20260603_123021_casp15_casp16_unique_lt1000_all_default_colabfold/predictions/T1151s2/boltz2,results/20260603_123021_casp15_casp16_unique_lt1000_all_default_colabfold/predictions/T1151s2/boltz2/rank_001.pdb,results/20260603_123021_casp15_casp16_unique_lt1000_all_default_colabfold/predictions/T1151s2/boltz2/rank_001.pdb,pending,,,,,results/20260603_123021_casp15_casp16_unique_lt1000_all_default_colabfold/logs/T1151s2_boltz2.log,,,Check,Check,reference coverage below threshold 0.724; multiple equivalent chains match,1.000000,1.000000,0.724138,84,116,high,mapped from mmCIF atom_site CA records; 32 aligned positions lack resolved CA atoms,All groups,A1,P9WF37 PDB code 8d5v,,,,,,,,,,,,,,,,,,,,,,
T1151s2,T1151s2,CASP15,8D5V,A,8,91,1,116,116,116,openfold,1,results/20260603_123021_casp15_casp16_unique_lt1000_all_default_colabfold/sequences/T1151s2.fasta,results/20260603_123021_casp15_casp16_unique_lt1000_all_default_colabfold/predictions/T1151s2/openfold,results/20260603_123021_casp15_casp16_unique_lt1000_all_default_colabfold/predictions/T1151s2/openfold/rank_001.pdb,results/20260603_123021_casp15_casp16_unique_lt1000_all_default_colabfold/predictions/T1151s2/openfold/rank_001.pdb,pending,,,,,results/20260603_123021_casp15_casp16_unique_lt1000_all_default_colabfold/logs/T1151s2_openfold.log,,,Check,Check,reference coverage below threshold 0.724; multiple equivalent chains match,1.000000,1.000000,0.724138,84,116,high,mapped from mmCIF atom_site CA records; 32 aligned positions lack resolved CA atoms,All groups,A1,P9WF37 PDB code 8d5v,,,,,,,,,,,,,,,,,,,,,,
T1151s2,T1151s2,CASP15,8D5V,A,8,91,1,116,116,116,protenix,1,results/20260603_123021_casp15_casp16_unique_lt1000_all_default_colabfold/sequences/T1151s2.fasta,results/20260603_123021_casp15_casp16_unique_lt1000_all_default_colabfold/predictions/T1151s2/protenix,results/20260603_123021_casp15_casp16_unique_lt1000_all_default_colabfold/predictions/T1151s2/protenix/rank_001.pdb,results/20260603_123021_casp15_casp16_unique_lt1000_all_default_colabfold/predictions/T1151s2/protenix/rank_001.pdb,pending,,,,,results/20260603_123021_casp15_casp16_unique_lt1000_all_default_colabfold/logs/T1151s2_protenix.log,,,Check,Check,reference coverage below threshold 0.724; multiple equivalent chains match,1.000000,1.000000,0.724138,84,116,high,mapped from mmCIF atom_site CA records; 32 aligned positions lack resolved CA atoms,All groups,A1,P9WF37 PDB code 8d5v,,,,,,,,,,,,,,,,,,,,,,
T1155,T1155,CASP15,8PBV,A,1,116,1,116,116,116,colabfold,1,results/20260603_123021_casp15_casp16_unique_lt1000_all_default_colabfold/sequences/T1155.fasta,results/20260603_123021_casp15_casp16_unique_lt1000_all_default_colabfold/predictions/T1155/colabfold,results/20260603_123021_casp15_casp16_unique_lt1000_all_default_colabfold/predictions/T1155/colabfold/rank_001.pdb,results/20260603_123021_casp15_casp16_unique_lt1000_all_default_colabfold/predictions/T1155/colabfold/rank_001.pdb,pending,,,,,results/20260603_123021_casp15_casp16_unique_lt1000_all_default_colabfold/logs/T1155_colabfold.log,,,Yes,Yes,prefiltered A1 protein target with mapped residue range,1.000000,1.000000,1.000000,116,116,high,mapped from mmCIF atom_site CA records,All groups,A1,Uniprot Q8IN44 PDB code 8pbv,,,,,,,,,,,,,,,,,,,,,,
T1155,T1155,CASP15,8PBV,A,1,116,1,116,116,116,boltz2,1,results/20260603_123021_casp15_casp16_unique_lt1000_all_default_colabfold/sequences/T1155.fasta,results/20260603_123021_casp15_casp16_unique_lt1000_all_default_colabfold/predictions/T1155/boltz2,results/20260603_123021_casp15_casp16_unique_lt1000_all_default_colabfold/predictions/T1155/boltz2/rank_001.pdb,results/20260603_123021_casp15_casp16_unique_lt1000_all_default_colabfold/predictions/T1155/boltz2/rank_001.pdb,pending,,,,,results/20260603_123021_casp15_casp16_unique_lt1000_all_default_colabfold/logs/T1155_boltz2.log,,,Yes,Yes,prefiltered A1 protein target with mapped residue range,1.000000,1.000000,1.000000,116,116,high,mapped from mmCIF atom_site CA records,All groups,A1,Uniprot Q8IN44 PDB code 8pbv,,,,,,,,,,,,,,,,,,,,,,
T1155,T1155,CASP15,8PBV,A,1,116,1,116,116,116,openfold,1,results/20260603_123021_casp15_casp16_unique_lt1000_all_default_colabfold/sequences/T1155.fasta,results/20260603_123021_casp15_casp16_unique_lt1000_all_default_colabfold/predictions/T1155/openfold,results/20260603_123021_casp15_casp16_unique_lt1000_all_default_colabfold/predictions/T1155/openfold/rank_001.pdb,results/20260603_123021_casp15_casp16_unique_lt1000_all_default_colabfold/predictions/T1155/openfold/rank_001.pdb,pending,,,,,results/20260603_123021_casp15_casp16_unique_lt1000_all_default_colabfold/logs/T1155_openfold.log,,,Yes,Yes,prefiltered A1 protein target with mapped residue range,1.000000,1.000000,1.000000,116,116,high,mapped from mmCIF atom_site CA records,All groups,A1,Uniprot Q8IN44 PDB code 8pbv,,,,,,,,,,,,,,,,,,,,,,
T1155,T1155,CASP15,8PBV,A,1,116,1,116,116,116,protenix,1,results/20260603_123021_casp15_casp16_unique_lt1000_all_default_colabfold/sequences/T1155.fasta,results/20260603_123021_casp15_casp16_unique_lt1000_all_default_colabfold/predictions/T1155/protenix,results/20260603_123021_casp15_casp16_unique_lt1000_all_default_colabfold/predictions/T1155/protenix/rank_001.pdb,results/20260603_123021_casp15_casp16_unique_lt1000_all_default_colabfold/predictions/T1155/protenix/rank_001.pdb,pending,,,,,results/20260603_123021_casp15_casp16_unique_lt1000_all_default_colabfold/logs/T1155_protenix.log,,,Yes,Yes,prefiltered A1 protein target with mapped residue range,1.000000,1.000000,1.000000,116,116,high,mapped from mmCIF atom_site CA records,All groups,A1,Uniprot Q8IN44 PDB code 8pbv,,,,,,,,,,,,,,,,,,,,,,
T1157s2,T1157s2,CASP15,8PKO,B,21,484,1,495,495,495,colabfold,1,results/20260603_123021_casp15_casp16_unique_lt1000_all_default_colabfold/sequences/T1157s2.fasta,results/20260603_123021_casp15_casp16_unique_lt1000_all_default_colabfold/predictions/T1157s2/colabfold,results/20260603_123021_casp15_casp16_unique_lt1000_all_default_colabfold/predictions/T1157s2/colabfold/rank_001.pdb,results/20260603_123021_casp15_casp16_unique_lt1000_all_default_colabfold/predictions/T1157s2/colabfold/rank_001.pdb,pending,,,,,results/20260603_123021_casp15_casp16_unique_lt1000_all_default_colabfold/logs/T1157s2_colabfold.log,,,Yes,Yes,prefiltered A1 protein target with mapped residue range,1.000000,1.000000,0.937374,464,495,high,mapped from mmCIF atom_site CA records; 31 aligned positions lack resolved CA atoms,All groups,A1,Complex of CtEDEM and CtPDI1P PDB code 8pko,,,,,,,,,,,,,,,,,,,,,,
T1157s2,T1157s2,CASP15,8PKO,B,21,484,1,495,495,495,boltz2,1,results/20260603_123021_casp15_casp16_unique_lt1000_all_default_colabfold/sequences/T1157s2.fasta,results/20260603_123021_casp15_casp16_unique_lt1000_all_default_colabfold/predictions/T1157s2/boltz2,results/20260603_123021_casp15_casp16_unique_lt1000_all_default_colabfold/predictions/T1157s2/boltz2/rank_001.pdb,results/20260603_123021_casp15_casp16_unique_lt1000_all_default_colabfold/predictions/T1157s2/boltz2/rank_001.pdb,pending,,,,,results/20260603_123021_casp15_casp16_unique_lt1000_all_default_colabfold/logs/T1157s2_boltz2.log,,,Yes,Yes,prefiltered A1 protein target with mapped residue range,1.000000,1.000000,0.937374,464,495,high,mapped from mmCIF atom_site CA records; 31 aligned positions lack resolved CA atoms,All groups,A1,Complex of CtEDEM and CtPDI1P PDB code 8pko,,,,,,,,,,,,,,,,,,,,,,
T1157s2,T1157s2,CASP15,8PKO,B,21,484,1,495,495,495,openfold,1,results/20260603_123021_casp15_casp16_unique_lt1000_all_default_colabfold/sequences/T1157s2.fasta,results/20260603_123021_casp15_casp16_unique_lt1000_all_default_colabfold/predictions/T1157s2/openfold,results/20260603_123021_casp15_casp16_unique_lt1000_all_default_colabfold/predictions/T1157s2/openfold/rank_001.pdb,results/20260603_123021_casp15_casp16_unique_lt1000_all_default_colabfold/predictions/T1157s2/openfold/rank_001.pdb,pending,,,,,results/20260603_123021_casp15_casp16_unique_lt1000_all_default_colabfold/logs/T1157s2_openfold.log,,,Yes,Yes,prefiltered A1 protein target with mapped residue range,1.000000,1.000000,0.937374,464,495,high,mapped from mmCIF atom_site CA records; 31 aligned positions lack resolved CA atoms,All groups,A1,Complex of CtEDEM and CtPDI1P PDB code 8pko,,,,,,,,,,,,,,,,,,,,,,
T1157s2,T1157s2,CASP15,8PKO,B,21,484,1,495,495,495,protenix,1,results/20260603_123021_casp15_casp16_unique_lt1000_all_default_colabfold/sequences/T1157s2.fasta,results/20260603_123021_casp15_casp16_unique_lt1000_all_default_colabfold/predictions/T1157s2/protenix,results/20260603_123021_casp15_casp16_unique_lt1000_all_default_colabfold/predictions/T1157s2/protenix/rank_001.pdb,results/20260603_123021_casp15_casp16_unique_lt1000_all_default_colabfold/predictions/T1157s2/protenix/rank_001.pdb,pending,,,,,results/20260603_123021_casp15_casp16_unique_lt1000_all_default_colabfold/logs/T1157s2_protenix.log,,,Yes,Yes,prefiltered A1 protein target with mapped residue range,1.000000,1.000000,0.937374,464,495,high,mapped from mmCIF atom_site CA records; 31 aligned positions lack resolved CA atoms,All groups,A1,Complex of CtEDEM and CtPDI1P PDB code 8pko,,,,,,,,,,,,,,,,,,,,,,
T1159,T1159,CASP15,7PZT,A,1,160,1,160,160,160,colabfold,1,results/20260603_123021_casp15_casp16_unique_lt1000_all_default_colabfold/sequences/T1159.fasta,results/20260603_123021_casp15_casp16_unique_lt1000_all_default_colabfold/predictions/T1159/colabfold,results/20260603_123021_casp15_casp16_unique_lt1000_all_default_colabfold/predictions/T1159/colabfold/rank_001.pdb,results/20260603_123021_casp15_casp16_unique_lt1000_all_default_colabfold/predictions/T1159/colabfold/rank_001.pdb,pending,,,,,results/20260603_123021_casp15_casp16_unique_lt1000_all_default_colabfold/logs/T1159_colabfold.log,,,Check,Check,multiple equivalent chains match,1.000000,1.000000,1.000000,160,160,high,mapped from mmCIF atom_site CA records,All groups,A1,TecA tgat PDB code 7pzt,,,,,,,,,,,,,,,,,,,,,,
T1159,T1159,CASP15,7PZT,A,1,160,1,160,160,160,boltz2,1,results/20260603_123021_casp15_casp16_unique_lt1000_all_default_colabfold/sequences/T1159.fasta,results/20260603_123021_casp15_casp16_unique_lt1000_all_default_colabfold/predictions/T1159/boltz2,results/20260603_123021_casp15_casp16_unique_lt1000_all_default_colabfold/predictions/T1159/boltz2/rank_001.pdb,results/20260603_123021_casp15_casp16_unique_lt1000_all_default_colabfold/predictions/T1159/boltz2/rank_001.pdb,pending,,,,,results/20260603_123021_casp15_casp16_unique_lt1000_all_default_colabfold/logs/T1159_boltz2.log,,,Check,Check,multiple equivalent chains match,1.000000,1.000000,1.000000,160,160,high,mapped from mmCIF atom_site CA records,All groups,A1,TecA tgat PDB code 7pzt,,,,,,,,,,,,,,,,,,,,,,
T1159,T1159,CASP15,7PZT,A,1,160,1,160,160,160,openfold,1,results/20260603_123021_casp15_casp16_unique_lt1000_all_default_colabfold/sequences/T1159.fasta,results/20260603_123021_casp15_casp16_unique_lt1000_all_default_colabfold/predictions/T1159/openfold,results/20260603_123021_casp15_casp16_unique_lt1000_all_default_colabfold/predictions/T1159/openfold/rank_001.pdb,results/20260603_123021_casp15_casp16_unique_lt1000_all_default_colabfold/predictions/T1159/openfold/rank_001.pdb,pending,,,,,results/20260603_123021_casp15_casp16_unique_lt1000_all_default_colabfold/logs/T1159_openfold.log,,,Check,Check,multiple equivalent chains match,1.000000,1.000000,1.000000,160,160,high,mapped from mmCIF atom_site CA records,All groups,A1,TecA tgat PDB code 7pzt,,,,,,,,,,,,,,,,,,,,,,
T1159,T1159,CASP15,7PZT,A,1,160,1,160,160,160,protenix,1,results/20260603_123021_casp15_casp16_unique_lt1000_all_default_colabfold/sequences/T1159.fasta,results/20260603_123021_casp15_casp16_unique_lt1000_all_default_colabfold/predictions/T1159/protenix,results/20260603_123021_casp15_casp16_unique_lt1000_all_default_colabfold/predictions/T1159/protenix/rank_001.pdb,results/20260603_123021_casp15_casp16_unique_lt1000_all_default_colabfold/predictions/T1159/protenix/rank_001.pdb,pending,,,,,results/20260603_123021_casp15_casp16_unique_lt1000_all_default_colabfold/logs/T1159_protenix.log,,,Check,Check,multiple equivalent chains match,1.000000,1.000000,1.000000,160,160,high,mapped from mmCIF atom_site CA records,All groups,A1,TecA tgat PDB code 7pzt,,,,,,,,,,,,,,,,,,,,,,
T1183,T1183,CASP15,8IFX,B,1,195,1,200,200,200,colabfold,1,results/20260603_123021_casp15_casp16_unique_lt1000_all_default_colabfold/sequences/T1183.fasta,results/20260603_123021_casp15_casp16_unique_lt1000_all_default_colabfold/predictions/T1183/colabfold,results/20260603_123021_casp15_casp16_unique_lt1000_all_default_colabfold/predictions/T1183/colabfold/rank_001.pdb,results/20260603_123021_casp15_casp16_unique_lt1000_all_default_colabfold/predictions/T1183/colabfold/rank_001.pdb,pending,,,,,results/20260603_123021_casp15_casp16_unique_lt1000_all_default_colabfold/logs/T1183_colabfold.log,,,Yes,Yes,prefiltered A1 protein target with mapped residue range,1.000000,1.000000,0.975000,195,200,high,mapped from mmCIF atom_site CA records; 5 aligned positions lack resolved CA atoms,All groups,A1,TsaB PDB code 8ifx,,,,,,,,,,,,,,,,,,,,,,
T1183,T1183,CASP15,8IFX,B,1,195,1,200,200,200,boltz2,1,results/20260603_123021_casp15_casp16_unique_lt1000_all_default_colabfold/sequences/T1183.fasta,results/20260603_123021_casp15_casp16_unique_lt1000_all_default_colabfold/predictions/T1183/boltz2,results/20260603_123021_casp15_casp16_unique_lt1000_all_default_colabfold/predictions/T1183/boltz2/rank_001.pdb,results/20260603_123021_casp15_casp16_unique_lt1000_all_default_colabfold/predictions/T1183/boltz2/rank_001.pdb,pending,,,,,results/20260603_123021_casp15_casp16_unique_lt1000_all_default_colabfold/logs/T1183_boltz2.log,,,Yes,Yes,prefiltered A1 protein target with mapped residue range,1.000000,1.000000,0.975000,195,200,high,mapped from mmCIF atom_site CA records; 5 aligned positions lack resolved CA atoms,All groups,A1,TsaB PDB code 8ifx,,,,,,,,,,,,,,,,,,,,,,
T1183,T1183,CASP15,8IFX,B,1,195,1,200,200,200,openfold,1,results/20260603_123021_casp15_casp16_unique_lt1000_all_default_colabfold/sequences/T1183.fasta,results/20260603_123021_casp15_casp16_unique_lt1000_all_default_colabfold/predictions/T1183/openfold,results/20260603_123021_casp15_casp16_unique_lt1000_all_default_colabfold/predictions/T1183/openfold/rank_001.pdb,results/20260603_123021_casp15_casp16_unique_lt1000_all_default_colabfold/predictions/T1183/openfold/rank_001.pdb,pending,,,,,results/20260603_123021_casp15_casp16_unique_lt1000_all_default_colabfold/logs/T1183_openfold.log,,,Yes,Yes,prefiltered A1 protein target with mapped residue range,1.000000,1.000000,0.975000,195,200,high,mapped from mmCIF atom_site CA records; 5 aligned positions lack resolved CA atoms,All groups,A1,TsaB PDB code 8ifx,,,,,,,,,,,,,,,,,,,,,,
T1183,T1183,CASP15,8IFX,B,1,195,1,200,200,200,protenix,1,results/20260603_123021_casp15_casp16_unique_lt1000_all_default_colabfold/sequences/T1183.fasta,results/20260603_123021_casp15_casp16_unique_lt1000_all_default_colabfold/predictions/T1183/protenix,results/20260603_123021_casp15_casp16_unique_lt1000_all_default_colabfold/predictions/T1183/protenix/rank_001.pdb,results/20260603_123021_casp15_casp16_unique_lt1000_all_default_colabfold/predictions/T1183/protenix/rank_001.pdb,pending,,,,,results/20260603_123021_casp15_casp16_unique_lt1000_all_default_colabfold/logs/T1183_protenix.log,,,Yes,Yes,prefiltered A1 protein target with mapped residue range,1.000000,1.000000,0.975000,195,200,high,mapped from mmCIF atom_site CA records; 5 aligned positions lack resolved CA atoms,All groups,A1,TsaB PDB code 8ifx,,,,,,,,,,,,,,,,,,,,,,
T1185s1,T1185s1,CASP15,8OUY,A,4,73,1,350,350,350,colabfold,1,results/20260603_123021_casp15_casp16_unique_lt1000_all_default_colabfold/sequences/T1185s1.fasta,results/20260603_123021_casp15_casp16_unique_lt1000_all_default_colabfold/predictions/T1185s1/colabfold,results/20260603_123021_casp15_casp16_unique_lt1000_all_default_colabfold/predictions/T1185s1/colabfold/rank_001.pdb,results/20260603_123021_casp15_casp16_unique_lt1000_all_default_colabfold/predictions/T1185s1/colabfold/rank_001.pdb,pending,,,,,results/20260603_123021_casp15_casp16_unique_lt1000_all_default_colabfold/logs/T1185s1_colabfold.log,,,Check,Check,reference coverage below threshold 0.200,1.000000,1.000000,0.200000,70,350,high,mapped from mmCIF atom_site CA records; 280 aligned positions lack resolved CA atoms,All groups,A1,BCDX2 PDB code 8ouy,,,,,,,,,,,,,,,,,,,,,,
T1185s1,T1185s1,CASP15,8OUY,A,4,73,1,350,350,350,boltz2,1,results/20260603_123021_casp15_casp16_unique_lt1000_all_default_colabfold/sequences/T1185s1.fasta,results/20260603_123021_casp15_casp16_unique_lt1000_all_default_colabfold/predictions/T1185s1/boltz2,results/20260603_123021_casp15_casp16_unique_lt1000_all_default_colabfold/predictions/T1185s1/boltz2/rank_001.pdb,results/20260603_123021_casp15_casp16_unique_lt1000_all_default_colabfold/predictions/T1185s1/boltz2/rank_001.pdb,pending,,,,,results/20260603_123021_casp15_casp16_unique_lt1000_all_default_colabfold/logs/T1185s1_boltz2.log,,,Check,Check,reference coverage below threshold 0.200,1.000000,1.000000,0.200000,70,350,high,mapped from mmCIF atom_site CA records; 280 aligned positions lack resolved CA atoms,All groups,A1,BCDX2 PDB code 8ouy,,,,,,,,,,,,,,,,,,,,,,
T1185s1,T1185s1,CASP15,8OUY,A,4,73,1,350,350,350,openfold,1,results/20260603_123021_casp15_casp16_unique_lt1000_all_default_colabfold/sequences/T1185s1.fasta,results/20260603_123021_casp15_casp16_unique_lt1000_all_default_colabfold/predictions/T1185s1/openfold,results/20260603_123021_casp15_casp16_unique_lt1000_all_default_colabfold/predictions/T1185s1/openfold/rank_001.pdb,results/20260603_123021_casp15_casp16_unique_lt1000_all_default_colabfold/predictions/T1185s1/openfold/rank_001.pdb,pending,,,,,results/20260603_123021_casp15_casp16_unique_lt1000_all_default_colabfold/logs/T1185s1_openfold.log,,,Check,Check,reference coverage below threshold 0.200,1.000000,1.000000,0.200000,70,350,high,mapped from mmCIF atom_site CA records; 280 aligned positions lack resolved CA atoms,All groups,A1,BCDX2 PDB code 8ouy,,,,,,,,,,,,,,,,,,,,,,
T1185s1,T1185s1,CASP15,8OUY,A,4,73,1,350,350,350,protenix,1,results/20260603_123021_casp15_casp16_unique_lt1000_all_default_colabfold/sequences/T1185s1.fasta,results/20260603_123021_casp15_casp16_unique_lt1000_all_default_colabfold/predictions/T1185s1/protenix,results/20260603_123021_casp15_casp16_unique_lt1000_all_default_colabfold/predictions/T1185s1/protenix/rank_001.pdb,results/20260603_123021_casp15_casp16_unique_lt1000_all_default_colabfold/predictions/T1185s1/protenix/rank_001.pdb,pending,,,,,results/20260603_123021_casp15_casp16_unique_lt1000_all_default_colabfold/logs/T1185s1_protenix.log,,,Check,Check,reference coverage below threshold 0.200,1.000000,1.000000,0.200000,70,350,high,mapped from mmCIF atom_site CA records; 280 aligned positions lack resolved CA atoms,All groups,A1,BCDX2 PDB code 8ouy,,,,,,,,,,,,,,,,,,,,,,
T1185s2,T1185s2,CASP15,8OUY,B,10,349,1,376,376,376,colabfold,1,results/20260603_123021_casp15_casp16_unique_lt1000_all_default_colabfold/sequences/T1185s2.fasta,results/20260603_123021_casp15_casp16_unique_lt1000_all_default_colabfold/predictions/T1185s2/colabfold,results/20260603_123021_casp15_casp16_unique_lt1000_all_default_colabfold/predictions/T1185s2/colabfold/rank_001.pdb,results/20260603_123021_casp15_casp16_unique_lt1000_all_default_colabfold/predictions/T1185s2/colabfold/rank_001.pdb,pending,,,,,results/20260603_123021_casp15_casp16_unique_lt1000_all_default_colabfold/logs/T1185s2_colabfold.log,,,Yes,Yes,prefiltered A1 protein target with mapped residue range,1.000000,1.000000,0.832447,313,376,high,mapped from mmCIF atom_site CA records; 63 aligned positions lack resolved CA atoms,All groups,A1,BCDX2 PDB code 8ouy,,,,,,,,,,,,,,,,,,,,,,
T1185s2,T1185s2,CASP15,8OUY,B,10,349,1,376,376,376,boltz2,1,results/20260603_123021_casp15_casp16_unique_lt1000_all_default_colabfold/sequences/T1185s2.fasta,results/20260603_123021_casp15_casp16_unique_lt1000_all_default_colabfold/predictions/T1185s2/boltz2,results/20260603_123021_casp15_casp16_unique_lt1000_all_default_colabfold/predictions/T1185s2/boltz2/rank_001.pdb,results/20260603_123021_casp15_casp16_unique_lt1000_all_default_colabfold/predictions/T1185s2/boltz2/rank_001.pdb,pending,,,,,results/20260603_123021_casp15_casp16_unique_lt1000_all_default_colabfold/logs/T1185s2_boltz2.log,,,Yes,Yes,prefiltered A1 protein target with mapped residue range,1.000000,1.000000,0.832447,313,376,high,mapped from mmCIF atom_site CA records; 63 aligned positions lack resolved CA atoms,All groups,A1,BCDX2 PDB code 8ouy,,,,,,,,,,,,,,,,,,,,,,
T1185s2,T1185s2,CASP15,8OUY,B,10,349,1,376,376,376,openfold,1,results/20260603_123021_casp15_casp16_unique_lt1000_all_default_colabfold/sequences/T1185s2.fasta,results/20260603_123021_casp15_casp16_unique_lt1000_all_default_colabfold/predictions/T1185s2/openfold,results/20260603_123021_casp15_casp16_unique_lt1000_all_default_colabfold/predictions/T1185s2/openfold/rank_001.pdb,results/20260603_123021_casp15_casp16_unique_lt1000_all_default_colabfold/predictions/T1185s2/openfold/rank_001.pdb,pending,,,,,results/20260603_123021_casp15_casp16_unique_lt1000_all_default_colabfold/logs/T1185s2_openfold.log,,,Yes,Yes,prefiltered A1 protein target with mapped residue range,1.000000,1.000000,0.832447,313,376,high,mapped from mmCIF atom_site CA records; 63 aligned positions lack resolved CA atoms,All groups,A1,BCDX2 PDB code 8ouy,,,,,,,,,,,,,,,,,,,,,,
T1185s2,T1185s2,CASP15,8OUY,B,10,349,1,376,376,376,protenix,1,results/20260603_123021_casp15_casp16_unique_lt1000_all_default_colabfold/sequences/T1185s2.fasta,results/20260603_123021_casp15_casp16_unique_lt1000_all_default_colabfold/predictions/T1185s2/protenix,results/20260603_123021_casp15_casp16_unique_lt1000_all_default_colabfold/predictions/T1185s2/protenix/rank_001.pdb,results/20260603_123021_casp15_casp16_unique_lt1000_all_default_colabfold/predictions/T1185s2/protenix/rank_001.pdb,pending,,,,,results/20260603_123021_casp15_casp16_unique_lt1000_all_default_colabfold/logs/T1185s2_protenix.log,,,Yes,Yes,prefiltered A1 protein target with mapped residue range,1.000000,1.000000,0.832447,313,376,high,mapped from mmCIF atom_site CA records; 63 aligned positions lack resolved CA atoms,All groups,A1,BCDX2 PDB code 8ouy,,,,,,,,,,,,,,,,,,,,,,
T1185s4,T1185s4,CASP15,8OUY,D,20,280,1,280,280,280,colabfold,1,results/20260603_123021_casp15_casp16_unique_lt1000_all_default_colabfold/sequences/T1185s4.fasta,results/20260603_123021_casp15_casp16_unique_lt1000_all_default_colabfold/predictions/T1185s4/colabfold,results/20260603_123021_casp15_casp16_unique_lt1000_all_default_colabfold/predictions/T1185s4/colabfold/rank_001.pdb,results/20260603_123021_casp15_casp16_unique_lt1000_all_default_colabfold/predictions/T1185s4/colabfold/rank_001.pdb,pending,,,,,results/20260603_123021_casp15_casp16_unique_lt1000_all_default_colabfold/logs/T1185s4_colabfold.log,,,Yes,Yes,prefiltered A1 protein target with mapped residue range,1.000000,0.996429,0.838710,234,279,high,mapped from mmCIF atom_site CA records; 45 aligned positions lack resolved CA atoms,All groups,A1,BCDX2 PDB code 8ouy,,,,,,,,,,,,,,,,,,,,,,
T1185s4,T1185s4,CASP15,8OUY,D,20,280,1,280,280,280,boltz2,1,results/20260603_123021_casp15_casp16_unique_lt1000_all_default_colabfold/sequences/T1185s4.fasta,results/20260603_123021_casp15_casp16_unique_lt1000_all_default_colabfold/predictions/T1185s4/boltz2,results/20260603_123021_casp15_casp16_unique_lt1000_all_default_colabfold/predictions/T1185s4/boltz2/rank_001.pdb,results/20260603_123021_casp15_casp16_unique_lt1000_all_default_colabfold/predictions/T1185s4/boltz2/rank_001.pdb,pending,,,,,results/20260603_123021_casp15_casp16_unique_lt1000_all_default_colabfold/logs/T1185s4_boltz2.log,,,Yes,Yes,prefiltered A1 protein target with mapped residue range,1.000000,0.996429,0.838710,234,279,high,mapped from mmCIF atom_site CA records; 45 aligned positions lack resolved CA atoms,All groups,A1,BCDX2 PDB code 8ouy,,,,,,,,,,,,,,,,,,,,,,
T1185s4,T1185s4,CASP15,8OUY,D,20,280,1,280,280,280,openfold,1,results/20260603_123021_casp15_casp16_unique_lt1000_all_default_colabfold/sequences/T1185s4.fasta,results/20260603_123021_casp15_casp16_unique_lt1000_all_default_colabfold/predictions/T1185s4/openfold,results/20260603_123021_casp15_casp16_unique_lt1000_all_default_colabfold/predictions/T1185s4/openfold/rank_001.pdb,results/20260603_123021_casp15_casp16_unique_lt1000_all_default_colabfold/predictions/T1185s4/openfold/rank_001.pdb,pending,,,,,results/20260603_123021_casp15_casp16_unique_lt1000_all_default_colabfold/logs/T1185s4_openfold.log,,,Yes,Yes,prefiltered A1 protein target with mapped residue range,1.000000,0.996429,0.838710,234,279,high,mapped from mmCIF atom_site CA records; 45 aligned positions lack resolved CA atoms,All groups,A1,BCDX2 PDB code 8ouy,,,,,,,,,,,,,,,,,,,,,,
T1185s4,T1185s4,CASP15,8OUY,D,20,280,1,280,280,280,protenix,1,results/20260603_123021_casp15_casp16_unique_lt1000_all_default_colabfold/sequences/T1185s4.fasta,results/20260603_123021_casp15_casp16_unique_lt1000_all_default_colabfold/predictions/T1185s4/protenix,results/20260603_123021_casp15_casp16_unique_lt1000_all_default_colabfold/predictions/T1185s4/protenix/rank_001.pdb,results/20260603_123021_casp15_casp16_unique_lt1000_all_default_colabfold/predictions/T1185s4/protenix/rank_001.pdb,pending,,,,,results/20260603_123021_casp15_casp16_unique_lt1000_all_default_colabfold/logs/T1185s4_protenix.log,,,Yes,Yes,prefiltered A1 protein target with mapped residue range,1.000000,0.996429,0.838710,234,279,high,mapped from mmCIF atom_site CA records; 45 aligned positions lack resolved CA atoms,All groups,A1,BCDX2 PDB code 8ouy,,,,,,,,,,,,,,,,,,,,,,
T1194,T1194,CASP15,8OKH,A,22,185,1,168,168,168,colabfold,1,results/20260603_123021_casp15_casp16_unique_lt1000_all_default_colabfold/sequences/T1194.fasta,results/20260603_123021_casp15_casp16_unique_lt1000_all_default_colabfold/predictions/T1194/colabfold,results/20260603_123021_casp15_casp16_unique_lt1000_all_default_colabfold/predictions/T1194/colabfold/rank_001.pdb,results/20260603_123021_casp15_casp16_unique_lt1000_all_default_colabfold/predictions/T1194/colabfold/rank_001.pdb,pending,,,,,results/20260603_123021_casp15_casp16_unique_lt1000_all_default_colabfold/logs/T1194_colabfold.log,,,Check,Check,multiple equivalent chains match,1.000000,0.994048,0.982036,164,167,high,mapped from mmCIF atom_site CA records; 3 aligned positions lack resolved CA atoms,All groups,A1,Bd1399 PDB code 8okh,,,,,,,,,,,,,,,,,,,,,,
T1194,T1194,CASP15,8OKH,A,22,185,1,168,168,168,boltz2,1,results/20260603_123021_casp15_casp16_unique_lt1000_all_default_colabfold/sequences/T1194.fasta,results/20260603_123021_casp15_casp16_unique_lt1000_all_default_colabfold/predictions/T1194/boltz2,results/20260603_123021_casp15_casp16_unique_lt1000_all_default_colabfold/predictions/T1194/boltz2/rank_001.pdb,results/20260603_123021_casp15_casp16_unique_lt1000_all_default_colabfold/predictions/T1194/boltz2/rank_001.pdb,pending,,,,,results/20260603_123021_casp15_casp16_unique_lt1000_all_default_colabfold/logs/T1194_boltz2.log,,,Check,Check,multiple equivalent chains match,1.000000,0.994048,0.982036,164,167,high,mapped from mmCIF atom_site CA records; 3 aligned positions lack resolved CA atoms,All groups,A1,Bd1399 PDB code 8okh,,,,,,,,,,,,,,,,,,,,,,
T1194,T1194,CASP15,8OKH,A,22,185,1,168,168,168,openfold,1,results/20260603_123021_casp15_casp16_unique_lt1000_all_default_colabfold/sequences/T1194.fasta,results/20260603_123021_casp15_casp16_unique_lt1000_all_default_colabfold/predictions/T1194/openfold,results/20260603_123021_casp15_casp16_unique_lt1000_all_default_colabfold/predictions/T1194/openfold/rank_001.pdb,results/20260603_123021_casp15_casp16_unique_lt1000_all_default_colabfold/predictions/T1194/openfold/rank_001.pdb,pending,,,,,results/20260603_123021_casp15_casp16_unique_lt1000_all_default_colabfold/logs/T1194_openfold.log,,,Check,Check,multiple equivalent chains match,1.000000,0.994048,0.982036,164,167,high,mapped from mmCIF atom_site CA records; 3 aligned positions lack resolved CA atoms,All groups,A1,Bd1399 PDB code 8okh,,,,,,,,,,,,,,,,,,,,,,
T1194,T1194,CASP15,8OKH,A,22,185,1,168,168,168,protenix,1,results/20260603_123021_casp15_casp16_unique_lt1000_all_default_colabfold/sequences/T1194.fasta,results/20260603_123021_casp15_casp16_unique_lt1000_all_default_colabfold/predictions/T1194/protenix,results/20260603_123021_casp15_casp16_unique_lt1000_all_default_colabfold/predictions/T1194/protenix/rank_001.pdb,results/20260603_123021_casp15_casp16_unique_lt1000_all_default_colabfold/predictions/T1194/protenix/rank_001.pdb,pending,,,,,results/20260603_123021_casp15_casp16_unique_lt1000_all_default_colabfold/logs/T1194_protenix.log,,,Check,Check,multiple equivalent chains match,1.000000,0.994048,0.982036,164,167,high,mapped from mmCIF atom_site CA records; 3 aligned positions lack resolved CA atoms,All groups,A1,Bd1399 PDB code 8okh,,,,,,,,,,,,,,,,,,,,,,
T1212,T1212,CASP16,9B0L,P,53,518,1,466,466,466,colabfold,1,results/20260603_123021_casp15_casp16_unique_lt1000_all_default_colabfold/sequences/T1212.fasta,results/20260603_123021_casp15_casp16_unique_lt1000_all_default_colabfold/predictions/T1212/colabfold,results/20260603_123021_casp15_casp16_unique_lt1000_all_default_colabfold/predictions/T1212/colabfold/rank_001.pdb,results/20260603_123021_casp15_casp16_unique_lt1000_all_default_colabfold/predictions/T1212/colabfold/rank_001.pdb,pending,,,,,results/20260603_123021_casp15_casp16_unique_lt1000_all_default_colabfold/logs/T1212_colabfold.log,,,Check,Check,multiple equivalent chains match,1.000000,1.000000,1.000000,466,466,high,mapped from mmCIF atom_site CA records,Prot,A1,Fanzor2 ternary structure PDB code 9b0l protein subunit of M1212,,,,,,,,,,,,,,,,,,,,,,
T1212,T1212,CASP16,9B0L,P,53,518,1,466,466,466,boltz2,1,results/20260603_123021_casp15_casp16_unique_lt1000_all_default_colabfold/sequences/T1212.fasta,results/20260603_123021_casp15_casp16_unique_lt1000_all_default_colabfold/predictions/T1212/boltz2,results/20260603_123021_casp15_casp16_unique_lt1000_all_default_colabfold/predictions/T1212/boltz2/rank_001.pdb,results/20260603_123021_casp15_casp16_unique_lt1000_all_default_colabfold/predictions/T1212/boltz2/rank_001.pdb,pending,,,,,results/20260603_123021_casp15_casp16_unique_lt1000_all_default_colabfold/logs/T1212_boltz2.log,,,Check,Check,multiple equivalent chains match,1.000000,1.000000,1.000000,466,466,high,mapped from mmCIF atom_site CA records,Prot,A1,Fanzor2 ternary structure PDB code 9b0l protein subunit of M1212,,,,,,,,,,,,,,,,,,,,,,
T1212,T1212,CASP16,9B0L,P,53,518,1,466,466,466,openfold,1,results/20260603_123021_casp15_casp16_unique_lt1000_all_default_colabfold/sequences/T1212.fasta,results/20260603_123021_casp15_casp16_unique_lt1000_all_default_colabfold/predictions/T1212/openfold,results/20260603_123021_casp15_casp16_unique_lt1000_all_default_colabfold/predictions/T1212/openfold/rank_001.pdb,results/20260603_123021_casp15_casp16_unique_lt1000_all_default_colabfold/predictions/T1212/openfold/rank_001.pdb,pending,,,,,results/20260603_123021_casp15_casp16_unique_lt1000_all_default_colabfold/logs/T1212_openfold.log,,,Check,Check,multiple equivalent chains match,1.000000,1.000000,1.000000,466,466,high,mapped from mmCIF atom_site CA records,Prot,A1,Fanzor2 ternary structure PDB code 9b0l protein subunit of M1212,,,,,,,,,,,,,,,,,,,,,,
T1212,T1212,CASP16,9B0L,P,53,518,1,466,466,466,protenix,1,results/20260603_123021_casp15_casp16_unique_lt1000_all_default_colabfold/sequences/T1212.fasta,results/20260603_123021_casp15_casp16_unique_lt1000_all_default_colabfold/predictions/T1212/protenix,results/20260603_123021_casp15_casp16_unique_lt1000_all_default_colabfold/predictions/T1212/protenix/rank_001.pdb,results/20260603_123021_casp15_casp16_unique_lt1000_all_default_colabfold/predictions/T1212/protenix/rank_001.pdb,pending,,,,,results/20260603_123021_casp15_casp16_unique_lt1000_all_default_colabfold/logs/T1212_protenix.log,,,Check,Check,multiple equivalent chains match,1.000000,1.000000,1.000000,466,466,high,mapped from mmCIF atom_site CA records,Prot,A1,Fanzor2 ternary structure PDB code 9b0l protein subunit of M1212,,,,,,,,,,,,,,,,,,,,,,
T1227s1,T1227s1,CASP16,9N8W,A,27,418,1,427,427,427,colabfold,1,results/20260603_123021_casp15_casp16_unique_lt1000_all_default_colabfold/sequences/T1227s1.fasta,results/20260603_123021_casp15_casp16_unique_lt1000_all_default_colabfold/predictions/T1227s1/colabfold,results/20260603_123021_casp15_casp16_unique_lt1000_all_default_colabfold/predictions/T1227s1/colabfold/rank_001.pdb,results/20260603_123021_casp15_casp16_unique_lt1000_all_default_colabfold/predictions/T1227s1/colabfold/rank_001.pdb,pending,,,,,results/20260603_123021_casp15_casp16_unique_lt1000_all_default_colabfold/logs/T1227s1_colabfold.log,,,Yes,Yes,prefiltered A1 protein target with mapped residue range,1.000000,1.000000,0.918033,392,427,high,mapped from mmCIF atom_site CA records; 35 aligned positions lack resolved CA atoms,Prot,A1,LetA (P0AD03) and LetB (P76272) PDB code 9n8w,,,,,,,,,,,,,,,,,,,,,,
T1227s1,T1227s1,CASP16,9N8W,A,27,418,1,427,427,427,boltz2,1,results/20260603_123021_casp15_casp16_unique_lt1000_all_default_colabfold/sequences/T1227s1.fasta,results/20260603_123021_casp15_casp16_unique_lt1000_all_default_colabfold/predictions/T1227s1/boltz2,results/20260603_123021_casp15_casp16_unique_lt1000_all_default_colabfold/predictions/T1227s1/boltz2/rank_001.pdb,results/20260603_123021_casp15_casp16_unique_lt1000_all_default_colabfold/predictions/T1227s1/boltz2/rank_001.pdb,pending,,,,,results/20260603_123021_casp15_casp16_unique_lt1000_all_default_colabfold/logs/T1227s1_boltz2.log,,,Yes,Yes,prefiltered A1 protein target with mapped residue range,1.000000,1.000000,0.918033,392,427,high,mapped from mmCIF atom_site CA records; 35 aligned positions lack resolved CA atoms,Prot,A1,LetA (P0AD03) and LetB (P76272) PDB code 9n8w,,,,,,,,,,,,,,,,,,,,,,
T1227s1,T1227s1,CASP16,9N8W,A,27,418,1,427,427,427,openfold,1,results/20260603_123021_casp15_casp16_unique_lt1000_all_default_colabfold/sequences/T1227s1.fasta,results/20260603_123021_casp15_casp16_unique_lt1000_all_default_colabfold/predictions/T1227s1/openfold,results/20260603_123021_casp15_casp16_unique_lt1000_all_default_colabfold/predictions/T1227s1/openfold/rank_001.pdb,results/20260603_123021_casp15_casp16_unique_lt1000_all_default_colabfold/predictions/T1227s1/openfold/rank_001.pdb,pending,,,,,results/20260603_123021_casp15_casp16_unique_lt1000_all_default_colabfold/logs/T1227s1_openfold.log,,,Yes,Yes,prefiltered A1 protein target with mapped residue range,1.000000,1.000000,0.918033,392,427,high,mapped from mmCIF atom_site CA records; 35 aligned positions lack resolved CA atoms,Prot,A1,LetA (P0AD03) and LetB (P76272) PDB code 9n8w,,,,,,,,,,,,,,,,,,,,,,
T1227s1,T1227s1,CASP16,9N8W,A,27,418,1,427,427,427,protenix,1,results/20260603_123021_casp15_casp16_unique_lt1000_all_default_colabfold/sequences/T1227s1.fasta,results/20260603_123021_casp15_casp16_unique_lt1000_all_default_colabfold/predictions/T1227s1/protenix,results/20260603_123021_casp15_casp16_unique_lt1000_all_default_colabfold/predictions/T1227s1/protenix/rank_001.pdb,results/20260603_123021_casp15_casp16_unique_lt1000_all_default_colabfold/predictions/T1227s1/protenix/rank_001.pdb,pending,,,,,results/20260603_123021_casp15_casp16_unique_lt1000_all_default_colabfold/logs/T1227s1_protenix.log,,,Yes,Yes,prefiltered A1 protein target with mapped residue range,1.000000,1.000000,0.918033,392,427,high,mapped from mmCIF atom_site CA records; 35 aligned positions lack resolved CA atoms,Prot,A1,LetA (P0AD03) and LetB (P76272) PDB code 9n8w,,,,,,,,,,,,,,,,,,,,,,
T1266,T1266,CASP16,8QFB,A,563,860,1,336,336,336,colabfold,1,results/20260603_123021_casp15_casp16_unique_lt1000_all_default_colabfold/sequences/T1266.fasta,results/20260603_123021_casp15_casp16_unique_lt1000_all_default_colabfold/predictions/T1266/colabfold,results/20260603_123021_casp15_casp16_unique_lt1000_all_default_colabfold/predictions/T1266/colabfold/rank_001.pdb,results/20260603_123021_casp15_casp16_unique_lt1000_all_default_colabfold/predictions/T1266/colabfold/rank_001.pdb,pending,,,,,results/20260603_123021_casp15_casp16_unique_lt1000_all_default_colabfold/logs/T1266_colabfold.log,,,Check,Check,multiple equivalent chains match,1.000000,1.000000,0.886905,298,336,high,mapped from mmCIF atom_site CA records; 38 aligned positions lack resolved CA atoms,Prot,A1,Q99549 PDB code 8qfb,,,,,,,,,,,,,,,,,,,,,,
T1266,T1266,CASP16,8QFB,A,563,860,1,336,336,336,boltz2,1,results/20260603_123021_casp15_casp16_unique_lt1000_all_default_colabfold/sequences/T1266.fasta,results/20260603_123021_casp15_casp16_unique_lt1000_all_default_colabfold/predictions/T1266/boltz2,results/20260603_123021_casp15_casp16_unique_lt1000_all_default_colabfold/predictions/T1266/boltz2/rank_001.pdb,results/20260603_123021_casp15_casp16_unique_lt1000_all_default_colabfold/predictions/T1266/boltz2/rank_001.pdb,pending,,,,,results/20260603_123021_casp15_casp16_unique_lt1000_all_default_colabfold/logs/T1266_boltz2.log,,,Check,Check,multiple equivalent chains match,1.000000,1.000000,0.886905,298,336,high,mapped from mmCIF atom_site CA records; 38 aligned positions lack resolved CA atoms,Prot,A1,Q99549 PDB code 8qfb,,,,,,,,,,,,,,,,,,,,,,
T1266,T1266,CASP16,8QFB,A,563,860,1,336,336,336,openfold,1,results/20260603_123021_casp15_casp16_unique_lt1000_all_default_colabfold/sequences/T1266.fasta,results/20260603_123021_casp15_casp16_unique_lt1000_all_default_colabfold/predictions/T1266/openfold,results/20260603_123021_casp15_casp16_unique_lt1000_all_default_colabfold/predictions/T1266/openfold/rank_001.pdb,results/20260603_123021_casp15_casp16_unique_lt1000_all_default_colabfold/predictions/T1266/openfold/rank_001.pdb,pending,,,,,results/20260603_123021_casp15_casp16_unique_lt1000_all_default_colabfold/logs/T1266_openfold.log,,,Check,Check,multiple equivalent chains match,1.000000,1.000000,0.886905,298,336,high,mapped from mmCIF atom_site CA records; 38 aligned positions lack resolved CA atoms,Prot,A1,Q99549 PDB code 8qfb,,,,,,,,,,,,,,,,,,,,,,
T1266,T1266,CASP16,8QFB,A,563,860,1,336,336,336,protenix,1,results/20260603_123021_casp15_casp16_unique_lt1000_all_default_colabfold/sequences/T1266.fasta,results/20260603_123021_casp15_casp16_unique_lt1000_all_default_colabfold/predictions/T1266/protenix,results/20260603_123021_casp15_casp16_unique_lt1000_all_default_colabfold/predictions/T1266/protenix/rank_001.pdb,results/20260603_123021_casp15_casp16_unique_lt1000_all_default_colabfold/predictions/T1266/protenix/rank_001.pdb,pending,,,,,results/20260603_123021_casp15_casp16_unique_lt1000_all_default_colabfold/logs/T1266_protenix.log,,,Check,Check,multiple equivalent chains match,1.000000,1.000000,0.886905,298,336,high,mapped from mmCIF atom_site CA records; 38 aligned positions lack resolved CA atoms,Prot,A1,Q99549 PDB code 8qfb,,,,,,,,,,,,,,,,,,,,,,
T1272s2,T1272s2,CASP16,9C3C,a,25,350,1,363,363,363,colabfold,1,results/20260603_123021_casp15_casp16_unique_lt1000_all_default_colabfold/sequences/T1272s2.fasta,results/20260603_123021_casp15_casp16_unique_lt1000_all_default_colabfold/predictions/T1272s2/colabfold,results/20260603_123021_casp15_casp16_unique_lt1000_all_default_colabfold/predictions/T1272s2/colabfold/rank_001.pdb,results/20260603_123021_casp15_casp16_unique_lt1000_all_default_colabfold/predictions/T1272s2/colabfold/rank_001.pdb,pending,,,,,results/20260603_123021_casp15_casp16_unique_lt1000_all_default_colabfold/logs/T1272s2_colabfold.log,,,Check,Check,multiple equivalent chains match,1.000000,0.898072,0.972393,317,326,medium,mapped from mmCIF atom_site CA records; 9 aligned positions lack resolved CA atoms,Prot,A1,dystrophin-glycoprotein complex (DGC) PDB code 9c3c,,,,,,,,,,,,,,,,,,,,,,
T1272s2,T1272s2,CASP16,9C3C,a,25,350,1,363,363,363,boltz2,1,results/20260603_123021_casp15_casp16_unique_lt1000_all_default_colabfold/sequences/T1272s2.fasta,results/20260603_123021_casp15_casp16_unique_lt1000_all_default_colabfold/predictions/T1272s2/boltz2,results/20260603_123021_casp15_casp16_unique_lt1000_all_default_colabfold/predictions/T1272s2/boltz2/rank_001.pdb,results/20260603_123021_casp15_casp16_unique_lt1000_all_default_colabfold/predictions/T1272s2/boltz2/rank_001.pdb,pending,,,,,results/20260603_123021_casp15_casp16_unique_lt1000_all_default_colabfold/logs/T1272s2_boltz2.log,,,Check,Check,multiple equivalent chains match,1.000000,0.898072,0.972393,317,326,medium,mapped from mmCIF atom_site CA records; 9 aligned positions lack resolved CA atoms,Prot,A1,dystrophin-glycoprotein complex (DGC) PDB code 9c3c,,,,,,,,,,,,,,,,,,,,,,
T1272s2,T1272s2,CASP16,9C3C,a,25,350,1,363,363,363,openfold,1,results/20260603_123021_casp15_casp16_unique_lt1000_all_default_colabfold/sequences/T1272s2.fasta,results/20260603_123021_casp15_casp16_unique_lt1000_all_default_colabfold/predictions/T1272s2/openfold,results/20260603_123021_casp15_casp16_unique_lt1000_all_default_colabfold/predictions/T1272s2/openfold/rank_001.pdb,results/20260603_123021_casp15_casp16_unique_lt1000_all_default_colabfold/predictions/T1272s2/openfold/rank_001.pdb,pending,,,,,results/20260603_123021_casp15_casp16_unique_lt1000_all_default_colabfold/logs/T1272s2_openfold.log,,,Check,Check,multiple equivalent chains match,1.000000,0.898072,0.972393,317,326,medium,mapped from mmCIF atom_site CA records; 9 aligned positions lack resolved CA atoms,Prot,A1,dystrophin-glycoprotein complex (DGC) PDB code 9c3c,,,,,,,,,,,,,,,,,,,,,,
T1272s2,T1272s2,CASP16,9C3C,a,25,350,1,363,363,363,protenix,1,results/20260603_123021_casp15_casp16_unique_lt1000_all_default_colabfold/sequences/T1272s2.fasta,results/20260603_123021_casp15_casp16_unique_lt1000_all_default_colabfold/predictions/T1272s2/protenix,results/20260603_123021_casp15_casp16_unique_lt1000_all_default_colabfold/predictions/T1272s2/protenix/rank_001.pdb,results/20260603_123021_casp15_casp16_unique_lt1000_all_default_colabfold/predictions/T1272s2/protenix/rank_001.pdb,pending,,,,,results/20260603_123021_casp15_casp16_unique_lt1000_all_default_colabfold/logs/T1272s2_protenix.log,,,Check,Check,multiple equivalent chains match,1.000000,0.898072,0.972393,317,326,medium,mapped from mmCIF atom_site CA records; 9 aligned positions lack resolved CA atoms,Prot,A1,dystrophin-glycoprotein complex (DGC) PDB code 9c3c,,,,,,,,,,,,,,,,,,,,,,
T1272s3,T1272s3,CASP16,9C3C,b,57,318,1,318,318,318,colabfold,1,results/20260603_123021_casp15_casp16_unique_lt1000_all_default_colabfold/sequences/T1272s3.fasta,results/20260603_123021_casp15_casp16_unique_lt1000_all_default_colabfold/predictions/T1272s3/colabfold,results/20260603_123021_casp15_casp16_unique_lt1000_all_default_colabfold/predictions/T1272s3/colabfold/rank_001.pdb,results/20260603_123021_casp15_casp16_unique_lt1000_all_default_colabfold/predictions/T1272s3/colabfold/rank_001.pdb,pending,,,,,results/20260603_123021_casp15_casp16_unique_lt1000_all_default_colabfold/logs/T1272s3_colabfold.log,,,Check,Check,multiple equivalent chains match,1.000000,1.000000,0.823899,262,318,high,mapped from mmCIF atom_site CA records; 56 aligned positions lack resolved CA atoms,Prot,A1,dystrophin-glycoprotein complex (DGC) PDB code 9c3c,,,,,,,,,,,,,,,,,,,,,,
T1272s3,T1272s3,CASP16,9C3C,b,57,318,1,318,318,318,boltz2,1,results/20260603_123021_casp15_casp16_unique_lt1000_all_default_colabfold/sequences/T1272s3.fasta,results/20260603_123021_casp15_casp16_unique_lt1000_all_default_colabfold/predictions/T1272s3/boltz2,results/20260603_123021_casp15_casp16_unique_lt1000_all_default_colabfold/predictions/T1272s3/boltz2/rank_001.pdb,results/20260603_123021_casp15_casp16_unique_lt1000_all_default_colabfold/predictions/T1272s3/boltz2/rank_001.pdb,pending,,,,,results/20260603_123021_casp15_casp16_unique_lt1000_all_default_colabfold/logs/T1272s3_boltz2.log,,,Check,Check,multiple equivalent chains match,1.000000,1.000000,0.823899,262,318,high,mapped from mmCIF atom_site CA records; 56 aligned positions lack resolved CA atoms,Prot,A1,dystrophin-glycoprotein complex (DGC) PDB code 9c3c,,,,,,,,,,,,,,,,,,,,,,
T1272s3,T1272s3,CASP16,9C3C,b,57,318,1,318,318,318,openfold,1,results/20260603_123021_casp15_casp16_unique_lt1000_all_default_colabfold/sequences/T1272s3.fasta,results/20260603_123021_casp15_casp16_unique_lt1000_all_default_colabfold/predictions/T1272s3/openfold,results/20260603_123021_casp15_casp16_unique_lt1000_all_default_colabfold/predictions/T1272s3/openfold/rank_001.pdb,results/20260603_123021_casp15_casp16_unique_lt1000_all_default_colabfold/predictions/T1272s3/openfold/rank_001.pdb,pending,,,,,results/20260603_123021_casp15_casp16_unique_lt1000_all_default_colabfold/logs/T1272s3_openfold.log,,,Check,Check,multiple equivalent chains match,1.000000,1.000000,0.823899,262,318,high,mapped from mmCIF atom_site CA records; 56 aligned positions lack resolved CA atoms,Prot,A1,dystrophin-glycoprotein complex (DGC) PDB code 9c3c,,,,,,,,,,,,,,,,,,,,,,
T1272s3,T1272s3,CASP16,9C3C,b,57,318,1,318,318,318,protenix,1,results/20260603_123021_casp15_casp16_unique_lt1000_all_default_colabfold/sequences/T1272s3.fasta,results/20260603_123021_casp15_casp16_unique_lt1000_all_default_colabfold/predictions/T1272s3/protenix,results/20260603_123021_casp15_casp16_unique_lt1000_all_default_colabfold/predictions/T1272s3/protenix/rank_001.pdb,results/20260603_123021_casp15_casp16_unique_lt1000_all_default_colabfold/predictions/T1272s3/protenix/rank_001.pdb,pending,,,,,results/20260603_123021_casp15_casp16_unique_lt1000_all_default_colabfold/logs/T1272s3_protenix.log,,,Check,Check,multiple equivalent chains match,1.000000,1.000000,0.823899,262,318,high,mapped from mmCIF atom_site CA records; 56 aligned positions lack resolved CA atoms,Prot,A1,dystrophin-glycoprotein complex (DGC) PDB code 9c3c,,,,,,,,,,,,,,,,,,,,,,
T1272s4,T1272s4,CASP16,9C3C,d,21,289,1,289,289,289,colabfold,1,results/20260603_123021_casp15_casp16_unique_lt1000_all_default_colabfold/sequences/T1272s4.fasta,results/20260603_123021_casp15_casp16_unique_lt1000_all_default_colabfold/predictions/T1272s4/colabfold,results/20260603_123021_casp15_casp16_unique_lt1000_all_default_colabfold/predictions/T1272s4/colabfold/rank_001.pdb,results/20260603_123021_casp15_casp16_unique_lt1000_all_default_colabfold/predictions/T1272s4/colabfold/rank_001.pdb,pending,,,,,results/20260603_123021_casp15_casp16_unique_lt1000_all_default_colabfold/logs/T1272s4_colabfold.log,,,Check,Check,multiple equivalent chains match,1.000000,1.000000,0.930796,269,289,high,mapped from mmCIF atom_site CA records; 20 aligned positions lack resolved CA atoms,Prot,A1,dystrophin-glycoprotein complex (DGC) PDB code 9c3c,,,,,,,,,,,,,,,,,,,,,,
T1272s4,T1272s4,CASP16,9C3C,d,21,289,1,289,289,289,boltz2,1,results/20260603_123021_casp15_casp16_unique_lt1000_all_default_colabfold/sequences/T1272s4.fasta,results/20260603_123021_casp15_casp16_unique_lt1000_all_default_colabfold/predictions/T1272s4/boltz2,results/20260603_123021_casp15_casp16_unique_lt1000_all_default_colabfold/predictions/T1272s4/boltz2/rank_001.pdb,results/20260603_123021_casp15_casp16_unique_lt1000_all_default_colabfold/predictions/T1272s4/boltz2/rank_001.pdb,pending,,,,,results/20260603_123021_casp15_casp16_unique_lt1000_all_default_colabfold/logs/T1272s4_boltz2.log,,,Check,Check,multiple equivalent chains match,1.000000,1.000000,0.930796,269,289,high,mapped from mmCIF atom_site CA records; 20 aligned positions lack resolved CA atoms,Prot,A1,dystrophin-glycoprotein complex (DGC) PDB code 9c3c,,,,,,,,,,,,,,,,,,,,,,
T1272s4,T1272s4,CASP16,9C3C,d,21,289,1,289,289,289,openfold,1,results/20260603_123021_casp15_casp16_unique_lt1000_all_default_colabfold/sequences/T1272s4.fasta,results/20260603_123021_casp15_casp16_unique_lt1000_all_default_colabfold/predictions/T1272s4/openfold,results/20260603_123021_casp15_casp16_unique_lt1000_all_default_colabfold/predictions/T1272s4/openfold/rank_001.pdb,results/20260603_123021_casp15_casp16_unique_lt1000_all_default_colabfold/predictions/T1272s4/openfold/rank_001.pdb,pending,,,,,results/20260603_123021_casp15_casp16_unique_lt1000_all_default_colabfold/logs/T1272s4_openfold.log,,,Check,Check,multiple equivalent chains match,1.000000,1.000000,0.930796,269,289,high,mapped from mmCIF atom_site CA records; 20 aligned positions lack resolved CA atoms,Prot,A1,dystrophin-glycoprotein complex (DGC) PDB code 9c3c,,,,,,,,,,,,,,,,,,,,,,
T1272s4,T1272s4,CASP16,9C3C,d,21,289,1,289,289,289,protenix,1,results/20260603_123021_casp15_casp16_unique_lt1000_all_default_colabfold/sequences/T1272s4.fasta,results/20260603_123021_casp15_casp16_unique_lt1000_all_default_colabfold/predictions/T1272s4/protenix,results/20260603_123021_casp15_casp16_unique_lt1000_all_default_colabfold/predictions/T1272s4/protenix/rank_001.pdb,results/20260603_123021_casp15_casp16_unique_lt1000_all_default_colabfold/predictions/T1272s4/protenix/rank_001.pdb,pending,,,,,results/20260603_123021_casp15_casp16_unique_lt1000_all_default_colabfold/logs/T1272s4_protenix.log,,,Check,Check,multiple equivalent chains match,1.000000,1.000000,0.930796,269,289,high,mapped from mmCIF atom_site CA records; 20 aligned positions lack resolved CA atoms,Prot,A1,dystrophin-glycoprotein complex (DGC) PDB code 9c3c,,,,,,,,,,,,,,,,,,,,,,
T1272s5,T1272s5,CASP16,9C3C,g,28,291,1,291,291,291,colabfold,1,results/20260603_123021_casp15_casp16_unique_lt1000_all_default_colabfold/sequences/T1272s5.fasta,results/20260603_123021_casp15_casp16_unique_lt1000_all_default_colabfold/predictions/T1272s5/colabfold,results/20260603_123021_casp15_casp16_unique_lt1000_all_default_colabfold/predictions/T1272s5/colabfold/rank_001.pdb,results/20260603_123021_casp15_casp16_unique_lt1000_all_default_colabfold/predictions/T1272s5/colabfold/rank_001.pdb,pending,,,,,results/20260603_123021_casp15_casp16_unique_lt1000_all_default_colabfold/logs/T1272s5_colabfold.log,,,Check,Check,multiple equivalent chains match,1.000000,1.000000,0.907216,264,291,high,mapped from mmCIF atom_site CA records; 27 aligned positions lack resolved CA atoms,Prot,A1,dystrophin-glycoprotein complex (DGC) PDB code 9c3c,,,,,,,,,,,,,,,,,,,,,,
T1272s5,T1272s5,CASP16,9C3C,g,28,291,1,291,291,291,boltz2,1,results/20260603_123021_casp15_casp16_unique_lt1000_all_default_colabfold/sequences/T1272s5.fasta,results/20260603_123021_casp15_casp16_unique_lt1000_all_default_colabfold/predictions/T1272s5/boltz2,results/20260603_123021_casp15_casp16_unique_lt1000_all_default_colabfold/predictions/T1272s5/boltz2/rank_001.pdb,results/20260603_123021_casp15_casp16_unique_lt1000_all_default_colabfold/predictions/T1272s5/boltz2/rank_001.pdb,pending,,,,,results/20260603_123021_casp15_casp16_unique_lt1000_all_default_colabfold/logs/T1272s5_boltz2.log,,,Check,Check,multiple equivalent chains match,1.000000,1.000000,0.907216,264,291,high,mapped from mmCIF atom_site CA records; 27 aligned positions lack resolved CA atoms,Prot,A1,dystrophin-glycoprotein complex (DGC) PDB code 9c3c,,,,,,,,,,,,,,,,,,,,,,
T1272s5,T1272s5,CASP16,9C3C,g,28,291,1,291,291,291,openfold,1,results/20260603_123021_casp15_casp16_unique_lt1000_all_default_colabfold/sequences/T1272s5.fasta,results/20260603_123021_casp15_casp16_unique_lt1000_all_default_colabfold/predictions/T1272s5/openfold,results/20260603_123021_casp15_casp16_unique_lt1000_all_default_colabfold/predictions/T1272s5/openfold/rank_001.pdb,results/20260603_123021_casp15_casp16_unique_lt1000_all_default_colabfold/predictions/T1272s5/openfold/rank_001.pdb,pending,,,,,results/20260603_123021_casp15_casp16_unique_lt1000_all_default_colabfold/logs/T1272s5_openfold.log,,,Check,Check,multiple equivalent chains match,1.000000,1.000000,0.907216,264,291,high,mapped from mmCIF atom_site CA records; 27 aligned positions lack resolved CA atoms,Prot,A1,dystrophin-glycoprotein complex (DGC) PDB code 9c3c,,,,,,,,,,,,,,,,,,,,,,
T1272s5,T1272s5,CASP16,9C3C,g,28,291,1,291,291,291,protenix,1,results/20260603_123021_casp15_casp16_unique_lt1000_all_default_colabfold/sequences/T1272s5.fasta,results/20260603_123021_casp15_casp16_unique_lt1000_all_default_colabfold/predictions/T1272s5/protenix,results/20260603_123021_casp15_casp16_unique_lt1000_all_default_colabfold/predictions/T1272s5/protenix/rank_001.pdb,results/20260603_123021_casp15_casp16_unique_lt1000_all_default_colabfold/predictions/T1272s5/protenix/rank_001.pdb,pending,,,,,results/20260603_123021_casp15_casp16_unique_lt1000_all_default_colabfold/logs/T1272s5_protenix.log,,,Check,Check,multiple equivalent chains match,1.000000,1.000000,0.907216,264,291,high,mapped from mmCIF atom_site CA records; 27 aligned positions lack resolved CA atoms,Prot,A1,dystrophin-glycoprotein complex (DGC) PDB code 9c3c,,,,,,,,,,,,,,,,,,,,,,
T1272s6,T1272s6,CASP16,9C3C,A,63,653,1,624,624,624,colabfold,1,results/20260603_123021_casp15_casp16_unique_lt1000_all_default_colabfold/sequences/T1272s6.fasta,results/20260603_123021_casp15_casp16_unique_lt1000_all_default_colabfold/predictions/T1272s6/colabfold,results/20260603_123021_casp15_casp16_unique_lt1000_all_default_colabfold/predictions/T1272s6/colabfold/rank_001.pdb,results/20260603_123021_casp15_casp16_unique_lt1000_all_default_colabfold/predictions/T1272s6/colabfold/rank_001.pdb,pending,,,,,results/20260603_123021_casp15_casp16_unique_lt1000_all_default_colabfold/logs/T1272s6_colabfold.log,,,Check,Check,reference coverage below threshold 0.641,1.000000,1.000000,0.641026,400,624,high,mapped from mmCIF atom_site CA records; 224 aligned positions lack resolved CA atoms,Prot,A1,dystrophin-glycoprotein complex (DGC) PDB code 9c3c,,,,,,,,,,,,,,,,,,,,,,
T1272s6,T1272s6,CASP16,9C3C,A,63,653,1,624,624,624,boltz2,1,results/20260603_123021_casp15_casp16_unique_lt1000_all_default_colabfold/sequences/T1272s6.fasta,results/20260603_123021_casp15_casp16_unique_lt1000_all_default_colabfold/predictions/T1272s6/boltz2,results/20260603_123021_casp15_casp16_unique_lt1000_all_default_colabfold/predictions/T1272s6/boltz2/rank_001.pdb,results/20260603_123021_casp15_casp16_unique_lt1000_all_default_colabfold/predictions/T1272s6/boltz2/rank_001.pdb,pending,,,,,results/20260603_123021_casp15_casp16_unique_lt1000_all_default_colabfold/logs/T1272s6_boltz2.log,,,Check,Check,reference coverage below threshold 0.641,1.000000,1.000000,0.641026,400,624,high,mapped from mmCIF atom_site CA records; 224 aligned positions lack resolved CA atoms,Prot,A1,dystrophin-glycoprotein complex (DGC) PDB code 9c3c,,,,,,,,,,,,,,,,,,,,,,
T1272s6,T1272s6,CASP16,9C3C,A,63,653,1,624,624,624,openfold,1,results/20260603_123021_casp15_casp16_unique_lt1000_all_default_colabfold/sequences/T1272s6.fasta,results/20260603_123021_casp15_casp16_unique_lt1000_all_default_colabfold/predictions/T1272s6/openfold,results/20260603_123021_casp15_casp16_unique_lt1000_all_default_colabfold/predictions/T1272s6/openfold/rank_001.pdb,results/20260603_123021_casp15_casp16_unique_lt1000_all_default_colabfold/predictions/T1272s6/openfold/rank_001.pdb,pending,,,,,results/20260603_123021_casp15_casp16_unique_lt1000_all_default_colabfold/logs/T1272s6_openfold.log,,,Check,Check,reference coverage below threshold 0.641,1.000000,1.000000,0.641026,400,624,high,mapped from mmCIF atom_site CA records; 224 aligned positions lack resolved CA atoms,Prot,A1,dystrophin-glycoprotein complex (DGC) PDB code 9c3c,,,,,,,,,,,,,,,,,,,,,,
T1272s6,T1272s6,CASP16,9C3C,A,63,653,1,624,624,624,protenix,1,results/20260603_123021_casp15_casp16_unique_lt1000_all_default_colabfold/sequences/T1272s6.fasta,results/20260603_123021_casp15_casp16_unique_lt1000_all_default_colabfold/predictions/T1272s6/protenix,results/20260603_123021_casp15_casp16_unique_lt1000_all_default_colabfold/predictions/T1272s6/protenix/rank_001.pdb,results/20260603_123021_casp15_casp16_unique_lt1000_all_default_colabfold/predictions/T1272s6/protenix/rank_001.pdb,pending,,,,,results/20260603_123021_casp15_casp16_unique_lt1000_all_default_colabfold/logs/T1272s6_protenix.log,,,Check,Check,reference coverage below threshold 0.641,1.000000,1.000000,0.641026,400,624,high,mapped from mmCIF atom_site CA records; 224 aligned positions lack resolved CA atoms,Prot,A1,dystrophin-glycoprotein complex (DGC) PDB code 9c3c,,,,,,,,,,,,,,,,,,,,,,
T1272s7,T1272s7,CASP16,9C3C,B,654,798,1,242,242,242,colabfold,1,results/20260603_123021_casp15_casp16_unique_lt1000_all_default_colabfold/sequences/T1272s7.fasta,results/20260603_123021_casp15_casp16_unique_lt1000_all_default_colabfold/predictions/T1272s7/colabfold,results/20260603_123021_casp15_casp16_unique_lt1000_all_default_colabfold/predictions/T1272s7/colabfold/rank_001.pdb,results/20260603_123021_casp15_casp16_unique_lt1000_all_default_colabfold/predictions/T1272s7/colabfold/rank_001.pdb,pending,,,,,results/20260603_123021_casp15_casp16_unique_lt1000_all_default_colabfold/logs/T1272s7_colabfold.log,,,No,No,chain mapping below threshold identity=1.000 coverage=0.599,1.000000,0.599174,1.000000,145,145,low,mapped from mmCIF atom_site CA records,Prot,A1,dystrophin-glycoprotein complex (DGC) PDB code 9c3c,,,,,,,,,,,,,,,,,,,,,,
T1272s7,T1272s7,CASP16,9C3C,B,654,798,1,242,242,242,boltz2,1,results/20260603_123021_casp15_casp16_unique_lt1000_all_default_colabfold/sequences/T1272s7.fasta,results/20260603_123021_casp15_casp16_unique_lt1000_all_default_colabfold/predictions/T1272s7/boltz2,results/20260603_123021_casp15_casp16_unique_lt1000_all_default_colabfold/predictions/T1272s7/boltz2/rank_001.pdb,results/20260603_123021_casp15_casp16_unique_lt1000_all_default_colabfold/predictions/T1272s7/boltz2/rank_001.pdb,pending,,,,,results/20260603_123021_casp15_casp16_unique_lt1000_all_default_colabfold/logs/T1272s7_boltz2.log,,,No,No,chain mapping below threshold identity=1.000 coverage=0.599,1.000000,0.599174,1.000000,145,145,low,mapped from mmCIF atom_site CA records,Prot,A1,dystrophin-glycoprotein complex (DGC) PDB code 9c3c,,,,,,,,,,,,,,,,,,,,,,
T1272s7,T1272s7,CASP16,9C3C,B,654,798,1,242,242,242,openfold,1,results/20260603_123021_casp15_casp16_unique_lt1000_all_default_colabfold/sequences/T1272s7.fasta,results/20260603_123021_casp15_casp16_unique_lt1000_all_default_colabfold/predictions/T1272s7/openfold,results/20260603_123021_casp15_casp16_unique_lt1000_all_default_colabfold/predictions/T1272s7/openfold/rank_001.pdb,results/20260603_123021_casp15_casp16_unique_lt1000_all_default_colabfold/predictions/T1272s7/openfold/rank_001.pdb,pending,,,,,results/20260603_123021_casp15_casp16_unique_lt1000_all_default_colabfold/logs/T1272s7_openfold.log,,,No,No,chain mapping below threshold identity=1.000 coverage=0.599,1.000000,0.599174,1.000000,145,145,low,mapped from mmCIF atom_site CA records,Prot,A1,dystrophin-glycoprotein complex (DGC) PDB code 9c3c,,,,,,,,,,,,,,,,,,,,,,
T1272s7,T1272s7,CASP16,9C3C,B,654,798,1,242,242,242,protenix,1,results/20260603_123021_casp15_casp16_unique_lt1000_all_default_colabfold/sequences/T1272s7.fasta,results/20260603_123021_casp15_casp16_unique_lt1000_all_default_colabfold/predictions/T1272s7/protenix,results/20260603_123021_casp15_casp16_unique_lt1000_all_default_colabfold/predictions/T1272s7/protenix/rank_001.pdb,results/20260603_123021_casp15_casp16_unique_lt1000_all_default_colabfold/predictions/T1272s7/protenix/rank_001.pdb,pending,,,,,results/20260603_123021_casp15_casp16_unique_lt1000_all_default_colabfold/logs/T1272s7_protenix.log,,,No,No,chain mapping below threshold identity=1.000 coverage=0.599,1.000000,0.599174,1.000000,145,145,low,mapped from mmCIF atom_site CA records,Prot,A1,dystrophin-glycoprotein complex (DGC) PDB code 9c3c,,,,,,,,,,,,,,,,,,,,,,
T1272s9,T1272s9,CASP16,9C3C,n,42,216,1,238,238,238,colabfold,1,results/20260603_123021_casp15_casp16_unique_lt1000_all_default_colabfold/sequences/T1272s9.fasta,results/20260603_123021_casp15_casp16_unique_lt1000_all_default_colabfold/predictions/T1272s9/colabfold,results/20260603_123021_casp15_casp16_unique_lt1000_all_default_colabfold/predictions/T1272s9/colabfold/rank_001.pdb,results/20260603_123021_casp15_casp16_unique_lt1000_all_default_colabfold/predictions/T1272s9/colabfold/rank_001.pdb,pending,,,,,results/20260603_123021_casp15_casp16_unique_lt1000_all_default_colabfold/logs/T1272s9_colabfold.log,,,Check,Check,reference coverage below threshold 0.735; multiple equivalent chains match,1.000000,1.000000,0.735294,175,238,high,mapped from mmCIF atom_site CA records; 63 aligned positions lack resolved CA atoms,Prot,A1,dystrophin-glycoprotein complex (DGC) PDB code 9c3c,,,,,,,,,,,,,,,,,,,,,,
T1272s9,T1272s9,CASP16,9C3C,n,42,216,1,238,238,238,boltz2,1,results/20260603_123021_casp15_casp16_unique_lt1000_all_default_colabfold/sequences/T1272s9.fasta,results/20260603_123021_casp15_casp16_unique_lt1000_all_default_colabfold/predictions/T1272s9/boltz2,results/20260603_123021_casp15_casp16_unique_lt1000_all_default_colabfold/predictions/T1272s9/boltz2/rank_001.pdb,results/20260603_123021_casp15_casp16_unique_lt1000_all_default_colabfold/predictions/T1272s9/boltz2/rank_001.pdb,pending,,,,,results/20260603_123021_casp15_casp16_unique_lt1000_all_default_colabfold/logs/T1272s9_boltz2.log,,,Check,Check,reference coverage below threshold 0.735; multiple equivalent chains match,1.000000,1.000000,0.735294,175,238,high,mapped from mmCIF atom_site CA records; 63 aligned positions lack resolved CA atoms,Prot,A1,dystrophin-glycoprotein complex (DGC) PDB code 9c3c,,,,,,,,,,,,,,,,,,,,,,
T1272s9,T1272s9,CASP16,9C3C,n,42,216,1,238,238,238,openfold,1,results/20260603_123021_casp15_casp16_unique_lt1000_all_default_colabfold/sequences/T1272s9.fasta,results/20260603_123021_casp15_casp16_unique_lt1000_all_default_colabfold/predictions/T1272s9/openfold,results/20260603_123021_casp15_casp16_unique_lt1000_all_default_colabfold/predictions/T1272s9/openfold/rank_001.pdb,results/20260603_123021_casp15_casp16_unique_lt1000_all_default_colabfold/predictions/T1272s9/openfold/rank_001.pdb,pending,,,,,results/20260603_123021_casp15_casp16_unique_lt1000_all_default_colabfold/logs/T1272s9_openfold.log,,,Check,Check,reference coverage below threshold 0.735; multiple equivalent chains match,1.000000,1.000000,0.735294,175,238,high,mapped from mmCIF atom_site CA records; 63 aligned positions lack resolved CA atoms,Prot,A1,dystrophin-glycoprotein complex (DGC) PDB code 9c3c,,,,,,,,,,,,,,,,,,,,,,
T1272s9,T1272s9,CASP16,9C3C,n,42,216,1,238,238,238,protenix,1,results/20260603_123021_casp15_casp16_unique_lt1000_all_default_colabfold/sequences/T1272s9.fasta,results/20260603_123021_casp15_casp16_unique_lt1000_all_default_colabfold/predictions/T1272s9/protenix,results/20260603_123021_casp15_casp16_unique_lt1000_all_default_colabfold/predictions/T1272s9/protenix/rank_001.pdb,results/20260603_123021_casp15_casp16_unique_lt1000_all_default_colabfold/predictions/T1272s9/protenix/rank_001.pdb,pending,,,,,results/20260603_123021_casp15_casp16_unique_lt1000_all_default_colabfold/logs/T1272s9_protenix.log,,,Check,Check,reference coverage below threshold 0.735; multiple equivalent chains match,1.000000,1.000000,0.735294,175,238,high,mapped from mmCIF atom_site CA records; 63 aligned positions lack resolved CA atoms,Prot,A1,dystrophin-glycoprotein complex (DGC) PDB code 9c3c,,,,,,,,,,,,,,,,,,,,,,
T1280,T1280,CASP16,9F5M,AAA,615,848,1,237,237,237,colabfold,1,results/20260603_123021_casp15_casp16_unique_lt1000_all_default_colabfold/sequences/T1280.fasta,results/20260603_123021_casp15_casp16_unique_lt1000_all_default_colabfold/predictions/T1280/colabfold,results/20260603_123021_casp15_casp16_unique_lt1000_all_default_colabfold/predictions/T1280/colabfold/rank_001.pdb,results/20260603_123021_casp15_casp16_unique_lt1000_all_default_colabfold/predictions/T1280/colabfold/rank_001.pdb,pending,,,,,results/20260603_123021_casp15_casp16_unique_lt1000_all_default_colabfold/logs/T1280_colabfold.log,,,Check,Check,multiple equivalent chains match,1.000000,0.991561,0.995745,234,235,high,mapped from mmCIF atom_site CA records; 1 aligned positions lack resolved CA atoms,Prot,A1,C-terminal domain of bacteriophage K gp155 PDB code 9f5m,,,,,,,,,,,,,,,,,,,,,,
T1280,T1280,CASP16,9F5M,AAA,615,848,1,237,237,237,boltz2,1,results/20260603_123021_casp15_casp16_unique_lt1000_all_default_colabfold/sequences/T1280.fasta,results/20260603_123021_casp15_casp16_unique_lt1000_all_default_colabfold/predictions/T1280/boltz2,results/20260603_123021_casp15_casp16_unique_lt1000_all_default_colabfold/predictions/T1280/boltz2/rank_001.pdb,results/20260603_123021_casp15_casp16_unique_lt1000_all_default_colabfold/predictions/T1280/boltz2/rank_001.pdb,pending,,,,,results/20260603_123021_casp15_casp16_unique_lt1000_all_default_colabfold/logs/T1280_boltz2.log,,,Check,Check,multiple equivalent chains match,1.000000,0.991561,0.995745,234,235,high,mapped from mmCIF atom_site CA records; 1 aligned positions lack resolved CA atoms,Prot,A1,C-terminal domain of bacteriophage K gp155 PDB code 9f5m,,,,,,,,,,,,,,,,,,,,,,
T1280,T1280,CASP16,9F5M,AAA,615,848,1,237,237,237,openfold,1,results/20260603_123021_casp15_casp16_unique_lt1000_all_default_colabfold/sequences/T1280.fasta,results/20260603_123021_casp15_casp16_unique_lt1000_all_default_colabfold/predictions/T1280/openfold,results/20260603_123021_casp15_casp16_unique_lt1000_all_default_colabfold/predictions/T1280/openfold/rank_001.pdb,results/20260603_123021_casp15_casp16_unique_lt1000_all_default_colabfold/predictions/T1280/openfold/rank_001.pdb,pending,,,,,results/20260603_123021_casp15_casp16_unique_lt1000_all_default_colabfold/logs/T1280_openfold.log,,,Check,Check,multiple equivalent chains match,1.000000,0.991561,0.995745,234,235,high,mapped from mmCIF atom_site CA records; 1 aligned positions lack resolved CA atoms,Prot,A1,C-terminal domain of bacteriophage K gp155 PDB code 9f5m,,,,,,,,,,,,,,,,,,,,,,
T1280,T1280,CASP16,9F5M,AAA,615,848,1,237,237,237,protenix,1,results/20260603_123021_casp15_casp16_unique_lt1000_all_default_colabfold/sequences/T1280.fasta,results/20260603_123021_casp15_casp16_unique_lt1000_all_default_colabfold/predictions/T1280/protenix,results/20260603_123021_casp15_casp16_unique_lt1000_all_default_colabfold/predictions/T1280/protenix/rank_001.pdb,results/20260603_123021_casp15_casp16_unique_lt1000_all_default_colabfold/predictions/T1280/protenix/rank_001.pdb,pending,,,,,results/20260603_123021_casp15_casp16_unique_lt1000_all_default_colabfold/logs/T1280_protenix.log,,,Check,Check,multiple equivalent chains match,1.000000,0.991561,0.995745,234,235,high,mapped from mmCIF atom_site CA records; 1 aligned positions lack resolved CA atoms,Prot,A1,C-terminal domain of bacteriophage K gp155 PDB code 9f5m,,,,,,,,,,,,,,,,,,,,,,
T1299,T1299,CASP16,9FJL,A,1,168,1,168,168,168,colabfold,1,results/20260603_123021_casp15_casp16_unique_lt1000_all_default_colabfold/sequences/T1299.fasta,results/20260603_123021_casp15_casp16_unique_lt1000_all_default_colabfold/predictions/T1299/colabfold,results/20260603_123021_casp15_casp16_unique_lt1000_all_default_colabfold/predictions/T1299/colabfold/rank_001.pdb,results/20260603_123021_casp15_casp16_unique_lt1000_all_default_colabfold/predictions/T1299/colabfold/rank_001.pdb,pending,,,,,results/20260603_123021_casp15_casp16_unique_lt1000_all_default_colabfold/logs/T1299_colabfold.log,,,Yes,Yes,prefiltered A1 protein target with mapped residue range,1.000000,1.000000,1.000000,168,168,high,mapped from mmCIF atom_site CA records,Prot,A1,9FJL PDB code 9fjl,,,,,,,,,,,,,,,,,,,,,,
T1299,T1299,CASP16,9FJL,A,1,168,1,168,168,168,boltz2,1,results/20260603_123021_casp15_casp16_unique_lt1000_all_default_colabfold/sequences/T1299.fasta,results/20260603_123021_casp15_casp16_unique_lt1000_all_default_colabfold/predictions/T1299/boltz2,results/20260603_123021_casp15_casp16_unique_lt1000_all_default_colabfold/predictions/T1299/boltz2/rank_001.pdb,results/20260603_123021_casp15_casp16_unique_lt1000_all_default_colabfold/predictions/T1299/boltz2/rank_001.pdb,pending,,,,,results/20260603_123021_casp15_casp16_unique_lt1000_all_default_colabfold/logs/T1299_boltz2.log,,,Yes,Yes,prefiltered A1 protein target with mapped residue range,1.000000,1.000000,1.000000,168,168,high,mapped from mmCIF atom_site CA records,Prot,A1,9FJL PDB code 9fjl,,,,,,,,,,,,,,,,,,,,,,
T1299,T1299,CASP16,9FJL,A,1,168,1,168,168,168,openfold,1,results/20260603_123021_casp15_casp16_unique_lt1000_all_default_colabfold/sequences/T1299.fasta,results/20260603_123021_casp15_casp16_unique_lt1000_all_default_colabfold/predictions/T1299/openfold,results/20260603_123021_casp15_casp16_unique_lt1000_all_default_colabfold/predictions/T1299/openfold/rank_001.pdb,results/20260603_123021_casp15_casp16_unique_lt1000_all_default_colabfold/predictions/T1299/openfold/rank_001.pdb,pending,,,,,results/20260603_123021_casp15_casp16_unique_lt1000_all_default_colabfold/logs/T1299_openfold.log,,,Yes,Yes,prefiltered A1 protein target with mapped residue range,1.000000,1.000000,1.000000,168,168,high,mapped from mmCIF atom_site CA records,Prot,A1,9FJL PDB code 9fjl,,,,,,,,,,,,,,,,,,,,,,
T1299,T1299,CASP16,9FJL,A,1,168,1,168,168,168,protenix,1,results/20260603_123021_casp15_casp16_unique_lt1000_all_default_colabfold/sequences/T1299.fasta,results/20260603_123021_casp15_casp16_unique_lt1000_all_default_colabfold/predictions/T1299/protenix,results/20260603_123021_casp15_casp16_unique_lt1000_all_default_colabfold/predictions/T1299/protenix/rank_001.pdb,results/20260603_123021_casp15_casp16_unique_lt1000_all_default_colabfold/predictions/T1299/protenix/rank_001.pdb,pending,,,,,results/20260603_123021_casp15_casp16_unique_lt1000_all_default_colabfold/logs/T1299_protenix.log,,,Yes,Yes,prefiltered A1 protein target with mapped residue range,1.000000,1.000000,1.000000,168,168,high,mapped from mmCIF atom_site CA records,Prot,A1,9FJL PDB code 9fjl,,,,,,,,,,,,,,,,,,,,,,
