domain_id,target_id,casp_round,pdb_id,chain_id,residue_start,residue_end,sequence_start,sequence_end,target_length,sequence_length,model,rank,input_fasta,output_dir,output_pdb,output_structure,success,return_code,start_time,end_time,runtime_sec,log_file,command,error_message,should_use,target_qc_status,qc_reason,mapping_identity,mapping_coverage,reference_coverage,resolved_ca_count,expected_mapped_residue_count,chain_assignment_confidence,residue_mapping_note,type,stoichiometry,description,msa_used,msa_source,msa_mode,msa_database,msa_database_path,msa_a3m_file,msa_build_runtime_sec,msa_build_carbon_emissions_g,msa_build_energy_consumed_kwh,msa_build_included_in_runtime,msa_build_included_in_carbon,msa_reused,inference_runtime_sec,inference_carbon_emissions_g,inference_energy_consumed_kwh,total_runtime_sec,total_carbon_emissions_g,total_energy_consumed_kwh,shared_msa_source_model,shared_msa_a3m_file,shared_msa_dir,stage_metadata_note
T1104,T1104,CASP15,7ROA,A,58,189,1,117,117,117,chai1,1,results/20260601_104732_casp15_casp16_unique_lt1000_all_default_msa-free/sequences/T1104.fasta,results/20260601_104732_casp15_casp16_unique_lt1000_all_default_msa-free/predictions/T1104/chai1,results/20260601_104732_casp15_casp16_unique_lt1000_all_default_msa-free/predictions/T1104/chai1/rank_001.pdb,results/20260601_104732_casp15_casp16_unique_lt1000_all_default_msa-free/predictions/T1104/chai1/rank_001.pdb,true,0,2026-06-01T10:47:32+02:00,2026-06-01T10:55:39+02:00,487,results/20260601_104732_casp15_casp16_unique_lt1000_all_default_msa-free/logs/T1104_chai1.log,bash runners/run_chai1.sh results/20260601_104732_casp15_casp16_unique_lt1000_all_default_msa-free/sequences/T1104.fasta results/20260601_104732_casp15_casp16_unique_lt1000_all_default_msa-free/predictions/T1104/chai1 1,,Yes,Yes,prefiltered A1 protein target with mapped residue range,1.000000,1.000000,0.871212,115,132,high,mapped from mmCIF atom_site CA records; 17 aligned positions lack resolved CA atoms,All groups,A1,EntV136 PDB code 7roa,,,,,,,,,,,,,486.10755472205346,6.762715161189591,0.014237295076188611,486.10755472205346,6.762715161189591,0.014237295076188611,,,,runner CodeCarbon output: results/20260601_104732_casp15_casp16_unique_lt1000_all_default_msa-free/predictions/T1104/chai1/carbon/T1104_chai1_inference_emissions.csv
T1104,T1104,CASP15,7ROA,A,58,189,1,117,117,117,esmfold,1,results/20260601_104732_casp15_casp16_unique_lt1000_all_default_msa-free/sequences/T1104.fasta,results/20260601_104732_casp15_casp16_unique_lt1000_all_default_msa-free/predictions/T1104/esmfold,results/20260601_104732_casp15_casp16_unique_lt1000_all_default_msa-free/predictions/T1104/esmfold/rank_001.pdb,results/20260601_104732_casp15_casp16_unique_lt1000_all_default_msa-free/predictions/T1104/esmfold/rank_001.pdb,true,0,2026-06-01T10:55:39+02:00,2026-06-01T10:56:34+02:00,55,results/20260601_104732_casp15_casp16_unique_lt1000_all_default_msa-free/logs/T1104_esmfold.log,bash runners/run_esmfold.sh results/20260601_104732_casp15_casp16_unique_lt1000_all_default_msa-free/sequences/T1104.fasta results/20260601_104732_casp15_casp16_unique_lt1000_all_default_msa-free/predictions/T1104/esmfold 1,,Yes,Yes,prefiltered A1 protein target with mapped residue range,1.000000,1.000000,0.871212,115,132,high,mapped from mmCIF atom_site CA records; 17 aligned positions lack resolved CA atoms,All groups,A1,EntV136 PDB code 7roa,,,,,,,,,,,,,55.1633777290117,0.7503540707644031,0.0015796927805566382,55.1633777290117,0.7503540707644031,0.0015796927805566382,,,,runner CodeCarbon output: results/20260601_104732_casp15_casp16_unique_lt1000_all_default_msa-free/predictions/T1104/esmfold/carbon/T1104_esmfold_inference_emissions.csv
T1104,T1104,CASP15,7ROA,A,58,189,1,117,117,117,omegafold,1,results/20260601_104732_casp15_casp16_unique_lt1000_all_default_msa-free/sequences/T1104.fasta,results/20260601_104732_casp15_casp16_unique_lt1000_all_default_msa-free/predictions/T1104/omegafold,results/20260601_104732_casp15_casp16_unique_lt1000_all_default_msa-free/predictions/T1104/omegafold/rank_001.pdb,results/20260601_104732_casp15_casp16_unique_lt1000_all_default_msa-free/predictions/T1104/omegafold/rank_001.pdb,true,0,2026-06-01T10:56:34+02:00,2026-06-01T10:56:56+02:00,22,results/20260601_104732_casp15_casp16_unique_lt1000_all_default_msa-free/logs/T1104_omegafold.log,bash runners/run_omegafold.sh results/20260601_104732_casp15_casp16_unique_lt1000_all_default_msa-free/sequences/T1104.fasta results/20260601_104732_casp15_casp16_unique_lt1000_all_default_msa-free/predictions/T1104/omegafold 1,,Yes,Yes,prefiltered A1 protein target with mapped residue range,1.000000,1.000000,0.871212,115,132,high,mapped from mmCIF atom_site CA records; 17 aligned positions lack resolved CA atoms,All groups,A1,EntV136 PDB code 7roa,,,,,,,,,,,,,22.16815384401707,0.5077497323365114,0.0010689468049189714,22.16815384401707,0.5077497323365114,0.0010689468049189714,,,,runner CodeCarbon output: results/20260601_104732_casp15_casp16_unique_lt1000_all_default_msa-free/predictions/T1104/omegafold/carbon/T1104_omegafold_inference_emissions.csv
T1106s1,T1106s1,CASP15,7QIH,B,50,120,1,122,122,122,chai1,1,results/20260601_104732_casp15_casp16_unique_lt1000_all_default_msa-free/sequences/T1106s1.fasta,results/20260601_104732_casp15_casp16_unique_lt1000_all_default_msa-free/predictions/T1106s1/chai1,results/20260601_104732_casp15_casp16_unique_lt1000_all_default_msa-free/predictions/T1106s1/chai1/rank_001.pdb,results/20260601_104732_casp15_casp16_unique_lt1000_all_default_msa-free/predictions/T1106s1/chai1/rank_001.pdb,true,0,2026-06-01T10:56:56+02:00,2026-06-01T11:04:51+02:00,475,results/20260601_104732_casp15_casp16_unique_lt1000_all_default_msa-free/logs/T1106s1_chai1.log,bash runners/run_chai1.sh results/20260601_104732_casp15_casp16_unique_lt1000_all_default_msa-free/sequences/T1106s1.fasta results/20260601_104732_casp15_casp16_unique_lt1000_all_default_msa-free/predictions/T1106s1/chai1 1,,No,No,chain mapping below threshold identity=1.000 coverage=0.615; multiple equivalent chains match,1.000000,0.614754,0.946667,71,75,low,mapped from mmCIF atom_site CA records; 4 aligned positions lack resolved CA atoms,All groups,A1,YscY-YscX PDB code 7qih,,,,,,,,,,,,,474.17120799596887,6.6838727617808,0.014071311077433264,474.17120799596887,6.6838727617808,0.014071311077433264,,,,runner CodeCarbon output: results/20260601_104732_casp15_casp16_unique_lt1000_all_default_msa-free/predictions/T1106s1/chai1/carbon/T1106s1_chai1_inference_emissions.csv
T1106s1,T1106s1,CASP15,7QIH,B,50,120,1,122,122,122,esmfold,1,results/20260601_104732_casp15_casp16_unique_lt1000_all_default_msa-free/sequences/T1106s1.fasta,results/20260601_104732_casp15_casp16_unique_lt1000_all_default_msa-free/predictions/T1106s1/esmfold,results/20260601_104732_casp15_casp16_unique_lt1000_all_default_msa-free/predictions/T1106s1/esmfold/rank_001.pdb,results/20260601_104732_casp15_casp16_unique_lt1000_all_default_msa-free/predictions/T1106s1/esmfold/rank_001.pdb,true,0,2026-06-01T11:04:51+02:00,2026-06-01T11:05:47+02:00,56,results/20260601_104732_casp15_casp16_unique_lt1000_all_default_msa-free/logs/T1106s1_esmfold.log,bash runners/run_esmfold.sh results/20260601_104732_casp15_casp16_unique_lt1000_all_default_msa-free/sequences/T1106s1.fasta results/20260601_104732_casp15_casp16_unique_lt1000_all_default_msa-free/predictions/T1106s1/esmfold 1,,No,No,chain mapping below threshold identity=1.000 coverage=0.615; multiple equivalent chains match,1.000000,0.614754,0.946667,71,75,low,mapped from mmCIF atom_site CA records; 4 aligned positions lack resolved CA atoms,All groups,A1,YscY-YscX PDB code 7qih,,,,,,,,,,,,,56.09442822600249,0.765211020189882,0.001610970568820804,56.09442822600249,0.765211020189882,0.001610970568820804,,,,runner CodeCarbon output: results/20260601_104732_casp15_casp16_unique_lt1000_all_default_msa-free/predictions/T1106s1/esmfold/carbon/T1106s1_esmfold_inference_emissions.csv
T1106s1,T1106s1,CASP15,7QIH,B,50,120,1,122,122,122,omegafold,1,results/20260601_104732_casp15_casp16_unique_lt1000_all_default_msa-free/sequences/T1106s1.fasta,results/20260601_104732_casp15_casp16_unique_lt1000_all_default_msa-free/predictions/T1106s1/omegafold,results/20260601_104732_casp15_casp16_unique_lt1000_all_default_msa-free/predictions/T1106s1/omegafold/rank_001.pdb,results/20260601_104732_casp15_casp16_unique_lt1000_all_default_msa-free/predictions/T1106s1/omegafold/rank_001.pdb,true,0,2026-06-01T11:05:47+02:00,2026-06-01T11:06:10+02:00,23,results/20260601_104732_casp15_casp16_unique_lt1000_all_default_msa-free/logs/T1106s1_omegafold.log,bash runners/run_omegafold.sh results/20260601_104732_casp15_casp16_unique_lt1000_all_default_msa-free/sequences/T1106s1.fasta results/20260601_104732_casp15_casp16_unique_lt1000_all_default_msa-free/predictions/T1106s1/omegafold 1,,No,No,chain mapping below threshold identity=1.000 coverage=0.615; multiple equivalent chains match,1.000000,0.614754,0.946667,71,75,low,mapped from mmCIF atom_site CA records; 4 aligned positions lack resolved CA atoms,All groups,A1,YscY-YscX PDB code 7qih,,,,,,,,,,,,,22.879897242004517,0.520534958717842,0.0010958630709849305,22.879897242004517,0.520534958717842,0.0010958630709849305,,,,runner CodeCarbon output: results/20260601_104732_casp15_casp16_unique_lt1000_all_default_msa-free/predictions/T1106s1/omegafold/carbon/T1106s1_omegafold_inference_emissions.csv
T1106s2,T1106s2,CASP15,7QIH,A,2,112,1,114,114,114,chai1,1,results/20260601_104732_casp15_casp16_unique_lt1000_all_default_msa-free/sequences/T1106s2.fasta,results/20260601_104732_casp15_casp16_unique_lt1000_all_default_msa-free/predictions/T1106s2/chai1,results/20260601_104732_casp15_casp16_unique_lt1000_all_default_msa-free/predictions/T1106s2/chai1/rank_001.pdb,results/20260601_104732_casp15_casp16_unique_lt1000_all_default_msa-free/predictions/T1106s2/chai1/rank_001.pdb,true,0,2026-06-01T11:06:10+02:00,2026-06-01T11:13:44+02:00,454,results/20260601_104732_casp15_casp16_unique_lt1000_all_default_msa-free/logs/T1106s2_chai1.log,bash runners/run_chai1.sh results/20260601_104732_casp15_casp16_unique_lt1000_all_default_msa-free/sequences/T1106s2.fasta results/20260601_104732_casp15_casp16_unique_lt1000_all_default_msa-free/predictions/T1106s2/chai1 1,,Check,Check,multiple equivalent chains match,1.000000,1.000000,0.909836,111,122,high,mapped from mmCIF atom_site CA records; 11 aligned positions lack resolved CA atoms,All groups,A1,YscY-YscX PDB code 7qih,,,,,,,,,,,,,453.74739741301164,6.417132675952586,0.013509753002005444,453.74739741301164,6.417132675952586,0.013509753002005444,,,,runner CodeCarbon output: results/20260601_104732_casp15_casp16_unique_lt1000_all_default_msa-free/predictions/T1106s2/chai1/carbon/T1106s2_chai1_inference_emissions.csv
T1106s2,T1106s2,CASP15,7QIH,A,2,112,1,114,114,114,esmfold,1,results/20260601_104732_casp15_casp16_unique_lt1000_all_default_msa-free/sequences/T1106s2.fasta,results/20260601_104732_casp15_casp16_unique_lt1000_all_default_msa-free/predictions/T1106s2/esmfold,results/20260601_104732_casp15_casp16_unique_lt1000_all_default_msa-free/predictions/T1106s2/esmfold/rank_001.pdb,results/20260601_104732_casp15_casp16_unique_lt1000_all_default_msa-free/predictions/T1106s2/esmfold/rank_001.pdb,true,0,2026-06-01T11:13:44+02:00,2026-06-01T11:14:39+02:00,55,results/20260601_104732_casp15_casp16_unique_lt1000_all_default_msa-free/logs/T1106s2_esmfold.log,bash runners/run_esmfold.sh results/20260601_104732_casp15_casp16_unique_lt1000_all_default_msa-free/sequences/T1106s2.fasta results/20260601_104732_casp15_casp16_unique_lt1000_all_default_msa-free/predictions/T1106s2/esmfold 1,,Check,Check,multiple equivalent chains match,1.000000,1.000000,0.909836,111,122,high,mapped from mmCIF atom_site CA records; 11 aligned positions lack resolved CA atoms,All groups,A1,YscY-YscX PDB code 7qih,,,,,,,,,,,,,54.15181509195827,0.7324496060623786,0.0015419991706576393,54.15181509195827,0.7324496060623786,0.0015419991706576393,,,,runner CodeCarbon output: results/20260601_104732_casp15_casp16_unique_lt1000_all_default_msa-free/predictions/T1106s2/esmfold/carbon/T1106s2_esmfold_inference_emissions.csv
T1106s2,T1106s2,CASP15,7QIH,A,2,112,1,114,114,114,omegafold,1,results/20260601_104732_casp15_casp16_unique_lt1000_all_default_msa-free/sequences/T1106s2.fasta,results/20260601_104732_casp15_casp16_unique_lt1000_all_default_msa-free/predictions/T1106s2/omegafold,results/20260601_104732_casp15_casp16_unique_lt1000_all_default_msa-free/predictions/T1106s2/omegafold/rank_001.pdb,results/20260601_104732_casp15_casp16_unique_lt1000_all_default_msa-free/predictions/T1106s2/omegafold/rank_001.pdb,true,0,2026-06-01T11:14:39+02:00,2026-06-01T11:15:01+02:00,22,results/20260601_104732_casp15_casp16_unique_lt1000_all_default_msa-free/logs/T1106s2_omegafold.log,bash runners/run_omegafold.sh results/20260601_104732_casp15_casp16_unique_lt1000_all_default_msa-free/sequences/T1106s2.fasta results/20260601_104732_casp15_casp16_unique_lt1000_all_default_msa-free/predictions/T1106s2/omegafold 1,,Check,Check,multiple equivalent chains match,1.000000,1.000000,0.909836,111,122,high,mapped from mmCIF atom_site CA records; 11 aligned positions lack resolved CA atoms,All groups,A1,YscY-YscX PDB code 7qih,,,,,,,,,,,,,22.00924927496817,0.48857105184577815,0.001028570635464796,22.00924927496817,0.48857105184577815,0.001028570635464796,,,,runner CodeCarbon output: results/20260601_104732_casp15_casp16_unique_lt1000_all_default_msa-free/predictions/T1106s2/omegafold/carbon/T1106s2_omegafold_inference_emissions.csv
T1112,T1112,CASP15,8ORK,AAA,2,460,1,460,460,460,chai1,1,results/20260601_104732_casp15_casp16_unique_lt1000_all_default_msa-free/sequences/T1112.fasta,results/20260601_104732_casp15_casp16_unique_lt1000_all_default_msa-free/predictions/T1112/chai1,results/20260601_104732_casp15_casp16_unique_lt1000_all_default_msa-free/predictions/T1112/chai1/rank_001.pdb,results/20260601_104732_casp15_casp16_unique_lt1000_all_default_msa-free/predictions/T1112/chai1/rank_001.pdb,true,0,2026-06-01T11:15:01+02:00,2026-06-01T11:43:55+02:00,1734,results/20260601_104732_casp15_casp16_unique_lt1000_all_default_msa-free/logs/T1112_chai1.log,bash runners/run_chai1.sh results/20260601_104732_casp15_casp16_unique_lt1000_all_default_msa-free/sequences/T1112.fasta results/20260601_104732_casp15_casp16_unique_lt1000_all_default_msa-free/predictions/T1112/chai1 1,,Check,Check,multiple equivalent chains match,1.000000,1.000000,0.973913,448,460,high,mapped from mmCIF atom_site CA records; 12 aligned positions lack resolved CA atoms,All groups,A1,O93732.1 PDB code 8ork,,,,,,,,,,,,,1733.6757332970155,24.000708980840958,0.050527808380717805,1733.6757332970155,24.000708980840958,0.050527808380717805,,,,runner CodeCarbon output: results/20260601_104732_casp15_casp16_unique_lt1000_all_default_msa-free/predictions/T1112/chai1/carbon/T1112_chai1_inference_emissions.csv
T1112,T1112,CASP15,8ORK,AAA,2,460,1,460,460,460,esmfold,1,results/20260601_104732_casp15_casp16_unique_lt1000_all_default_msa-free/sequences/T1112.fasta,results/20260601_104732_casp15_casp16_unique_lt1000_all_default_msa-free/predictions/T1112/esmfold,results/20260601_104732_casp15_casp16_unique_lt1000_all_default_msa-free/predictions/T1112/esmfold/rank_001.pdb,results/20260601_104732_casp15_casp16_unique_lt1000_all_default_msa-free/predictions/T1112/esmfold/rank_001.pdb,true,0,2026-06-01T11:43:55+02:00,2026-06-01T11:52:44+02:00,529,results/20260601_104732_casp15_casp16_unique_lt1000_all_default_msa-free/logs/T1112_esmfold.log,bash runners/run_esmfold.sh results/20260601_104732_casp15_casp16_unique_lt1000_all_default_msa-free/sequences/T1112.fasta results/20260601_104732_casp15_casp16_unique_lt1000_all_default_msa-free/predictions/T1112/esmfold 1,,Check,Check,multiple equivalent chains match,1.000000,1.000000,0.973913,448,460,high,mapped from mmCIF atom_site CA records; 12 aligned positions lack resolved CA atoms,All groups,A1,O93732.1 PDB code 8ork,,,,,,,,,,,,,529.2850752540398,7.60425655430264,0.016008961166952926,529.2850752540398,7.60425655430264,0.016008961166952926,,,,runner CodeCarbon output: results/20260601_104732_casp15_casp16_unique_lt1000_all_default_msa-free/predictions/T1112/esmfold/carbon/T1112_esmfold_inference_emissions.csv
T1112,T1112,CASP15,8ORK,AAA,2,460,1,460,460,460,omegafold,1,results/20260601_104732_casp15_casp16_unique_lt1000_all_default_msa-free/sequences/T1112.fasta,results/20260601_104732_casp15_casp16_unique_lt1000_all_default_msa-free/predictions/T1112/omegafold,results/20260601_104732_casp15_casp16_unique_lt1000_all_default_msa-free/predictions/T1112/omegafold/rank_001.pdb,results/20260601_104732_casp15_casp16_unique_lt1000_all_default_msa-free/predictions/T1112/omegafold/rank_001.pdb,true,0,2026-06-01T11:52:44+02:00,2026-06-01T11:55:34+02:00,170,results/20260601_104732_casp15_casp16_unique_lt1000_all_default_msa-free/logs/T1112_omegafold.log,bash runners/run_omegafold.sh results/20260601_104732_casp15_casp16_unique_lt1000_all_default_msa-free/sequences/T1112.fasta results/20260601_104732_casp15_casp16_unique_lt1000_all_default_msa-free/predictions/T1112/omegafold 1,,Check,Check,multiple equivalent chains match,1.000000,1.000000,0.973913,448,460,high,mapped from mmCIF atom_site CA records; 12 aligned positions lack resolved CA atoms,All groups,A1,O93732.1 PDB code 8ork,,,,,,,,,,,,,169.4154881259892,5.685005056628089,0.011968431698164398,169.4154881259892,5.685005056628089,0.011968431698164398,,,,runner CodeCarbon output: results/20260601_104732_casp15_casp16_unique_lt1000_all_default_msa-free/predictions/T1112/omegafold/carbon/T1112_omegafold_inference_emissions.csv
T1114s1,T1114s1,CASP15,7UTD,Q,20,78,1,189,189,189,chai1,1,results/20260601_104732_casp15_casp16_unique_lt1000_all_default_msa-free/sequences/T1114s1.fasta,results/20260601_104732_casp15_casp16_unique_lt1000_all_default_msa-free/predictions/T1114s1/chai1,results/20260601_104732_casp15_casp16_unique_lt1000_all_default_msa-free/predictions/T1114s1/chai1/rank_001.pdb,results/20260601_104732_casp15_casp16_unique_lt1000_all_default_msa-free/predictions/T1114s1/chai1/rank_001.pdb,true,0,2026-06-01T11:55:34+02:00,2026-06-01T12:03:31+02:00,477,results/20260601_104732_casp15_casp16_unique_lt1000_all_default_msa-free/logs/T1114s1_chai1.log,bash runners/run_chai1.sh results/20260601_104732_casp15_casp16_unique_lt1000_all_default_msa-free/sequences/T1114s1.fasta results/20260601_104732_casp15_casp16_unique_lt1000_all_default_msa-free/predictions/T1114s1/chai1 1,,No,No,chain mapping below threshold identity=1.000 coverage=0.317; multiple equivalent chains match,1.000000,0.317460,0.983333,59,60,low,mapped from mmCIF atom_site CA records; 1 aligned positions lack resolved CA atoms,All groups,A1,"A0QUM5, A0QUM6, A0QUM7 PDB code 7utd",,,,,,,,,,,,,476.8632760400069,6.681815479669834,0.01406697995719965,476.8632760400069,6.681815479669834,0.01406697995719965,,,,runner CodeCarbon output: results/20260601_104732_casp15_casp16_unique_lt1000_all_default_msa-free/predictions/T1114s1/chai1/carbon/T1114s1_chai1_inference_emissions.csv
T1114s1,T1114s1,CASP15,7UTD,Q,20,78,1,189,189,189,esmfold,1,results/20260601_104732_casp15_casp16_unique_lt1000_all_default_msa-free/sequences/T1114s1.fasta,results/20260601_104732_casp15_casp16_unique_lt1000_all_default_msa-free/predictions/T1114s1/esmfold,results/20260601_104732_casp15_casp16_unique_lt1000_all_default_msa-free/predictions/T1114s1/esmfold/rank_001.pdb,results/20260601_104732_casp15_casp16_unique_lt1000_all_default_msa-free/predictions/T1114s1/esmfold/rank_001.pdb,true,0,2026-06-01T12:03:31+02:00,2026-06-01T12:05:05+02:00,94,results/20260601_104732_casp15_casp16_unique_lt1000_all_default_msa-free/logs/T1114s1_esmfold.log,bash runners/run_esmfold.sh results/20260601_104732_casp15_casp16_unique_lt1000_all_default_msa-free/sequences/T1114s1.fasta results/20260601_104732_casp15_casp16_unique_lt1000_all_default_msa-free/predictions/T1114s1/esmfold 1,,No,No,chain mapping below threshold identity=1.000 coverage=0.317; multiple equivalent chains match,1.000000,0.317460,0.983333,59,60,low,mapped from mmCIF atom_site CA records; 1 aligned positions lack resolved CA atoms,All groups,A1,"A0QUM5, A0QUM6, A0QUM7 PDB code 7utd",,,,,,,,,,,,,93.43313803995261,1.296719537547414,0.0027299358685208717,93.43313803995261,1.296719537547414,0.0027299358685208717,,,,runner CodeCarbon output: results/20260601_104732_casp15_casp16_unique_lt1000_all_default_msa-free/predictions/T1114s1/esmfold/carbon/T1114s1_esmfold_inference_emissions.csv
T1114s1,T1114s1,CASP15,7UTD,Q,20,78,1,189,189,189,omegafold,1,results/20260601_104732_casp15_casp16_unique_lt1000_all_default_msa-free/sequences/T1114s1.fasta,results/20260601_104732_casp15_casp16_unique_lt1000_all_default_msa-free/predictions/T1114s1/omegafold,results/20260601_104732_casp15_casp16_unique_lt1000_all_default_msa-free/predictions/T1114s1/omegafold/rank_001.pdb,results/20260601_104732_casp15_casp16_unique_lt1000_all_default_msa-free/predictions/T1114s1/omegafold/rank_001.pdb,true,0,2026-06-01T12:05:05+02:00,2026-06-01T12:05:37+02:00,32,results/20260601_104732_casp15_casp16_unique_lt1000_all_default_msa-free/logs/T1114s1_omegafold.log,bash runners/run_omegafold.sh results/20260601_104732_casp15_casp16_unique_lt1000_all_default_msa-free/sequences/T1114s1.fasta results/20260601_104732_casp15_casp16_unique_lt1000_all_default_msa-free/predictions/T1114s1/omegafold 1,,No,No,chain mapping below threshold identity=1.000 coverage=0.317; multiple equivalent chains match,1.000000,0.317460,0.983333,59,60,low,mapped from mmCIF atom_site CA records; 1 aligned positions lack resolved CA atoms,All groups,A1,"A0QUM5, A0QUM6, A0QUM7 PDB code 7utd",,,,,,,,,,,,,32.64299659599783,0.9067323110335197,0.0019089101284916203,32.64299659599783,0.9067323110335197,0.0019089101284916203,,,,runner CodeCarbon output: results/20260601_104732_casp15_casp16_unique_lt1000_all_default_msa-free/predictions/T1114s1/omegafold/carbon/T1114s1_omegafold_inference_emissions.csv
T1114s2,T1114s2,CASP15,7UTD,B,2,323,1,369,369,369,chai1,1,results/20260601_104732_casp15_casp16_unique_lt1000_all_default_msa-free/sequences/T1114s2.fasta,results/20260601_104732_casp15_casp16_unique_lt1000_all_default_msa-free/predictions/T1114s2/chai1,results/20260601_104732_casp15_casp16_unique_lt1000_all_default_msa-free/predictions/T1114s2/chai1/rank_001.pdb,results/20260601_104732_casp15_casp16_unique_lt1000_all_default_msa-free/predictions/T1114s2/chai1/rank_001.pdb,true,0,2026-06-01T12:05:37+02:00,2026-06-01T12:23:19+02:00,1062,results/20260601_104732_casp15_casp16_unique_lt1000_all_default_msa-free/logs/T1114s2_chai1.log,bash runners/run_chai1.sh results/20260601_104732_casp15_casp16_unique_lt1000_all_default_msa-free/sequences/T1114s2.fasta results/20260601_104732_casp15_casp16_unique_lt1000_all_default_msa-free/predictions/T1114s2/chai1 1,,Check,Check,multiple equivalent chains match,1.000000,1.000000,0.872629,322,369,high,mapped from mmCIF atom_site CA records; 47 aligned positions lack resolved CA atoms,All groups,A1,"A0QUM5, A0QUM6, A0QUM7 PDB code 7utd",,,,,,,,,,,,,1061.0118421099614,14.580215751855253,0.030695191056537372,1061.0118421099614,14.580215751855253,0.030695191056537372,,,,runner CodeCarbon output: results/20260601_104732_casp15_casp16_unique_lt1000_all_default_msa-free/predictions/T1114s2/chai1/carbon/T1114s2_chai1_inference_emissions.csv
T1114s2,T1114s2,CASP15,7UTD,B,2,323,1,369,369,369,esmfold,1,results/20260601_104732_casp15_casp16_unique_lt1000_all_default_msa-free/sequences/T1114s2.fasta,results/20260601_104732_casp15_casp16_unique_lt1000_all_default_msa-free/predictions/T1114s2/esmfold,results/20260601_104732_casp15_casp16_unique_lt1000_all_default_msa-free/predictions/T1114s2/esmfold/rank_001.pdb,results/20260601_104732_casp15_casp16_unique_lt1000_all_default_msa-free/predictions/T1114s2/esmfold/rank_001.pdb,true,0,2026-06-01T12:23:19+02:00,2026-06-01T12:28:57+02:00,338,results/20260601_104732_casp15_casp16_unique_lt1000_all_default_msa-free/logs/T1114s2_esmfold.log,bash runners/run_esmfold.sh results/20260601_104732_casp15_casp16_unique_lt1000_all_default_msa-free/sequences/T1114s2.fasta results/20260601_104732_casp15_casp16_unique_lt1000_all_default_msa-free/predictions/T1114s2/esmfold 1,,Check,Check,multiple equivalent chains match,1.000000,1.000000,0.872629,322,369,high,mapped from mmCIF atom_site CA records; 47 aligned positions lack resolved CA atoms,All groups,A1,"A0QUM5, A0QUM6, A0QUM7 PDB code 7utd",,,,,,,,,,,,,338.0818269170122,4.810900897736658,0.0101282124162877,338.0818269170122,4.810900897736658,0.0101282124162877,,,,runner CodeCarbon output: results/20260601_104732_casp15_casp16_unique_lt1000_all_default_msa-free/predictions/T1114s2/esmfold/carbon/T1114s2_esmfold_inference_emissions.csv
T1114s2,T1114s2,CASP15,7UTD,B,2,323,1,369,369,369,omegafold,1,results/20260601_104732_casp15_casp16_unique_lt1000_all_default_msa-free/sequences/T1114s2.fasta,results/20260601_104732_casp15_casp16_unique_lt1000_all_default_msa-free/predictions/T1114s2/omegafold,results/20260601_104732_casp15_casp16_unique_lt1000_all_default_msa-free/predictions/T1114s2/omegafold/rank_001.pdb,results/20260601_104732_casp15_casp16_unique_lt1000_all_default_msa-free/predictions/T1114s2/omegafold/rank_001.pdb,true,0,2026-06-01T12:28:57+02:00,2026-06-01T12:30:39+02:00,102,results/20260601_104732_casp15_casp16_unique_lt1000_all_default_msa-free/logs/T1114s2_omegafold.log,bash runners/run_omegafold.sh results/20260601_104732_casp15_casp16_unique_lt1000_all_default_msa-free/sequences/T1114s2.fasta results/20260601_104732_casp15_casp16_unique_lt1000_all_default_msa-free/predictions/T1114s2/omegafold 1,,Check,Check,multiple equivalent chains match,1.000000,1.000000,0.872629,322,369,high,mapped from mmCIF atom_site CA records; 47 aligned positions lack resolved CA atoms,All groups,A1,"A0QUM5, A0QUM6, A0QUM7 PDB code 7utd",,,,,,,,,,,,,101.5005991680082,3.3924304489245296,0.007141958839841115,101.5005991680082,3.3924304489245296,0.007141958839841115,,,,runner CodeCarbon output: results/20260601_104732_casp15_casp16_unique_lt1000_all_default_msa-free/predictions/T1114s2/omegafold/carbon/T1114s2_omegafold_inference_emissions.csv
T1114s3,T1114s3,CASP15,7UTD,A,4,516,1,535,535,535,chai1,1,results/20260601_104732_casp15_casp16_unique_lt1000_all_default_msa-free/sequences/T1114s3.fasta,results/20260601_104732_casp15_casp16_unique_lt1000_all_default_msa-free/predictions/T1114s3/chai1,results/20260601_104732_casp15_casp16_unique_lt1000_all_default_msa-free/predictions/T1114s3/chai1/rank_001.pdb,results/20260601_104732_casp15_casp16_unique_lt1000_all_default_msa-free/predictions/T1114s3/chai1/rank_001.pdb,true,0,2026-06-01T12:30:39+02:00,2026-06-01T13:31:57+02:00,3678,results/20260601_104732_casp15_casp16_unique_lt1000_all_default_msa-free/logs/T1114s3_chai1.log,bash runners/run_chai1.sh results/20260601_104732_casp15_casp16_unique_lt1000_all_default_msa-free/sequences/T1114s3.fasta results/20260601_104732_casp15_casp16_unique_lt1000_all_default_msa-free/predictions/T1114s3/chai1 1,,Check,Check,multiple equivalent chains match,1.000000,0.958879,0.998051,512,513,high,mapped from mmCIF atom_site CA records; 1 aligned positions lack resolved CA atoms,All groups,A1,"A0QUM5, A0QUM6, A0QUM7 PDB code 7utd",,,,,,,,,,,,,3678.4660983009962,50.38522604418304,0.10607416009301693,3678.4660983009962,50.38522604418304,0.10607416009301693,,,,runner CodeCarbon output: results/20260601_104732_casp15_casp16_unique_lt1000_all_default_msa-free/predictions/T1114s3/chai1/carbon/T1114s3_chai1_inference_emissions.csv
T1114s3,T1114s3,CASP15,7UTD,A,4,516,1,535,535,535,esmfold,1,results/20260601_104732_casp15_casp16_unique_lt1000_all_default_msa-free/sequences/T1114s3.fasta,results/20260601_104732_casp15_casp16_unique_lt1000_all_default_msa-free/predictions/T1114s3/esmfold,results/20260601_104732_casp15_casp16_unique_lt1000_all_default_msa-free/predictions/T1114s3/esmfold/rank_001.pdb,results/20260601_104732_casp15_casp16_unique_lt1000_all_default_msa-free/predictions/T1114s3/esmfold/rank_001.pdb,true,0,2026-06-01T13:31:57+02:00,2026-06-01T13:44:22+02:00,745,results/20260601_104732_casp15_casp16_unique_lt1000_all_default_msa-free/logs/T1114s3_esmfold.log,bash runners/run_esmfold.sh results/20260601_104732_casp15_casp16_unique_lt1000_all_default_msa-free/sequences/T1114s3.fasta results/20260601_104732_casp15_casp16_unique_lt1000_all_default_msa-free/predictions/T1114s3/esmfold 1,,Check,Check,multiple equivalent chains match,1.000000,0.958879,0.998051,512,513,high,mapped from mmCIF atom_site CA records; 1 aligned positions lack resolved CA atoms,All groups,A1,"A0QUM5, A0QUM6, A0QUM7 PDB code 7utd",,,,,,,,,,,,,744.6516270859865,10.681248681120332,0.022486839328674384,744.6516270859865,10.681248681120332,0.022486839328674384,,,,runner CodeCarbon output: results/20260601_104732_casp15_casp16_unique_lt1000_all_default_msa-free/predictions/T1114s3/esmfold/carbon/T1114s3_esmfold_inference_emissions.csv
T1114s3,T1114s3,CASP15,7UTD,A,4,516,1,535,535,535,omegafold,1,results/20260601_104732_casp15_casp16_unique_lt1000_all_default_msa-free/sequences/T1114s3.fasta,results/20260601_104732_casp15_casp16_unique_lt1000_all_default_msa-free/predictions/T1114s3/omegafold,results/20260601_104732_casp15_casp16_unique_lt1000_all_default_msa-free/predictions/T1114s3/omegafold/rank_001.pdb,results/20260601_104732_casp15_casp16_unique_lt1000_all_default_msa-free/predictions/T1114s3/omegafold/rank_001.pdb,true,0,2026-06-01T13:44:22+02:00,2026-06-01T13:48:28+02:00,246,results/20260601_104732_casp15_casp16_unique_lt1000_all_default_msa-free/logs/T1114s3_omegafold.log,bash runners/run_omegafold.sh results/20260601_104732_casp15_casp16_unique_lt1000_all_default_msa-free/sequences/T1114s3.fasta results/20260601_104732_casp15_casp16_unique_lt1000_all_default_msa-free/predictions/T1114s3/omegafold 1,,Check,Check,multiple equivalent chains match,1.000000,0.958879,0.998051,512,513,high,mapped from mmCIF atom_site CA records; 1 aligned positions lack resolved CA atoms,All groups,A1,"A0QUM5, A0QUM6, A0QUM7 PDB code 7utd",,,,,,,,,,,,,245.89349800901255,8.514118838732237,0.0179244607131205,245.89349800901255,8.514118838732237,0.0179244607131205,,,,runner CodeCarbon output: results/20260601_104732_casp15_casp16_unique_lt1000_all_default_msa-free/predictions/T1114s3/omegafold/carbon/T1114s3_omegafold_inference_emissions.csv
T1120,T1120,CASP15,7QVB,B,4,231,1,235,235,235,chai1,1,results/20260601_104732_casp15_casp16_unique_lt1000_all_default_msa-free/sequences/T1120.fasta,results/20260601_104732_casp15_casp16_unique_lt1000_all_default_msa-free/predictions/T1120/chai1,results/20260601_104732_casp15_casp16_unique_lt1000_all_default_msa-free/predictions/T1120/chai1/rank_001.pdb,results/20260601_104732_casp15_casp16_unique_lt1000_all_default_msa-free/predictions/T1120/chai1/rank_001.pdb,true,0,2026-06-01T13:48:28+02:00,2026-06-01T13:56:09+02:00,461,results/20260601_104732_casp15_casp16_unique_lt1000_all_default_msa-free/logs/T1120_chai1.log,bash runners/run_chai1.sh results/20260601_104732_casp15_casp16_unique_lt1000_all_default_msa-free/sequences/T1120.fasta results/20260601_104732_casp15_casp16_unique_lt1000_all_default_msa-free/predictions/T1120/chai1 1,,Check,Check,multiple equivalent chains match,1.000000,1.000000,0.970213,228,235,high,mapped from mmCIF atom_site CA records; 7 aligned positions lack resolved CA atoms,All groups,A1,DdrC PDB code 7qvb,,,,,,,,,,,,,460.49798930296674,6.4865522139147656,0.013655899397715296,460.49798930296674,6.4865522139147656,0.013655899397715296,,,,runner CodeCarbon output: results/20260601_104732_casp15_casp16_unique_lt1000_all_default_msa-free/predictions/T1120/chai1/carbon/T1120_chai1_inference_emissions.csv
T1120,T1120,CASP15,7QVB,B,4,231,1,235,235,235,esmfold,1,results/20260601_104732_casp15_casp16_unique_lt1000_all_default_msa-free/sequences/T1120.fasta,results/20260601_104732_casp15_casp16_unique_lt1000_all_default_msa-free/predictions/T1120/esmfold,results/20260601_104732_casp15_casp16_unique_lt1000_all_default_msa-free/predictions/T1120/esmfold/rank_001.pdb,results/20260601_104732_casp15_casp16_unique_lt1000_all_default_msa-free/predictions/T1120/esmfold/rank_001.pdb,true,0,2026-06-01T13:56:09+02:00,2026-06-01T13:58:19+02:00,130,results/20260601_104732_casp15_casp16_unique_lt1000_all_default_msa-free/logs/T1120_esmfold.log,bash runners/run_esmfold.sh results/20260601_104732_casp15_casp16_unique_lt1000_all_default_msa-free/sequences/T1120.fasta results/20260601_104732_casp15_casp16_unique_lt1000_all_default_msa-free/predictions/T1120/esmfold 1,,Check,Check,multiple equivalent chains match,1.000000,1.000000,0.970213,228,235,high,mapped from mmCIF atom_site CA records; 7 aligned positions lack resolved CA atoms,All groups,A1,DdrC PDB code 7qvb,,,,,,,,,,,,,129.9625806530239,1.8221504165785438,0.0038361061401653556,129.9625806530239,1.8221504165785438,0.0038361061401653556,,,,runner CodeCarbon output: results/20260601_104732_casp15_casp16_unique_lt1000_all_default_msa-free/predictions/T1120/esmfold/carbon/T1120_esmfold_inference_emissions.csv
T1120,T1120,CASP15,7QVB,B,4,231,1,235,235,235,omegafold,1,results/20260601_104732_casp15_casp16_unique_lt1000_all_default_msa-free/sequences/T1120.fasta,results/20260601_104732_casp15_casp16_unique_lt1000_all_default_msa-free/predictions/T1120/omegafold,results/20260601_104732_casp15_casp16_unique_lt1000_all_default_msa-free/predictions/T1120/omegafold/rank_001.pdb,results/20260601_104732_casp15_casp16_unique_lt1000_all_default_msa-free/predictions/T1120/omegafold/rank_001.pdb,true,0,2026-06-01T13:58:19+02:00,2026-06-01T13:59:03+02:00,44,results/20260601_104732_casp15_casp16_unique_lt1000_all_default_msa-free/logs/T1120_omegafold.log,bash runners/run_omegafold.sh results/20260601_104732_casp15_casp16_unique_lt1000_all_default_msa-free/sequences/T1120.fasta results/20260601_104732_casp15_casp16_unique_lt1000_all_default_msa-free/predictions/T1120/omegafold 1,,Check,Check,multiple equivalent chains match,1.000000,1.000000,0.970213,228,235,high,mapped from mmCIF atom_site CA records; 7 aligned positions lack resolved CA atoms,All groups,A1,DdrC PDB code 7qvb,,,,,,,,,,,,,43.630525440967176,1.3062981263152316,0.0027501013185583824,43.630525440967176,1.3062981263152316,0.0027501013185583824,,,,runner CodeCarbon output: results/20260601_104732_casp15_casp16_unique_lt1000_all_default_msa-free/predictions/T1120/omegafold/carbon/T1120_omegafold_inference_emissions.csv
T1122,T1122,CASP15,8BBT,A,4,237,1,241,241,241,chai1,1,results/20260601_104732_casp15_casp16_unique_lt1000_all_default_msa-free/sequences/T1122.fasta,results/20260601_104732_casp15_casp16_unique_lt1000_all_default_msa-free/predictions/T1122/chai1,results/20260601_104732_casp15_casp16_unique_lt1000_all_default_msa-free/predictions/T1122/chai1/rank_001.pdb,results/20260601_104732_casp15_casp16_unique_lt1000_all_default_msa-free/predictions/T1122/chai1/rank_001.pdb,true,0,2026-06-01T13:59:03+02:00,2026-06-01T14:06:48+02:00,465,results/20260601_104732_casp15_casp16_unique_lt1000_all_default_msa-free/logs/T1122_chai1.log,bash runners/run_chai1.sh results/20260601_104732_casp15_casp16_unique_lt1000_all_default_msa-free/sequences/T1122.fasta results/20260601_104732_casp15_casp16_unique_lt1000_all_default_msa-free/predictions/T1122/chai1 1,,Yes,Yes,prefiltered A1 protein target with mapped residue range,1.000000,1.000000,0.954357,230,241,high,mapped from mmCIF atom_site CA records; 11 aligned positions lack resolved CA atoms,All groups,A1,A0A0B4VFQ3 PDB code 8bbt,,,,,,,,,,,,,464.2394253850216,6.536715380400748,0.013761506064001575,464.2394253850216,6.536715380400748,0.013761506064001575,,,,runner CodeCarbon output: results/20260601_104732_casp15_casp16_unique_lt1000_all_default_msa-free/predictions/T1122/chai1/carbon/T1122_chai1_inference_emissions.csv
T1122,T1122,CASP15,8BBT,A,4,237,1,241,241,241,esmfold,1,results/20260601_104732_casp15_casp16_unique_lt1000_all_default_msa-free/sequences/T1122.fasta,results/20260601_104732_casp15_casp16_unique_lt1000_all_default_msa-free/predictions/T1122/esmfold,results/20260601_104732_casp15_casp16_unique_lt1000_all_default_msa-free/predictions/T1122/esmfold/rank_001.pdb,results/20260601_104732_casp15_casp16_unique_lt1000_all_default_msa-free/predictions/T1122/esmfold/rank_001.pdb,true,0,2026-06-01T14:06:48+02:00,2026-06-01T14:09:03+02:00,135,results/20260601_104732_casp15_casp16_unique_lt1000_all_default_msa-free/logs/T1122_esmfold.log,bash runners/run_esmfold.sh results/20260601_104732_casp15_casp16_unique_lt1000_all_default_msa-free/sequences/T1122.fasta results/20260601_104732_casp15_casp16_unique_lt1000_all_default_msa-free/predictions/T1122/esmfold 1,,Yes,Yes,prefiltered A1 protein target with mapped residue range,1.000000,1.000000,0.954357,230,241,high,mapped from mmCIF atom_site CA records; 11 aligned positions lack resolved CA atoms,All groups,A1,A0A0B4VFQ3 PDB code 8bbt,,,,,,,,,,,,,135.6402035439969,1.9172799435444474,0.004036378828514626,135.6402035439969,1.9172799435444474,0.004036378828514626,,,,runner CodeCarbon output: results/20260601_104732_casp15_casp16_unique_lt1000_all_default_msa-free/predictions/T1122/esmfold/carbon/T1122_esmfold_inference_emissions.csv
T1122,T1122,CASP15,8BBT,A,4,237,1,241,241,241,omegafold,1,results/20260601_104732_casp15_casp16_unique_lt1000_all_default_msa-free/sequences/T1122.fasta,results/20260601_104732_casp15_casp16_unique_lt1000_all_default_msa-free/predictions/T1122/omegafold,results/20260601_104732_casp15_casp16_unique_lt1000_all_default_msa-free/predictions/T1122/omegafold/rank_001.pdb,results/20260601_104732_casp15_casp16_unique_lt1000_all_default_msa-free/predictions/T1122/omegafold/rank_001.pdb,true,0,2026-06-01T14:09:03+02:00,2026-06-01T14:09:49+02:00,46,results/20260601_104732_casp15_casp16_unique_lt1000_all_default_msa-free/logs/T1122_omegafold.log,bash runners/run_omegafold.sh results/20260601_104732_casp15_casp16_unique_lt1000_all_default_msa-free/sequences/T1122.fasta results/20260601_104732_casp15_casp16_unique_lt1000_all_default_msa-free/predictions/T1122/omegafold 1,,Yes,Yes,prefiltered A1 protein target with mapped residue range,1.000000,1.000000,0.954357,230,241,high,mapped from mmCIF atom_site CA records; 11 aligned positions lack resolved CA atoms,All groups,A1,A0A0B4VFQ3 PDB code 8bbt,,,,,,,,,,,,,45.47211385203991,1.3687270047098927,0.002881530536231353,45.47211385203991,1.3687270047098927,0.002881530536231353,,,,runner CodeCarbon output: results/20260601_104732_casp15_casp16_unique_lt1000_all_default_msa-free/predictions/T1122/omegafold/carbon/T1122_omegafold_inference_emissions.csv
T1129s2,T1129s2,CASP15,8A8C,B,41,640,1,640,640,640,chai1,1,results/20260601_104732_casp15_casp16_unique_lt1000_all_default_msa-free/sequences/T1129s2.fasta,results/20260601_104732_casp15_casp16_unique_lt1000_all_default_msa-free/predictions/T1129s2/chai1,results/20260601_104732_casp15_casp16_unique_lt1000_all_default_msa-free/predictions/T1129s2/chai1/rank_001.pdb,results/20260601_104732_casp15_casp16_unique_lt1000_all_default_msa-free/predictions/T1129s2/chai1/rank_001.pdb,true,0,2026-06-01T14:09:49+02:00,2026-06-01T15:09:41+02:00,3592,results/20260601_104732_casp15_casp16_unique_lt1000_all_default_msa-free/logs/T1129s2_chai1.log,bash runners/run_chai1.sh results/20260601_104732_casp15_casp16_unique_lt1000_all_default_msa-free/sequences/T1129s2.fasta results/20260601_104732_casp15_casp16_unique_lt1000_all_default_msa-free/predictions/T1129s2/chai1 1,,Yes,Yes,prefiltered A1 protein target with mapped residue range,1.000000,1.000000,0.825000,528,640,high,mapped from mmCIF atom_site CA records; 112 aligned positions lack resolved CA atoms,All groups,A1,P06971; P23207 PDB code 8a8c,,,,,,,,,,,,,3592.0973846749985,50.309810454367266,0.10591539043024688,3592.0973846749985,50.309810454367266,0.10591539043024688,,,,runner CodeCarbon output: results/20260601_104732_casp15_casp16_unique_lt1000_all_default_msa-free/predictions/T1129s2/chai1/carbon/T1129s2_chai1_inference_emissions.csv
T1129s2,T1129s2,CASP15,8A8C,B,41,640,1,640,640,640,esmfold,1,results/20260601_104732_casp15_casp16_unique_lt1000_all_default_msa-free/sequences/T1129s2.fasta,results/20260601_104732_casp15_casp16_unique_lt1000_all_default_msa-free/predictions/T1129s2/esmfold,results/20260601_104732_casp15_casp16_unique_lt1000_all_default_msa-free/predictions/T1129s2/esmfold/rank_001.pdb,results/20260601_104732_casp15_casp16_unique_lt1000_all_default_msa-free/predictions/T1129s2/esmfold/rank_001.pdb,true,0,2026-06-01T15:09:41+02:00,2026-06-01T15:27:50+02:00,1089,results/20260601_104732_casp15_casp16_unique_lt1000_all_default_msa-free/logs/T1129s2_esmfold.log,bash runners/run_esmfold.sh results/20260601_104732_casp15_casp16_unique_lt1000_all_default_msa-free/sequences/T1129s2.fasta results/20260601_104732_casp15_casp16_unique_lt1000_all_default_msa-free/predictions/T1129s2/esmfold 1,,Yes,Yes,prefiltered A1 protein target with mapped residue range,1.000000,1.000000,0.825000,528,640,high,mapped from mmCIF atom_site CA records; 112 aligned positions lack resolved CA atoms,All groups,A1,P06971; P23207 PDB code 8a8c,,,,,,,,,,,,,1088.1045312720235,16.130605282589432,0.03395916901597775,1088.1045312720235,16.130605282589432,0.03395916901597775,,,,runner CodeCarbon output: results/20260601_104732_casp15_casp16_unique_lt1000_all_default_msa-free/predictions/T1129s2/esmfold/carbon/T1129s2_esmfold_inference_emissions.csv
T1129s2,T1129s2,CASP15,8A8C,B,41,640,1,640,640,640,omegafold,1,results/20260601_104732_casp15_casp16_unique_lt1000_all_default_msa-free/sequences/T1129s2.fasta,results/20260601_104732_casp15_casp16_unique_lt1000_all_default_msa-free/predictions/T1129s2/omegafold,results/20260601_104732_casp15_casp16_unique_lt1000_all_default_msa-free/predictions/T1129s2/omegafold/rank_001.pdb,results/20260601_104732_casp15_casp16_unique_lt1000_all_default_msa-free/predictions/T1129s2/omegafold/rank_001.pdb,true,0,2026-06-01T15:27:50+02:00,2026-06-01T15:34:18+02:00,388,results/20260601_104732_casp15_casp16_unique_lt1000_all_default_msa-free/logs/T1129s2_omegafold.log,bash runners/run_omegafold.sh results/20260601_104732_casp15_casp16_unique_lt1000_all_default_msa-free/sequences/T1129s2.fasta results/20260601_104732_casp15_casp16_unique_lt1000_all_default_msa-free/predictions/T1129s2/omegafold 1,,Yes,Yes,prefiltered A1 protein target with mapped residue range,1.000000,1.000000,0.825000,528,640,high,mapped from mmCIF atom_site CA records; 112 aligned positions lack resolved CA atoms,All groups,A1,P06971; P23207 PDB code 8a8c,,,,,,,,,,,,,388.0641763700405,12.867693764609783,0.027089881609704807,388.0641763700405,12.867693764609783,0.027089881609704807,,,,runner CodeCarbon output: results/20260601_104732_casp15_casp16_unique_lt1000_all_default_msa-free/predictions/T1129s2/omegafold/carbon/T1129s2_omegafold_inference_emissions.csv
T1133,T1133,CASP15,8DYS,A,4,427,1,585,585,585,chai1,1,results/20260601_104732_casp15_casp16_unique_lt1000_all_default_msa-free/sequences/T1133.fasta,results/20260601_104732_casp15_casp16_unique_lt1000_all_default_msa-free/predictions/T1133/chai1,results/20260601_104732_casp15_casp16_unique_lt1000_all_default_msa-free/predictions/T1133/chai1/rank_001.pdb,results/20260601_104732_casp15_casp16_unique_lt1000_all_default_msa-free/predictions/T1133/chai1/rank_001.pdb,true,0,2026-06-01T15:34:18+02:00,2026-06-01T16:34:01+02:00,3583,results/20260601_104732_casp15_casp16_unique_lt1000_all_default_msa-free/logs/T1133_chai1.log,bash runners/run_chai1.sh results/20260601_104732_casp15_casp16_unique_lt1000_all_default_msa-free/sequences/T1133.fasta results/20260601_104732_casp15_casp16_unique_lt1000_all_default_msa-free/predictions/T1133/chai1 1,,Check,Check,reference coverage below threshold 0.699,1.000000,1.000000,0.699145,409,585,high,mapped from mmCIF atom_site CA records; 176 aligned positions lack resolved CA atoms,All groups,A1,Q9BY44 PDB code 8dys,,,,,,,,,,,,,3582.372884034994,50.41598997842563,0.10613892627036975,3582.372884034994,50.41598997842563,0.10613892627036975,,,,runner CodeCarbon output: results/20260601_104732_casp15_casp16_unique_lt1000_all_default_msa-free/predictions/T1133/chai1/carbon/T1133_chai1_inference_emissions.csv
T1133,T1133,CASP15,8DYS,A,4,427,1,585,585,585,esmfold,1,results/20260601_104732_casp15_casp16_unique_lt1000_all_default_msa-free/sequences/T1133.fasta,results/20260601_104732_casp15_casp16_unique_lt1000_all_default_msa-free/predictions/T1133/esmfold,results/20260601_104732_casp15_casp16_unique_lt1000_all_default_msa-free/predictions/T1133/esmfold/rank_001.pdb,results/20260601_104732_casp15_casp16_unique_lt1000_all_default_msa-free/predictions/T1133/esmfold/rank_001.pdb,true,0,2026-06-01T16:34:01+02:00,2026-06-01T16:49:06+02:00,905,results/20260601_104732_casp15_casp16_unique_lt1000_all_default_msa-free/logs/T1133_esmfold.log,bash runners/run_esmfold.sh results/20260601_104732_casp15_casp16_unique_lt1000_all_default_msa-free/sequences/T1133.fasta results/20260601_104732_casp15_casp16_unique_lt1000_all_default_msa-free/predictions/T1133/esmfold 1,,Check,Check,reference coverage below threshold 0.699,1.000000,1.000000,0.699145,409,585,high,mapped from mmCIF atom_site CA records; 176 aligned positions lack resolved CA atoms,All groups,A1,Q9BY44 PDB code 8dys,,,,,,,,,,,,,905.4114539070288,13.362299918219085,0.028131157722566493,905.4114539070288,13.362299918219085,0.028131157722566493,,,,runner CodeCarbon output: results/20260601_104732_casp15_casp16_unique_lt1000_all_default_msa-free/predictions/T1133/esmfold/carbon/T1133_esmfold_inference_emissions.csv
T1133,T1133,CASP15,8DYS,A,4,427,1,585,585,585,omegafold,1,results/20260601_104732_casp15_casp16_unique_lt1000_all_default_msa-free/sequences/T1133.fasta,results/20260601_104732_casp15_casp16_unique_lt1000_all_default_msa-free/predictions/T1133/omegafold,results/20260601_104732_casp15_casp16_unique_lt1000_all_default_msa-free/predictions/T1133/omegafold/rank_001.pdb,results/20260601_104732_casp15_casp16_unique_lt1000_all_default_msa-free/predictions/T1133/omegafold/rank_001.pdb,true,0,2026-06-01T16:49:06+02:00,2026-06-01T16:54:37+02:00,331,results/20260601_104732_casp15_casp16_unique_lt1000_all_default_msa-free/logs/T1133_omegafold.log,bash runners/run_omegafold.sh results/20260601_104732_casp15_casp16_unique_lt1000_all_default_msa-free/sequences/T1133.fasta results/20260601_104732_casp15_casp16_unique_lt1000_all_default_msa-free/predictions/T1133/omegafold 1,,Check,Check,reference coverage below threshold 0.699,1.000000,1.000000,0.699145,409,585,high,mapped from mmCIF atom_site CA records; 176 aligned positions lack resolved CA atoms,All groups,A1,Q9BY44 PDB code 8dys,,,,,,,,,,,,,330.93286309897667,11.046800475589121,0.023256422053871833,330.93286309897667,11.046800475589121,0.023256422053871833,,,,runner CodeCarbon output: results/20260601_104732_casp15_casp16_unique_lt1000_all_default_msa-free/predictions/T1133/omegafold/carbon/T1133_omegafold_inference_emissions.csv
T1134s1,T1134s1,CASP15,7UBZ,A,1,230,1,230,230,230,chai1,1,results/20260601_104732_casp15_casp16_unique_lt1000_all_default_msa-free/sequences/T1134s1.fasta,results/20260601_104732_casp15_casp16_unique_lt1000_all_default_msa-free/predictions/T1134s1/chai1,results/20260601_104732_casp15_casp16_unique_lt1000_all_default_msa-free/predictions/T1134s1/chai1/rank_001.pdb,results/20260601_104732_casp15_casp16_unique_lt1000_all_default_msa-free/predictions/T1134s1/chai1/rank_001.pdb,true,0,2026-06-01T16:54:37+02:00,2026-06-01T17:02:34+02:00,477,results/20260601_104732_casp15_casp16_unique_lt1000_all_default_msa-free/logs/T1134s1_chai1.log,bash runners/run_chai1.sh results/20260601_104732_casp15_casp16_unique_lt1000_all_default_msa-free/sequences/T1134s1.fasta results/20260601_104732_casp15_casp16_unique_lt1000_all_default_msa-free/predictions/T1134s1/chai1 1,,Check,Check,multiple equivalent chains match,1.000000,1.000000,1.000000,230,230,high,mapped from mmCIF atom_site CA records,All groups,A1,"TleTli or WP_062934778.1, WP_013096194 PDB code 7ubz",,,,,,,,,,,,,476.08688685199013,6.745679102360857,0.01420142968918075,476.08688685199013,6.745679102360857,0.01420142968918075,,,,runner CodeCarbon output: results/20260601_104732_casp15_casp16_unique_lt1000_all_default_msa-free/predictions/T1134s1/chai1/carbon/T1134s1_chai1_inference_emissions.csv
T1134s1,T1134s1,CASP15,7UBZ,A,1,230,1,230,230,230,esmfold,1,results/20260601_104732_casp15_casp16_unique_lt1000_all_default_msa-free/sequences/T1134s1.fasta,results/20260601_104732_casp15_casp16_unique_lt1000_all_default_msa-free/predictions/T1134s1/esmfold,results/20260601_104732_casp15_casp16_unique_lt1000_all_default_msa-free/predictions/T1134s1/esmfold/rank_001.pdb,results/20260601_104732_casp15_casp16_unique_lt1000_all_default_msa-free/predictions/T1134s1/esmfold/rank_001.pdb,true,0,2026-06-01T17:02:34+02:00,2026-06-01T17:04:43+02:00,129,results/20260601_104732_casp15_casp16_unique_lt1000_all_default_msa-free/logs/T1134s1_esmfold.log,bash runners/run_esmfold.sh results/20260601_104732_casp15_casp16_unique_lt1000_all_default_msa-free/sequences/T1134s1.fasta results/20260601_104732_casp15_casp16_unique_lt1000_all_default_msa-free/predictions/T1134s1/esmfold 1,,Check,Check,multiple equivalent chains match,1.000000,1.000000,1.000000,230,230,high,mapped from mmCIF atom_site CA records,All groups,A1,"TleTli or WP_062934778.1, WP_013096194 PDB code 7ubz",,,,,,,,,,,,,128.68533389701042,1.8342322717500312,0.003861541624736908,128.68533389701042,1.8342322717500312,0.003861541624736908,,,,runner CodeCarbon output: results/20260601_104732_casp15_casp16_unique_lt1000_all_default_msa-free/predictions/T1134s1/esmfold/carbon/T1134s1_esmfold_inference_emissions.csv
T1134s1,T1134s1,CASP15,7UBZ,A,1,230,1,230,230,230,omegafold,1,results/20260601_104732_casp15_casp16_unique_lt1000_all_default_msa-free/sequences/T1134s1.fasta,results/20260601_104732_casp15_casp16_unique_lt1000_all_default_msa-free/predictions/T1134s1/omegafold,results/20260601_104732_casp15_casp16_unique_lt1000_all_default_msa-free/predictions/T1134s1/omegafold/rank_001.pdb,results/20260601_104732_casp15_casp16_unique_lt1000_all_default_msa-free/predictions/T1134s1/omegafold/rank_001.pdb,true,0,2026-06-01T17:04:43+02:00,2026-06-01T17:05:26+02:00,43,results/20260601_104732_casp15_casp16_unique_lt1000_all_default_msa-free/logs/T1134s1_omegafold.log,bash runners/run_omegafold.sh results/20260601_104732_casp15_casp16_unique_lt1000_all_default_msa-free/sequences/T1134s1.fasta results/20260601_104732_casp15_casp16_unique_lt1000_all_default_msa-free/predictions/T1134s1/omegafold 1,,Check,Check,multiple equivalent chains match,1.000000,1.000000,1.000000,230,230,high,mapped from mmCIF atom_site CA records,All groups,A1,"TleTli or WP_062934778.1, WP_013096194 PDB code 7ubz",,,,,,,,,,,,,43.241207068029325,1.2689796394662654,0.0026715360830868746,43.241207068029325,1.2689796394662654,0.0026715360830868746,,,,runner CodeCarbon output: results/20260601_104732_casp15_casp16_unique_lt1000_all_default_msa-free/predictions/T1134s1/omegafold/carbon/T1134s1_omegafold_inference_emissions.csv
T1134s2,T1134s2,CASP15,7UBZ,D,168,472,1,313,313,313,chai1,1,results/20260601_104732_casp15_casp16_unique_lt1000_all_default_msa-free/sequences/T1134s2.fasta,results/20260601_104732_casp15_casp16_unique_lt1000_all_default_msa-free/predictions/T1134s2/chai1,results/20260601_104732_casp15_casp16_unique_lt1000_all_default_msa-free/predictions/T1134s2/chai1/rank_001.pdb,results/20260601_104732_casp15_casp16_unique_lt1000_all_default_msa-free/predictions/T1134s2/chai1/rank_001.pdb,true,0,2026-06-01T17:05:26+02:00,2026-06-01T17:22:41+02:00,1035,results/20260601_104732_casp15_casp16_unique_lt1000_all_default_msa-free/logs/T1134s2_chai1.log,bash runners/run_chai1.sh results/20260601_104732_casp15_casp16_unique_lt1000_all_default_msa-free/sequences/T1134s2.fasta results/20260601_104732_casp15_casp16_unique_lt1000_all_default_msa-free/predictions/T1134s2/chai1 1,,Check,Check,reference coverage below threshold 0.645; multiple equivalent chains match,1.000000,1.000000,0.645367,202,313,high,mapped from mmCIF atom_site CA records; 111 aligned positions lack resolved CA atoms,All groups,A1,"TleTli or WP_062934778.1, WP_013096194 PDB code 7ubz",,,,,,,,,,,,,1034.2023411479895,14.603117971362115,0.03074340625549919,1034.2023411479895,14.603117971362115,0.03074340625549919,,,,runner CodeCarbon output: results/20260601_104732_casp15_casp16_unique_lt1000_all_default_msa-free/predictions/T1134s2/chai1/carbon/T1134s2_chai1_inference_emissions.csv
T1134s2,T1134s2,CASP15,7UBZ,D,168,472,1,313,313,313,esmfold,1,results/20260601_104732_casp15_casp16_unique_lt1000_all_default_msa-free/sequences/T1134s2.fasta,results/20260601_104732_casp15_casp16_unique_lt1000_all_default_msa-free/predictions/T1134s2/esmfold,results/20260601_104732_casp15_casp16_unique_lt1000_all_default_msa-free/predictions/T1134s2/esmfold/rank_001.pdb,results/20260601_104732_casp15_casp16_unique_lt1000_all_default_msa-free/predictions/T1134s2/esmfold/rank_001.pdb,true,0,2026-06-01T17:22:41+02:00,2026-06-01T17:27:00+02:00,259,results/20260601_104732_casp15_casp16_unique_lt1000_all_default_msa-free/logs/T1134s2_esmfold.log,bash runners/run_esmfold.sh results/20260601_104732_casp15_casp16_unique_lt1000_all_default_msa-free/sequences/T1134s2.fasta results/20260601_104732_casp15_casp16_unique_lt1000_all_default_msa-free/predictions/T1134s2/esmfold 1,,Check,Check,reference coverage below threshold 0.645; multiple equivalent chains match,1.000000,1.000000,0.645367,202,313,high,mapped from mmCIF atom_site CA records; 111 aligned positions lack resolved CA atoms,All groups,A1,"TleTli or WP_062934778.1, WP_013096194 PDB code 7ubz",,,,,,,,,,,,,259.3486179850297,3.784649685368855,0.007967683548144958,259.3486179850297,3.784649685368855,0.007967683548144958,,,,runner CodeCarbon output: results/20260601_104732_casp15_casp16_unique_lt1000_all_default_msa-free/predictions/T1134s2/esmfold/carbon/T1134s2_esmfold_inference_emissions.csv
T1134s2,T1134s2,CASP15,7UBZ,D,168,472,1,313,313,313,omegafold,1,results/20260601_104732_casp15_casp16_unique_lt1000_all_default_msa-free/sequences/T1134s2.fasta,results/20260601_104732_casp15_casp16_unique_lt1000_all_default_msa-free/predictions/T1134s2/omegafold,results/20260601_104732_casp15_casp16_unique_lt1000_all_default_msa-free/predictions/T1134s2/omegafold/rank_001.pdb,results/20260601_104732_casp15_casp16_unique_lt1000_all_default_msa-free/predictions/T1134s2/omegafold/rank_001.pdb,true,0,2026-06-01T17:27:00+02:00,2026-06-01T17:28:20+02:00,80,results/20260601_104732_casp15_casp16_unique_lt1000_all_default_msa-free/logs/T1134s2_omegafold.log,bash runners/run_omegafold.sh results/20260601_104732_casp15_casp16_unique_lt1000_all_default_msa-free/sequences/T1134s2.fasta results/20260601_104732_casp15_casp16_unique_lt1000_all_default_msa-free/predictions/T1134s2/omegafold 1,,Check,Check,reference coverage below threshold 0.645; multiple equivalent chains match,1.000000,1.000000,0.645367,202,313,high,mapped from mmCIF atom_site CA records; 111 aligned positions lack resolved CA atoms,All groups,A1,"TleTli or WP_062934778.1, WP_013096194 PDB code 7ubz",,,,,,,,,,,,,79.84988125698874,2.4825340988923994,0.005226387576615578,79.84988125698874,2.4825340988923994,0.005226387576615578,,,,runner CodeCarbon output: results/20260601_104732_casp15_casp16_unique_lt1000_all_default_msa-free/predictions/T1134s2/omegafold/carbon/T1134s2_omegafold_inference_emissions.csv
T1137s1,T1137s1,CASP15,8FEF,A,18,409,1,409,409,409,chai1,1,results/20260601_104732_casp15_casp16_unique_lt1000_all_default_msa-free/sequences/T1137s1.fasta,results/20260601_104732_casp15_casp16_unique_lt1000_all_default_msa-free/predictions/T1137s1/chai1,results/20260601_104732_casp15_casp16_unique_lt1000_all_default_msa-free/predictions/T1137s1/chai1/rank_001.pdb,results/20260601_104732_casp15_casp16_unique_lt1000_all_default_msa-free/predictions/T1137s1/chai1/rank_001.pdb,true,0,2026-06-01T17:28:20+02:00,2026-06-01T17:56:40+02:00,1700,results/20260601_104732_casp15_casp16_unique_lt1000_all_default_msa-free/logs/T1137s1_chai1.log,bash runners/run_chai1.sh results/20260601_104732_casp15_casp16_unique_lt1000_all_default_msa-free/sequences/T1137s1.fasta results/20260601_104732_casp15_casp16_unique_lt1000_all_default_msa-free/predictions/T1137s1/chai1 1,,Yes,Yes,prefiltered A1 protein target with mapped residue range,1.000000,1.000000,0.958435,392,409,high,mapped from mmCIF atom_site CA records; 17 aligned positions lack resolved CA atoms,All groups,A1,MceG complex PDB code 8fef,,,,,,,,,,,,,1699.2230322459945,24.070443927257628,0.050674618794226585,1699.2230322459945,24.070443927257628,0.050674618794226585,,,,runner CodeCarbon output: results/20260601_104732_casp15_casp16_unique_lt1000_all_default_msa-free/predictions/T1137s1/chai1/carbon/T1137s1_chai1_inference_emissions.csv
T1137s1,T1137s1,CASP15,8FEF,A,18,409,1,409,409,409,esmfold,1,results/20260601_104732_casp15_casp16_unique_lt1000_all_default_msa-free/sequences/T1137s1.fasta,results/20260601_104732_casp15_casp16_unique_lt1000_all_default_msa-free/predictions/T1137s1/esmfold,results/20260601_104732_casp15_casp16_unique_lt1000_all_default_msa-free/predictions/T1137s1/esmfold/rank_001.pdb,results/20260601_104732_casp15_casp16_unique_lt1000_all_default_msa-free/predictions/T1137s1/esmfold/rank_001.pdb,true,0,2026-06-01T17:56:40+02:00,2026-06-01T18:03:46+02:00,426,results/20260601_104732_casp15_casp16_unique_lt1000_all_default_msa-free/logs/T1137s1_esmfold.log,bash runners/run_esmfold.sh results/20260601_104732_casp15_casp16_unique_lt1000_all_default_msa-free/sequences/T1137s1.fasta results/20260601_104732_casp15_casp16_unique_lt1000_all_default_msa-free/predictions/T1137s1/esmfold 1,,Yes,Yes,prefiltered A1 protein target with mapped residue range,1.000000,1.000000,0.958435,392,409,high,mapped from mmCIF atom_site CA records; 17 aligned positions lack resolved CA atoms,All groups,A1,MceG complex PDB code 8fef,,,,,,,,,,,,,425.8874364239746,6.260060527416713,0.0131790747945615,425.8874364239746,6.260060527416713,0.0131790747945615,,,,runner CodeCarbon output: results/20260601_104732_casp15_casp16_unique_lt1000_all_default_msa-free/predictions/T1137s1/esmfold/carbon/T1137s1_esmfold_inference_emissions.csv
T1137s1,T1137s1,CASP15,8FEF,A,18,409,1,409,409,409,omegafold,1,results/20260601_104732_casp15_casp16_unique_lt1000_all_default_msa-free/sequences/T1137s1.fasta,results/20260601_104732_casp15_casp16_unique_lt1000_all_default_msa-free/predictions/T1137s1/omegafold,results/20260601_104732_casp15_casp16_unique_lt1000_all_default_msa-free/predictions/T1137s1/omegafold/rank_001.pdb,results/20260601_104732_casp15_casp16_unique_lt1000_all_default_msa-free/predictions/T1137s1/omegafold/rank_001.pdb,true,0,2026-06-01T18:03:46+02:00,2026-06-01T18:06:16+02:00,150,results/20260601_104732_casp15_casp16_unique_lt1000_all_default_msa-free/logs/T1137s1_omegafold.log,bash runners/run_omegafold.sh results/20260601_104732_casp15_casp16_unique_lt1000_all_default_msa-free/sequences/T1137s1.fasta results/20260601_104732_casp15_casp16_unique_lt1000_all_default_msa-free/predictions/T1137s1/omegafold 1,,Yes,Yes,prefiltered A1 protein target with mapped residue range,1.000000,1.000000,0.958435,392,409,high,mapped from mmCIF atom_site CA records; 17 aligned positions lack resolved CA atoms,All groups,A1,MceG complex PDB code 8fef,,,,,,,,,,,,,149.7030343809747,4.805749240764648,0.010117366822662417,149.7030343809747,4.805749240764648,0.010117366822662417,,,,runner CodeCarbon output: results/20260601_104732_casp15_casp16_unique_lt1000_all_default_msa-free/predictions/T1137s1/omegafold/carbon/T1137s1_omegafold_inference_emissions.csv
T1137s2,T1137s2,CASP15,8FEF,B,2,343,1,343,343,343,chai1,1,results/20260601_104732_casp15_casp16_unique_lt1000_all_default_msa-free/sequences/T1137s2.fasta,results/20260601_104732_casp15_casp16_unique_lt1000_all_default_msa-free/predictions/T1137s2/chai1,results/20260601_104732_casp15_casp16_unique_lt1000_all_default_msa-free/predictions/T1137s2/chai1/rank_001.pdb,results/20260601_104732_casp15_casp16_unique_lt1000_all_default_msa-free/predictions/T1137s2/chai1/rank_001.pdb,true,0,2026-06-01T18:06:16+02:00,2026-06-01T18:22:58+02:00,1002,results/20260601_104732_casp15_casp16_unique_lt1000_all_default_msa-free/logs/T1137s2_chai1.log,bash runners/run_chai1.sh results/20260601_104732_casp15_casp16_unique_lt1000_all_default_msa-free/sequences/T1137s2.fasta results/20260601_104732_casp15_casp16_unique_lt1000_all_default_msa-free/predictions/T1137s2/chai1 1,,Yes,Yes,prefiltered A1 protein target with mapped residue range,1.000000,1.000000,0.976676,335,343,high,mapped from mmCIF atom_site CA records; 8 aligned positions lack resolved CA atoms,All groups,A1,MceG complex PDB code 8fef,,,,,,,,,,,,,1001.8530834700214,14.138408105340504,0.029765069695453693,1001.8530834700214,14.138408105340504,0.029765069695453693,,,,runner CodeCarbon output: results/20260601_104732_casp15_casp16_unique_lt1000_all_default_msa-free/predictions/T1137s2/chai1/carbon/T1137s2_chai1_inference_emissions.csv
T1137s2,T1137s2,CASP15,8FEF,B,2,343,1,343,343,343,esmfold,1,results/20260601_104732_casp15_casp16_unique_lt1000_all_default_msa-free/sequences/T1137s2.fasta,results/20260601_104732_casp15_casp16_unique_lt1000_all_default_msa-free/predictions/T1137s2/esmfold,results/20260601_104732_casp15_casp16_unique_lt1000_all_default_msa-free/predictions/T1137s2/esmfold/rank_001.pdb,results/20260601_104732_casp15_casp16_unique_lt1000_all_default_msa-free/predictions/T1137s2/esmfold/rank_001.pdb,true,0,2026-06-01T18:22:58+02:00,2026-06-01T18:28:14+02:00,316,results/20260601_104732_casp15_casp16_unique_lt1000_all_default_msa-free/logs/T1137s2_esmfold.log,bash runners/run_esmfold.sh results/20260601_104732_casp15_casp16_unique_lt1000_all_default_msa-free/sequences/T1137s2.fasta results/20260601_104732_casp15_casp16_unique_lt1000_all_default_msa-free/predictions/T1137s2/esmfold 1,,Yes,Yes,prefiltered A1 protein target with mapped residue range,1.000000,1.000000,0.976676,335,343,high,mapped from mmCIF atom_site CA records; 8 aligned positions lack resolved CA atoms,All groups,A1,MceG complex PDB code 8fef,,,,,,,,,,,,,315.84311263397103,4.589960723080757,0.009663075206485803,315.84311263397103,4.589960723080757,0.009663075206485803,,,,runner CodeCarbon output: results/20260601_104732_casp15_casp16_unique_lt1000_all_default_msa-free/predictions/T1137s2/esmfold/carbon/T1137s2_esmfold_inference_emissions.csv
T1137s2,T1137s2,CASP15,8FEF,B,2,343,1,343,343,343,omegafold,1,results/20260601_104732_casp15_casp16_unique_lt1000_all_default_msa-free/sequences/T1137s2.fasta,results/20260601_104732_casp15_casp16_unique_lt1000_all_default_msa-free/predictions/T1137s2/omegafold,results/20260601_104732_casp15_casp16_unique_lt1000_all_default_msa-free/predictions/T1137s2/omegafold/rank_001.pdb,results/20260601_104732_casp15_casp16_unique_lt1000_all_default_msa-free/predictions/T1137s2/omegafold/rank_001.pdb,true,0,2026-06-01T18:28:14+02:00,2026-06-01T18:29:49+02:00,95,results/20260601_104732_casp15_casp16_unique_lt1000_all_default_msa-free/logs/T1137s2_omegafold.log,bash runners/run_omegafold.sh results/20260601_104732_casp15_casp16_unique_lt1000_all_default_msa-free/sequences/T1137s2.fasta results/20260601_104732_casp15_casp16_unique_lt1000_all_default_msa-free/predictions/T1137s2/omegafold 1,,Yes,Yes,prefiltered A1 protein target with mapped residue range,1.000000,1.000000,0.976676,335,343,high,mapped from mmCIF atom_site CA records; 8 aligned positions lack resolved CA atoms,All groups,A1,MceG complex PDB code 8fef,,,,,,,,,,,,,94.99428969802102,3.0234205421093523,0.006365095878124952,94.99428969802102,3.0234205421093523,0.006365095878124952,,,,runner CodeCarbon output: results/20260601_104732_casp15_casp16_unique_lt1000_all_default_msa-free/predictions/T1137s2/omegafold/carbon/T1137s2_omegafold_inference_emissions.csv
T1137s3,T1137s3,CASP15,8FEF,C,1,310,1,524,524,524,chai1,1,results/20260601_104732_casp15_casp16_unique_lt1000_all_default_msa-free/sequences/T1137s3.fasta,results/20260601_104732_casp15_casp16_unique_lt1000_all_default_msa-free/predictions/T1137s3/chai1,results/20260601_104732_casp15_casp16_unique_lt1000_all_default_msa-free/predictions/T1137s3/chai1/rank_001.pdb,results/20260601_104732_casp15_casp16_unique_lt1000_all_default_msa-free/predictions/T1137s3/chai1/rank_001.pdb,true,0,2026-06-01T18:29:49+02:00,2026-06-01T19:29:26+02:00,3577,results/20260601_104732_casp15_casp16_unique_lt1000_all_default_msa-free/logs/T1137s3_chai1.log,bash runners/run_chai1.sh results/20260601_104732_casp15_casp16_unique_lt1000_all_default_msa-free/sequences/T1137s3.fasta results/20260601_104732_casp15_casp16_unique_lt1000_all_default_msa-free/predictions/T1137s3/chai1 1,,Check,Check,reference coverage below threshold 0.592,1.000000,1.000000,0.591603,310,524,high,mapped from mmCIF atom_site CA records; 214 aligned positions lack resolved CA atoms,All groups,A1,MceG complex PDB code 8fef,,,,,,,,,,,,,3576.5285280059907,50.28929911434591,0.10587220866178086,3576.5285280059907,50.28929911434591,0.10587220866178086,,,,runner CodeCarbon output: results/20260601_104732_casp15_casp16_unique_lt1000_all_default_msa-free/predictions/T1137s3/chai1/carbon/T1137s3_chai1_inference_emissions.csv
T1137s3,T1137s3,CASP15,8FEF,C,1,310,1,524,524,524,esmfold,1,results/20260601_104732_casp15_casp16_unique_lt1000_all_default_msa-free/sequences/T1137s3.fasta,results/20260601_104732_casp15_casp16_unique_lt1000_all_default_msa-free/predictions/T1137s3/esmfold,results/20260601_104732_casp15_casp16_unique_lt1000_all_default_msa-free/predictions/T1137s3/esmfold/rank_001.pdb,results/20260601_104732_casp15_casp16_unique_lt1000_all_default_msa-free/predictions/T1137s3/esmfold/rank_001.pdb,true,0,2026-06-01T19:29:26+02:00,2026-06-01T19:41:15+02:00,709,results/20260601_104732_casp15_casp16_unique_lt1000_all_default_msa-free/logs/T1137s3_esmfold.log,bash runners/run_esmfold.sh results/20260601_104732_casp15_casp16_unique_lt1000_all_default_msa-free/sequences/T1137s3.fasta results/20260601_104732_casp15_casp16_unique_lt1000_all_default_msa-free/predictions/T1137s3/esmfold 1,,Check,Check,reference coverage below threshold 0.592,1.000000,1.000000,0.591603,310,524,high,mapped from mmCIF atom_site CA records; 214 aligned positions lack resolved CA atoms,All groups,A1,MceG complex PDB code 8fef,,,,,,,,,,,,,708.7457242800156,10.397980729890325,0.021890485747137527,708.7457242800156,10.397980729890325,0.021890485747137527,,,,runner CodeCarbon output: results/20260601_104732_casp15_casp16_unique_lt1000_all_default_msa-free/predictions/T1137s3/esmfold/carbon/T1137s3_esmfold_inference_emissions.csv
T1137s3,T1137s3,CASP15,8FEF,C,1,310,1,524,524,524,omegafold,1,results/20260601_104732_casp15_casp16_unique_lt1000_all_default_msa-free/sequences/T1137s3.fasta,results/20260601_104732_casp15_casp16_unique_lt1000_all_default_msa-free/predictions/T1137s3/omegafold,results/20260601_104732_casp15_casp16_unique_lt1000_all_default_msa-free/predictions/T1137s3/omegafold/rank_001.pdb,results/20260601_104732_casp15_casp16_unique_lt1000_all_default_msa-free/predictions/T1137s3/omegafold/rank_001.pdb,true,0,2026-06-01T19:41:15+02:00,2026-06-01T19:45:22+02:00,247,results/20260601_104732_casp15_casp16_unique_lt1000_all_default_msa-free/logs/T1137s3_omegafold.log,bash runners/run_omegafold.sh results/20260601_104732_casp15_casp16_unique_lt1000_all_default_msa-free/sequences/T1137s3.fasta results/20260601_104732_casp15_casp16_unique_lt1000_all_default_msa-free/predictions/T1137s3/omegafold 1,,Check,Check,reference coverage below threshold 0.592,1.000000,1.000000,0.591603,310,524,high,mapped from mmCIF atom_site CA records; 214 aligned positions lack resolved CA atoms,All groups,A1,MceG complex PDB code 8fef,,,,,,,,,,,,,247.03382559801685,8.124773680033462,0.01710478669480729,247.03382559801685,8.124773680033462,0.01710478669480729,,,,runner CodeCarbon output: results/20260601_104732_casp15_casp16_unique_lt1000_all_default_msa-free/predictions/T1137s3/omegafold/carbon/T1137s3_omegafold_inference_emissions.csv
T1137s4,T1137s4,CASP15,8FEF,D,42,468,1,547,547,547,chai1,1,results/20260601_104732_casp15_casp16_unique_lt1000_all_default_msa-free/sequences/T1137s4.fasta,results/20260601_104732_casp15_casp16_unique_lt1000_all_default_msa-free/predictions/T1137s4/chai1,results/20260601_104732_casp15_casp16_unique_lt1000_all_default_msa-free/predictions/T1137s4/chai1/rank_001.pdb,results/20260601_104732_casp15_casp16_unique_lt1000_all_default_msa-free/predictions/T1137s4/chai1/rank_001.pdb,true,0,2026-06-01T19:45:22+02:00,2026-06-01T20:45:13+02:00,3591,results/20260601_104732_casp15_casp16_unique_lt1000_all_default_msa-free/logs/T1137s4_chai1.log,bash runners/run_chai1.sh results/20260601_104732_casp15_casp16_unique_lt1000_all_default_msa-free/sequences/T1137s4.fasta results/20260601_104732_casp15_casp16_unique_lt1000_all_default_msa-free/predictions/T1137s4/chai1 1,,Check,Check,reference coverage below threshold 0.704,1.000000,1.000000,0.703839,385,547,high,mapped from mmCIF atom_site CA records; 162 aligned positions lack resolved CA atoms,All groups,A1,MceG complex PDB code 8fef,,,,,,,,,,,,,3591.0334819900454,50.270254833831146,0.10583211543964452,3591.0334819900454,50.270254833831146,0.10583211543964452,,,,runner CodeCarbon output: results/20260601_104732_casp15_casp16_unique_lt1000_all_default_msa-free/predictions/T1137s4/chai1/carbon/T1137s4_chai1_inference_emissions.csv
T1137s4,T1137s4,CASP15,8FEF,D,42,468,1,547,547,547,esmfold,1,results/20260601_104732_casp15_casp16_unique_lt1000_all_default_msa-free/sequences/T1137s4.fasta,results/20260601_104732_casp15_casp16_unique_lt1000_all_default_msa-free/predictions/T1137s4/esmfold,results/20260601_104732_casp15_casp16_unique_lt1000_all_default_msa-free/predictions/T1137s4/esmfold/rank_001.pdb,results/20260601_104732_casp15_casp16_unique_lt1000_all_default_msa-free/predictions/T1137s4/esmfold/rank_001.pdb,true,0,2026-06-01T20:45:13+02:00,2026-06-01T20:58:18+02:00,785,results/20260601_104732_casp15_casp16_unique_lt1000_all_default_msa-free/logs/T1137s4_esmfold.log,bash runners/run_esmfold.sh results/20260601_104732_casp15_casp16_unique_lt1000_all_default_msa-free/sequences/T1137s4.fasta results/20260601_104732_casp15_casp16_unique_lt1000_all_default_msa-free/predictions/T1137s4/esmfold 1,,Check,Check,reference coverage below threshold 0.704,1.000000,1.000000,0.703839,385,547,high,mapped from mmCIF atom_site CA records; 162 aligned positions lack resolved CA atoms,All groups,A1,MceG complex PDB code 8fef,,,,,,,,,,,,,784.8182822030503,11.508310892398393,0.02422802293136504,784.8182822030503,11.508310892398393,0.02422802293136504,,,,runner CodeCarbon output: results/20260601_104732_casp15_casp16_unique_lt1000_all_default_msa-free/predictions/T1137s4/esmfold/carbon/T1137s4_esmfold_inference_emissions.csv
T1137s4,T1137s4,CASP15,8FEF,D,42,468,1,547,547,547,omegafold,1,results/20260601_104732_casp15_casp16_unique_lt1000_all_default_msa-free/sequences/T1137s4.fasta,results/20260601_104732_casp15_casp16_unique_lt1000_all_default_msa-free/predictions/T1137s4/omegafold,results/20260601_104732_casp15_casp16_unique_lt1000_all_default_msa-free/predictions/T1137s4/omegafold/rank_001.pdb,results/20260601_104732_casp15_casp16_unique_lt1000_all_default_msa-free/predictions/T1137s4/omegafold/rank_001.pdb,true,0,2026-06-01T20:58:18+02:00,2026-06-01T21:03:04+02:00,286,results/20260601_104732_casp15_casp16_unique_lt1000_all_default_msa-free/logs/T1137s4_omegafold.log,bash runners/run_omegafold.sh results/20260601_104732_casp15_casp16_unique_lt1000_all_default_msa-free/sequences/T1137s4.fasta results/20260601_104732_casp15_casp16_unique_lt1000_all_default_msa-free/predictions/T1137s4/omegafold 1,,Check,Check,reference coverage below threshold 0.704,1.000000,1.000000,0.703839,385,547,high,mapped from mmCIF atom_site CA records; 162 aligned positions lack resolved CA atoms,All groups,A1,MceG complex PDB code 8fef,,,,,,,,,,,,,285.2306844010018,9.45267976789537,0.019900378458727094,285.2306844010018,9.45267976789537,0.019900378458727094,,,,runner CodeCarbon output: results/20260601_104732_casp15_casp16_unique_lt1000_all_default_msa-free/predictions/T1137s4/omegafold/carbon/T1137s4_omegafold_inference_emissions.csv
T1137s5,T1137s5,CASP15,8FEF,E,33,390,1,390,390,390,chai1,1,results/20260601_104732_casp15_casp16_unique_lt1000_all_default_msa-free/sequences/T1137s5.fasta,results/20260601_104732_casp15_casp16_unique_lt1000_all_default_msa-free/predictions/T1137s5/chai1,results/20260601_104732_casp15_casp16_unique_lt1000_all_default_msa-free/predictions/T1137s5/chai1/rank_001.pdb,results/20260601_104732_casp15_casp16_unique_lt1000_all_default_msa-free/predictions/T1137s5/chai1/rank_001.pdb,true,0,2026-06-01T21:03:04+02:00,2026-06-01T21:31:42+02:00,1718,results/20260601_104732_casp15_casp16_unique_lt1000_all_default_msa-free/logs/T1137s5_chai1.log,bash runners/run_chai1.sh results/20260601_104732_casp15_casp16_unique_lt1000_all_default_msa-free/sequences/T1137s5.fasta results/20260601_104732_casp15_casp16_unique_lt1000_all_default_msa-free/predictions/T1137s5/chai1 1,,Yes,Yes,prefiltered A1 protein target with mapped residue range,1.000000,1.000000,0.917949,358,390,high,mapped from mmCIF atom_site CA records; 32 aligned positions lack resolved CA atoms,All groups,A1,MceG complex PDB code 8fef,,,,,,,,,,,,,1717.50966306997,23.95347131812855,0.050428360669744314,1717.50966306997,23.95347131812855,0.050428360669744314,,,,runner CodeCarbon output: results/20260601_104732_casp15_casp16_unique_lt1000_all_default_msa-free/predictions/T1137s5/chai1/carbon/T1137s5_chai1_inference_emissions.csv
T1137s5,T1137s5,CASP15,8FEF,E,33,390,1,390,390,390,esmfold,1,results/20260601_104732_casp15_casp16_unique_lt1000_all_default_msa-free/sequences/T1137s5.fasta,results/20260601_104732_casp15_casp16_unique_lt1000_all_default_msa-free/predictions/T1137s5/esmfold,results/20260601_104732_casp15_casp16_unique_lt1000_all_default_msa-free/predictions/T1137s5/esmfold/rank_001.pdb,results/20260601_104732_casp15_casp16_unique_lt1000_all_default_msa-free/predictions/T1137s5/esmfold/rank_001.pdb,true,0,2026-06-01T21:31:42+02:00,2026-06-01T21:38:10+02:00,388,results/20260601_104732_casp15_casp16_unique_lt1000_all_default_msa-free/logs/T1137s5_esmfold.log,bash runners/run_esmfold.sh results/20260601_104732_casp15_casp16_unique_lt1000_all_default_msa-free/sequences/T1137s5.fasta results/20260601_104732_casp15_casp16_unique_lt1000_all_default_msa-free/predictions/T1137s5/esmfold 1,,Yes,Yes,prefiltered A1 protein target with mapped residue range,1.000000,1.000000,0.917949,358,390,high,mapped from mmCIF atom_site CA records; 32 aligned positions lack resolved CA atoms,All groups,A1,MceG complex PDB code 8fef,,,,,,,,,,,,,388.00710013200296,5.640466599891687,0.011874666526087763,388.00710013200296,5.640466599891687,0.011874666526087763,,,,runner CodeCarbon output: results/20260601_104732_casp15_casp16_unique_lt1000_all_default_msa-free/predictions/T1137s5/esmfold/carbon/T1137s5_esmfold_inference_emissions.csv
T1137s5,T1137s5,CASP15,8FEF,E,33,390,1,390,390,390,omegafold,1,results/20260601_104732_casp15_casp16_unique_lt1000_all_default_msa-free/sequences/T1137s5.fasta,results/20260601_104732_casp15_casp16_unique_lt1000_all_default_msa-free/predictions/T1137s5/omegafold,results/20260601_104732_casp15_casp16_unique_lt1000_all_default_msa-free/predictions/T1137s5/omegafold/rank_001.pdb,results/20260601_104732_casp15_casp16_unique_lt1000_all_default_msa-free/predictions/T1137s5/omegafold/rank_001.pdb,true,0,2026-06-01T21:38:10+02:00,2026-06-01T21:40:17+02:00,127,results/20260601_104732_casp15_casp16_unique_lt1000_all_default_msa-free/logs/T1137s5_omegafold.log,bash runners/run_omegafold.sh results/20260601_104732_casp15_casp16_unique_lt1000_all_default_msa-free/sequences/T1137s5.fasta results/20260601_104732_casp15_casp16_unique_lt1000_all_default_msa-free/predictions/T1137s5/omegafold 1,,Yes,Yes,prefiltered A1 protein target with mapped residue range,1.000000,1.000000,0.917949,358,390,high,mapped from mmCIF atom_site CA records; 32 aligned positions lack resolved CA atoms,All groups,A1,MceG complex PDB code 8fef,,,,,,,,,,,,,126.54276912298519,4.125009046032726,0.008684229570595212,126.54276912298519,4.125009046032726,0.008684229570595212,,,,runner CodeCarbon output: results/20260601_104732_casp15_casp16_unique_lt1000_all_default_msa-free/predictions/T1137s5/omegafold/carbon/T1137s5_omegafold_inference_emissions.csv
T1137s6,T1137s6,CASP15,8FEF,F,1,399,1,518,518,518,chai1,1,results/20260601_104732_casp15_casp16_unique_lt1000_all_default_msa-free/sequences/T1137s6.fasta,results/20260601_104732_casp15_casp16_unique_lt1000_all_default_msa-free/predictions/T1137s6/chai1,results/20260601_104732_casp15_casp16_unique_lt1000_all_default_msa-free/predictions/T1137s6/chai1/rank_001.pdb,results/20260601_104732_casp15_casp16_unique_lt1000_all_default_msa-free/predictions/T1137s6/chai1/rank_001.pdb,true,0,2026-06-01T21:40:17+02:00,2026-06-01T22:41:52+02:00,3695,results/20260601_104732_casp15_casp16_unique_lt1000_all_default_msa-free/logs/T1137s6_chai1.log,bash runners/run_chai1.sh results/20260601_104732_casp15_casp16_unique_lt1000_all_default_msa-free/sequences/T1137s6.fasta results/20260601_104732_casp15_casp16_unique_lt1000_all_default_msa-free/predictions/T1137s6/chai1 1,,Check,Check,reference coverage below threshold 0.770,1.000000,1.000000,0.770270,399,518,high,mapped from mmCIF atom_site CA records; 119 aligned positions lack resolved CA atoms,All groups,A1,MceG complex PDB code 8fef,,,,,,,,,,,,,3695.31341246597,51.86154395327638,0.10918219779637132,3695.31341246597,51.86154395327638,0.10918219779637132,,,,runner CodeCarbon output: results/20260601_104732_casp15_casp16_unique_lt1000_all_default_msa-free/predictions/T1137s6/chai1/carbon/T1137s6_chai1_inference_emissions.csv
T1137s6,T1137s6,CASP15,8FEF,F,1,399,1,518,518,518,esmfold,1,results/20260601_104732_casp15_casp16_unique_lt1000_all_default_msa-free/sequences/T1137s6.fasta,results/20260601_104732_casp15_casp16_unique_lt1000_all_default_msa-free/predictions/T1137s6/esmfold,results/20260601_104732_casp15_casp16_unique_lt1000_all_default_msa-free/predictions/T1137s6/esmfold/rank_001.pdb,results/20260601_104732_casp15_casp16_unique_lt1000_all_default_msa-free/predictions/T1137s6/esmfold/rank_001.pdb,true,0,2026-06-01T22:41:52+02:00,2026-06-01T22:53:24+02:00,692,results/20260601_104732_casp15_casp16_unique_lt1000_all_default_msa-free/logs/T1137s6_esmfold.log,bash runners/run_esmfold.sh results/20260601_104732_casp15_casp16_unique_lt1000_all_default_msa-free/sequences/T1137s6.fasta results/20260601_104732_casp15_casp16_unique_lt1000_all_default_msa-free/predictions/T1137s6/esmfold 1,,Check,Check,reference coverage below threshold 0.770,1.000000,1.000000,0.770270,399,518,high,mapped from mmCIF atom_site CA records; 119 aligned positions lack resolved CA atoms,All groups,A1,MceG complex PDB code 8fef,,,,,,,,,,,,,691.7764873580309,10.152305514577249,0.02137327476753105,691.7764873580309,10.152305514577249,0.02137327476753105,,,,runner CodeCarbon output: results/20260601_104732_casp15_casp16_unique_lt1000_all_default_msa-free/predictions/T1137s6/esmfold/carbon/T1137s6_esmfold_inference_emissions.csv
T1137s6,T1137s6,CASP15,8FEF,F,1,399,1,518,518,518,omegafold,1,results/20260601_104732_casp15_casp16_unique_lt1000_all_default_msa-free/sequences/T1137s6.fasta,results/20260601_104732_casp15_casp16_unique_lt1000_all_default_msa-free/predictions/T1137s6/omegafold,results/20260601_104732_casp15_casp16_unique_lt1000_all_default_msa-free/predictions/T1137s6/omegafold/rank_001.pdb,results/20260601_104732_casp15_casp16_unique_lt1000_all_default_msa-free/predictions/T1137s6/omegafold/rank_001.pdb,true,0,2026-06-01T22:53:24+02:00,2026-06-01T22:57:33+02:00,249,results/20260601_104732_casp15_casp16_unique_lt1000_all_default_msa-free/logs/T1137s6_omegafold.log,bash runners/run_omegafold.sh results/20260601_104732_casp15_casp16_unique_lt1000_all_default_msa-free/sequences/T1137s6.fasta results/20260601_104732_casp15_casp16_unique_lt1000_all_default_msa-free/predictions/T1137s6/omegafold 1,,Check,Check,reference coverage below threshold 0.770,1.000000,1.000000,0.770270,399,518,high,mapped from mmCIF atom_site CA records; 119 aligned positions lack resolved CA atoms,All groups,A1,MceG complex PDB code 8fef,,,,,,,,,,,,,248.62443575600628,8.226136379827933,0.017318181852269333,248.62443575600628,8.226136379827933,0.017318181852269333,,,,runner CodeCarbon output: results/20260601_104732_casp15_casp16_unique_lt1000_all_default_msa-free/predictions/T1137s6/omegafold/carbon/T1137s6_omegafold_inference_emissions.csv
T1137s7,T1137s7,CASP15,8FEF,G,2,325,1,653,653,653,chai1,1,results/20260601_104732_casp15_casp16_unique_lt1000_all_default_msa-free/sequences/T1137s7.fasta,results/20260601_104732_casp15_casp16_unique_lt1000_all_default_msa-free/predictions/T1137s7/chai1,results/20260601_104732_casp15_casp16_unique_lt1000_all_default_msa-free/predictions/T1137s7/chai1/rank_001.pdb,results/20260601_104732_casp15_casp16_unique_lt1000_all_default_msa-free/predictions/T1137s7/chai1/rank_001.pdb,true,0,2026-06-01T22:57:33+02:00,2026-06-01T23:57:17+02:00,3584,results/20260601_104732_casp15_casp16_unique_lt1000_all_default_msa-free/logs/T1137s7_chai1.log,bash runners/run_chai1.sh results/20260601_104732_casp15_casp16_unique_lt1000_all_default_msa-free/sequences/T1137s7.fasta results/20260601_104732_casp15_casp16_unique_lt1000_all_default_msa-free/predictions/T1137s7/chai1 1,,Check,Check,reference coverage below threshold 0.458; multiple equivalent chains match,1.000000,1.000000,0.457887,299,653,high,mapped from mmCIF atom_site CA records; 354 aligned positions lack resolved CA atoms,All groups,A1,MceG complex PDB code 8fef,,,,,,,,,,,,,3583.5914467220427,50.325973424942646,0.10594941773672135,3583.5914467220427,50.325973424942646,0.10594941773672135,,,,runner CodeCarbon output: results/20260601_104732_casp15_casp16_unique_lt1000_all_default_msa-free/predictions/T1137s7/chai1/carbon/T1137s7_chai1_inference_emissions.csv
T1137s7,T1137s7,CASP15,8FEF,G,2,325,1,653,653,653,esmfold,1,results/20260601_104732_casp15_casp16_unique_lt1000_all_default_msa-free/sequences/T1137s7.fasta,results/20260601_104732_casp15_casp16_unique_lt1000_all_default_msa-free/predictions/T1137s7/esmfold,results/20260601_104732_casp15_casp16_unique_lt1000_all_default_msa-free/predictions/T1137s7/esmfold/rank_001.pdb,results/20260601_104732_casp15_casp16_unique_lt1000_all_default_msa-free/predictions/T1137s7/esmfold/rank_001.pdb,true,0,2026-06-01T23:57:17+02:00,2026-06-02T00:16:13+02:00,1136,results/20260601_104732_casp15_casp16_unique_lt1000_all_default_msa-free/logs/T1137s7_esmfold.log,bash runners/run_esmfold.sh results/20260601_104732_casp15_casp16_unique_lt1000_all_default_msa-free/sequences/T1137s7.fasta results/20260601_104732_casp15_casp16_unique_lt1000_all_default_msa-free/predictions/T1137s7/esmfold 1,,Check,Check,reference coverage below threshold 0.458; multiple equivalent chains match,1.000000,1.000000,0.457887,299,653,high,mapped from mmCIF atom_site CA records; 354 aligned positions lack resolved CA atoms,All groups,A1,MceG complex PDB code 8fef,,,,,,,,,,,,,1136.5451746699982,16.724854124868706,0.03521021921024991,1136.5451746699982,16.724854124868706,0.03521021921024991,,,,runner CodeCarbon output: results/20260601_104732_casp15_casp16_unique_lt1000_all_default_msa-free/predictions/T1137s7/esmfold/carbon/T1137s7_esmfold_inference_emissions.csv
T1137s7,T1137s7,CASP15,8FEF,G,2,325,1,653,653,653,omegafold,1,results/20260601_104732_casp15_casp16_unique_lt1000_all_default_msa-free/sequences/T1137s7.fasta,results/20260601_104732_casp15_casp16_unique_lt1000_all_default_msa-free/predictions/T1137s7/omegafold,results/20260601_104732_casp15_casp16_unique_lt1000_all_default_msa-free/predictions/T1137s7/omegafold/rank_001.pdb,results/20260601_104732_casp15_casp16_unique_lt1000_all_default_msa-free/predictions/T1137s7/omegafold/rank_001.pdb,true,0,2026-06-02T00:16:14+02:00,2026-06-02T00:23:35+02:00,441,results/20260601_104732_casp15_casp16_unique_lt1000_all_default_msa-free/logs/T1137s7_omegafold.log,bash runners/run_omegafold.sh results/20260601_104732_casp15_casp16_unique_lt1000_all_default_msa-free/sequences/T1137s7.fasta results/20260601_104732_casp15_casp16_unique_lt1000_all_default_msa-free/predictions/T1137s7/omegafold 1,,Check,Check,reference coverage below threshold 0.458; multiple equivalent chains match,1.000000,1.000000,0.457887,299,653,high,mapped from mmCIF atom_site CA records; 354 aligned positions lack resolved CA atoms,All groups,A1,MceG complex PDB code 8fef,,,,,,,,,,,,,440.8963007989805,14.826081276442338,0.031212802687247028,440.8963007989805,14.826081276442338,0.031212802687247028,,,,runner CodeCarbon output: results/20260601_104732_casp15_casp16_unique_lt1000_all_default_msa-free/predictions/T1137s7/omegafold/carbon/T1137s7_omegafold_inference_emissions.csv
T1137s8,T1137s8,CASP15,8FEF,I,14,266,1,266,266,266,chai1,1,results/20260601_104732_casp15_casp16_unique_lt1000_all_default_msa-free/sequences/T1137s8.fasta,results/20260601_104732_casp15_casp16_unique_lt1000_all_default_msa-free/predictions/T1137s8/chai1,results/20260601_104732_casp15_casp16_unique_lt1000_all_default_msa-free/predictions/T1137s8/chai1/rank_001.pdb,results/20260601_104732_casp15_casp16_unique_lt1000_all_default_msa-free/predictions/T1137s8/chai1/rank_001.pdb,true,0,2026-06-02T00:23:35+02:00,2026-06-02T00:40:23+02:00,1008,results/20260601_104732_casp15_casp16_unique_lt1000_all_default_msa-free/logs/T1137s8_chai1.log,bash runners/run_chai1.sh results/20260601_104732_casp15_casp16_unique_lt1000_all_default_msa-free/sequences/T1137s8.fasta results/20260601_104732_casp15_casp16_unique_lt1000_all_default_msa-free/predictions/T1137s8/chai1 1,,Yes,Yes,prefiltered A1 protein target with mapped residue range,1.000000,1.000000,0.951128,253,266,high,mapped from mmCIF atom_site CA records; 13 aligned positions lack resolved CA atoms,All groups,A1,MceG complex PDB code 8fef,,,,,,,,,,,,,1008.127495254972,14.157933020006519,0.02980617477896109,1008.127495254972,14.157933020006519,0.02980617477896109,,,,runner CodeCarbon output: results/20260601_104732_casp15_casp16_unique_lt1000_all_default_msa-free/predictions/T1137s8/chai1/carbon/T1137s8_chai1_inference_emissions.csv
T1137s8,T1137s8,CASP15,8FEF,I,14,266,1,266,266,266,esmfold,1,results/20260601_104732_casp15_casp16_unique_lt1000_all_default_msa-free/sequences/T1137s8.fasta,results/20260601_104732_casp15_casp16_unique_lt1000_all_default_msa-free/predictions/T1137s8/esmfold,results/20260601_104732_casp15_casp16_unique_lt1000_all_default_msa-free/predictions/T1137s8/esmfold/rank_001.pdb,results/20260601_104732_casp15_casp16_unique_lt1000_all_default_msa-free/predictions/T1137s8/esmfold/rank_001.pdb,true,0,2026-06-02T00:40:23+02:00,2026-06-02T00:43:43+02:00,200,results/20260601_104732_casp15_casp16_unique_lt1000_all_default_msa-free/logs/T1137s8_esmfold.log,bash runners/run_esmfold.sh results/20260601_104732_casp15_casp16_unique_lt1000_all_default_msa-free/sequences/T1137s8.fasta results/20260601_104732_casp15_casp16_unique_lt1000_all_default_msa-free/predictions/T1137s8/esmfold 1,,Yes,Yes,prefiltered A1 protein target with mapped residue range,1.000000,1.000000,0.951128,253,266,high,mapped from mmCIF atom_site CA records; 13 aligned positions lack resolved CA atoms,All groups,A1,MceG complex PDB code 8fef,,,,,,,,,,,,,200.0624414869817,2.890328636091611,0.0060849023917718134,200.0624414869817,2.890328636091611,0.0060849023917718134,,,,runner CodeCarbon output: results/20260601_104732_casp15_casp16_unique_lt1000_all_default_msa-free/predictions/T1137s8/esmfold/carbon/T1137s8_esmfold_inference_emissions.csv
T1137s8,T1137s8,CASP15,8FEF,I,14,266,1,266,266,266,omegafold,1,results/20260601_104732_casp15_casp16_unique_lt1000_all_default_msa-free/sequences/T1137s8.fasta,results/20260601_104732_casp15_casp16_unique_lt1000_all_default_msa-free/predictions/T1137s8/omegafold,results/20260601_104732_casp15_casp16_unique_lt1000_all_default_msa-free/predictions/T1137s8/omegafold/rank_001.pdb,results/20260601_104732_casp15_casp16_unique_lt1000_all_default_msa-free/predictions/T1137s8/omegafold/rank_001.pdb,true,0,2026-06-02T00:43:43+02:00,2026-06-02T00:44:41+02:00,58,results/20260601_104732_casp15_casp16_unique_lt1000_all_default_msa-free/logs/T1137s8_omegafold.log,bash runners/run_omegafold.sh results/20260601_104732_casp15_casp16_unique_lt1000_all_default_msa-free/sequences/T1137s8.fasta results/20260601_104732_casp15_casp16_unique_lt1000_all_default_msa-free/predictions/T1137s8/omegafold 1,,Yes,Yes,prefiltered A1 protein target with mapped residue range,1.000000,1.000000,0.951128,253,266,high,mapped from mmCIF atom_site CA records; 13 aligned positions lack resolved CA atoms,All groups,A1,MceG complex PDB code 8fef,,,,,,,,,,,,,57.744815852027386,1.7475774344715327,0.0036791103883611212,57.744815852027386,1.7475774344715327,0.0036791103883611212,,,,runner CodeCarbon output: results/20260601_104732_casp15_casp16_unique_lt1000_all_default_msa-free/predictions/T1137s8/omegafold/carbon/T1137s8_omegafold_inference_emissions.csv
T1137s9,T1137s9,CASP15,8FEF,J,27,289,1,289,289,289,chai1,1,results/20260601_104732_casp15_casp16_unique_lt1000_all_default_msa-free/sequences/T1137s9.fasta,results/20260601_104732_casp15_casp16_unique_lt1000_all_default_msa-free/predictions/T1137s9/chai1,results/20260601_104732_casp15_casp16_unique_lt1000_all_default_msa-free/predictions/T1137s9/chai1/rank_001.pdb,results/20260601_104732_casp15_casp16_unique_lt1000_all_default_msa-free/predictions/T1137s9/chai1/rank_001.pdb,true,0,2026-06-02T00:44:41+02:00,2026-06-02T00:59:57+02:00,916,results/20260601_104732_casp15_casp16_unique_lt1000_all_default_msa-free/logs/T1137s9_chai1.log,bash runners/run_chai1.sh results/20260601_104732_casp15_casp16_unique_lt1000_all_default_msa-free/sequences/T1137s9.fasta results/20260601_104732_casp15_casp16_unique_lt1000_all_default_msa-free/predictions/T1137s9/chai1 1,,Yes,Yes,prefiltered A1 protein target with mapped residue range,1.000000,1.000000,0.910035,263,289,high,mapped from mmCIF atom_site CA records; 26 aligned positions lack resolved CA atoms,All groups,A1,MceG complex PDB code 8fef,,,,,,,,,,,,,915.2605234700022,13.095392295569507,0.027569246938041067,915.2605234700022,13.095392295569507,0.027569246938041067,,,,runner CodeCarbon output: results/20260601_104732_casp15_casp16_unique_lt1000_all_default_msa-free/predictions/T1137s9/chai1/carbon/T1137s9_chai1_inference_emissions.csv
T1137s9,T1137s9,CASP15,8FEF,J,27,289,1,289,289,289,esmfold,1,results/20260601_104732_casp15_casp16_unique_lt1000_all_default_msa-free/sequences/T1137s9.fasta,results/20260601_104732_casp15_casp16_unique_lt1000_all_default_msa-free/predictions/T1137s9/esmfold,results/20260601_104732_casp15_casp16_unique_lt1000_all_default_msa-free/predictions/T1137s9/esmfold/rank_001.pdb,results/20260601_104732_casp15_casp16_unique_lt1000_all_default_msa-free/predictions/T1137s9/esmfold/rank_001.pdb,true,0,2026-06-02T00:59:57+02:00,2026-06-02T01:03:37+02:00,220,results/20260601_104732_casp15_casp16_unique_lt1000_all_default_msa-free/logs/T1137s9_esmfold.log,bash runners/run_esmfold.sh results/20260601_104732_casp15_casp16_unique_lt1000_all_default_msa-free/sequences/T1137s9.fasta results/20260601_104732_casp15_casp16_unique_lt1000_all_default_msa-free/predictions/T1137s9/esmfold 1,,Yes,Yes,prefiltered A1 protein target with mapped residue range,1.000000,1.000000,0.910035,263,289,high,mapped from mmCIF atom_site CA records; 26 aligned positions lack resolved CA atoms,All groups,A1,MceG complex PDB code 8fef,,,,,,,,,,,,,220.48210847302107,3.2282116954105087,0.0067962351482326495,220.48210847302107,3.2282116954105087,0.0067962351482326495,,,,runner CodeCarbon output: results/20260601_104732_casp15_casp16_unique_lt1000_all_default_msa-free/predictions/T1137s9/esmfold/carbon/T1137s9_esmfold_inference_emissions.csv
T1137s9,T1137s9,CASP15,8FEF,J,27,289,1,289,289,289,omegafold,1,results/20260601_104732_casp15_casp16_unique_lt1000_all_default_msa-free/sequences/T1137s9.fasta,results/20260601_104732_casp15_casp16_unique_lt1000_all_default_msa-free/predictions/T1137s9/omegafold,results/20260601_104732_casp15_casp16_unique_lt1000_all_default_msa-free/predictions/T1137s9/omegafold/rank_001.pdb,results/20260601_104732_casp15_casp16_unique_lt1000_all_default_msa-free/predictions/T1137s9/omegafold/rank_001.pdb,true,0,2026-06-02T01:03:37+02:00,2026-06-02T01:04:47+02:00,69,results/20260601_104732_casp15_casp16_unique_lt1000_all_default_msa-free/logs/T1137s9_omegafold.log,bash runners/run_omegafold.sh results/20260601_104732_casp15_casp16_unique_lt1000_all_default_msa-free/sequences/T1137s9.fasta results/20260601_104732_casp15_casp16_unique_lt1000_all_default_msa-free/predictions/T1137s9/omegafold 1,,Yes,Yes,prefiltered A1 protein target with mapped residue range,1.000000,1.000000,0.910035,263,289,high,mapped from mmCIF atom_site CA records; 26 aligned positions lack resolved CA atoms,All groups,A1,MceG complex PDB code 8fef,,,,,,,,,,,,,69.17477328301175,2.134959503754919,0.004494651586852461,69.17477328301175,2.134959503754919,0.004494651586852461,,,,runner CodeCarbon output: results/20260601_104732_casp15_casp16_unique_lt1000_all_default_msa-free/predictions/T1137s9/omegafold/carbon/T1137s9_omegafold_inference_emissions.csv
T1145,T1145,CASP15,7UWW,A,34,665,1,635,635,635,chai1,1,results/20260601_104732_casp15_casp16_unique_lt1000_all_default_msa-free/sequences/T1145.fasta,results/20260601_104732_casp15_casp16_unique_lt1000_all_default_msa-free/predictions/T1145/chai1,results/20260601_104732_casp15_casp16_unique_lt1000_all_default_msa-free/predictions/T1145/chai1/rank_001.pdb,results/20260601_104732_casp15_casp16_unique_lt1000_all_default_msa-free/predictions/T1145/chai1/rank_001.pdb,true,0,2026-06-02T01:04:47+02:00,2026-06-02T02:04:43+02:00,3596,results/20260601_104732_casp15_casp16_unique_lt1000_all_default_msa-free/logs/T1145_chai1.log,bash runners/run_chai1.sh results/20260601_104732_casp15_casp16_unique_lt1000_all_default_msa-free/sequences/T1145.fasta results/20260601_104732_casp15_casp16_unique_lt1000_all_default_msa-free/predictions/T1145/chai1 1,,Check,Check,multiple equivalent chains match,1.000000,1.000000,0.995276,632,635,high,mapped from mmCIF atom_site CA records; 3 aligned positions lack resolved CA atoms,All groups,A1,Starch binding protein PDB code 7uww,,,,,,,,,,,,,3596.0224589990103,50.90934508314729,0.10717756859609955,3596.0224589990103,50.90934508314729,0.10717756859609955,,,,runner CodeCarbon output: results/20260601_104732_casp15_casp16_unique_lt1000_all_default_msa-free/predictions/T1145/chai1/carbon/T1145_chai1_inference_emissions.csv
T1145,T1145,CASP15,7UWW,A,34,665,1,635,635,635,esmfold,1,results/20260601_104732_casp15_casp16_unique_lt1000_all_default_msa-free/sequences/T1145.fasta,results/20260601_104732_casp15_casp16_unique_lt1000_all_default_msa-free/predictions/T1145/esmfold,results/20260601_104732_casp15_casp16_unique_lt1000_all_default_msa-free/predictions/T1145/esmfold/rank_001.pdb,results/20260601_104732_casp15_casp16_unique_lt1000_all_default_msa-free/predictions/T1145/esmfold/rank_001.pdb,true,0,2026-06-02T02:04:43+02:00,2026-06-02T02:22:29+02:00,1066,results/20260601_104732_casp15_casp16_unique_lt1000_all_default_msa-free/logs/T1145_esmfold.log,bash runners/run_esmfold.sh results/20260601_104732_casp15_casp16_unique_lt1000_all_default_msa-free/sequences/T1145.fasta results/20260601_104732_casp15_casp16_unique_lt1000_all_default_msa-free/predictions/T1145/esmfold 1,,Check,Check,multiple equivalent chains match,1.000000,1.000000,0.995276,632,635,high,mapped from mmCIF atom_site CA records; 3 aligned positions lack resolved CA atoms,All groups,A1,Starch binding protein PDB code 7uww,,,,,,,,,,,,,1066.010291323997,15.793380847375767,0.033249222836580564,1066.010291323997,15.793380847375767,0.033249222836580564,,,,runner CodeCarbon output: results/20260601_104732_casp15_casp16_unique_lt1000_all_default_msa-free/predictions/T1145/esmfold/carbon/T1145_esmfold_inference_emissions.csv
T1145,T1145,CASP15,7UWW,A,34,665,1,635,635,635,omegafold,1,results/20260601_104732_casp15_casp16_unique_lt1000_all_default_msa-free/sequences/T1145.fasta,results/20260601_104732_casp15_casp16_unique_lt1000_all_default_msa-free/predictions/T1145/omegafold,results/20260601_104732_casp15_casp16_unique_lt1000_all_default_msa-free/predictions/T1145/omegafold/rank_001.pdb,results/20260601_104732_casp15_casp16_unique_lt1000_all_default_msa-free/predictions/T1145/omegafold/rank_001.pdb,true,0,2026-06-02T02:22:29+02:00,2026-06-02T02:29:17+02:00,408,results/20260601_104732_casp15_casp16_unique_lt1000_all_default_msa-free/logs/T1145_omegafold.log,bash runners/run_omegafold.sh results/20260601_104732_casp15_casp16_unique_lt1000_all_default_msa-free/sequences/T1145.fasta results/20260601_104732_casp15_casp16_unique_lt1000_all_default_msa-free/predictions/T1145/omegafold 1,,Check,Check,multiple equivalent chains match,1.000000,1.000000,0.995276,632,635,high,mapped from mmCIF atom_site CA records; 3 aligned positions lack resolved CA atoms,All groups,A1,Starch binding protein PDB code 7uww,,,,,,,,,,,,,407.0835699230083,13.566512477984547,0.0285610789010201,407.0835699230083,13.566512477984547,0.0285610789010201,,,,runner CodeCarbon output: results/20260601_104732_casp15_casp16_unique_lt1000_all_default_msa-free/predictions/T1145/omegafold/carbon/T1145_omegafold_inference_emissions.csv
T1147,T1147,CASP15,8EM5,A,12,103,1,103,103,103,chai1,1,results/20260601_104732_casp15_casp16_unique_lt1000_all_default_msa-free/sequences/T1147.fasta,results/20260601_104732_casp15_casp16_unique_lt1000_all_default_msa-free/predictions/T1147/chai1,results/20260601_104732_casp15_casp16_unique_lt1000_all_default_msa-free/predictions/T1147/chai1/rank_001.pdb,results/20260601_104732_casp15_casp16_unique_lt1000_all_default_msa-free/predictions/T1147/chai1/rank_001.pdb,true,0,2026-06-02T02:29:17+02:00,2026-06-02T02:36:55+02:00,458,results/20260601_104732_casp15_casp16_unique_lt1000_all_default_msa-free/logs/T1147_chai1.log,bash runners/run_chai1.sh results/20260601_104732_casp15_casp16_unique_lt1000_all_default_msa-free/sequences/T1147.fasta results/20260601_104732_casp15_casp16_unique_lt1000_all_default_msa-free/predictions/T1147/chai1 1,,Check,Check,multiple equivalent chains match,1.000000,1.000000,0.893204,92,103,high,mapped from mmCIF atom_site CA records; 11 aligned positions lack resolved CA atoms,All groups,A1,"KEK_05752, MmpS5 PDB code 8em5",,,,,,,,,,,,,457.9211325579672,6.499408833251429,0.01368296596473985,457.9211325579672,6.499408833251429,0.01368296596473985,,,,runner CodeCarbon output: results/20260601_104732_casp15_casp16_unique_lt1000_all_default_msa-free/predictions/T1147/chai1/carbon/T1147_chai1_inference_emissions.csv
T1147,T1147,CASP15,8EM5,A,12,103,1,103,103,103,esmfold,1,results/20260601_104732_casp15_casp16_unique_lt1000_all_default_msa-free/sequences/T1147.fasta,results/20260601_104732_casp15_casp16_unique_lt1000_all_default_msa-free/predictions/T1147/esmfold,results/20260601_104732_casp15_casp16_unique_lt1000_all_default_msa-free/predictions/T1147/esmfold/rank_001.pdb,results/20260601_104732_casp15_casp16_unique_lt1000_all_default_msa-free/predictions/T1147/esmfold/rank_001.pdb,true,0,2026-06-02T02:36:55+02:00,2026-06-02T02:37:46+02:00,51,results/20260601_104732_casp15_casp16_unique_lt1000_all_default_msa-free/logs/T1147_esmfold.log,bash runners/run_esmfold.sh results/20260601_104732_casp15_casp16_unique_lt1000_all_default_msa-free/sequences/T1147.fasta results/20260601_104732_casp15_casp16_unique_lt1000_all_default_msa-free/predictions/T1147/esmfold 1,,Check,Check,multiple equivalent chains match,1.000000,1.000000,0.893204,92,103,high,mapped from mmCIF atom_site CA records; 11 aligned positions lack resolved CA atoms,All groups,A1,"KEK_05752, MmpS5 PDB code 8em5",,,,,,,,,,,,,51.07824222999625,0.6954798886721758,0.001464168186678265,51.07824222999625,0.6954798886721758,0.001464168186678265,,,,runner CodeCarbon output: results/20260601_104732_casp15_casp16_unique_lt1000_all_default_msa-free/predictions/T1147/esmfold/carbon/T1147_esmfold_inference_emissions.csv
T1147,T1147,CASP15,8EM5,A,12,103,1,103,103,103,omegafold,1,results/20260601_104732_casp15_casp16_unique_lt1000_all_default_msa-free/sequences/T1147.fasta,results/20260601_104732_casp15_casp16_unique_lt1000_all_default_msa-free/predictions/T1147/omegafold,results/20260601_104732_casp15_casp16_unique_lt1000_all_default_msa-free/predictions/T1147/omegafold/rank_001.pdb,results/20260601_104732_casp15_casp16_unique_lt1000_all_default_msa-free/predictions/T1147/omegafold/rank_001.pdb,true,0,2026-06-02T02:37:46+02:00,2026-06-02T02:38:07+02:00,21,results/20260601_104732_casp15_casp16_unique_lt1000_all_default_msa-free/logs/T1147_omegafold.log,bash runners/run_omegafold.sh results/20260601_104732_casp15_casp16_unique_lt1000_all_default_msa-free/sequences/T1147.fasta results/20260601_104732_casp15_casp16_unique_lt1000_all_default_msa-free/predictions/T1147/omegafold 1,,Check,Check,multiple equivalent chains match,1.000000,1.000000,0.893204,92,103,high,mapped from mmCIF atom_site CA records; 11 aligned positions lack resolved CA atoms,All groups,A1,"KEK_05752, MmpS5 PDB code 8em5",,,,,,,,,,,,,21.05205295898486,0.45659243010704376,0.0009612472212779869,21.05205295898486,0.45659243010704376,0.0009612472212779869,,,,runner CodeCarbon output: results/20260601_104732_casp15_casp16_unique_lt1000_all_default_msa-free/predictions/T1147/omegafold/carbon/T1147_omegafold_inference_emissions.csv
T1151s2,T1151s2,CASP15,8D5V,A,8,91,1,116,116,116,chai1,1,results/20260601_104732_casp15_casp16_unique_lt1000_all_default_msa-free/sequences/T1151s2.fasta,results/20260601_104732_casp15_casp16_unique_lt1000_all_default_msa-free/predictions/T1151s2/chai1,results/20260601_104732_casp15_casp16_unique_lt1000_all_default_msa-free/predictions/T1151s2/chai1/rank_001.pdb,results/20260601_104732_casp15_casp16_unique_lt1000_all_default_msa-free/predictions/T1151s2/chai1/rank_001.pdb,true,0,2026-06-02T02:38:07+02:00,2026-06-02T02:45:47+02:00,460,results/20260601_104732_casp15_casp16_unique_lt1000_all_default_msa-free/logs/T1151s2_chai1.log,bash runners/run_chai1.sh results/20260601_104732_casp15_casp16_unique_lt1000_all_default_msa-free/sequences/T1151s2.fasta results/20260601_104732_casp15_casp16_unique_lt1000_all_default_msa-free/predictions/T1151s2/chai1 1,,Check,Check,reference coverage below threshold 0.724; multiple equivalent chains match,1.000000,1.000000,0.724138,84,116,high,mapped from mmCIF atom_site CA records; 32 aligned positions lack resolved CA atoms,All groups,A1,P9WF37 PDB code 8d5v,,,,,,,,,,,,,459.1475055810297,6.5472374179196455,0.013783657721936095,459.1475055810297,6.5472374179196455,0.013783657721936095,,,,runner CodeCarbon output: results/20260601_104732_casp15_casp16_unique_lt1000_all_default_msa-free/predictions/T1151s2/chai1/carbon/T1151s2_chai1_inference_emissions.csv
T1151s2,T1151s2,CASP15,8D5V,A,8,91,1,116,116,116,esmfold,1,results/20260601_104732_casp15_casp16_unique_lt1000_all_default_msa-free/sequences/T1151s2.fasta,results/20260601_104732_casp15_casp16_unique_lt1000_all_default_msa-free/predictions/T1151s2/esmfold,results/20260601_104732_casp15_casp16_unique_lt1000_all_default_msa-free/predictions/T1151s2/esmfold/rank_001.pdb,results/20260601_104732_casp15_casp16_unique_lt1000_all_default_msa-free/predictions/T1151s2/esmfold/rank_001.pdb,true,0,2026-06-02T02:45:47+02:00,2026-06-02T02:46:42+02:00,55,results/20260601_104732_casp15_casp16_unique_lt1000_all_default_msa-free/logs/T1151s2_esmfold.log,bash runners/run_esmfold.sh results/20260601_104732_casp15_casp16_unique_lt1000_all_default_msa-free/sequences/T1151s2.fasta results/20260601_104732_casp15_casp16_unique_lt1000_all_default_msa-free/predictions/T1151s2/esmfold 1,,Check,Check,reference coverage below threshold 0.724; multiple equivalent chains match,1.000000,1.000000,0.724138,84,116,high,mapped from mmCIF atom_site CA records; 32 aligned positions lack resolved CA atoms,All groups,A1,P9WF37 PDB code 8d5v,,,,,,,,,,,,,54.80009599798359,0.7541988960792886,0.0015877871496406076,54.80009599798359,0.7541988960792886,0.0015877871496406076,,,,runner CodeCarbon output: results/20260601_104732_casp15_casp16_unique_lt1000_all_default_msa-free/predictions/T1151s2/esmfold/carbon/T1151s2_esmfold_inference_emissions.csv
T1151s2,T1151s2,CASP15,8D5V,A,8,91,1,116,116,116,omegafold,1,results/20260601_104732_casp15_casp16_unique_lt1000_all_default_msa-free/sequences/T1151s2.fasta,results/20260601_104732_casp15_casp16_unique_lt1000_all_default_msa-free/predictions/T1151s2/omegafold,results/20260601_104732_casp15_casp16_unique_lt1000_all_default_msa-free/predictions/T1151s2/omegafold/rank_001.pdb,results/20260601_104732_casp15_casp16_unique_lt1000_all_default_msa-free/predictions/T1151s2/omegafold/rank_001.pdb,true,0,2026-06-02T02:46:42+02:00,2026-06-02T02:47:04+02:00,22,results/20260601_104732_casp15_casp16_unique_lt1000_all_default_msa-free/logs/T1151s2_omegafold.log,bash runners/run_omegafold.sh results/20260601_104732_casp15_casp16_unique_lt1000_all_default_msa-free/sequences/T1151s2.fasta results/20260601_104732_casp15_casp16_unique_lt1000_all_default_msa-free/predictions/T1151s2/omegafold 1,,Check,Check,reference coverage below threshold 0.724; multiple equivalent chains match,1.000000,1.000000,0.724138,84,116,high,mapped from mmCIF atom_site CA records; 32 aligned positions lack resolved CA atoms,All groups,A1,P9WF37 PDB code 8d5v,,,,,,,,,,,,,22.193667621992063,0.5005398946153073,0.0010537681991901206,22.193667621992063,0.5005398946153073,0.0010537681991901206,,,,runner CodeCarbon output: results/20260601_104732_casp15_casp16_unique_lt1000_all_default_msa-free/predictions/T1151s2/omegafold/carbon/T1151s2_omegafold_inference_emissions.csv
T1155,T1155,CASP15,8PBV,A,1,116,1,116,116,116,chai1,1,results/20260601_104732_casp15_casp16_unique_lt1000_all_default_msa-free/sequences/T1155.fasta,results/20260601_104732_casp15_casp16_unique_lt1000_all_default_msa-free/predictions/T1155/chai1,results/20260601_104732_casp15_casp16_unique_lt1000_all_default_msa-free/predictions/T1155/chai1/rank_001.pdb,results/20260601_104732_casp15_casp16_unique_lt1000_all_default_msa-free/predictions/T1155/chai1/rank_001.pdb,true,0,2026-06-02T02:47:04+02:00,2026-06-02T02:54:35+02:00,451,results/20260601_104732_casp15_casp16_unique_lt1000_all_default_msa-free/logs/T1155_chai1.log,bash runners/run_chai1.sh results/20260601_104732_casp15_casp16_unique_lt1000_all_default_msa-free/sequences/T1155.fasta results/20260601_104732_casp15_casp16_unique_lt1000_all_default_msa-free/predictions/T1155/chai1 1,,Yes,Yes,prefiltered A1 protein target with mapped residue range,1.000000,1.000000,1.000000,116,116,high,mapped from mmCIF atom_site CA records,All groups,A1,Uniprot Q8IN44 PDB code 8pbv,,,,,,,,,,,,,450.6587738440139,6.465127448463135,0.013610794628343442,450.6587738440139,6.465127448463135,0.013610794628343442,,,,runner CodeCarbon output: results/20260601_104732_casp15_casp16_unique_lt1000_all_default_msa-free/predictions/T1155/chai1/carbon/T1155_chai1_inference_emissions.csv
T1155,T1155,CASP15,8PBV,A,1,116,1,116,116,116,esmfold,1,results/20260601_104732_casp15_casp16_unique_lt1000_all_default_msa-free/sequences/T1155.fasta,results/20260601_104732_casp15_casp16_unique_lt1000_all_default_msa-free/predictions/T1155/esmfold,results/20260601_104732_casp15_casp16_unique_lt1000_all_default_msa-free/predictions/T1155/esmfold/rank_001.pdb,results/20260601_104732_casp15_casp16_unique_lt1000_all_default_msa-free/predictions/T1155/esmfold/rank_001.pdb,true,0,2026-06-02T02:54:35+02:00,2026-06-02T02:55:30+02:00,55,results/20260601_104732_casp15_casp16_unique_lt1000_all_default_msa-free/logs/T1155_esmfold.log,bash runners/run_esmfold.sh results/20260601_104732_casp15_casp16_unique_lt1000_all_default_msa-free/sequences/T1155.fasta results/20260601_104732_casp15_casp16_unique_lt1000_all_default_msa-free/predictions/T1155/esmfold 1,,Yes,Yes,prefiltered A1 protein target with mapped residue range,1.000000,1.000000,1.000000,116,116,high,mapped from mmCIF atom_site CA records,All groups,A1,Uniprot Q8IN44 PDB code 8pbv,,,,,,,,,,,,,54.866320797998924,0.7581887951273893,0.0015961869371102933,54.866320797998924,0.7581887951273893,0.0015961869371102933,,,,runner CodeCarbon output: results/20260601_104732_casp15_casp16_unique_lt1000_all_default_msa-free/predictions/T1155/esmfold/carbon/T1155_esmfold_inference_emissions.csv
T1155,T1155,CASP15,8PBV,A,1,116,1,116,116,116,omegafold,1,results/20260601_104732_casp15_casp16_unique_lt1000_all_default_msa-free/sequences/T1155.fasta,results/20260601_104732_casp15_casp16_unique_lt1000_all_default_msa-free/predictions/T1155/omegafold,results/20260601_104732_casp15_casp16_unique_lt1000_all_default_msa-free/predictions/T1155/omegafold/rank_001.pdb,results/20260601_104732_casp15_casp16_unique_lt1000_all_default_msa-free/predictions/T1155/omegafold/rank_001.pdb,true,0,2026-06-02T02:55:30+02:00,2026-06-02T02:55:53+02:00,23,results/20260601_104732_casp15_casp16_unique_lt1000_all_default_msa-free/logs/T1155_omegafold.log,bash runners/run_omegafold.sh results/20260601_104732_casp15_casp16_unique_lt1000_all_default_msa-free/sequences/T1155.fasta results/20260601_104732_casp15_casp16_unique_lt1000_all_default_msa-free/predictions/T1155/omegafold 1,,Yes,Yes,prefiltered A1 protein target with mapped residue range,1.000000,1.000000,1.000000,116,116,high,mapped from mmCIF atom_site CA records,All groups,A1,Uniprot Q8IN44 PDB code 8pbv,,,,,,,,,,,,,22.243053921032697,0.5058601538248118,0.0010649687448943406,22.243053921032697,0.5058601538248118,0.0010649687448943406,,,,runner CodeCarbon output: results/20260601_104732_casp15_casp16_unique_lt1000_all_default_msa-free/predictions/T1155/omegafold/carbon/T1155_omegafold_inference_emissions.csv
T1157s2,T1157s2,CASP15,8PKO,B,21,484,1,495,495,495,chai1,1,results/20260601_104732_casp15_casp16_unique_lt1000_all_default_msa-free/sequences/T1157s2.fasta,results/20260601_104732_casp15_casp16_unique_lt1000_all_default_msa-free/predictions/T1157s2/chai1,results/20260601_104732_casp15_casp16_unique_lt1000_all_default_msa-free/predictions/T1157s2/chai1/rank_001.pdb,results/20260601_104732_casp15_casp16_unique_lt1000_all_default_msa-free/predictions/T1157s2/chai1/rank_001.pdb,true,0,2026-06-02T02:55:53+02:00,2026-06-02T03:25:12+02:00,1759,results/20260601_104732_casp15_casp16_unique_lt1000_all_default_msa-free/logs/T1157s2_chai1.log,bash runners/run_chai1.sh results/20260601_104732_casp15_casp16_unique_lt1000_all_default_msa-free/sequences/T1157s2.fasta results/20260601_104732_casp15_casp16_unique_lt1000_all_default_msa-free/predictions/T1157s2/chai1 1,,Yes,Yes,prefiltered A1 protein target with mapped residue range,1.000000,1.000000,0.937374,464,495,high,mapped from mmCIF atom_site CA records; 31 aligned positions lack resolved CA atoms,All groups,A1,Complex of CtEDEM and CtPDI1P PDB code 8pko,,,,,,,,,,,,,1758.938819146948,24.95451644215714,0.052535824088751876,1758.938819146948,24.95451644215714,0.052535824088751876,,,,runner CodeCarbon output: results/20260601_104732_casp15_casp16_unique_lt1000_all_default_msa-free/predictions/T1157s2/chai1/carbon/T1157s2_chai1_inference_emissions.csv
T1157s2,T1157s2,CASP15,8PKO,B,21,484,1,495,495,495,esmfold,1,results/20260601_104732_casp15_casp16_unique_lt1000_all_default_msa-free/sequences/T1157s2.fasta,results/20260601_104732_casp15_casp16_unique_lt1000_all_default_msa-free/predictions/T1157s2/esmfold,results/20260601_104732_casp15_casp16_unique_lt1000_all_default_msa-free/predictions/T1157s2/esmfold/rank_001.pdb,results/20260601_104732_casp15_casp16_unique_lt1000_all_default_msa-free/predictions/T1157s2/esmfold/rank_001.pdb,true,0,2026-06-02T03:25:12+02:00,2026-06-02T03:35:32+02:00,620,results/20260601_104732_casp15_casp16_unique_lt1000_all_default_msa-free/logs/T1157s2_esmfold.log,bash runners/run_esmfold.sh results/20260601_104732_casp15_casp16_unique_lt1000_all_default_msa-free/sequences/T1157s2.fasta results/20260601_104732_casp15_casp16_unique_lt1000_all_default_msa-free/predictions/T1157s2/esmfold 1,,Yes,Yes,prefiltered A1 protein target with mapped residue range,1.000000,1.000000,0.937374,464,495,high,mapped from mmCIF atom_site CA records; 31 aligned positions lack resolved CA atoms,All groups,A1,Complex of CtEDEM and CtPDI1P PDB code 8pko,,,,,,,,,,,,,620.3096657429705,9.119113222247439,0.01919813309946829,620.3096657429705,9.119113222247439,0.01919813309946829,,,,runner CodeCarbon output: results/20260601_104732_casp15_casp16_unique_lt1000_all_default_msa-free/predictions/T1157s2/esmfold/carbon/T1157s2_esmfold_inference_emissions.csv
T1157s2,T1157s2,CASP15,8PKO,B,21,484,1,495,495,495,omegafold,1,results/20260601_104732_casp15_casp16_unique_lt1000_all_default_msa-free/sequences/T1157s2.fasta,results/20260601_104732_casp15_casp16_unique_lt1000_all_default_msa-free/predictions/T1157s2/omegafold,results/20260601_104732_casp15_casp16_unique_lt1000_all_default_msa-free/predictions/T1157s2/omegafold/rank_001.pdb,results/20260601_104732_casp15_casp16_unique_lt1000_all_default_msa-free/predictions/T1157s2/omegafold/rank_001.pdb,true,0,2026-06-02T03:35:32+02:00,2026-06-02T03:39:17+02:00,225,results/20260601_104732_casp15_casp16_unique_lt1000_all_default_msa-free/logs/T1157s2_omegafold.log,bash runners/run_omegafold.sh results/20260601_104732_casp15_casp16_unique_lt1000_all_default_msa-free/sequences/T1157s2.fasta results/20260601_104732_casp15_casp16_unique_lt1000_all_default_msa-free/predictions/T1157s2/omegafold 1,,Yes,Yes,prefiltered A1 protein target with mapped residue range,1.000000,1.000000,0.937374,464,495,high,mapped from mmCIF atom_site CA records; 31 aligned positions lack resolved CA atoms,All groups,A1,Complex of CtEDEM and CtPDI1P PDB code 8pko,,,,,,,,,,,,,224.51121762901312,7.364724384205451,0.01550468291411674,224.51121762901312,7.364724384205451,0.01550468291411674,,,,runner CodeCarbon output: results/20260601_104732_casp15_casp16_unique_lt1000_all_default_msa-free/predictions/T1157s2/omegafold/carbon/T1157s2_omegafold_inference_emissions.csv
T1159,T1159,CASP15,7PZT,A,1,160,1,160,160,160,chai1,1,results/20260601_104732_casp15_casp16_unique_lt1000_all_default_msa-free/sequences/T1159.fasta,results/20260601_104732_casp15_casp16_unique_lt1000_all_default_msa-free/predictions/T1159/chai1,results/20260601_104732_casp15_casp16_unique_lt1000_all_default_msa-free/predictions/T1159/chai1/rank_001.pdb,results/20260601_104732_casp15_casp16_unique_lt1000_all_default_msa-free/predictions/T1159/chai1/rank_001.pdb,true,0,2026-06-02T03:39:17+02:00,2026-06-02T03:46:56+02:00,459,results/20260601_104732_casp15_casp16_unique_lt1000_all_default_msa-free/logs/T1159_chai1.log,bash runners/run_chai1.sh results/20260601_104732_casp15_casp16_unique_lt1000_all_default_msa-free/sequences/T1159.fasta results/20260601_104732_casp15_casp16_unique_lt1000_all_default_msa-free/predictions/T1159/chai1 1,,Check,Check,multiple equivalent chains match,1.000000,1.000000,1.000000,160,160,high,mapped from mmCIF atom_site CA records,All groups,A1,TecA tgat PDB code 7pzt,,,,,,,,,,,,,459.2100140900002,6.52041219255714,0.01372718356327819,459.2100140900002,6.52041219255714,0.01372718356327819,,,,runner CodeCarbon output: results/20260601_104732_casp15_casp16_unique_lt1000_all_default_msa-free/predictions/T1159/chai1/carbon/T1159_chai1_inference_emissions.csv
T1159,T1159,CASP15,7PZT,A,1,160,1,160,160,160,esmfold,1,results/20260601_104732_casp15_casp16_unique_lt1000_all_default_msa-free/sequences/T1159.fasta,results/20260601_104732_casp15_casp16_unique_lt1000_all_default_msa-free/predictions/T1159/esmfold,results/20260601_104732_casp15_casp16_unique_lt1000_all_default_msa-free/predictions/T1159/esmfold/rank_001.pdb,results/20260601_104732_casp15_casp16_unique_lt1000_all_default_msa-free/predictions/T1159/esmfold/rank_001.pdb,true,0,2026-06-02T03:46:57+02:00,2026-06-02T03:48:21+02:00,84,results/20260601_104732_casp15_casp16_unique_lt1000_all_default_msa-free/logs/T1159_esmfold.log,bash runners/run_esmfold.sh results/20260601_104732_casp15_casp16_unique_lt1000_all_default_msa-free/sequences/T1159.fasta results/20260601_104732_casp15_casp16_unique_lt1000_all_default_msa-free/predictions/T1159/esmfold 1,,Check,Check,multiple equivalent chains match,1.000000,1.000000,1.000000,160,160,high,mapped from mmCIF atom_site CA records,All groups,A1,TecA tgat PDB code 7pzt,,,,,,,,,,,,,84.03430513298372,1.166519375612398,0.0024558302644471534,84.03430513298372,1.166519375612398,0.0024558302644471534,,,,runner CodeCarbon output: results/20260601_104732_casp15_casp16_unique_lt1000_all_default_msa-free/predictions/T1159/esmfold/carbon/T1159_esmfold_inference_emissions.csv
T1159,T1159,CASP15,7PZT,A,1,160,1,160,160,160,omegafold,1,results/20260601_104732_casp15_casp16_unique_lt1000_all_default_msa-free/sequences/T1159.fasta,results/20260601_104732_casp15_casp16_unique_lt1000_all_default_msa-free/predictions/T1159/omegafold,results/20260601_104732_casp15_casp16_unique_lt1000_all_default_msa-free/predictions/T1159/omegafold/rank_001.pdb,results/20260601_104732_casp15_casp16_unique_lt1000_all_default_msa-free/predictions/T1159/omegafold/rank_001.pdb,true,0,2026-06-02T03:48:21+02:00,2026-06-02T03:48:49+02:00,28,results/20260601_104732_casp15_casp16_unique_lt1000_all_default_msa-free/logs/T1159_omegafold.log,bash runners/run_omegafold.sh results/20260601_104732_casp15_casp16_unique_lt1000_all_default_msa-free/sequences/T1159.fasta results/20260601_104732_casp15_casp16_unique_lt1000_all_default_msa-free/predictions/T1159/omegafold 1,,Check,Check,multiple equivalent chains match,1.000000,1.000000,1.000000,160,160,high,mapped from mmCIF atom_site CA records,All groups,A1,TecA tgat PDB code 7pzt,,,,,,,,,,,,,27.867882177000865,0.7053717089073585,0.0014849930713839124,27.867882177000865,0.7053717089073585,0.0014849930713839124,,,,runner CodeCarbon output: results/20260601_104732_casp15_casp16_unique_lt1000_all_default_msa-free/predictions/T1159/omegafold/carbon/T1159_omegafold_inference_emissions.csv
T1183,T1183,CASP15,8IFX,B,1,195,1,200,200,200,chai1,1,results/20260601_104732_casp15_casp16_unique_lt1000_all_default_msa-free/sequences/T1183.fasta,results/20260601_104732_casp15_casp16_unique_lt1000_all_default_msa-free/predictions/T1183/chai1,results/20260601_104732_casp15_casp16_unique_lt1000_all_default_msa-free/predictions/T1183/chai1/rank_001.pdb,results/20260601_104732_casp15_casp16_unique_lt1000_all_default_msa-free/predictions/T1183/chai1/rank_001.pdb,true,0,2026-06-02T03:48:49+02:00,2026-06-02T03:56:26+02:00,457,results/20260601_104732_casp15_casp16_unique_lt1000_all_default_msa-free/logs/T1183_chai1.log,bash runners/run_chai1.sh results/20260601_104732_casp15_casp16_unique_lt1000_all_default_msa-free/sequences/T1183.fasta results/20260601_104732_casp15_casp16_unique_lt1000_all_default_msa-free/predictions/T1183/chai1 1,,Yes,Yes,prefiltered A1 protein target with mapped residue range,1.000000,1.000000,0.975000,195,200,high,mapped from mmCIF atom_site CA records; 5 aligned positions lack resolved CA atoms,All groups,A1,TsaB PDB code 8ifx,,,,,,,,,,,,,456.6913687560009,6.477080919315136,0.013635959830137129,456.6913687560009,6.477080919315136,0.013635959830137129,,,,runner CodeCarbon output: results/20260601_104732_casp15_casp16_unique_lt1000_all_default_msa-free/predictions/T1183/chai1/carbon/T1183_chai1_inference_emissions.csv
T1183,T1183,CASP15,8IFX,B,1,195,1,200,200,200,esmfold,1,results/20260601_104732_casp15_casp16_unique_lt1000_all_default_msa-free/sequences/T1183.fasta,results/20260601_104732_casp15_casp16_unique_lt1000_all_default_msa-free/predictions/T1183/esmfold,results/20260601_104732_casp15_casp16_unique_lt1000_all_default_msa-free/predictions/T1183/esmfold/rank_001.pdb,results/20260601_104732_casp15_casp16_unique_lt1000_all_default_msa-free/predictions/T1183/esmfold/rank_001.pdb,true,0,2026-06-02T03:56:26+02:00,2026-06-02T03:58:08+02:00,102,results/20260601_104732_casp15_casp16_unique_lt1000_all_default_msa-free/logs/T1183_esmfold.log,bash runners/run_esmfold.sh results/20260601_104732_casp15_casp16_unique_lt1000_all_default_msa-free/sequences/T1183.fasta results/20260601_104732_casp15_casp16_unique_lt1000_all_default_msa-free/predictions/T1183/esmfold 1,,Yes,Yes,prefiltered A1 protein target with mapped residue range,1.000000,1.000000,0.975000,195,200,high,mapped from mmCIF atom_site CA records; 5 aligned positions lack resolved CA atoms,All groups,A1,TsaB PDB code 8ifx,,,,,,,,,,,,,101.9692473729956,1.4343420487255634,0.003019667471001186,101.9692473729956,1.4343420487255634,0.003019667471001186,,,,runner CodeCarbon output: results/20260601_104732_casp15_casp16_unique_lt1000_all_default_msa-free/predictions/T1183/esmfold/carbon/T1183_esmfold_inference_emissions.csv
T1183,T1183,CASP15,8IFX,B,1,195,1,200,200,200,omegafold,1,results/20260601_104732_casp15_casp16_unique_lt1000_all_default_msa-free/sequences/T1183.fasta,results/20260601_104732_casp15_casp16_unique_lt1000_all_default_msa-free/predictions/T1183/omegafold,results/20260601_104732_casp15_casp16_unique_lt1000_all_default_msa-free/predictions/T1183/omegafold/rank_001.pdb,results/20260601_104732_casp15_casp16_unique_lt1000_all_default_msa-free/predictions/T1183/omegafold/rank_001.pdb,true,0,2026-06-02T03:58:08+02:00,2026-06-02T03:58:44+02:00,36,results/20260601_104732_casp15_casp16_unique_lt1000_all_default_msa-free/logs/T1183_omegafold.log,bash runners/run_omegafold.sh results/20260601_104732_casp15_casp16_unique_lt1000_all_default_msa-free/sequences/T1183.fasta results/20260601_104732_casp15_casp16_unique_lt1000_all_default_msa-free/predictions/T1183/omegafold 1,,Yes,Yes,prefiltered A1 protein target with mapped residue range,1.000000,1.000000,0.975000,195,200,high,mapped from mmCIF atom_site CA records; 5 aligned positions lack resolved CA atoms,All groups,A1,TsaB PDB code 8ifx,,,,,,,,,,,,,35.37807371199597,0.9869489234070337,0.0020777872071727024,35.37807371199597,0.9869489234070337,0.0020777872071727024,,,,runner CodeCarbon output: results/20260601_104732_casp15_casp16_unique_lt1000_all_default_msa-free/predictions/T1183/omegafold/carbon/T1183_omegafold_inference_emissions.csv
T1185s1,T1185s1,CASP15,8OUY,A,4,73,1,350,350,350,chai1,1,results/20260601_104732_casp15_casp16_unique_lt1000_all_default_msa-free/sequences/T1185s1.fasta,results/20260601_104732_casp15_casp16_unique_lt1000_all_default_msa-free/predictions/T1185s1/chai1,results/20260601_104732_casp15_casp16_unique_lt1000_all_default_msa-free/predictions/T1185s1/chai1/rank_001.pdb,results/20260601_104732_casp15_casp16_unique_lt1000_all_default_msa-free/predictions/T1185s1/chai1/rank_001.pdb,true,0,2026-06-02T03:58:44+02:00,2026-06-02T04:16:01+02:00,1037,results/20260601_104732_casp15_casp16_unique_lt1000_all_default_msa-free/logs/T1185s1_chai1.log,bash runners/run_chai1.sh results/20260601_104732_casp15_casp16_unique_lt1000_all_default_msa-free/sequences/T1185s1.fasta results/20260601_104732_casp15_casp16_unique_lt1000_all_default_msa-free/predictions/T1185s1/chai1 1,,Check,Check,reference coverage below threshold 0.200,1.000000,1.000000,0.200000,70,350,high,mapped from mmCIF atom_site CA records; 280 aligned positions lack resolved CA atoms,All groups,A1,BCDX2 PDB code 8ouy,,,,,,,,,,,,,1037.0882695000037,14.566427911942416,0.03066616402514193,1037.0882695000037,14.566427911942416,0.03066616402514193,,,,runner CodeCarbon output: results/20260601_104732_casp15_casp16_unique_lt1000_all_default_msa-free/predictions/T1185s1/chai1/carbon/T1185s1_chai1_inference_emissions.csv
T1185s1,T1185s1,CASP15,8OUY,A,4,73,1,350,350,350,esmfold,1,results/20260601_104732_casp15_casp16_unique_lt1000_all_default_msa-free/sequences/T1185s1.fasta,results/20260601_104732_casp15_casp16_unique_lt1000_all_default_msa-free/predictions/T1185s1/esmfold,results/20260601_104732_casp15_casp16_unique_lt1000_all_default_msa-free/predictions/T1185s1/esmfold/rank_001.pdb,results/20260601_104732_casp15_casp16_unique_lt1000_all_default_msa-free/predictions/T1185s1/esmfold/rank_001.pdb,true,0,2026-06-02T04:16:01+02:00,2026-06-02T04:21:35+02:00,334,results/20260601_104732_casp15_casp16_unique_lt1000_all_default_msa-free/logs/T1185s1_esmfold.log,bash runners/run_esmfold.sh results/20260601_104732_casp15_casp16_unique_lt1000_all_default_msa-free/sequences/T1185s1.fasta results/20260601_104732_casp15_casp16_unique_lt1000_all_default_msa-free/predictions/T1185s1/esmfold 1,,Check,Check,reference coverage below threshold 0.200,1.000000,1.000000,0.200000,70,350,high,mapped from mmCIF atom_site CA records; 280 aligned positions lack resolved CA atoms,All groups,A1,BCDX2 PDB code 8ouy,,,,,,,,,,,,,334.3436248829821,4.862296620969751,0.010236413938883686,334.3436248829821,4.862296620969751,0.010236413938883686,,,,runner CodeCarbon output: results/20260601_104732_casp15_casp16_unique_lt1000_all_default_msa-free/predictions/T1185s1/esmfold/carbon/T1185s1_esmfold_inference_emissions.csv
T1185s1,T1185s1,CASP15,8OUY,A,4,73,1,350,350,350,omegafold,1,results/20260601_104732_casp15_casp16_unique_lt1000_all_default_msa-free/sequences/T1185s1.fasta,results/20260601_104732_casp15_casp16_unique_lt1000_all_default_msa-free/predictions/T1185s1/omegafold,results/20260601_104732_casp15_casp16_unique_lt1000_all_default_msa-free/predictions/T1185s1/omegafold/rank_001.pdb,results/20260601_104732_casp15_casp16_unique_lt1000_all_default_msa-free/predictions/T1185s1/omegafold/rank_001.pdb,true,0,2026-06-02T04:21:35+02:00,2026-06-02T04:23:13+02:00,98,results/20260601_104732_casp15_casp16_unique_lt1000_all_default_msa-free/logs/T1185s1_omegafold.log,bash runners/run_omegafold.sh results/20260601_104732_casp15_casp16_unique_lt1000_all_default_msa-free/sequences/T1185s1.fasta results/20260601_104732_casp15_casp16_unique_lt1000_all_default_msa-free/predictions/T1185s1/omegafold 1,,Check,Check,reference coverage below threshold 0.200,1.000000,1.000000,0.200000,70,350,high,mapped from mmCIF atom_site CA records; 280 aligned positions lack resolved CA atoms,All groups,A1,BCDX2 PDB code 8ouy,,,,,,,,,,,,,97.7251846040017,3.13117029238385,0.00659193745765021,97.7251846040017,3.13117029238385,0.00659193745765021,,,,runner CodeCarbon output: results/20260601_104732_casp15_casp16_unique_lt1000_all_default_msa-free/predictions/T1185s1/omegafold/carbon/T1185s1_omegafold_inference_emissions.csv
T1185s2,T1185s2,CASP15,8OUY,B,10,349,1,376,376,376,chai1,1,results/20260601_104732_casp15_casp16_unique_lt1000_all_default_msa-free/sequences/T1185s2.fasta,results/20260601_104732_casp15_casp16_unique_lt1000_all_default_msa-free/predictions/T1185s2/chai1,results/20260601_104732_casp15_casp16_unique_lt1000_all_default_msa-free/predictions/T1185s2/chai1/rank_001.pdb,results/20260601_104732_casp15_casp16_unique_lt1000_all_default_msa-free/predictions/T1185s2/chai1/rank_001.pdb,true,0,2026-06-02T04:23:13+02:00,2026-06-02T04:38:48+02:00,935,results/20260601_104732_casp15_casp16_unique_lt1000_all_default_msa-free/logs/T1185s2_chai1.log,bash runners/run_chai1.sh results/20260601_104732_casp15_casp16_unique_lt1000_all_default_msa-free/sequences/T1185s2.fasta results/20260601_104732_casp15_casp16_unique_lt1000_all_default_msa-free/predictions/T1185s2/chai1 1,,Yes,Yes,prefiltered A1 protein target with mapped residue range,1.000000,1.000000,0.832447,313,376,high,mapped from mmCIF atom_site CA records; 63 aligned positions lack resolved CA atoms,All groups,A1,BCDX2 PDB code 8ouy,,,,,,,,,,,,,934.6739028190495,13.171864790875636,0.027730241665001338,934.6739028190495,13.171864790875636,0.027730241665001338,,,,runner CodeCarbon output: results/20260601_104732_casp15_casp16_unique_lt1000_all_default_msa-free/predictions/T1185s2/chai1/carbon/T1185s2_chai1_inference_emissions.csv
T1185s2,T1185s2,CASP15,8OUY,B,10,349,1,376,376,376,esmfold,1,results/20260601_104732_casp15_casp16_unique_lt1000_all_default_msa-free/sequences/T1185s2.fasta,results/20260601_104732_casp15_casp16_unique_lt1000_all_default_msa-free/predictions/T1185s2/esmfold,results/20260601_104732_casp15_casp16_unique_lt1000_all_default_msa-free/predictions/T1185s2/esmfold/rank_001.pdb,results/20260601_104732_casp15_casp16_unique_lt1000_all_default_msa-free/predictions/T1185s2/esmfold/rank_001.pdb,true,0,2026-06-02T04:38:48+02:00,2026-06-02T04:44:48+02:00,360,results/20260601_104732_casp15_casp16_unique_lt1000_all_default_msa-free/logs/T1185s2_esmfold.log,bash runners/run_esmfold.sh results/20260601_104732_casp15_casp16_unique_lt1000_all_default_msa-free/sequences/T1185s2.fasta results/20260601_104732_casp15_casp16_unique_lt1000_all_default_msa-free/predictions/T1185s2/esmfold 1,,Yes,Yes,prefiltered A1 protein target with mapped residue range,1.000000,1.000000,0.832447,313,376,high,mapped from mmCIF atom_site CA records; 63 aligned positions lack resolved CA atoms,All groups,A1,BCDX2 PDB code 8ouy,,,,,,,,,,,,,359.459076817031,5.218008004721005,0.010985280009938958,359.459076817031,5.218008004721005,0.010985280009938958,,,,runner CodeCarbon output: results/20260601_104732_casp15_casp16_unique_lt1000_all_default_msa-free/predictions/T1185s2/esmfold/carbon/T1185s2_esmfold_inference_emissions.csv
T1185s2,T1185s2,CASP15,8OUY,B,10,349,1,376,376,376,omegafold,1,results/20260601_104732_casp15_casp16_unique_lt1000_all_default_msa-free/sequences/T1185s2.fasta,results/20260601_104732_casp15_casp16_unique_lt1000_all_default_msa-free/predictions/T1185s2/omegafold,results/20260601_104732_casp15_casp16_unique_lt1000_all_default_msa-free/predictions/T1185s2/omegafold/rank_001.pdb,results/20260601_104732_casp15_casp16_unique_lt1000_all_default_msa-free/predictions/T1185s2/omegafold/rank_001.pdb,true,0,2026-06-02T04:44:48+02:00,2026-06-02T04:46:39+02:00,111,results/20260601_104732_casp15_casp16_unique_lt1000_all_default_msa-free/logs/T1185s2_omegafold.log,bash runners/run_omegafold.sh results/20260601_104732_casp15_casp16_unique_lt1000_all_default_msa-free/sequences/T1185s2.fasta results/20260601_104732_casp15_casp16_unique_lt1000_all_default_msa-free/predictions/T1185s2/omegafold 1,,Yes,Yes,prefiltered A1 protein target with mapped residue range,1.000000,1.000000,0.832447,313,376,high,mapped from mmCIF atom_site CA records; 63 aligned positions lack resolved CA atoms,All groups,A1,BCDX2 PDB code 8ouy,,,,,,,,,,,,,111.14000265399227,3.5832412982725725,0.007543665891100153,111.14000265399227,3.5832412982725725,0.007543665891100153,,,,runner CodeCarbon output: results/20260601_104732_casp15_casp16_unique_lt1000_all_default_msa-free/predictions/T1185s2/omegafold/carbon/T1185s2_omegafold_inference_emissions.csv
T1185s4,T1185s4,CASP15,8OUY,D,20,280,1,280,280,280,chai1,1,results/20260601_104732_casp15_casp16_unique_lt1000_all_default_msa-free/sequences/T1185s4.fasta,results/20260601_104732_casp15_casp16_unique_lt1000_all_default_msa-free/predictions/T1185s4/chai1,results/20260601_104732_casp15_casp16_unique_lt1000_all_default_msa-free/predictions/T1185s4/chai1/rank_001.pdb,results/20260601_104732_casp15_casp16_unique_lt1000_all_default_msa-free/predictions/T1185s4/chai1/rank_001.pdb,true,0,2026-06-02T04:46:39+02:00,2026-06-02T05:03:26+02:00,1007,results/20260601_104732_casp15_casp16_unique_lt1000_all_default_msa-free/logs/T1185s4_chai1.log,bash runners/run_chai1.sh results/20260601_104732_casp15_casp16_unique_lt1000_all_default_msa-free/sequences/T1185s4.fasta results/20260601_104732_casp15_casp16_unique_lt1000_all_default_msa-free/predictions/T1185s4/chai1 1,,Yes,Yes,prefiltered A1 protein target with mapped residue range,1.000000,0.996429,0.838710,234,279,high,mapped from mmCIF atom_site CA records; 45 aligned positions lack resolved CA atoms,All groups,A1,BCDX2 PDB code 8ouy,,,,,,,,,,,,,1006.4540488009807,14.073696968388942,0.029628835722924088,1006.4540488009807,14.073696968388942,0.029628835722924088,,,,runner CodeCarbon output: results/20260601_104732_casp15_casp16_unique_lt1000_all_default_msa-free/predictions/T1185s4/chai1/carbon/T1185s4_chai1_inference_emissions.csv
T1185s4,T1185s4,CASP15,8OUY,D,20,280,1,280,280,280,esmfold,1,results/20260601_104732_casp15_casp16_unique_lt1000_all_default_msa-free/sequences/T1185s4.fasta,results/20260601_104732_casp15_casp16_unique_lt1000_all_default_msa-free/predictions/T1185s4/esmfold,results/20260601_104732_casp15_casp16_unique_lt1000_all_default_msa-free/predictions/T1185s4/esmfold/rank_001.pdb,results/20260601_104732_casp15_casp16_unique_lt1000_all_default_msa-free/predictions/T1185s4/esmfold/rank_001.pdb,true,0,2026-06-02T05:03:26+02:00,2026-06-02T05:06:59+02:00,213,results/20260601_104732_casp15_casp16_unique_lt1000_all_default_msa-free/logs/T1185s4_esmfold.log,bash runners/run_esmfold.sh results/20260601_104732_casp15_casp16_unique_lt1000_all_default_msa-free/sequences/T1185s4.fasta results/20260601_104732_casp15_casp16_unique_lt1000_all_default_msa-free/predictions/T1185s4/esmfold 1,,Yes,Yes,prefiltered A1 protein target with mapped residue range,1.000000,0.996429,0.838710,234,279,high,mapped from mmCIF atom_site CA records; 45 aligned positions lack resolved CA atoms,All groups,A1,BCDX2 PDB code 8ouy,,,,,,,,,,,,,212.38076463202015,3.0210398484119385,0.006360083891393555,212.38076463202015,3.0210398484119385,0.006360083891393555,,,,runner CodeCarbon output: results/20260601_104732_casp15_casp16_unique_lt1000_all_default_msa-free/predictions/T1185s4/esmfold/carbon/T1185s4_esmfold_inference_emissions.csv
T1185s4,T1185s4,CASP15,8OUY,D,20,280,1,280,280,280,omegafold,1,results/20260601_104732_casp15_casp16_unique_lt1000_all_default_msa-free/sequences/T1185s4.fasta,results/20260601_104732_casp15_casp16_unique_lt1000_all_default_msa-free/predictions/T1185s4/omegafold,results/20260601_104732_casp15_casp16_unique_lt1000_all_default_msa-free/predictions/T1185s4/omegafold/rank_001.pdb,results/20260601_104732_casp15_casp16_unique_lt1000_all_default_msa-free/predictions/T1185s4/omegafold/rank_001.pdb,true,0,2026-06-02T05:06:59+02:00,2026-06-02T05:07:58+02:00,59,results/20260601_104732_casp15_casp16_unique_lt1000_all_default_msa-free/logs/T1185s4_omegafold.log,bash runners/run_omegafold.sh results/20260601_104732_casp15_casp16_unique_lt1000_all_default_msa-free/sequences/T1185s4.fasta results/20260601_104732_casp15_casp16_unique_lt1000_all_default_msa-free/predictions/T1185s4/omegafold 1,,Yes,Yes,prefiltered A1 protein target with mapped residue range,1.000000,0.996429,0.838710,234,279,high,mapped from mmCIF atom_site CA records; 45 aligned positions lack resolved CA atoms,All groups,A1,BCDX2 PDB code 8ouy,,,,,,,,,,,,,58.773062638007104,1.8410884626203532,0.003875975710779691,58.773062638007104,1.8410884626203532,0.003875975710779691,,,,runner CodeCarbon output: results/20260601_104732_casp15_casp16_unique_lt1000_all_default_msa-free/predictions/T1185s4/omegafold/carbon/T1185s4_omegafold_inference_emissions.csv
T1194,T1194,CASP15,8OKH,A,22,185,1,168,168,168,chai1,1,results/20260601_104732_casp15_casp16_unique_lt1000_all_default_msa-free/sequences/T1194.fasta,results/20260601_104732_casp15_casp16_unique_lt1000_all_default_msa-free/predictions/T1194/chai1,results/20260601_104732_casp15_casp16_unique_lt1000_all_default_msa-free/predictions/T1194/chai1/rank_001.pdb,results/20260601_104732_casp15_casp16_unique_lt1000_all_default_msa-free/predictions/T1194/chai1/rank_001.pdb,true,0,2026-06-02T05:07:58+02:00,2026-06-02T05:15:36+02:00,458,results/20260601_104732_casp15_casp16_unique_lt1000_all_default_msa-free/logs/T1194_chai1.log,bash runners/run_chai1.sh results/20260601_104732_casp15_casp16_unique_lt1000_all_default_msa-free/sequences/T1194.fasta results/20260601_104732_casp15_casp16_unique_lt1000_all_default_msa-free/predictions/T1194/chai1 1,,Check,Check,multiple equivalent chains match,1.000000,0.994048,0.982036,164,167,high,mapped from mmCIF atom_site CA records; 3 aligned positions lack resolved CA atoms,All groups,A1,Bd1399 PDB code 8okh,,,,,,,,,,,,,457.7215641269577,6.4246360850710476,0.013525549652781153,457.7215641269577,6.4246360850710476,0.013525549652781153,,,,runner CodeCarbon output: results/20260601_104732_casp15_casp16_unique_lt1000_all_default_msa-free/predictions/T1194/chai1/carbon/T1194_chai1_inference_emissions.csv
T1194,T1194,CASP15,8OKH,A,22,185,1,168,168,168,esmfold,1,results/20260601_104732_casp15_casp16_unique_lt1000_all_default_msa-free/sequences/T1194.fasta,results/20260601_104732_casp15_casp16_unique_lt1000_all_default_msa-free/predictions/T1194/esmfold,results/20260601_104732_casp15_casp16_unique_lt1000_all_default_msa-free/predictions/T1194/esmfold/rank_001.pdb,results/20260601_104732_casp15_casp16_unique_lt1000_all_default_msa-free/predictions/T1194/esmfold/rank_001.pdb,true,0,2026-06-02T05:15:36+02:00,2026-06-02T05:17:03+02:00,87,results/20260601_104732_casp15_casp16_unique_lt1000_all_default_msa-free/logs/T1194_esmfold.log,bash runners/run_esmfold.sh results/20260601_104732_casp15_casp16_unique_lt1000_all_default_msa-free/sequences/T1194.fasta results/20260601_104732_casp15_casp16_unique_lt1000_all_default_msa-free/predictions/T1194/esmfold 1,,Check,Check,multiple equivalent chains match,1.000000,0.994048,0.982036,164,167,high,mapped from mmCIF atom_site CA records; 3 aligned positions lack resolved CA atoms,All groups,A1,Bd1399 PDB code 8okh,,,,,,,,,,,,,87.56926133896923,1.2164022078522754,0.0025608467533732113,87.56926133896923,1.2164022078522754,0.0025608467533732113,,,,runner CodeCarbon output: results/20260601_104732_casp15_casp16_unique_lt1000_all_default_msa-free/predictions/T1194/esmfold/carbon/T1194_esmfold_inference_emissions.csv
T1194,T1194,CASP15,8OKH,A,22,185,1,168,168,168,omegafold,1,results/20260601_104732_casp15_casp16_unique_lt1000_all_default_msa-free/sequences/T1194.fasta,results/20260601_104732_casp15_casp16_unique_lt1000_all_default_msa-free/predictions/T1194/omegafold,results/20260601_104732_casp15_casp16_unique_lt1000_all_default_msa-free/predictions/T1194/omegafold/rank_001.pdb,results/20260601_104732_casp15_casp16_unique_lt1000_all_default_msa-free/predictions/T1194/omegafold/rank_001.pdb,true,0,2026-06-02T05:17:03+02:00,2026-06-02T05:17:32+02:00,29,results/20260601_104732_casp15_casp16_unique_lt1000_all_default_msa-free/logs/T1194_omegafold.log,bash runners/run_omegafold.sh results/20260601_104732_casp15_casp16_unique_lt1000_all_default_msa-free/sequences/T1194.fasta results/20260601_104732_casp15_casp16_unique_lt1000_all_default_msa-free/predictions/T1194/omegafold 1,,Check,Check,multiple equivalent chains match,1.000000,0.994048,0.982036,164,167,high,mapped from mmCIF atom_site CA records; 3 aligned positions lack resolved CA atoms,All groups,A1,Bd1399 PDB code 8okh,,,,,,,,,,,,,28.579152759048156,0.7478052978539591,0.00157432694285044,28.579152759048156,0.7478052978539591,0.00157432694285044,,,,runner CodeCarbon output: results/20260601_104732_casp15_casp16_unique_lt1000_all_default_msa-free/predictions/T1194/omegafold/carbon/T1194_omegafold_inference_emissions.csv
T0272s2,T0272s2,CASP16,9C3C,a,25,350,1,363,363,363,chai1,1,results/20260601_104732_casp15_casp16_unique_lt1000_all_default_msa-free/sequences/T0272s2.fasta,results/20260601_104732_casp15_casp16_unique_lt1000_all_default_msa-free/predictions/T0272s2/chai1,results/20260601_104732_casp15_casp16_unique_lt1000_all_default_msa-free/predictions/T0272s2/chai1/rank_001.pdb,results/20260601_104732_casp15_casp16_unique_lt1000_all_default_msa-free/predictions/T0272s2/chai1/rank_001.pdb,true,0,2026-06-02T05:17:32+02:00,2026-06-02T05:34:20+02:00,1008,results/20260601_104732_casp15_casp16_unique_lt1000_all_default_msa-free/logs/T0272s2_chai1.log,bash runners/run_chai1.sh results/20260601_104732_casp15_casp16_unique_lt1000_all_default_msa-free/sequences/T0272s2.fasta results/20260601_104732_casp15_casp16_unique_lt1000_all_default_msa-free/predictions/T0272s2/chai1 1,,Check,Check,multiple equivalent chains match,1.000000,0.898072,0.972393,317,326,medium,mapped from mmCIF atom_site CA records; 9 aligned positions lack resolved CA atoms,Prot,A1,dystrophin-glycoprotein complex (DGC) PDB code 9c3c,,,,,,,,,,,,,1007.5802132550161,13.875479896114612,0.029211536623399183,1007.5802132550161,13.875479896114612,0.029211536623399183,,,,runner CodeCarbon output: results/20260601_104732_casp15_casp16_unique_lt1000_all_default_msa-free/predictions/T0272s2/chai1/carbon/T0272s2_chai1_inference_emissions.csv
T0272s2,T0272s2,CASP16,9C3C,a,25,350,1,363,363,363,esmfold,1,results/20260601_104732_casp15_casp16_unique_lt1000_all_default_msa-free/sequences/T0272s2.fasta,results/20260601_104732_casp15_casp16_unique_lt1000_all_default_msa-free/predictions/T0272s2/esmfold,results/20260601_104732_casp15_casp16_unique_lt1000_all_default_msa-free/predictions/T0272s2/esmfold/rank_001.pdb,results/20260601_104732_casp15_casp16_unique_lt1000_all_default_msa-free/predictions/T0272s2/esmfold/rank_001.pdb,true,0,2026-06-02T05:34:20+02:00,2026-06-02T05:40:03+02:00,343,results/20260601_104732_casp15_casp16_unique_lt1000_all_default_msa-free/logs/T0272s2_esmfold.log,bash runners/run_esmfold.sh results/20260601_104732_casp15_casp16_unique_lt1000_all_default_msa-free/sequences/T0272s2.fasta results/20260601_104732_casp15_casp16_unique_lt1000_all_default_msa-free/predictions/T0272s2/esmfold 1,,Check,Check,multiple equivalent chains match,1.000000,0.898072,0.972393,317,326,medium,mapped from mmCIF atom_site CA records; 9 aligned positions lack resolved CA atoms,Prot,A1,dystrophin-glycoprotein complex (DGC) PDB code 9c3c,,,,,,,,,,,,,343.1250234770123,4.875800329837507,0.01026484279965791,343.1250234770123,4.875800329837507,0.01026484279965791,,,,runner CodeCarbon output: results/20260601_104732_casp15_casp16_unique_lt1000_all_default_msa-free/predictions/T0272s2/esmfold/carbon/T0272s2_esmfold_inference_emissions.csv
T0272s2,T0272s2,CASP16,9C3C,a,25,350,1,363,363,363,omegafold,1,results/20260601_104732_casp15_casp16_unique_lt1000_all_default_msa-free/sequences/T0272s2.fasta,results/20260601_104732_casp15_casp16_unique_lt1000_all_default_msa-free/predictions/T0272s2/omegafold,results/20260601_104732_casp15_casp16_unique_lt1000_all_default_msa-free/predictions/T0272s2/omegafold/rank_001.pdb,results/20260601_104732_casp15_casp16_unique_lt1000_all_default_msa-free/predictions/T0272s2/omegafold/rank_001.pdb,true,0,2026-06-02T05:40:03+02:00,2026-06-02T05:41:43+02:00,100,results/20260601_104732_casp15_casp16_unique_lt1000_all_default_msa-free/logs/T0272s2_omegafold.log,bash runners/run_omegafold.sh results/20260601_104732_casp15_casp16_unique_lt1000_all_default_msa-free/sequences/T0272s2.fasta results/20260601_104732_casp15_casp16_unique_lt1000_all_default_msa-free/predictions/T0272s2/omegafold 1,,Check,Check,multiple equivalent chains match,1.000000,0.898072,0.972393,317,326,medium,mapped from mmCIF atom_site CA records; 9 aligned positions lack resolved CA atoms,Prot,A1,dystrophin-glycoprotein complex (DGC) PDB code 9c3c,,,,,,,,,,,,,99.18150376097765,3.2896250504347497,0.006925526421967894,99.18150376097765,3.2896250504347497,0.006925526421967894,,,,runner CodeCarbon output: results/20260601_104732_casp15_casp16_unique_lt1000_all_default_msa-free/predictions/T0272s2/omegafold/carbon/T0272s2_omegafold_inference_emissions.csv
T0272s3,T0272s3,CASP16,9C3C,b,57,318,1,318,318,318,chai1,1,results/20260601_104732_casp15_casp16_unique_lt1000_all_default_msa-free/sequences/T0272s3.fasta,results/20260601_104732_casp15_casp16_unique_lt1000_all_default_msa-free/predictions/T0272s3/chai1,results/20260601_104732_casp15_casp16_unique_lt1000_all_default_msa-free/predictions/T0272s3/chai1/rank_001.pdb,results/20260601_104732_casp15_casp16_unique_lt1000_all_default_msa-free/predictions/T0272s3/chai1/rank_001.pdb,true,0,2026-06-02T05:41:43+02:00,2026-06-02T05:58:54+02:00,1031,results/20260601_104732_casp15_casp16_unique_lt1000_all_default_msa-free/logs/T0272s3_chai1.log,bash runners/run_chai1.sh results/20260601_104732_casp15_casp16_unique_lt1000_all_default_msa-free/sequences/T0272s3.fasta results/20260601_104732_casp15_casp16_unique_lt1000_all_default_msa-free/predictions/T0272s3/chai1 1,,Check,Check,multiple equivalent chains match,1.000000,1.000000,0.823899,262,318,high,mapped from mmCIF atom_site CA records; 56 aligned positions lack resolved CA atoms,Prot,A1,dystrophin-glycoprotein complex (DGC) PDB code 9c3c,,,,,,,,,,,,,1031.0182255450054,14.23821257431905,0.029975184366987474,1031.0182255450054,14.23821257431905,0.029975184366987474,,,,runner CodeCarbon output: results/20260601_104732_casp15_casp16_unique_lt1000_all_default_msa-free/predictions/T0272s3/chai1/carbon/T0272s3_chai1_inference_emissions.csv
T0272s3,T0272s3,CASP16,9C3C,b,57,318,1,318,318,318,esmfold,1,results/20260601_104732_casp15_casp16_unique_lt1000_all_default_msa-free/sequences/T0272s3.fasta,results/20260601_104732_casp15_casp16_unique_lt1000_all_default_msa-free/predictions/T0272s3/esmfold,results/20260601_104732_casp15_casp16_unique_lt1000_all_default_msa-free/predictions/T0272s3/esmfold/rank_001.pdb,results/20260601_104732_casp15_casp16_unique_lt1000_all_default_msa-free/predictions/T0272s3/esmfold/rank_001.pdb,true,0,2026-06-02T05:58:54+02:00,2026-06-02T06:03:25+02:00,271,results/20260601_104732_casp15_casp16_unique_lt1000_all_default_msa-free/logs/T0272s3_esmfold.log,bash runners/run_esmfold.sh results/20260601_104732_casp15_casp16_unique_lt1000_all_default_msa-free/sequences/T0272s3.fasta results/20260601_104732_casp15_casp16_unique_lt1000_all_default_msa-free/predictions/T0272s3/esmfold 1,,Check,Check,multiple equivalent chains match,1.000000,1.000000,0.823899,262,318,high,mapped from mmCIF atom_site CA records; 56 aligned positions lack resolved CA atoms,Prot,A1,dystrophin-glycoprotein complex (DGC) PDB code 9c3c,,,,,,,,,,,,,270.9288452269975,3.8419746937128982,0.00808836777623768,270.9288452269975,3.8419746937128982,0.00808836777623768,,,,runner CodeCarbon output: results/20260601_104732_casp15_casp16_unique_lt1000_all_default_msa-free/predictions/T0272s3/esmfold/carbon/T0272s3_esmfold_inference_emissions.csv
T0272s3,T0272s3,CASP16,9C3C,b,57,318,1,318,318,318,omegafold,1,results/20260601_104732_casp15_casp16_unique_lt1000_all_default_msa-free/sequences/T0272s3.fasta,results/20260601_104732_casp15_casp16_unique_lt1000_all_default_msa-free/predictions/T0272s3/omegafold,results/20260601_104732_casp15_casp16_unique_lt1000_all_default_msa-free/predictions/T0272s3/omegafold/rank_001.pdb,results/20260601_104732_casp15_casp16_unique_lt1000_all_default_msa-free/predictions/T0272s3/omegafold/rank_001.pdb,true,0,2026-06-02T06:03:25+02:00,2026-06-02T06:04:41+02:00,76,results/20260601_104732_casp15_casp16_unique_lt1000_all_default_msa-free/logs/T0272s3_omegafold.log,bash runners/run_omegafold.sh results/20260601_104732_casp15_casp16_unique_lt1000_all_default_msa-free/sequences/T0272s3.fasta results/20260601_104732_casp15_casp16_unique_lt1000_all_default_msa-free/predictions/T0272s3/omegafold 1,,Check,Check,multiple equivalent chains match,1.000000,1.000000,0.823899,262,318,high,mapped from mmCIF atom_site CA records; 56 aligned positions lack resolved CA atoms,Prot,A1,dystrophin-glycoprotein complex (DGC) PDB code 9c3c,,,,,,,,,,,,,76.13351222500205,2.4891215418362056,0.005240255877549906,76.13351222500205,2.4891215418362056,0.005240255877549906,,,,runner CodeCarbon output: results/20260601_104732_casp15_casp16_unique_lt1000_all_default_msa-free/predictions/T0272s3/omegafold/carbon/T0272s3_omegafold_inference_emissions.csv
T0272s4,T0272s4,CASP16,9C3C,d,21,289,1,289,289,289,chai1,1,results/20260601_104732_casp15_casp16_unique_lt1000_all_default_msa-free/sequences/T0272s4.fasta,results/20260601_104732_casp15_casp16_unique_lt1000_all_default_msa-free/predictions/T0272s4/chai1,results/20260601_104732_casp15_casp16_unique_lt1000_all_default_msa-free/predictions/T0272s4/chai1/rank_001.pdb,results/20260601_104732_casp15_casp16_unique_lt1000_all_default_msa-free/predictions/T0272s4/chai1/rank_001.pdb,true,0,2026-06-02T06:04:42+02:00,2026-06-02T06:21:45+02:00,1023,results/20260601_104732_casp15_casp16_unique_lt1000_all_default_msa-free/logs/T0272s4_chai1.log,bash runners/run_chai1.sh results/20260601_104732_casp15_casp16_unique_lt1000_all_default_msa-free/sequences/T0272s4.fasta results/20260601_104732_casp15_casp16_unique_lt1000_all_default_msa-free/predictions/T0272s4/chai1 1,,Check,Check,multiple equivalent chains match,1.000000,1.000000,0.930796,269,289,high,mapped from mmCIF atom_site CA records; 20 aligned positions lack resolved CA atoms,Prot,A1,dystrophin-glycoprotein complex (DGC) PDB code 9c3c,,,,,,,,,,,,,1023.4948297899682,14.095571266381755,0.02967488687659317,1023.4948297899682,14.095571266381755,0.02967488687659317,,,,runner CodeCarbon output: results/20260601_104732_casp15_casp16_unique_lt1000_all_default_msa-free/predictions/T0272s4/chai1/carbon/T0272s4_chai1_inference_emissions.csv
T0272s4,T0272s4,CASP16,9C3C,d,21,289,1,289,289,289,esmfold,1,results/20260601_104732_casp15_casp16_unique_lt1000_all_default_msa-free/sequences/T0272s4.fasta,results/20260601_104732_casp15_casp16_unique_lt1000_all_default_msa-free/predictions/T0272s4/esmfold,results/20260601_104732_casp15_casp16_unique_lt1000_all_default_msa-free/predictions/T0272s4/esmfold/rank_001.pdb,results/20260601_104732_casp15_casp16_unique_lt1000_all_default_msa-free/predictions/T0272s4/esmfold/rank_001.pdb,true,0,2026-06-02T06:21:45+02:00,2026-06-02T06:25:27+02:00,222,results/20260601_104732_casp15_casp16_unique_lt1000_all_default_msa-free/logs/T0272s4_esmfold.log,bash runners/run_esmfold.sh results/20260601_104732_casp15_casp16_unique_lt1000_all_default_msa-free/sequences/T0272s4.fasta results/20260601_104732_casp15_casp16_unique_lt1000_all_default_msa-free/predictions/T0272s4/esmfold 1,,Check,Check,multiple equivalent chains match,1.000000,1.000000,0.930796,269,289,high,mapped from mmCIF atom_site CA records; 20 aligned positions lack resolved CA atoms,Prot,A1,dystrophin-glycoprotein complex (DGC) PDB code 9c3c,,,,,,,,,,,,,221.34979688597377,3.1296705703242873,0.006588780148051131,221.34979688597377,3.1296705703242873,0.006588780148051131,,,,runner CodeCarbon output: results/20260601_104732_casp15_casp16_unique_lt1000_all_default_msa-free/predictions/T0272s4/esmfold/carbon/T0272s4_esmfold_inference_emissions.csv
T0272s4,T0272s4,CASP16,9C3C,d,21,289,1,289,289,289,omegafold,1,results/20260601_104732_casp15_casp16_unique_lt1000_all_default_msa-free/sequences/T0272s4.fasta,results/20260601_104732_casp15_casp16_unique_lt1000_all_default_msa-free/predictions/T0272s4/omegafold,results/20260601_104732_casp15_casp16_unique_lt1000_all_default_msa-free/predictions/T0272s4/omegafold/rank_001.pdb,results/20260601_104732_casp15_casp16_unique_lt1000_all_default_msa-free/predictions/T0272s4/omegafold/rank_001.pdb,true,0,2026-06-02T06:25:27+02:00,2026-06-02T06:26:31+02:00,64,results/20260601_104732_casp15_casp16_unique_lt1000_all_default_msa-free/logs/T0272s4_omegafold.log,bash runners/run_omegafold.sh results/20260601_104732_casp15_casp16_unique_lt1000_all_default_msa-free/sequences/T0272s4.fasta results/20260601_104732_casp15_casp16_unique_lt1000_all_default_msa-free/predictions/T0272s4/omegafold 1,,Check,Check,multiple equivalent chains match,1.000000,1.000000,0.930796,269,289,high,mapped from mmCIF atom_site CA records; 20 aligned positions lack resolved CA atoms,Prot,A1,dystrophin-glycoprotein complex (DGC) PDB code 9c3c,,,,,,,,,,,,,63.68255419895286,2.0363175616742075,0.004286984340366753,63.68255419895286,2.0363175616742075,0.004286984340366753,,,,runner CodeCarbon output: results/20260601_104732_casp15_casp16_unique_lt1000_all_default_msa-free/predictions/T0272s4/omegafold/carbon/T0272s4_omegafold_inference_emissions.csv
T0272s5,T0272s5,CASP16,9C3C,g,28,291,1,291,291,291,chai1,1,results/20260601_104732_casp15_casp16_unique_lt1000_all_default_msa-free/sequences/T0272s5.fasta,results/20260601_104732_casp15_casp16_unique_lt1000_all_default_msa-free/predictions/T0272s5/chai1,results/20260601_104732_casp15_casp16_unique_lt1000_all_default_msa-free/predictions/T0272s5/chai1/rank_001.pdb,results/20260601_104732_casp15_casp16_unique_lt1000_all_default_msa-free/predictions/T0272s5/chai1/rank_001.pdb,true,0,2026-06-02T06:26:31+02:00,2026-06-02T06:41:42+02:00,911,results/20260601_104732_casp15_casp16_unique_lt1000_all_default_msa-free/logs/T0272s5_chai1.log,bash runners/run_chai1.sh results/20260601_104732_casp15_casp16_unique_lt1000_all_default_msa-free/sequences/T0272s5.fasta results/20260601_104732_casp15_casp16_unique_lt1000_all_default_msa-free/predictions/T0272s5/chai1 1,,Check,Check,multiple equivalent chains match,1.000000,1.000000,0.907216,264,291,high,mapped from mmCIF atom_site CA records; 27 aligned positions lack resolved CA atoms,Prot,A1,dystrophin-glycoprotein complex (DGC) PDB code 9c3c,,,,,,,,,,,,,911.4574440930155,12.64672268080455,0.026624679328009576,911.4574440930155,12.64672268080455,0.026624679328009576,,,,runner CodeCarbon output: results/20260601_104732_casp15_casp16_unique_lt1000_all_default_msa-free/predictions/T0272s5/chai1/carbon/T0272s5_chai1_inference_emissions.csv
T0272s5,T0272s5,CASP16,9C3C,g,28,291,1,291,291,291,esmfold,1,results/20260601_104732_casp15_casp16_unique_lt1000_all_default_msa-free/sequences/T0272s5.fasta,results/20260601_104732_casp15_casp16_unique_lt1000_all_default_msa-free/predictions/T0272s5/esmfold,results/20260601_104732_casp15_casp16_unique_lt1000_all_default_msa-free/predictions/T0272s5/esmfold/rank_001.pdb,results/20260601_104732_casp15_casp16_unique_lt1000_all_default_msa-free/predictions/T0272s5/esmfold/rank_001.pdb,true,0,2026-06-02T06:41:42+02:00,2026-06-02T06:45:31+02:00,229,results/20260601_104732_casp15_casp16_unique_lt1000_all_default_msa-free/logs/T0272s5_esmfold.log,bash runners/run_esmfold.sh results/20260601_104732_casp15_casp16_unique_lt1000_all_default_msa-free/sequences/T0272s5.fasta results/20260601_104732_casp15_casp16_unique_lt1000_all_default_msa-free/predictions/T0272s5/esmfold 1,,Check,Check,multiple equivalent chains match,1.000000,1.000000,0.907216,264,291,high,mapped from mmCIF atom_site CA records; 27 aligned positions lack resolved CA atoms,Prot,A1,dystrophin-glycoprotein complex (DGC) PDB code 9c3c,,,,,,,,,,,,,228.63725307199638,3.241770405802999,0.006824779801690524,228.63725307199638,3.241770405802999,0.006824779801690524,,,,runner CodeCarbon output: results/20260601_104732_casp15_casp16_unique_lt1000_all_default_msa-free/predictions/T0272s5/esmfold/carbon/T0272s5_esmfold_inference_emissions.csv
T0272s5,T0272s5,CASP16,9C3C,g,28,291,1,291,291,291,omegafold,1,results/20260601_104732_casp15_casp16_unique_lt1000_all_default_msa-free/sequences/T0272s5.fasta,results/20260601_104732_casp15_casp16_unique_lt1000_all_default_msa-free/predictions/T0272s5/omegafold,results/20260601_104732_casp15_casp16_unique_lt1000_all_default_msa-free/predictions/T0272s5/omegafold/rank_001.pdb,results/20260601_104732_casp15_casp16_unique_lt1000_all_default_msa-free/predictions/T0272s5/omegafold/rank_001.pdb,true,0,2026-06-02T06:45:31+02:00,2026-06-02T06:46:36+02:00,65,results/20260601_104732_casp15_casp16_unique_lt1000_all_default_msa-free/logs/T0272s5_omegafold.log,bash runners/run_omegafold.sh results/20260601_104732_casp15_casp16_unique_lt1000_all_default_msa-free/sequences/T0272s5.fasta results/20260601_104732_casp15_casp16_unique_lt1000_all_default_msa-free/predictions/T0272s5/omegafold 1,,Check,Check,multiple equivalent chains match,1.000000,1.000000,0.907216,264,291,high,mapped from mmCIF atom_site CA records; 27 aligned positions lack resolved CA atoms,Prot,A1,dystrophin-glycoprotein complex (DGC) PDB code 9c3c,,,,,,,,,,,,,64.70229434000794,2.0720319879450755,0.004362172606200159,64.70229434000794,2.0720319879450755,0.004362172606200159,,,,runner CodeCarbon output: results/20260601_104732_casp15_casp16_unique_lt1000_all_default_msa-free/predictions/T0272s5/omegafold/carbon/T0272s5_omegafold_inference_emissions.csv
T0272s6,T0272s6,CASP16,9C3C,A,63,653,1,624,624,624,chai1,1,results/20260601_104732_casp15_casp16_unique_lt1000_all_default_msa-free/sequences/T0272s6.fasta,results/20260601_104732_casp15_casp16_unique_lt1000_all_default_msa-free/predictions/T0272s6/chai1,results/20260601_104732_casp15_casp16_unique_lt1000_all_default_msa-free/predictions/T0272s6/chai1/rank_001.pdb,results/20260601_104732_casp15_casp16_unique_lt1000_all_default_msa-free/predictions/T0272s6/chai1/rank_001.pdb,true,0,2026-06-02T06:46:36+02:00,2026-06-02T07:46:29+02:00,3593,results/20260601_104732_casp15_casp16_unique_lt1000_all_default_msa-free/logs/T0272s6_chai1.log,bash runners/run_chai1.sh results/20260601_104732_casp15_casp16_unique_lt1000_all_default_msa-free/sequences/T0272s6.fasta results/20260601_104732_casp15_casp16_unique_lt1000_all_default_msa-free/predictions/T0272s6/chai1 1,,Check,Check,reference coverage below threshold 0.641,1.000000,1.000000,0.641026,400,624,high,mapped from mmCIF atom_site CA records; 224 aligned positions lack resolved CA atoms,Prot,A1,dystrophin-glycoprotein complex (DGC) PDB code 9c3c,,,,,,,,,,,,,3592.1423021680093,49.237679643689496,0.10365827293408315,3592.1423021680093,49.237679643689496,0.10365827293408315,,,,runner CodeCarbon output: results/20260601_104732_casp15_casp16_unique_lt1000_all_default_msa-free/predictions/T0272s6/chai1/carbon/T0272s6_chai1_inference_emissions.csv
T0272s6,T0272s6,CASP16,9C3C,A,63,653,1,624,624,624,esmfold,1,results/20260601_104732_casp15_casp16_unique_lt1000_all_default_msa-free/sequences/T0272s6.fasta,results/20260601_104732_casp15_casp16_unique_lt1000_all_default_msa-free/predictions/T0272s6/esmfold,results/20260601_104732_casp15_casp16_unique_lt1000_all_default_msa-free/predictions/T0272s6/esmfold/rank_001.pdb,results/20260601_104732_casp15_casp16_unique_lt1000_all_default_msa-free/predictions/T0272s6/esmfold/rank_001.pdb,true,0,2026-06-02T07:46:29+02:00,2026-06-02T08:03:40+02:00,1031,results/20260601_104732_casp15_casp16_unique_lt1000_all_default_msa-free/logs/T0272s6_esmfold.log,bash runners/run_esmfold.sh results/20260601_104732_casp15_casp16_unique_lt1000_all_default_msa-free/sequences/T0272s6.fasta results/20260601_104732_casp15_casp16_unique_lt1000_all_default_msa-free/predictions/T0272s6/esmfold 1,,Check,Check,reference coverage below threshold 0.641,1.000000,1.000000,0.641026,400,624,high,mapped from mmCIF atom_site CA records; 224 aligned positions lack resolved CA atoms,Prot,A1,dystrophin-glycoprotein complex (DGC) PDB code 9c3c,,,,,,,,,,,,,1031.443006223999,14.75813867794882,0.03106976563778699,1031.443006223999,14.75813867794882,0.03106976563778699,,,,runner CodeCarbon output: results/20260601_104732_casp15_casp16_unique_lt1000_all_default_msa-free/predictions/T0272s6/esmfold/carbon/T0272s6_esmfold_inference_emissions.csv
T0272s6,T0272s6,CASP16,9C3C,A,63,653,1,624,624,624,omegafold,1,results/20260601_104732_casp15_casp16_unique_lt1000_all_default_msa-free/sequences/T0272s6.fasta,results/20260601_104732_casp15_casp16_unique_lt1000_all_default_msa-free/predictions/T0272s6/omegafold,results/20260601_104732_casp15_casp16_unique_lt1000_all_default_msa-free/predictions/T0272s6/omegafold/rank_001.pdb,results/20260601_104732_casp15_casp16_unique_lt1000_all_default_msa-free/predictions/T0272s6/omegafold/rank_001.pdb,true,0,2026-06-02T08:03:40+02:00,2026-06-02T08:09:14+02:00,334,results/20260601_104732_casp15_casp16_unique_lt1000_all_default_msa-free/logs/T0272s6_omegafold.log,bash runners/run_omegafold.sh results/20260601_104732_casp15_casp16_unique_lt1000_all_default_msa-free/sequences/T0272s6.fasta results/20260601_104732_casp15_casp16_unique_lt1000_all_default_msa-free/predictions/T0272s6/omegafold 1,,Check,Check,reference coverage below threshold 0.641,1.000000,1.000000,0.641026,400,624,high,mapped from mmCIF atom_site CA records; 224 aligned positions lack resolved CA atoms,Prot,A1,dystrophin-glycoprotein complex (DGC) PDB code 9c3c,,,,,,,,,,,,,333.5150950739626,11.504164920337406,0.02421929456913138,333.5150950739626,11.504164920337406,0.02421929456913138,,,,runner CodeCarbon output: results/20260601_104732_casp15_casp16_unique_lt1000_all_default_msa-free/predictions/T0272s6/omegafold/carbon/T0272s6_omegafold_inference_emissions.csv
T0272s7,T0272s7,CASP16,9C3C,B,654,798,1,242,242,242,chai1,1,results/20260601_104732_casp15_casp16_unique_lt1000_all_default_msa-free/sequences/T0272s7.fasta,results/20260601_104732_casp15_casp16_unique_lt1000_all_default_msa-free/predictions/T0272s7/chai1,results/20260601_104732_casp15_casp16_unique_lt1000_all_default_msa-free/predictions/T0272s7/chai1/rank_001.pdb,results/20260601_104732_casp15_casp16_unique_lt1000_all_default_msa-free/predictions/T0272s7/chai1/rank_001.pdb,true,0,2026-06-02T08:09:14+02:00,2026-06-02T08:17:11+02:00,477,results/20260601_104732_casp15_casp16_unique_lt1000_all_default_msa-free/logs/T0272s7_chai1.log,bash runners/run_chai1.sh results/20260601_104732_casp15_casp16_unique_lt1000_all_default_msa-free/sequences/T0272s7.fasta results/20260601_104732_casp15_casp16_unique_lt1000_all_default_msa-free/predictions/T0272s7/chai1 1,,No,No,chain mapping below threshold identity=1.000 coverage=0.599,1.000000,0.599174,1.000000,145,145,low,mapped from mmCIF atom_site CA records,Prot,A1,dystrophin-glycoprotein complex (DGC) PDB code 9c3c,,,,,,,,,,,,,476.4841831770027,6.654604052550932,0.014009692742212488,476.4841831770027,6.654604052550932,0.014009692742212488,,,,runner CodeCarbon output: results/20260601_104732_casp15_casp16_unique_lt1000_all_default_msa-free/predictions/T0272s7/chai1/carbon/T0272s7_chai1_inference_emissions.csv
T0272s7,T0272s7,CASP16,9C3C,B,654,798,1,242,242,242,esmfold,1,results/20260601_104732_casp15_casp16_unique_lt1000_all_default_msa-free/sequences/T0272s7.fasta,results/20260601_104732_casp15_casp16_unique_lt1000_all_default_msa-free/predictions/T0272s7/esmfold,results/20260601_104732_casp15_casp16_unique_lt1000_all_default_msa-free/predictions/T0272s7/esmfold/rank_001.pdb,results/20260601_104732_casp15_casp16_unique_lt1000_all_default_msa-free/predictions/T0272s7/esmfold/rank_001.pdb,true,0,2026-06-02T08:17:11+02:00,2026-06-02T08:19:28+02:00,137,results/20260601_104732_casp15_casp16_unique_lt1000_all_default_msa-free/logs/T0272s7_esmfold.log,bash runners/run_esmfold.sh results/20260601_104732_casp15_casp16_unique_lt1000_all_default_msa-free/sequences/T0272s7.fasta results/20260601_104732_casp15_casp16_unique_lt1000_all_default_msa-free/predictions/T0272s7/esmfold 1,,No,No,chain mapping below threshold identity=1.000 coverage=0.599,1.000000,0.599174,1.000000,145,145,low,mapped from mmCIF atom_site CA records,Prot,A1,dystrophin-glycoprotein complex (DGC) PDB code 9c3c,,,,,,,,,,,,,137.393639108981,1.9360020953645076,0.004075793884977911,137.393639108981,1.9360020953645076,0.004075793884977911,,,,runner CodeCarbon output: results/20260601_104732_casp15_casp16_unique_lt1000_all_default_msa-free/predictions/T0272s7/esmfold/carbon/T0272s7_esmfold_inference_emissions.csv
T0272s7,T0272s7,CASP16,9C3C,B,654,798,1,242,242,242,omegafold,1,results/20260601_104732_casp15_casp16_unique_lt1000_all_default_msa-free/sequences/T0272s7.fasta,results/20260601_104732_casp15_casp16_unique_lt1000_all_default_msa-free/predictions/T0272s7/omegafold,results/20260601_104732_casp15_casp16_unique_lt1000_all_default_msa-free/predictions/T0272s7/omegafold/rank_001.pdb,results/20260601_104732_casp15_casp16_unique_lt1000_all_default_msa-free/predictions/T0272s7/omegafold/rank_001.pdb,true,0,2026-06-02T08:19:28+02:00,2026-06-02T08:20:14+02:00,46,results/20260601_104732_casp15_casp16_unique_lt1000_all_default_msa-free/logs/T0272s7_omegafold.log,bash runners/run_omegafold.sh results/20260601_104732_casp15_casp16_unique_lt1000_all_default_msa-free/sequences/T0272s7.fasta results/20260601_104732_casp15_casp16_unique_lt1000_all_default_msa-free/predictions/T0272s7/omegafold 1,,No,No,chain mapping below threshold identity=1.000 coverage=0.599,1.000000,0.599174,1.000000,145,145,low,mapped from mmCIF atom_site CA records,Prot,A1,dystrophin-glycoprotein complex (DGC) PDB code 9c3c,,,,,,,,,,,,,45.717426221002825,1.3763276364962038,0.0028975318663077977,45.717426221002825,1.3763276364962038,0.0028975318663077977,,,,runner CodeCarbon output: results/20260601_104732_casp15_casp16_unique_lt1000_all_default_msa-free/predictions/T0272s7/omegafold/carbon/T0272s7_omegafold_inference_emissions.csv
T0272s8,T0272s8,CASP16,9C3C,V,1,291,1,818,818,818,chai1,1,results/20260601_104732_casp15_casp16_unique_lt1000_all_default_msa-free/sequences/T0272s8.fasta,results/20260601_104732_casp15_casp16_unique_lt1000_all_default_msa-free/predictions/T0272s8/chai1,results/20260601_104732_casp15_casp16_unique_lt1000_all_default_msa-free/predictions/T0272s8/chai1/rank_001.pdb,results/20260601_104732_casp15_casp16_unique_lt1000_all_default_msa-free/predictions/T0272s8/chai1/rank_001.pdb,pending,,,,,results/20260601_104732_casp15_casp16_unique_lt1000_all_default_msa-free/logs/T0272s8_chai1.log,,,Check,Check,reference coverage below threshold 0.356; multiple equivalent chains match,1.000000,1.000000,0.355746,291,818,high,mapped from mmCIF atom_site CA records; 527 aligned positions lack resolved CA atoms,Prot,A1,dystrophin-glycoprotein complex (DGC) PDB code 9c3c,,,,,,,,,,,,,,,,,,,,,,
T0272s8,T0272s8,CASP16,9C3C,V,1,291,1,818,818,818,esmfold,1,results/20260601_104732_casp15_casp16_unique_lt1000_all_default_msa-free/sequences/T0272s8.fasta,results/20260601_104732_casp15_casp16_unique_lt1000_all_default_msa-free/predictions/T0272s8/esmfold,results/20260601_104732_casp15_casp16_unique_lt1000_all_default_msa-free/predictions/T0272s8/esmfold/rank_001.pdb,results/20260601_104732_casp15_casp16_unique_lt1000_all_default_msa-free/predictions/T0272s8/esmfold/rank_001.pdb,pending,,,,,results/20260601_104732_casp15_casp16_unique_lt1000_all_default_msa-free/logs/T0272s8_esmfold.log,,,Check,Check,reference coverage below threshold 0.356; multiple equivalent chains match,1.000000,1.000000,0.355746,291,818,high,mapped from mmCIF atom_site CA records; 527 aligned positions lack resolved CA atoms,Prot,A1,dystrophin-glycoprotein complex (DGC) PDB code 9c3c,,,,,,,,,,,,,,,,,,,,,,
T0272s8,T0272s8,CASP16,9C3C,V,1,291,1,818,818,818,omegafold,1,results/20260601_104732_casp15_casp16_unique_lt1000_all_default_msa-free/sequences/T0272s8.fasta,results/20260601_104732_casp15_casp16_unique_lt1000_all_default_msa-free/predictions/T0272s8/omegafold,results/20260601_104732_casp15_casp16_unique_lt1000_all_default_msa-free/predictions/T0272s8/omegafold/rank_001.pdb,results/20260601_104732_casp15_casp16_unique_lt1000_all_default_msa-free/predictions/T0272s8/omegafold/rank_001.pdb,pending,,,,,results/20260601_104732_casp15_casp16_unique_lt1000_all_default_msa-free/logs/T0272s8_omegafold.log,,,Check,Check,reference coverage below threshold 0.356; multiple equivalent chains match,1.000000,1.000000,0.355746,291,818,high,mapped from mmCIF atom_site CA records; 527 aligned positions lack resolved CA atoms,Prot,A1,dystrophin-glycoprotein complex (DGC) PDB code 9c3c,,,,,,,,,,,,,,,,,,,,,,
T0272s9,T0272s9,CASP16,9C3C,n,42,216,1,238,238,238,chai1,1,results/20260601_104732_casp15_casp16_unique_lt1000_all_default_msa-free/sequences/T0272s9.fasta,results/20260601_104732_casp15_casp16_unique_lt1000_all_default_msa-free/predictions/T0272s9/chai1,results/20260601_104732_casp15_casp16_unique_lt1000_all_default_msa-free/predictions/T0272s9/chai1/rank_001.pdb,results/20260601_104732_casp15_casp16_unique_lt1000_all_default_msa-free/predictions/T0272s9/chai1/rank_001.pdb,pending,,,,,results/20260601_104732_casp15_casp16_unique_lt1000_all_default_msa-free/logs/T0272s9_chai1.log,,,Check,Check,reference coverage below threshold 0.735; multiple equivalent chains match,1.000000,1.000000,0.735294,175,238,high,mapped from mmCIF atom_site CA records; 63 aligned positions lack resolved CA atoms,Prot,A1,dystrophin-glycoprotein complex (DGC) PDB code 9c3c,,,,,,,,,,,,,,,,,,,,,,
T0272s9,T0272s9,CASP16,9C3C,n,42,216,1,238,238,238,esmfold,1,results/20260601_104732_casp15_casp16_unique_lt1000_all_default_msa-free/sequences/T0272s9.fasta,results/20260601_104732_casp15_casp16_unique_lt1000_all_default_msa-free/predictions/T0272s9/esmfold,results/20260601_104732_casp15_casp16_unique_lt1000_all_default_msa-free/predictions/T0272s9/esmfold/rank_001.pdb,results/20260601_104732_casp15_casp16_unique_lt1000_all_default_msa-free/predictions/T0272s9/esmfold/rank_001.pdb,pending,,,,,results/20260601_104732_casp15_casp16_unique_lt1000_all_default_msa-free/logs/T0272s9_esmfold.log,,,Check,Check,reference coverage below threshold 0.735; multiple equivalent chains match,1.000000,1.000000,0.735294,175,238,high,mapped from mmCIF atom_site CA records; 63 aligned positions lack resolved CA atoms,Prot,A1,dystrophin-glycoprotein complex (DGC) PDB code 9c3c,,,,,,,,,,,,,,,,,,,,,,
T0272s9,T0272s9,CASP16,9C3C,n,42,216,1,238,238,238,omegafold,1,results/20260601_104732_casp15_casp16_unique_lt1000_all_default_msa-free/sequences/T0272s9.fasta,results/20260601_104732_casp15_casp16_unique_lt1000_all_default_msa-free/predictions/T0272s9/omegafold,results/20260601_104732_casp15_casp16_unique_lt1000_all_default_msa-free/predictions/T0272s9/omegafold/rank_001.pdb,results/20260601_104732_casp15_casp16_unique_lt1000_all_default_msa-free/predictions/T0272s9/omegafold/rank_001.pdb,pending,,,,,results/20260601_104732_casp15_casp16_unique_lt1000_all_default_msa-free/logs/T0272s9_omegafold.log,,,Check,Check,reference coverage below threshold 0.735; multiple equivalent chains match,1.000000,1.000000,0.735294,175,238,high,mapped from mmCIF atom_site CA records; 63 aligned positions lack resolved CA atoms,Prot,A1,dystrophin-glycoprotein complex (DGC) PDB code 9c3c,,,,,,,,,,,,,,,,,,,,,,
T1212,T1212,CASP16,9B0L,P,53,518,1,466,466,466,chai1,1,results/20260601_104732_casp15_casp16_unique_lt1000_all_default_msa-free/sequences/T1212.fasta,results/20260601_104732_casp15_casp16_unique_lt1000_all_default_msa-free/predictions/T1212/chai1,results/20260601_104732_casp15_casp16_unique_lt1000_all_default_msa-free/predictions/T1212/chai1/rank_001.pdb,results/20260601_104732_casp15_casp16_unique_lt1000_all_default_msa-free/predictions/T1212/chai1/rank_001.pdb,pending,,,,,results/20260601_104732_casp15_casp16_unique_lt1000_all_default_msa-free/logs/T1212_chai1.log,,,Check,Check,multiple equivalent chains match,1.000000,1.000000,1.000000,466,466,high,mapped from mmCIF atom_site CA records,Prot,A1,Fanzor2 ternary structure PDB code 9b0l protein subunit of M1212,,,,,,,,,,,,,,,,,,,,,,
T1212,T1212,CASP16,9B0L,P,53,518,1,466,466,466,esmfold,1,results/20260601_104732_casp15_casp16_unique_lt1000_all_default_msa-free/sequences/T1212.fasta,results/20260601_104732_casp15_casp16_unique_lt1000_all_default_msa-free/predictions/T1212/esmfold,results/20260601_104732_casp15_casp16_unique_lt1000_all_default_msa-free/predictions/T1212/esmfold/rank_001.pdb,results/20260601_104732_casp15_casp16_unique_lt1000_all_default_msa-free/predictions/T1212/esmfold/rank_001.pdb,pending,,,,,results/20260601_104732_casp15_casp16_unique_lt1000_all_default_msa-free/logs/T1212_esmfold.log,,,Check,Check,multiple equivalent chains match,1.000000,1.000000,1.000000,466,466,high,mapped from mmCIF atom_site CA records,Prot,A1,Fanzor2 ternary structure PDB code 9b0l protein subunit of M1212,,,,,,,,,,,,,,,,,,,,,,
T1212,T1212,CASP16,9B0L,P,53,518,1,466,466,466,omegafold,1,results/20260601_104732_casp15_casp16_unique_lt1000_all_default_msa-free/sequences/T1212.fasta,results/20260601_104732_casp15_casp16_unique_lt1000_all_default_msa-free/predictions/T1212/omegafold,results/20260601_104732_casp15_casp16_unique_lt1000_all_default_msa-free/predictions/T1212/omegafold/rank_001.pdb,results/20260601_104732_casp15_casp16_unique_lt1000_all_default_msa-free/predictions/T1212/omegafold/rank_001.pdb,pending,,,,,results/20260601_104732_casp15_casp16_unique_lt1000_all_default_msa-free/logs/T1212_omegafold.log,,,Check,Check,multiple equivalent chains match,1.000000,1.000000,1.000000,466,466,high,mapped from mmCIF atom_site CA records,Prot,A1,Fanzor2 ternary structure PDB code 9b0l protein subunit of M1212,,,,,,,,,,,,,,,,,,,,,,
T1227s1,T1227s1,CASP16,9N8W,A,27,418,1,427,427,427,chai1,1,results/20260601_104732_casp15_casp16_unique_lt1000_all_default_msa-free/sequences/T1227s1.fasta,results/20260601_104732_casp15_casp16_unique_lt1000_all_default_msa-free/predictions/T1227s1/chai1,results/20260601_104732_casp15_casp16_unique_lt1000_all_default_msa-free/predictions/T1227s1/chai1/rank_001.pdb,results/20260601_104732_casp15_casp16_unique_lt1000_all_default_msa-free/predictions/T1227s1/chai1/rank_001.pdb,pending,,,,,results/20260601_104732_casp15_casp16_unique_lt1000_all_default_msa-free/logs/T1227s1_chai1.log,,,Yes,Yes,prefiltered A1 protein target with mapped residue range,1.000000,1.000000,0.918033,392,427,high,mapped from mmCIF atom_site CA records; 35 aligned positions lack resolved CA atoms,Prot,A1,LetA (P0AD03) and LetB (P76272) PDB code 9n8w,,,,,,,,,,,,,,,,,,,,,,
T1227s1,T1227s1,CASP16,9N8W,A,27,418,1,427,427,427,esmfold,1,results/20260601_104732_casp15_casp16_unique_lt1000_all_default_msa-free/sequences/T1227s1.fasta,results/20260601_104732_casp15_casp16_unique_lt1000_all_default_msa-free/predictions/T1227s1/esmfold,results/20260601_104732_casp15_casp16_unique_lt1000_all_default_msa-free/predictions/T1227s1/esmfold/rank_001.pdb,results/20260601_104732_casp15_casp16_unique_lt1000_all_default_msa-free/predictions/T1227s1/esmfold/rank_001.pdb,pending,,,,,results/20260601_104732_casp15_casp16_unique_lt1000_all_default_msa-free/logs/T1227s1_esmfold.log,,,Yes,Yes,prefiltered A1 protein target with mapped residue range,1.000000,1.000000,0.918033,392,427,high,mapped from mmCIF atom_site CA records; 35 aligned positions lack resolved CA atoms,Prot,A1,LetA (P0AD03) and LetB (P76272) PDB code 9n8w,,,,,,,,,,,,,,,,,,,,,,
T1227s1,T1227s1,CASP16,9N8W,A,27,418,1,427,427,427,omegafold,1,results/20260601_104732_casp15_casp16_unique_lt1000_all_default_msa-free/sequences/T1227s1.fasta,results/20260601_104732_casp15_casp16_unique_lt1000_all_default_msa-free/predictions/T1227s1/omegafold,results/20260601_104732_casp15_casp16_unique_lt1000_all_default_msa-free/predictions/T1227s1/omegafold/rank_001.pdb,results/20260601_104732_casp15_casp16_unique_lt1000_all_default_msa-free/predictions/T1227s1/omegafold/rank_001.pdb,pending,,,,,results/20260601_104732_casp15_casp16_unique_lt1000_all_default_msa-free/logs/T1227s1_omegafold.log,,,Yes,Yes,prefiltered A1 protein target with mapped residue range,1.000000,1.000000,0.918033,392,427,high,mapped from mmCIF atom_site CA records; 35 aligned positions lack resolved CA atoms,Prot,A1,LetA (P0AD03) and LetB (P76272) PDB code 9n8w,,,,,,,,,,,,,,,,,,,,,,
T1266,T1266,CASP16,8QFB,A,563,860,1,336,336,336,chai1,1,results/20260601_104732_casp15_casp16_unique_lt1000_all_default_msa-free/sequences/T1266.fasta,results/20260601_104732_casp15_casp16_unique_lt1000_all_default_msa-free/predictions/T1266/chai1,results/20260601_104732_casp15_casp16_unique_lt1000_all_default_msa-free/predictions/T1266/chai1/rank_001.pdb,results/20260601_104732_casp15_casp16_unique_lt1000_all_default_msa-free/predictions/T1266/chai1/rank_001.pdb,pending,,,,,results/20260601_104732_casp15_casp16_unique_lt1000_all_default_msa-free/logs/T1266_chai1.log,,,Check,Check,multiple equivalent chains match,1.000000,1.000000,0.886905,298,336,high,mapped from mmCIF atom_site CA records; 38 aligned positions lack resolved CA atoms,Prot,A1,Q99549 PDB code 8qfb,,,,,,,,,,,,,,,,,,,,,,
T1266,T1266,CASP16,8QFB,A,563,860,1,336,336,336,esmfold,1,results/20260601_104732_casp15_casp16_unique_lt1000_all_default_msa-free/sequences/T1266.fasta,results/20260601_104732_casp15_casp16_unique_lt1000_all_default_msa-free/predictions/T1266/esmfold,results/20260601_104732_casp15_casp16_unique_lt1000_all_default_msa-free/predictions/T1266/esmfold/rank_001.pdb,results/20260601_104732_casp15_casp16_unique_lt1000_all_default_msa-free/predictions/T1266/esmfold/rank_001.pdb,pending,,,,,results/20260601_104732_casp15_casp16_unique_lt1000_all_default_msa-free/logs/T1266_esmfold.log,,,Check,Check,multiple equivalent chains match,1.000000,1.000000,0.886905,298,336,high,mapped from mmCIF atom_site CA records; 38 aligned positions lack resolved CA atoms,Prot,A1,Q99549 PDB code 8qfb,,,,,,,,,,,,,,,,,,,,,,
T1266,T1266,CASP16,8QFB,A,563,860,1,336,336,336,omegafold,1,results/20260601_104732_casp15_casp16_unique_lt1000_all_default_msa-free/sequences/T1266.fasta,results/20260601_104732_casp15_casp16_unique_lt1000_all_default_msa-free/predictions/T1266/omegafold,results/20260601_104732_casp15_casp16_unique_lt1000_all_default_msa-free/predictions/T1266/omegafold/rank_001.pdb,results/20260601_104732_casp15_casp16_unique_lt1000_all_default_msa-free/predictions/T1266/omegafold/rank_001.pdb,pending,,,,,results/20260601_104732_casp15_casp16_unique_lt1000_all_default_msa-free/logs/T1266_omegafold.log,,,Check,Check,multiple equivalent chains match,1.000000,1.000000,0.886905,298,336,high,mapped from mmCIF atom_site CA records; 38 aligned positions lack resolved CA atoms,Prot,A1,Q99549 PDB code 8qfb,,,,,,,,,,,,,,,,,,,,,,
T1272s2,T1272s2,CASP16,9C3C,a,25,350,1,363,363,363,chai1,1,results/20260601_104732_casp15_casp16_unique_lt1000_all_default_msa-free/sequences/T1272s2.fasta,results/20260601_104732_casp15_casp16_unique_lt1000_all_default_msa-free/predictions/T1272s2/chai1,results/20260601_104732_casp15_casp16_unique_lt1000_all_default_msa-free/predictions/T1272s2/chai1/rank_001.pdb,results/20260601_104732_casp15_casp16_unique_lt1000_all_default_msa-free/predictions/T1272s2/chai1/rank_001.pdb,pending,,,,,results/20260601_104732_casp15_casp16_unique_lt1000_all_default_msa-free/logs/T1272s2_chai1.log,,,Check,Check,multiple equivalent chains match,1.000000,0.898072,0.972393,317,326,medium,mapped from mmCIF atom_site CA records; 9 aligned positions lack resolved CA atoms,Prot,A1,dystrophin-glycoprotein complex (DGC) PDB code 9c3c,,,,,,,,,,,,,,,,,,,,,,
T1272s2,T1272s2,CASP16,9C3C,a,25,350,1,363,363,363,esmfold,1,results/20260601_104732_casp15_casp16_unique_lt1000_all_default_msa-free/sequences/T1272s2.fasta,results/20260601_104732_casp15_casp16_unique_lt1000_all_default_msa-free/predictions/T1272s2/esmfold,results/20260601_104732_casp15_casp16_unique_lt1000_all_default_msa-free/predictions/T1272s2/esmfold/rank_001.pdb,results/20260601_104732_casp15_casp16_unique_lt1000_all_default_msa-free/predictions/T1272s2/esmfold/rank_001.pdb,pending,,,,,results/20260601_104732_casp15_casp16_unique_lt1000_all_default_msa-free/logs/T1272s2_esmfold.log,,,Check,Check,multiple equivalent chains match,1.000000,0.898072,0.972393,317,326,medium,mapped from mmCIF atom_site CA records; 9 aligned positions lack resolved CA atoms,Prot,A1,dystrophin-glycoprotein complex (DGC) PDB code 9c3c,,,,,,,,,,,,,,,,,,,,,,
T1272s2,T1272s2,CASP16,9C3C,a,25,350,1,363,363,363,omegafold,1,results/20260601_104732_casp15_casp16_unique_lt1000_all_default_msa-free/sequences/T1272s2.fasta,results/20260601_104732_casp15_casp16_unique_lt1000_all_default_msa-free/predictions/T1272s2/omegafold,results/20260601_104732_casp15_casp16_unique_lt1000_all_default_msa-free/predictions/T1272s2/omegafold/rank_001.pdb,results/20260601_104732_casp15_casp16_unique_lt1000_all_default_msa-free/predictions/T1272s2/omegafold/rank_001.pdb,pending,,,,,results/20260601_104732_casp15_casp16_unique_lt1000_all_default_msa-free/logs/T1272s2_omegafold.log,,,Check,Check,multiple equivalent chains match,1.000000,0.898072,0.972393,317,326,medium,mapped from mmCIF atom_site CA records; 9 aligned positions lack resolved CA atoms,Prot,A1,dystrophin-glycoprotein complex (DGC) PDB code 9c3c,,,,,,,,,,,,,,,,,,,,,,
T1272s3,T1272s3,CASP16,9C3C,b,57,318,1,318,318,318,chai1,1,results/20260601_104732_casp15_casp16_unique_lt1000_all_default_msa-free/sequences/T1272s3.fasta,results/20260601_104732_casp15_casp16_unique_lt1000_all_default_msa-free/predictions/T1272s3/chai1,results/20260601_104732_casp15_casp16_unique_lt1000_all_default_msa-free/predictions/T1272s3/chai1/rank_001.pdb,results/20260601_104732_casp15_casp16_unique_lt1000_all_default_msa-free/predictions/T1272s3/chai1/rank_001.pdb,pending,,,,,results/20260601_104732_casp15_casp16_unique_lt1000_all_default_msa-free/logs/T1272s3_chai1.log,,,Check,Check,multiple equivalent chains match,1.000000,1.000000,0.823899,262,318,high,mapped from mmCIF atom_site CA records; 56 aligned positions lack resolved CA atoms,Prot,A1,dystrophin-glycoprotein complex (DGC) PDB code 9c3c,,,,,,,,,,,,,,,,,,,,,,
T1272s3,T1272s3,CASP16,9C3C,b,57,318,1,318,318,318,esmfold,1,results/20260601_104732_casp15_casp16_unique_lt1000_all_default_msa-free/sequences/T1272s3.fasta,results/20260601_104732_casp15_casp16_unique_lt1000_all_default_msa-free/predictions/T1272s3/esmfold,results/20260601_104732_casp15_casp16_unique_lt1000_all_default_msa-free/predictions/T1272s3/esmfold/rank_001.pdb,results/20260601_104732_casp15_casp16_unique_lt1000_all_default_msa-free/predictions/T1272s3/esmfold/rank_001.pdb,pending,,,,,results/20260601_104732_casp15_casp16_unique_lt1000_all_default_msa-free/logs/T1272s3_esmfold.log,,,Check,Check,multiple equivalent chains match,1.000000,1.000000,0.823899,262,318,high,mapped from mmCIF atom_site CA records; 56 aligned positions lack resolved CA atoms,Prot,A1,dystrophin-glycoprotein complex (DGC) PDB code 9c3c,,,,,,,,,,,,,,,,,,,,,,
T1272s3,T1272s3,CASP16,9C3C,b,57,318,1,318,318,318,omegafold,1,results/20260601_104732_casp15_casp16_unique_lt1000_all_default_msa-free/sequences/T1272s3.fasta,results/20260601_104732_casp15_casp16_unique_lt1000_all_default_msa-free/predictions/T1272s3/omegafold,results/20260601_104732_casp15_casp16_unique_lt1000_all_default_msa-free/predictions/T1272s3/omegafold/rank_001.pdb,results/20260601_104732_casp15_casp16_unique_lt1000_all_default_msa-free/predictions/T1272s3/omegafold/rank_001.pdb,pending,,,,,results/20260601_104732_casp15_casp16_unique_lt1000_all_default_msa-free/logs/T1272s3_omegafold.log,,,Check,Check,multiple equivalent chains match,1.000000,1.000000,0.823899,262,318,high,mapped from mmCIF atom_site CA records; 56 aligned positions lack resolved CA atoms,Prot,A1,dystrophin-glycoprotein complex (DGC) PDB code 9c3c,,,,,,,,,,,,,,,,,,,,,,
T1272s4,T1272s4,CASP16,9C3C,d,21,289,1,289,289,289,chai1,1,results/20260601_104732_casp15_casp16_unique_lt1000_all_default_msa-free/sequences/T1272s4.fasta,results/20260601_104732_casp15_casp16_unique_lt1000_all_default_msa-free/predictions/T1272s4/chai1,results/20260601_104732_casp15_casp16_unique_lt1000_all_default_msa-free/predictions/T1272s4/chai1/rank_001.pdb,results/20260601_104732_casp15_casp16_unique_lt1000_all_default_msa-free/predictions/T1272s4/chai1/rank_001.pdb,pending,,,,,results/20260601_104732_casp15_casp16_unique_lt1000_all_default_msa-free/logs/T1272s4_chai1.log,,,Check,Check,multiple equivalent chains match,1.000000,1.000000,0.930796,269,289,high,mapped from mmCIF atom_site CA records; 20 aligned positions lack resolved CA atoms,Prot,A1,dystrophin-glycoprotein complex (DGC) PDB code 9c3c,,,,,,,,,,,,,,,,,,,,,,
T1272s4,T1272s4,CASP16,9C3C,d,21,289,1,289,289,289,esmfold,1,results/20260601_104732_casp15_casp16_unique_lt1000_all_default_msa-free/sequences/T1272s4.fasta,results/20260601_104732_casp15_casp16_unique_lt1000_all_default_msa-free/predictions/T1272s4/esmfold,results/20260601_104732_casp15_casp16_unique_lt1000_all_default_msa-free/predictions/T1272s4/esmfold/rank_001.pdb,results/20260601_104732_casp15_casp16_unique_lt1000_all_default_msa-free/predictions/T1272s4/esmfold/rank_001.pdb,pending,,,,,results/20260601_104732_casp15_casp16_unique_lt1000_all_default_msa-free/logs/T1272s4_esmfold.log,,,Check,Check,multiple equivalent chains match,1.000000,1.000000,0.930796,269,289,high,mapped from mmCIF atom_site CA records; 20 aligned positions lack resolved CA atoms,Prot,A1,dystrophin-glycoprotein complex (DGC) PDB code 9c3c,,,,,,,,,,,,,,,,,,,,,,
T1272s4,T1272s4,CASP16,9C3C,d,21,289,1,289,289,289,omegafold,1,results/20260601_104732_casp15_casp16_unique_lt1000_all_default_msa-free/sequences/T1272s4.fasta,results/20260601_104732_casp15_casp16_unique_lt1000_all_default_msa-free/predictions/T1272s4/omegafold,results/20260601_104732_casp15_casp16_unique_lt1000_all_default_msa-free/predictions/T1272s4/omegafold/rank_001.pdb,results/20260601_104732_casp15_casp16_unique_lt1000_all_default_msa-free/predictions/T1272s4/omegafold/rank_001.pdb,pending,,,,,results/20260601_104732_casp15_casp16_unique_lt1000_all_default_msa-free/logs/T1272s4_omegafold.log,,,Check,Check,multiple equivalent chains match,1.000000,1.000000,0.930796,269,289,high,mapped from mmCIF atom_site CA records; 20 aligned positions lack resolved CA atoms,Prot,A1,dystrophin-glycoprotein complex (DGC) PDB code 9c3c,,,,,,,,,,,,,,,,,,,,,,
T1272s5,T1272s5,CASP16,9C3C,g,28,291,1,291,291,291,chai1,1,results/20260601_104732_casp15_casp16_unique_lt1000_all_default_msa-free/sequences/T1272s5.fasta,results/20260601_104732_casp15_casp16_unique_lt1000_all_default_msa-free/predictions/T1272s5/chai1,results/20260601_104732_casp15_casp16_unique_lt1000_all_default_msa-free/predictions/T1272s5/chai1/rank_001.pdb,results/20260601_104732_casp15_casp16_unique_lt1000_all_default_msa-free/predictions/T1272s5/chai1/rank_001.pdb,pending,,,,,results/20260601_104732_casp15_casp16_unique_lt1000_all_default_msa-free/logs/T1272s5_chai1.log,,,Check,Check,multiple equivalent chains match,1.000000,1.000000,0.907216,264,291,high,mapped from mmCIF atom_site CA records; 27 aligned positions lack resolved CA atoms,Prot,A1,dystrophin-glycoprotein complex (DGC) PDB code 9c3c,,,,,,,,,,,,,,,,,,,,,,
T1272s5,T1272s5,CASP16,9C3C,g,28,291,1,291,291,291,esmfold,1,results/20260601_104732_casp15_casp16_unique_lt1000_all_default_msa-free/sequences/T1272s5.fasta,results/20260601_104732_casp15_casp16_unique_lt1000_all_default_msa-free/predictions/T1272s5/esmfold,results/20260601_104732_casp15_casp16_unique_lt1000_all_default_msa-free/predictions/T1272s5/esmfold/rank_001.pdb,results/20260601_104732_casp15_casp16_unique_lt1000_all_default_msa-free/predictions/T1272s5/esmfold/rank_001.pdb,pending,,,,,results/20260601_104732_casp15_casp16_unique_lt1000_all_default_msa-free/logs/T1272s5_esmfold.log,,,Check,Check,multiple equivalent chains match,1.000000,1.000000,0.907216,264,291,high,mapped from mmCIF atom_site CA records; 27 aligned positions lack resolved CA atoms,Prot,A1,dystrophin-glycoprotein complex (DGC) PDB code 9c3c,,,,,,,,,,,,,,,,,,,,,,
T1272s5,T1272s5,CASP16,9C3C,g,28,291,1,291,291,291,omegafold,1,results/20260601_104732_casp15_casp16_unique_lt1000_all_default_msa-free/sequences/T1272s5.fasta,results/20260601_104732_casp15_casp16_unique_lt1000_all_default_msa-free/predictions/T1272s5/omegafold,results/20260601_104732_casp15_casp16_unique_lt1000_all_default_msa-free/predictions/T1272s5/omegafold/rank_001.pdb,results/20260601_104732_casp15_casp16_unique_lt1000_all_default_msa-free/predictions/T1272s5/omegafold/rank_001.pdb,pending,,,,,results/20260601_104732_casp15_casp16_unique_lt1000_all_default_msa-free/logs/T1272s5_omegafold.log,,,Check,Check,multiple equivalent chains match,1.000000,1.000000,0.907216,264,291,high,mapped from mmCIF atom_site CA records; 27 aligned positions lack resolved CA atoms,Prot,A1,dystrophin-glycoprotein complex (DGC) PDB code 9c3c,,,,,,,,,,,,,,,,,,,,,,
T1272s6,T1272s6,CASP16,9C3C,A,63,653,1,624,624,624,chai1,1,results/20260601_104732_casp15_casp16_unique_lt1000_all_default_msa-free/sequences/T1272s6.fasta,results/20260601_104732_casp15_casp16_unique_lt1000_all_default_msa-free/predictions/T1272s6/chai1,results/20260601_104732_casp15_casp16_unique_lt1000_all_default_msa-free/predictions/T1272s6/chai1/rank_001.pdb,results/20260601_104732_casp15_casp16_unique_lt1000_all_default_msa-free/predictions/T1272s6/chai1/rank_001.pdb,pending,,,,,results/20260601_104732_casp15_casp16_unique_lt1000_all_default_msa-free/logs/T1272s6_chai1.log,,,Check,Check,reference coverage below threshold 0.641,1.000000,1.000000,0.641026,400,624,high,mapped from mmCIF atom_site CA records; 224 aligned positions lack resolved CA atoms,Prot,A1,dystrophin-glycoprotein complex (DGC) PDB code 9c3c,,,,,,,,,,,,,,,,,,,,,,
T1272s6,T1272s6,CASP16,9C3C,A,63,653,1,624,624,624,esmfold,1,results/20260601_104732_casp15_casp16_unique_lt1000_all_default_msa-free/sequences/T1272s6.fasta,results/20260601_104732_casp15_casp16_unique_lt1000_all_default_msa-free/predictions/T1272s6/esmfold,results/20260601_104732_casp15_casp16_unique_lt1000_all_default_msa-free/predictions/T1272s6/esmfold/rank_001.pdb,results/20260601_104732_casp15_casp16_unique_lt1000_all_default_msa-free/predictions/T1272s6/esmfold/rank_001.pdb,pending,,,,,results/20260601_104732_casp15_casp16_unique_lt1000_all_default_msa-free/logs/T1272s6_esmfold.log,,,Check,Check,reference coverage below threshold 0.641,1.000000,1.000000,0.641026,400,624,high,mapped from mmCIF atom_site CA records; 224 aligned positions lack resolved CA atoms,Prot,A1,dystrophin-glycoprotein complex (DGC) PDB code 9c3c,,,,,,,,,,,,,,,,,,,,,,
T1272s6,T1272s6,CASP16,9C3C,A,63,653,1,624,624,624,omegafold,1,results/20260601_104732_casp15_casp16_unique_lt1000_all_default_msa-free/sequences/T1272s6.fasta,results/20260601_104732_casp15_casp16_unique_lt1000_all_default_msa-free/predictions/T1272s6/omegafold,results/20260601_104732_casp15_casp16_unique_lt1000_all_default_msa-free/predictions/T1272s6/omegafold/rank_001.pdb,results/20260601_104732_casp15_casp16_unique_lt1000_all_default_msa-free/predictions/T1272s6/omegafold/rank_001.pdb,pending,,,,,results/20260601_104732_casp15_casp16_unique_lt1000_all_default_msa-free/logs/T1272s6_omegafold.log,,,Check,Check,reference coverage below threshold 0.641,1.000000,1.000000,0.641026,400,624,high,mapped from mmCIF atom_site CA records; 224 aligned positions lack resolved CA atoms,Prot,A1,dystrophin-glycoprotein complex (DGC) PDB code 9c3c,,,,,,,,,,,,,,,,,,,,,,
T1272s7,T1272s7,CASP16,9C3C,B,654,798,1,242,242,242,chai1,1,results/20260601_104732_casp15_casp16_unique_lt1000_all_default_msa-free/sequences/T1272s7.fasta,results/20260601_104732_casp15_casp16_unique_lt1000_all_default_msa-free/predictions/T1272s7/chai1,results/20260601_104732_casp15_casp16_unique_lt1000_all_default_msa-free/predictions/T1272s7/chai1/rank_001.pdb,results/20260601_104732_casp15_casp16_unique_lt1000_all_default_msa-free/predictions/T1272s7/chai1/rank_001.pdb,pending,,,,,results/20260601_104732_casp15_casp16_unique_lt1000_all_default_msa-free/logs/T1272s7_chai1.log,,,No,No,chain mapping below threshold identity=1.000 coverage=0.599,1.000000,0.599174,1.000000,145,145,low,mapped from mmCIF atom_site CA records,Prot,A1,dystrophin-glycoprotein complex (DGC) PDB code 9c3c,,,,,,,,,,,,,,,,,,,,,,
T1272s7,T1272s7,CASP16,9C3C,B,654,798,1,242,242,242,esmfold,1,results/20260601_104732_casp15_casp16_unique_lt1000_all_default_msa-free/sequences/T1272s7.fasta,results/20260601_104732_casp15_casp16_unique_lt1000_all_default_msa-free/predictions/T1272s7/esmfold,results/20260601_104732_casp15_casp16_unique_lt1000_all_default_msa-free/predictions/T1272s7/esmfold/rank_001.pdb,results/20260601_104732_casp15_casp16_unique_lt1000_all_default_msa-free/predictions/T1272s7/esmfold/rank_001.pdb,pending,,,,,results/20260601_104732_casp15_casp16_unique_lt1000_all_default_msa-free/logs/T1272s7_esmfold.log,,,No,No,chain mapping below threshold identity=1.000 coverage=0.599,1.000000,0.599174,1.000000,145,145,low,mapped from mmCIF atom_site CA records,Prot,A1,dystrophin-glycoprotein complex (DGC) PDB code 9c3c,,,,,,,,,,,,,,,,,,,,,,
T1272s7,T1272s7,CASP16,9C3C,B,654,798,1,242,242,242,omegafold,1,results/20260601_104732_casp15_casp16_unique_lt1000_all_default_msa-free/sequences/T1272s7.fasta,results/20260601_104732_casp15_casp16_unique_lt1000_all_default_msa-free/predictions/T1272s7/omegafold,results/20260601_104732_casp15_casp16_unique_lt1000_all_default_msa-free/predictions/T1272s7/omegafold/rank_001.pdb,results/20260601_104732_casp15_casp16_unique_lt1000_all_default_msa-free/predictions/T1272s7/omegafold/rank_001.pdb,pending,,,,,results/20260601_104732_casp15_casp16_unique_lt1000_all_default_msa-free/logs/T1272s7_omegafold.log,,,No,No,chain mapping below threshold identity=1.000 coverage=0.599,1.000000,0.599174,1.000000,145,145,low,mapped from mmCIF atom_site CA records,Prot,A1,dystrophin-glycoprotein complex (DGC) PDB code 9c3c,,,,,,,,,,,,,,,,,,,,,,
T1272s8,T1272s8,CASP16,9C3C,V,1,291,1,818,818,818,chai1,1,results/20260601_104732_casp15_casp16_unique_lt1000_all_default_msa-free/sequences/T1272s8.fasta,results/20260601_104732_casp15_casp16_unique_lt1000_all_default_msa-free/predictions/T1272s8/chai1,results/20260601_104732_casp15_casp16_unique_lt1000_all_default_msa-free/predictions/T1272s8/chai1/rank_001.pdb,results/20260601_104732_casp15_casp16_unique_lt1000_all_default_msa-free/predictions/T1272s8/chai1/rank_001.pdb,pending,,,,,results/20260601_104732_casp15_casp16_unique_lt1000_all_default_msa-free/logs/T1272s8_chai1.log,,,Check,Check,reference coverage below threshold 0.356; multiple equivalent chains match,1.000000,1.000000,0.355746,291,818,high,mapped from mmCIF atom_site CA records; 527 aligned positions lack resolved CA atoms,Prot,A1,dystrophin-glycoprotein complex (DGC) PDB code 9c3c,,,,,,,,,,,,,,,,,,,,,,
T1272s8,T1272s8,CASP16,9C3C,V,1,291,1,818,818,818,esmfold,1,results/20260601_104732_casp15_casp16_unique_lt1000_all_default_msa-free/sequences/T1272s8.fasta,results/20260601_104732_casp15_casp16_unique_lt1000_all_default_msa-free/predictions/T1272s8/esmfold,results/20260601_104732_casp15_casp16_unique_lt1000_all_default_msa-free/predictions/T1272s8/esmfold/rank_001.pdb,results/20260601_104732_casp15_casp16_unique_lt1000_all_default_msa-free/predictions/T1272s8/esmfold/rank_001.pdb,pending,,,,,results/20260601_104732_casp15_casp16_unique_lt1000_all_default_msa-free/logs/T1272s8_esmfold.log,,,Check,Check,reference coverage below threshold 0.356; multiple equivalent chains match,1.000000,1.000000,0.355746,291,818,high,mapped from mmCIF atom_site CA records; 527 aligned positions lack resolved CA atoms,Prot,A1,dystrophin-glycoprotein complex (DGC) PDB code 9c3c,,,,,,,,,,,,,,,,,,,,,,
T1272s8,T1272s8,CASP16,9C3C,V,1,291,1,818,818,818,omegafold,1,results/20260601_104732_casp15_casp16_unique_lt1000_all_default_msa-free/sequences/T1272s8.fasta,results/20260601_104732_casp15_casp16_unique_lt1000_all_default_msa-free/predictions/T1272s8/omegafold,results/20260601_104732_casp15_casp16_unique_lt1000_all_default_msa-free/predictions/T1272s8/omegafold/rank_001.pdb,results/20260601_104732_casp15_casp16_unique_lt1000_all_default_msa-free/predictions/T1272s8/omegafold/rank_001.pdb,pending,,,,,results/20260601_104732_casp15_casp16_unique_lt1000_all_default_msa-free/logs/T1272s8_omegafold.log,,,Check,Check,reference coverage below threshold 0.356; multiple equivalent chains match,1.000000,1.000000,0.355746,291,818,high,mapped from mmCIF atom_site CA records; 527 aligned positions lack resolved CA atoms,Prot,A1,dystrophin-glycoprotein complex (DGC) PDB code 9c3c,,,,,,,,,,,,,,,,,,,,,,
T1272s9,T1272s9,CASP16,9C3C,n,42,216,1,238,238,238,chai1,1,results/20260601_104732_casp15_casp16_unique_lt1000_all_default_msa-free/sequences/T1272s9.fasta,results/20260601_104732_casp15_casp16_unique_lt1000_all_default_msa-free/predictions/T1272s9/chai1,results/20260601_104732_casp15_casp16_unique_lt1000_all_default_msa-free/predictions/T1272s9/chai1/rank_001.pdb,results/20260601_104732_casp15_casp16_unique_lt1000_all_default_msa-free/predictions/T1272s9/chai1/rank_001.pdb,pending,,,,,results/20260601_104732_casp15_casp16_unique_lt1000_all_default_msa-free/logs/T1272s9_chai1.log,,,Check,Check,reference coverage below threshold 0.735; multiple equivalent chains match,1.000000,1.000000,0.735294,175,238,high,mapped from mmCIF atom_site CA records; 63 aligned positions lack resolved CA atoms,Prot,A1,dystrophin-glycoprotein complex (DGC) PDB code 9c3c,,,,,,,,,,,,,,,,,,,,,,
T1272s9,T1272s9,CASP16,9C3C,n,42,216,1,238,238,238,esmfold,1,results/20260601_104732_casp15_casp16_unique_lt1000_all_default_msa-free/sequences/T1272s9.fasta,results/20260601_104732_casp15_casp16_unique_lt1000_all_default_msa-free/predictions/T1272s9/esmfold,results/20260601_104732_casp15_casp16_unique_lt1000_all_default_msa-free/predictions/T1272s9/esmfold/rank_001.pdb,results/20260601_104732_casp15_casp16_unique_lt1000_all_default_msa-free/predictions/T1272s9/esmfold/rank_001.pdb,pending,,,,,results/20260601_104732_casp15_casp16_unique_lt1000_all_default_msa-free/logs/T1272s9_esmfold.log,,,Check,Check,reference coverage below threshold 0.735; multiple equivalent chains match,1.000000,1.000000,0.735294,175,238,high,mapped from mmCIF atom_site CA records; 63 aligned positions lack resolved CA atoms,Prot,A1,dystrophin-glycoprotein complex (DGC) PDB code 9c3c,,,,,,,,,,,,,,,,,,,,,,
T1272s9,T1272s9,CASP16,9C3C,n,42,216,1,238,238,238,omegafold,1,results/20260601_104732_casp15_casp16_unique_lt1000_all_default_msa-free/sequences/T1272s9.fasta,results/20260601_104732_casp15_casp16_unique_lt1000_all_default_msa-free/predictions/T1272s9/omegafold,results/20260601_104732_casp15_casp16_unique_lt1000_all_default_msa-free/predictions/T1272s9/omegafold/rank_001.pdb,results/20260601_104732_casp15_casp16_unique_lt1000_all_default_msa-free/predictions/T1272s9/omegafold/rank_001.pdb,pending,,,,,results/20260601_104732_casp15_casp16_unique_lt1000_all_default_msa-free/logs/T1272s9_omegafold.log,,,Check,Check,reference coverage below threshold 0.735; multiple equivalent chains match,1.000000,1.000000,0.735294,175,238,high,mapped from mmCIF atom_site CA records; 63 aligned positions lack resolved CA atoms,Prot,A1,dystrophin-glycoprotein complex (DGC) PDB code 9c3c,,,,,,,,,,,,,,,,,,,,,,
T1280,T1280,CASP16,9F5M,AAA,615,848,1,237,237,237,chai1,1,results/20260601_104732_casp15_casp16_unique_lt1000_all_default_msa-free/sequences/T1280.fasta,results/20260601_104732_casp15_casp16_unique_lt1000_all_default_msa-free/predictions/T1280/chai1,results/20260601_104732_casp15_casp16_unique_lt1000_all_default_msa-free/predictions/T1280/chai1/rank_001.pdb,results/20260601_104732_casp15_casp16_unique_lt1000_all_default_msa-free/predictions/T1280/chai1/rank_001.pdb,pending,,,,,results/20260601_104732_casp15_casp16_unique_lt1000_all_default_msa-free/logs/T1280_chai1.log,,,Check,Check,multiple equivalent chains match,1.000000,0.991561,0.995745,234,235,high,mapped from mmCIF atom_site CA records; 1 aligned positions lack resolved CA atoms,Prot,A1,C-terminal domain of bacteriophage K gp155 PDB code 9f5m,,,,,,,,,,,,,,,,,,,,,,
T1280,T1280,CASP16,9F5M,AAA,615,848,1,237,237,237,esmfold,1,results/20260601_104732_casp15_casp16_unique_lt1000_all_default_msa-free/sequences/T1280.fasta,results/20260601_104732_casp15_casp16_unique_lt1000_all_default_msa-free/predictions/T1280/esmfold,results/20260601_104732_casp15_casp16_unique_lt1000_all_default_msa-free/predictions/T1280/esmfold/rank_001.pdb,results/20260601_104732_casp15_casp16_unique_lt1000_all_default_msa-free/predictions/T1280/esmfold/rank_001.pdb,pending,,,,,results/20260601_104732_casp15_casp16_unique_lt1000_all_default_msa-free/logs/T1280_esmfold.log,,,Check,Check,multiple equivalent chains match,1.000000,0.991561,0.995745,234,235,high,mapped from mmCIF atom_site CA records; 1 aligned positions lack resolved CA atoms,Prot,A1,C-terminal domain of bacteriophage K gp155 PDB code 9f5m,,,,,,,,,,,,,,,,,,,,,,
T1280,T1280,CASP16,9F5M,AAA,615,848,1,237,237,237,omegafold,1,results/20260601_104732_casp15_casp16_unique_lt1000_all_default_msa-free/sequences/T1280.fasta,results/20260601_104732_casp15_casp16_unique_lt1000_all_default_msa-free/predictions/T1280/omegafold,results/20260601_104732_casp15_casp16_unique_lt1000_all_default_msa-free/predictions/T1280/omegafold/rank_001.pdb,results/20260601_104732_casp15_casp16_unique_lt1000_all_default_msa-free/predictions/T1280/omegafold/rank_001.pdb,pending,,,,,results/20260601_104732_casp15_casp16_unique_lt1000_all_default_msa-free/logs/T1280_omegafold.log,,,Check,Check,multiple equivalent chains match,1.000000,0.991561,0.995745,234,235,high,mapped from mmCIF atom_site CA records; 1 aligned positions lack resolved CA atoms,Prot,A1,C-terminal domain of bacteriophage K gp155 PDB code 9f5m,,,,,,,,,,,,,,,,,,,,,,
T1299,T1299,CASP16,9FJL,A,1,168,1,168,168,168,chai1,1,results/20260601_104732_casp15_casp16_unique_lt1000_all_default_msa-free/sequences/T1299.fasta,results/20260601_104732_casp15_casp16_unique_lt1000_all_default_msa-free/predictions/T1299/chai1,results/20260601_104732_casp15_casp16_unique_lt1000_all_default_msa-free/predictions/T1299/chai1/rank_001.pdb,results/20260601_104732_casp15_casp16_unique_lt1000_all_default_msa-free/predictions/T1299/chai1/rank_001.pdb,pending,,,,,results/20260601_104732_casp15_casp16_unique_lt1000_all_default_msa-free/logs/T1299_chai1.log,,,Yes,Yes,prefiltered A1 protein target with mapped residue range,1.000000,1.000000,1.000000,168,168,high,mapped from mmCIF atom_site CA records,Prot,A1,9FJL PDB code 9fjl,,,,,,,,,,,,,,,,,,,,,,
T1299,T1299,CASP16,9FJL,A,1,168,1,168,168,168,esmfold,1,results/20260601_104732_casp15_casp16_unique_lt1000_all_default_msa-free/sequences/T1299.fasta,results/20260601_104732_casp15_casp16_unique_lt1000_all_default_msa-free/predictions/T1299/esmfold,results/20260601_104732_casp15_casp16_unique_lt1000_all_default_msa-free/predictions/T1299/esmfold/rank_001.pdb,results/20260601_104732_casp15_casp16_unique_lt1000_all_default_msa-free/predictions/T1299/esmfold/rank_001.pdb,pending,,,,,results/20260601_104732_casp15_casp16_unique_lt1000_all_default_msa-free/logs/T1299_esmfold.log,,,Yes,Yes,prefiltered A1 protein target with mapped residue range,1.000000,1.000000,1.000000,168,168,high,mapped from mmCIF atom_site CA records,Prot,A1,9FJL PDB code 9fjl,,,,,,,,,,,,,,,,,,,,,,
T1299,T1299,CASP16,9FJL,A,1,168,1,168,168,168,omegafold,1,results/20260601_104732_casp15_casp16_unique_lt1000_all_default_msa-free/sequences/T1299.fasta,results/20260601_104732_casp15_casp16_unique_lt1000_all_default_msa-free/predictions/T1299/omegafold,results/20260601_104732_casp15_casp16_unique_lt1000_all_default_msa-free/predictions/T1299/omegafold/rank_001.pdb,results/20260601_104732_casp15_casp16_unique_lt1000_all_default_msa-free/predictions/T1299/omegafold/rank_001.pdb,pending,,,,,results/20260601_104732_casp15_casp16_unique_lt1000_all_default_msa-free/logs/T1299_omegafold.log,,,Yes,Yes,prefiltered A1 protein target with mapped residue range,1.000000,1.000000,1.000000,168,168,high,mapped from mmCIF atom_site CA records,Prot,A1,9FJL PDB code 9fjl,,,,,,,,,,,,,,,,,,,,,,
T2272s2,T2272s2,CASP16,9C3C,a,25,350,1,363,363,363,chai1,1,results/20260601_104732_casp15_casp16_unique_lt1000_all_default_msa-free/sequences/T2272s2.fasta,results/20260601_104732_casp15_casp16_unique_lt1000_all_default_msa-free/predictions/T2272s2/chai1,results/20260601_104732_casp15_casp16_unique_lt1000_all_default_msa-free/predictions/T2272s2/chai1/rank_001.pdb,results/20260601_104732_casp15_casp16_unique_lt1000_all_default_msa-free/predictions/T2272s2/chai1/rank_001.pdb,pending,,,,,results/20260601_104732_casp15_casp16_unique_lt1000_all_default_msa-free/logs/T2272s2_chai1.log,,,Check,Check,multiple equivalent chains match,1.000000,0.898072,0.972393,317,326,medium,mapped from mmCIF atom_site CA records; 9 aligned positions lack resolved CA atoms,Prot,A1,dystrophin-glycoprotein complex (DGC) PDB code 9c3c,,,,,,,,,,,,,,,,,,,,,,
T2272s2,T2272s2,CASP16,9C3C,a,25,350,1,363,363,363,esmfold,1,results/20260601_104732_casp15_casp16_unique_lt1000_all_default_msa-free/sequences/T2272s2.fasta,results/20260601_104732_casp15_casp16_unique_lt1000_all_default_msa-free/predictions/T2272s2/esmfold,results/20260601_104732_casp15_casp16_unique_lt1000_all_default_msa-free/predictions/T2272s2/esmfold/rank_001.pdb,results/20260601_104732_casp15_casp16_unique_lt1000_all_default_msa-free/predictions/T2272s2/esmfold/rank_001.pdb,pending,,,,,results/20260601_104732_casp15_casp16_unique_lt1000_all_default_msa-free/logs/T2272s2_esmfold.log,,,Check,Check,multiple equivalent chains match,1.000000,0.898072,0.972393,317,326,medium,mapped from mmCIF atom_site CA records; 9 aligned positions lack resolved CA atoms,Prot,A1,dystrophin-glycoprotein complex (DGC) PDB code 9c3c,,,,,,,,,,,,,,,,,,,,,,
T2272s2,T2272s2,CASP16,9C3C,a,25,350,1,363,363,363,omegafold,1,results/20260601_104732_casp15_casp16_unique_lt1000_all_default_msa-free/sequences/T2272s2.fasta,results/20260601_104732_casp15_casp16_unique_lt1000_all_default_msa-free/predictions/T2272s2/omegafold,results/20260601_104732_casp15_casp16_unique_lt1000_all_default_msa-free/predictions/T2272s2/omegafold/rank_001.pdb,results/20260601_104732_casp15_casp16_unique_lt1000_all_default_msa-free/predictions/T2272s2/omegafold/rank_001.pdb,pending,,,,,results/20260601_104732_casp15_casp16_unique_lt1000_all_default_msa-free/logs/T2272s2_omegafold.log,,,Check,Check,multiple equivalent chains match,1.000000,0.898072,0.972393,317,326,medium,mapped from mmCIF atom_site CA records; 9 aligned positions lack resolved CA atoms,Prot,A1,dystrophin-glycoprotein complex (DGC) PDB code 9c3c,,,,,,,,,,,,,,,,,,,,,,
T2272s3,T2272s3,CASP16,9C3C,b,57,318,1,318,318,318,chai1,1,results/20260601_104732_casp15_casp16_unique_lt1000_all_default_msa-free/sequences/T2272s3.fasta,results/20260601_104732_casp15_casp16_unique_lt1000_all_default_msa-free/predictions/T2272s3/chai1,results/20260601_104732_casp15_casp16_unique_lt1000_all_default_msa-free/predictions/T2272s3/chai1/rank_001.pdb,results/20260601_104732_casp15_casp16_unique_lt1000_all_default_msa-free/predictions/T2272s3/chai1/rank_001.pdb,pending,,,,,results/20260601_104732_casp15_casp16_unique_lt1000_all_default_msa-free/logs/T2272s3_chai1.log,,,Check,Check,multiple equivalent chains match,1.000000,1.000000,0.823899,262,318,high,mapped from mmCIF atom_site CA records; 56 aligned positions lack resolved CA atoms,Prot,A1,dystrophin-glycoprotein complex (DGC) PDB code 9c3c,,,,,,,,,,,,,,,,,,,,,,
T2272s3,T2272s3,CASP16,9C3C,b,57,318,1,318,318,318,esmfold,1,results/20260601_104732_casp15_casp16_unique_lt1000_all_default_msa-free/sequences/T2272s3.fasta,results/20260601_104732_casp15_casp16_unique_lt1000_all_default_msa-free/predictions/T2272s3/esmfold,results/20260601_104732_casp15_casp16_unique_lt1000_all_default_msa-free/predictions/T2272s3/esmfold/rank_001.pdb,results/20260601_104732_casp15_casp16_unique_lt1000_all_default_msa-free/predictions/T2272s3/esmfold/rank_001.pdb,pending,,,,,results/20260601_104732_casp15_casp16_unique_lt1000_all_default_msa-free/logs/T2272s3_esmfold.log,,,Check,Check,multiple equivalent chains match,1.000000,1.000000,0.823899,262,318,high,mapped from mmCIF atom_site CA records; 56 aligned positions lack resolved CA atoms,Prot,A1,dystrophin-glycoprotein complex (DGC) PDB code 9c3c,,,,,,,,,,,,,,,,,,,,,,
T2272s3,T2272s3,CASP16,9C3C,b,57,318,1,318,318,318,omegafold,1,results/20260601_104732_casp15_casp16_unique_lt1000_all_default_msa-free/sequences/T2272s3.fasta,results/20260601_104732_casp15_casp16_unique_lt1000_all_default_msa-free/predictions/T2272s3/omegafold,results/20260601_104732_casp15_casp16_unique_lt1000_all_default_msa-free/predictions/T2272s3/omegafold/rank_001.pdb,results/20260601_104732_casp15_casp16_unique_lt1000_all_default_msa-free/predictions/T2272s3/omegafold/rank_001.pdb,pending,,,,,results/20260601_104732_casp15_casp16_unique_lt1000_all_default_msa-free/logs/T2272s3_omegafold.log,,,Check,Check,multiple equivalent chains match,1.000000,1.000000,0.823899,262,318,high,mapped from mmCIF atom_site CA records; 56 aligned positions lack resolved CA atoms,Prot,A1,dystrophin-glycoprotein complex (DGC) PDB code 9c3c,,,,,,,,,,,,,,,,,,,,,,
T2272s4,T2272s4,CASP16,9C3C,d,21,289,1,289,289,289,chai1,1,results/20260601_104732_casp15_casp16_unique_lt1000_all_default_msa-free/sequences/T2272s4.fasta,results/20260601_104732_casp15_casp16_unique_lt1000_all_default_msa-free/predictions/T2272s4/chai1,results/20260601_104732_casp15_casp16_unique_lt1000_all_default_msa-free/predictions/T2272s4/chai1/rank_001.pdb,results/20260601_104732_casp15_casp16_unique_lt1000_all_default_msa-free/predictions/T2272s4/chai1/rank_001.pdb,pending,,,,,results/20260601_104732_casp15_casp16_unique_lt1000_all_default_msa-free/logs/T2272s4_chai1.log,,,Check,Check,multiple equivalent chains match,1.000000,1.000000,0.930796,269,289,high,mapped from mmCIF atom_site CA records; 20 aligned positions lack resolved CA atoms,Prot,A1,dystrophin-glycoprotein complex (DGC) PDB code 9c3c,,,,,,,,,,,,,,,,,,,,,,
T2272s4,T2272s4,CASP16,9C3C,d,21,289,1,289,289,289,esmfold,1,results/20260601_104732_casp15_casp16_unique_lt1000_all_default_msa-free/sequences/T2272s4.fasta,results/20260601_104732_casp15_casp16_unique_lt1000_all_default_msa-free/predictions/T2272s4/esmfold,results/20260601_104732_casp15_casp16_unique_lt1000_all_default_msa-free/predictions/T2272s4/esmfold/rank_001.pdb,results/20260601_104732_casp15_casp16_unique_lt1000_all_default_msa-free/predictions/T2272s4/esmfold/rank_001.pdb,pending,,,,,results/20260601_104732_casp15_casp16_unique_lt1000_all_default_msa-free/logs/T2272s4_esmfold.log,,,Check,Check,multiple equivalent chains match,1.000000,1.000000,0.930796,269,289,high,mapped from mmCIF atom_site CA records; 20 aligned positions lack resolved CA atoms,Prot,A1,dystrophin-glycoprotein complex (DGC) PDB code 9c3c,,,,,,,,,,,,,,,,,,,,,,
T2272s4,T2272s4,CASP16,9C3C,d,21,289,1,289,289,289,omegafold,1,results/20260601_104732_casp15_casp16_unique_lt1000_all_default_msa-free/sequences/T2272s4.fasta,results/20260601_104732_casp15_casp16_unique_lt1000_all_default_msa-free/predictions/T2272s4/omegafold,results/20260601_104732_casp15_casp16_unique_lt1000_all_default_msa-free/predictions/T2272s4/omegafold/rank_001.pdb,results/20260601_104732_casp15_casp16_unique_lt1000_all_default_msa-free/predictions/T2272s4/omegafold/rank_001.pdb,pending,,,,,results/20260601_104732_casp15_casp16_unique_lt1000_all_default_msa-free/logs/T2272s4_omegafold.log,,,Check,Check,multiple equivalent chains match,1.000000,1.000000,0.930796,269,289,high,mapped from mmCIF atom_site CA records; 20 aligned positions lack resolved CA atoms,Prot,A1,dystrophin-glycoprotein complex (DGC) PDB code 9c3c,,,,,,,,,,,,,,,,,,,,,,
T2272s5,T2272s5,CASP16,9C3C,g,28,291,1,291,291,291,chai1,1,results/20260601_104732_casp15_casp16_unique_lt1000_all_default_msa-free/sequences/T2272s5.fasta,results/20260601_104732_casp15_casp16_unique_lt1000_all_default_msa-free/predictions/T2272s5/chai1,results/20260601_104732_casp15_casp16_unique_lt1000_all_default_msa-free/predictions/T2272s5/chai1/rank_001.pdb,results/20260601_104732_casp15_casp16_unique_lt1000_all_default_msa-free/predictions/T2272s5/chai1/rank_001.pdb,pending,,,,,results/20260601_104732_casp15_casp16_unique_lt1000_all_default_msa-free/logs/T2272s5_chai1.log,,,Check,Check,multiple equivalent chains match,1.000000,1.000000,0.907216,264,291,high,mapped from mmCIF atom_site CA records; 27 aligned positions lack resolved CA atoms,Prot,A1,dystrophin-glycoprotein complex (DGC) PDB code 9c3c,,,,,,,,,,,,,,,,,,,,,,
T2272s5,T2272s5,CASP16,9C3C,g,28,291,1,291,291,291,esmfold,1,results/20260601_104732_casp15_casp16_unique_lt1000_all_default_msa-free/sequences/T2272s5.fasta,results/20260601_104732_casp15_casp16_unique_lt1000_all_default_msa-free/predictions/T2272s5/esmfold,results/20260601_104732_casp15_casp16_unique_lt1000_all_default_msa-free/predictions/T2272s5/esmfold/rank_001.pdb,results/20260601_104732_casp15_casp16_unique_lt1000_all_default_msa-free/predictions/T2272s5/esmfold/rank_001.pdb,pending,,,,,results/20260601_104732_casp15_casp16_unique_lt1000_all_default_msa-free/logs/T2272s5_esmfold.log,,,Check,Check,multiple equivalent chains match,1.000000,1.000000,0.907216,264,291,high,mapped from mmCIF atom_site CA records; 27 aligned positions lack resolved CA atoms,Prot,A1,dystrophin-glycoprotein complex (DGC) PDB code 9c3c,,,,,,,,,,,,,,,,,,,,,,
T2272s5,T2272s5,CASP16,9C3C,g,28,291,1,291,291,291,omegafold,1,results/20260601_104732_casp15_casp16_unique_lt1000_all_default_msa-free/sequences/T2272s5.fasta,results/20260601_104732_casp15_casp16_unique_lt1000_all_default_msa-free/predictions/T2272s5/omegafold,results/20260601_104732_casp15_casp16_unique_lt1000_all_default_msa-free/predictions/T2272s5/omegafold/rank_001.pdb,results/20260601_104732_casp15_casp16_unique_lt1000_all_default_msa-free/predictions/T2272s5/omegafold/rank_001.pdb,pending,,,,,results/20260601_104732_casp15_casp16_unique_lt1000_all_default_msa-free/logs/T2272s5_omegafold.log,,,Check,Check,multiple equivalent chains match,1.000000,1.000000,0.907216,264,291,high,mapped from mmCIF atom_site CA records; 27 aligned positions lack resolved CA atoms,Prot,A1,dystrophin-glycoprotein complex (DGC) PDB code 9c3c,,,,,,,,,,,,,,,,,,,,,,
T2272s6,T2272s6,CASP16,9C3C,A,63,653,1,624,624,624,chai1,1,results/20260601_104732_casp15_casp16_unique_lt1000_all_default_msa-free/sequences/T2272s6.fasta,results/20260601_104732_casp15_casp16_unique_lt1000_all_default_msa-free/predictions/T2272s6/chai1,results/20260601_104732_casp15_casp16_unique_lt1000_all_default_msa-free/predictions/T2272s6/chai1/rank_001.pdb,results/20260601_104732_casp15_casp16_unique_lt1000_all_default_msa-free/predictions/T2272s6/chai1/rank_001.pdb,pending,,,,,results/20260601_104732_casp15_casp16_unique_lt1000_all_default_msa-free/logs/T2272s6_chai1.log,,,Check,Check,reference coverage below threshold 0.641,1.000000,1.000000,0.641026,400,624,high,mapped from mmCIF atom_site CA records; 224 aligned positions lack resolved CA atoms,Prot,A1,dystrophin-glycoprotein complex (DGC) PDB code 9c3c,,,,,,,,,,,,,,,,,,,,,,
T2272s6,T2272s6,CASP16,9C3C,A,63,653,1,624,624,624,esmfold,1,results/20260601_104732_casp15_casp16_unique_lt1000_all_default_msa-free/sequences/T2272s6.fasta,results/20260601_104732_casp15_casp16_unique_lt1000_all_default_msa-free/predictions/T2272s6/esmfold,results/20260601_104732_casp15_casp16_unique_lt1000_all_default_msa-free/predictions/T2272s6/esmfold/rank_001.pdb,results/20260601_104732_casp15_casp16_unique_lt1000_all_default_msa-free/predictions/T2272s6/esmfold/rank_001.pdb,pending,,,,,results/20260601_104732_casp15_casp16_unique_lt1000_all_default_msa-free/logs/T2272s6_esmfold.log,,,Check,Check,reference coverage below threshold 0.641,1.000000,1.000000,0.641026,400,624,high,mapped from mmCIF atom_site CA records; 224 aligned positions lack resolved CA atoms,Prot,A1,dystrophin-glycoprotein complex (DGC) PDB code 9c3c,,,,,,,,,,,,,,,,,,,,,,
T2272s6,T2272s6,CASP16,9C3C,A,63,653,1,624,624,624,omegafold,1,results/20260601_104732_casp15_casp16_unique_lt1000_all_default_msa-free/sequences/T2272s6.fasta,results/20260601_104732_casp15_casp16_unique_lt1000_all_default_msa-free/predictions/T2272s6/omegafold,results/20260601_104732_casp15_casp16_unique_lt1000_all_default_msa-free/predictions/T2272s6/omegafold/rank_001.pdb,results/20260601_104732_casp15_casp16_unique_lt1000_all_default_msa-free/predictions/T2272s6/omegafold/rank_001.pdb,pending,,,,,results/20260601_104732_casp15_casp16_unique_lt1000_all_default_msa-free/logs/T2272s6_omegafold.log,,,Check,Check,reference coverage below threshold 0.641,1.000000,1.000000,0.641026,400,624,high,mapped from mmCIF atom_site CA records; 224 aligned positions lack resolved CA atoms,Prot,A1,dystrophin-glycoprotein complex (DGC) PDB code 9c3c,,,,,,,,,,,,,,,,,,,,,,
T2272s7,T2272s7,CASP16,9C3C,B,654,798,1,242,242,242,chai1,1,results/20260601_104732_casp15_casp16_unique_lt1000_all_default_msa-free/sequences/T2272s7.fasta,results/20260601_104732_casp15_casp16_unique_lt1000_all_default_msa-free/predictions/T2272s7/chai1,results/20260601_104732_casp15_casp16_unique_lt1000_all_default_msa-free/predictions/T2272s7/chai1/rank_001.pdb,results/20260601_104732_casp15_casp16_unique_lt1000_all_default_msa-free/predictions/T2272s7/chai1/rank_001.pdb,pending,,,,,results/20260601_104732_casp15_casp16_unique_lt1000_all_default_msa-free/logs/T2272s7_chai1.log,,,No,No,chain mapping below threshold identity=1.000 coverage=0.599,1.000000,0.599174,1.000000,145,145,low,mapped from mmCIF atom_site CA records,Prot,A1,dystrophin-glycoprotein complex (DGC) PDB code 9c3c,,,,,,,,,,,,,,,,,,,,,,
T2272s7,T2272s7,CASP16,9C3C,B,654,798,1,242,242,242,esmfold,1,results/20260601_104732_casp15_casp16_unique_lt1000_all_default_msa-free/sequences/T2272s7.fasta,results/20260601_104732_casp15_casp16_unique_lt1000_all_default_msa-free/predictions/T2272s7/esmfold,results/20260601_104732_casp15_casp16_unique_lt1000_all_default_msa-free/predictions/T2272s7/esmfold/rank_001.pdb,results/20260601_104732_casp15_casp16_unique_lt1000_all_default_msa-free/predictions/T2272s7/esmfold/rank_001.pdb,pending,,,,,results/20260601_104732_casp15_casp16_unique_lt1000_all_default_msa-free/logs/T2272s7_esmfold.log,,,No,No,chain mapping below threshold identity=1.000 coverage=0.599,1.000000,0.599174,1.000000,145,145,low,mapped from mmCIF atom_site CA records,Prot,A1,dystrophin-glycoprotein complex (DGC) PDB code 9c3c,,,,,,,,,,,,,,,,,,,,,,
T2272s7,T2272s7,CASP16,9C3C,B,654,798,1,242,242,242,omegafold,1,results/20260601_104732_casp15_casp16_unique_lt1000_all_default_msa-free/sequences/T2272s7.fasta,results/20260601_104732_casp15_casp16_unique_lt1000_all_default_msa-free/predictions/T2272s7/omegafold,results/20260601_104732_casp15_casp16_unique_lt1000_all_default_msa-free/predictions/T2272s7/omegafold/rank_001.pdb,results/20260601_104732_casp15_casp16_unique_lt1000_all_default_msa-free/predictions/T2272s7/omegafold/rank_001.pdb,pending,,,,,results/20260601_104732_casp15_casp16_unique_lt1000_all_default_msa-free/logs/T2272s7_omegafold.log,,,No,No,chain mapping below threshold identity=1.000 coverage=0.599,1.000000,0.599174,1.000000,145,145,low,mapped from mmCIF atom_site CA records,Prot,A1,dystrophin-glycoprotein complex (DGC) PDB code 9c3c,,,,,,,,,,,,,,,,,,,,,,
T2272s8,T2272s8,CASP16,9C3C,V,1,291,1,818,818,818,chai1,1,results/20260601_104732_casp15_casp16_unique_lt1000_all_default_msa-free/sequences/T2272s8.fasta,results/20260601_104732_casp15_casp16_unique_lt1000_all_default_msa-free/predictions/T2272s8/chai1,results/20260601_104732_casp15_casp16_unique_lt1000_all_default_msa-free/predictions/T2272s8/chai1/rank_001.pdb,results/20260601_104732_casp15_casp16_unique_lt1000_all_default_msa-free/predictions/T2272s8/chai1/rank_001.pdb,pending,,,,,results/20260601_104732_casp15_casp16_unique_lt1000_all_default_msa-free/logs/T2272s8_chai1.log,,,Check,Check,reference coverage below threshold 0.356; multiple equivalent chains match,1.000000,1.000000,0.355746,291,818,high,mapped from mmCIF atom_site CA records; 527 aligned positions lack resolved CA atoms,Prot,A1,dystrophin-glycoprotein complex (DGC) PDB code 9c3c,,,,,,,,,,,,,,,,,,,,,,
T2272s8,T2272s8,CASP16,9C3C,V,1,291,1,818,818,818,esmfold,1,results/20260601_104732_casp15_casp16_unique_lt1000_all_default_msa-free/sequences/T2272s8.fasta,results/20260601_104732_casp15_casp16_unique_lt1000_all_default_msa-free/predictions/T2272s8/esmfold,results/20260601_104732_casp15_casp16_unique_lt1000_all_default_msa-free/predictions/T2272s8/esmfold/rank_001.pdb,results/20260601_104732_casp15_casp16_unique_lt1000_all_default_msa-free/predictions/T2272s8/esmfold/rank_001.pdb,pending,,,,,results/20260601_104732_casp15_casp16_unique_lt1000_all_default_msa-free/logs/T2272s8_esmfold.log,,,Check,Check,reference coverage below threshold 0.356; multiple equivalent chains match,1.000000,1.000000,0.355746,291,818,high,mapped from mmCIF atom_site CA records; 527 aligned positions lack resolved CA atoms,Prot,A1,dystrophin-glycoprotein complex (DGC) PDB code 9c3c,,,,,,,,,,,,,,,,,,,,,,
T2272s8,T2272s8,CASP16,9C3C,V,1,291,1,818,818,818,omegafold,1,results/20260601_104732_casp15_casp16_unique_lt1000_all_default_msa-free/sequences/T2272s8.fasta,results/20260601_104732_casp15_casp16_unique_lt1000_all_default_msa-free/predictions/T2272s8/omegafold,results/20260601_104732_casp15_casp16_unique_lt1000_all_default_msa-free/predictions/T2272s8/omegafold/rank_001.pdb,results/20260601_104732_casp15_casp16_unique_lt1000_all_default_msa-free/predictions/T2272s8/omegafold/rank_001.pdb,pending,,,,,results/20260601_104732_casp15_casp16_unique_lt1000_all_default_msa-free/logs/T2272s8_omegafold.log,,,Check,Check,reference coverage below threshold 0.356; multiple equivalent chains match,1.000000,1.000000,0.355746,291,818,high,mapped from mmCIF atom_site CA records; 527 aligned positions lack resolved CA atoms,Prot,A1,dystrophin-glycoprotein complex (DGC) PDB code 9c3c,,,,,,,,,,,,,,,,,,,,,,
T2272s9,T2272s9,CASP16,9C3C,n,42,216,1,238,238,238,chai1,1,results/20260601_104732_casp15_casp16_unique_lt1000_all_default_msa-free/sequences/T2272s9.fasta,results/20260601_104732_casp15_casp16_unique_lt1000_all_default_msa-free/predictions/T2272s9/chai1,results/20260601_104732_casp15_casp16_unique_lt1000_all_default_msa-free/predictions/T2272s9/chai1/rank_001.pdb,results/20260601_104732_casp15_casp16_unique_lt1000_all_default_msa-free/predictions/T2272s9/chai1/rank_001.pdb,pending,,,,,results/20260601_104732_casp15_casp16_unique_lt1000_all_default_msa-free/logs/T2272s9_chai1.log,,,Check,Check,reference coverage below threshold 0.735; multiple equivalent chains match,1.000000,1.000000,0.735294,175,238,high,mapped from mmCIF atom_site CA records; 63 aligned positions lack resolved CA atoms,Prot,A1,dystrophin-glycoprotein complex (DGC) PDB code 9c3c,,,,,,,,,,,,,,,,,,,,,,
T2272s9,T2272s9,CASP16,9C3C,n,42,216,1,238,238,238,esmfold,1,results/20260601_104732_casp15_casp16_unique_lt1000_all_default_msa-free/sequences/T2272s9.fasta,results/20260601_104732_casp15_casp16_unique_lt1000_all_default_msa-free/predictions/T2272s9/esmfold,results/20260601_104732_casp15_casp16_unique_lt1000_all_default_msa-free/predictions/T2272s9/esmfold/rank_001.pdb,results/20260601_104732_casp15_casp16_unique_lt1000_all_default_msa-free/predictions/T2272s9/esmfold/rank_001.pdb,pending,,,,,results/20260601_104732_casp15_casp16_unique_lt1000_all_default_msa-free/logs/T2272s9_esmfold.log,,,Check,Check,reference coverage below threshold 0.735; multiple equivalent chains match,1.000000,1.000000,0.735294,175,238,high,mapped from mmCIF atom_site CA records; 63 aligned positions lack resolved CA atoms,Prot,A1,dystrophin-glycoprotein complex (DGC) PDB code 9c3c,,,,,,,,,,,,,,,,,,,,,,
T2272s9,T2272s9,CASP16,9C3C,n,42,216,1,238,238,238,omegafold,1,results/20260601_104732_casp15_casp16_unique_lt1000_all_default_msa-free/sequences/T2272s9.fasta,results/20260601_104732_casp15_casp16_unique_lt1000_all_default_msa-free/predictions/T2272s9/omegafold,results/20260601_104732_casp15_casp16_unique_lt1000_all_default_msa-free/predictions/T2272s9/omegafold/rank_001.pdb,results/20260601_104732_casp15_casp16_unique_lt1000_all_default_msa-free/predictions/T2272s9/omegafold/rank_001.pdb,pending,,,,,results/20260601_104732_casp15_casp16_unique_lt1000_all_default_msa-free/logs/T2272s9_omegafold.log,,,Check,Check,reference coverage below threshold 0.735; multiple equivalent chains match,1.000000,1.000000,0.735294,175,238,high,mapped from mmCIF atom_site CA records; 63 aligned positions lack resolved CA atoms,Prot,A1,dystrophin-glycoprotein complex (DGC) PDB code 9c3c,,,,,,,,,,,,,,,,,,,,,,
T2280,T2280,CASP16,9F5M,AAA,615,848,1,237,237,237,chai1,1,results/20260601_104732_casp15_casp16_unique_lt1000_all_default_msa-free/sequences/T2280.fasta,results/20260601_104732_casp15_casp16_unique_lt1000_all_default_msa-free/predictions/T2280/chai1,results/20260601_104732_casp15_casp16_unique_lt1000_all_default_msa-free/predictions/T2280/chai1/rank_001.pdb,results/20260601_104732_casp15_casp16_unique_lt1000_all_default_msa-free/predictions/T2280/chai1/rank_001.pdb,pending,,,,,results/20260601_104732_casp15_casp16_unique_lt1000_all_default_msa-free/logs/T2280_chai1.log,,,Check,Check,multiple equivalent chains match,1.000000,0.991561,0.995745,234,235,high,mapped from mmCIF atom_site CA records; 1 aligned positions lack resolved CA atoms,Prot,A1,C-terminal domain of bacteriophage K gp155 PDB code 9f5m,,,,,,,,,,,,,,,,,,,,,,
T2280,T2280,CASP16,9F5M,AAA,615,848,1,237,237,237,esmfold,1,results/20260601_104732_casp15_casp16_unique_lt1000_all_default_msa-free/sequences/T2280.fasta,results/20260601_104732_casp15_casp16_unique_lt1000_all_default_msa-free/predictions/T2280/esmfold,results/20260601_104732_casp15_casp16_unique_lt1000_all_default_msa-free/predictions/T2280/esmfold/rank_001.pdb,results/20260601_104732_casp15_casp16_unique_lt1000_all_default_msa-free/predictions/T2280/esmfold/rank_001.pdb,pending,,,,,results/20260601_104732_casp15_casp16_unique_lt1000_all_default_msa-free/logs/T2280_esmfold.log,,,Check,Check,multiple equivalent chains match,1.000000,0.991561,0.995745,234,235,high,mapped from mmCIF atom_site CA records; 1 aligned positions lack resolved CA atoms,Prot,A1,C-terminal domain of bacteriophage K gp155 PDB code 9f5m,,,,,,,,,,,,,,,,,,,,,,
T2280,T2280,CASP16,9F5M,AAA,615,848,1,237,237,237,omegafold,1,results/20260601_104732_casp15_casp16_unique_lt1000_all_default_msa-free/sequences/T2280.fasta,results/20260601_104732_casp15_casp16_unique_lt1000_all_default_msa-free/predictions/T2280/omegafold,results/20260601_104732_casp15_casp16_unique_lt1000_all_default_msa-free/predictions/T2280/omegafold/rank_001.pdb,results/20260601_104732_casp15_casp16_unique_lt1000_all_default_msa-free/predictions/T2280/omegafold/rank_001.pdb,pending,,,,,results/20260601_104732_casp15_casp16_unique_lt1000_all_default_msa-free/logs/T2280_omegafold.log,,,Check,Check,multiple equivalent chains match,1.000000,0.991561,0.995745,234,235,high,mapped from mmCIF atom_site CA records; 1 aligned positions lack resolved CA atoms,Prot,A1,C-terminal domain of bacteriophage K gp155 PDB code 9f5m,,,,,,,,,,,,,,,,,,,,,,
