domain_id,target_id,casp_round,pdb_id,chain_id,residue_start,residue_end,sequence_start,sequence_end,target_length,sequence_length,model,rank,input_fasta,output_dir,output_pdb,output_structure,success,return_code,start_time,end_time,runtime_sec,log_file,command,error_message,should_use,target_qc_status,qc_reason,mapping_identity,mapping_coverage,reference_coverage,resolved_ca_count,expected_mapped_residue_count,chain_assignment_confidence,residue_mapping_note,type,stoichiometry,description,msa_used,msa_source,msa_mode,msa_database,msa_database_path,msa_a3m_file,msa_build_runtime_sec,msa_build_carbon_emissions_g,msa_build_energy_consumed_kwh,msa_build_included_in_runtime,msa_build_included_in_carbon,msa_reused,inference_runtime_sec,inference_carbon_emissions_g,inference_energy_consumed_kwh,total_runtime_sec,total_carbon_emissions_g,total_energy_consumed_kwh,shared_msa_source_model,shared_msa_a3m_file,shared_msa_dir,stage_metadata_note,msa_feature_runtime_sec,msa_feature_carbon_emissions_g,msa_feature_energy_consumed_kwh,af2_inference_runtime_sec,af2_inference_carbon_emissions_g,af2_inference_energy_consumed_kwh,af2_db_preset,af2_model_preset,af2_params_dir,af2_data_dir,af2_features_dir
T1104,T1104,CASP15,7ROA,A,58,189,1,117,117,117,chai1,1,results/2026-06-06-combine-8models/sequences/T1104.fasta,results/2026-06-06-combine-8models/predictions/T1104/chai1,results/2026-06-06-combine-8models/predictions/T1104/chai1/rank_001.pdb,results/2026-06-06-combine-8models/predictions/T1104/chai1/rank_001.pdb,true,0,2026-06-01T10:47:32+02:00,2026-06-01T10:55:39+02:00,487,results/2026-06-06-combine-8models/logs/T1104_chai1.log,bash runners/run_chai1.sh results/2026-06-06-combine-8models/sequences/T1104.fasta results/2026-06-06-combine-8models/predictions/T1104/chai1 1,,Yes,Yes,prefiltered A1 protein target with mapped residue range,1.000000,1.000000,0.871212,115,132,high,mapped from mmCIF atom_site CA records; 17 aligned positions lack resolved CA atoms,All groups,A1,EntV136 PDB code 7roa,,,,,,,,,,,,,486.10755472205346,6.762715161189591,0.014237295076188611,486.10755472205346,6.762715161189591,0.014237295076188611,,,,runner CodeCarbon output: results/2026-06-06-combine-8models/predictions/T1104/chai1/carbon/T1104_chai1_inference_emissions.csv,,,,,,,,,,,
T1104,T1104,CASP15,7ROA,A,58,189,1,117,117,117,esmfold,1,results/2026-06-06-combine-8models/sequences/T1104.fasta,results/2026-06-06-combine-8models/predictions/T1104/esmfold,results/2026-06-06-combine-8models/predictions/T1104/esmfold/rank_001.pdb,results/2026-06-06-combine-8models/predictions/T1104/esmfold/rank_001.pdb,true,0,2026-06-01T10:55:39+02:00,2026-06-01T10:56:34+02:00,55,results/2026-06-06-combine-8models/logs/T1104_esmfold.log,bash runners/run_esmfold.sh results/2026-06-06-combine-8models/sequences/T1104.fasta results/2026-06-06-combine-8models/predictions/T1104/esmfold 1,,Yes,Yes,prefiltered A1 protein target with mapped residue range,1.000000,1.000000,0.871212,115,132,high,mapped from mmCIF atom_site CA records; 17 aligned positions lack resolved CA atoms,All groups,A1,EntV136 PDB code 7roa,,,,,,,,,,,,,55.1633777290117,0.7503540707644031,0.0015796927805566382,55.1633777290117,0.7503540707644031,0.0015796927805566382,,,,runner CodeCarbon output: results/2026-06-06-combine-8models/predictions/T1104/esmfold/carbon/T1104_esmfold_inference_emissions.csv,,,,,,,,,,,
T1104,T1104,CASP15,7ROA,A,58,189,1,117,117,117,omegafold,1,results/2026-06-06-combine-8models/sequences/T1104.fasta,results/2026-06-06-combine-8models/predictions/T1104/omegafold,results/2026-06-06-combine-8models/predictions/T1104/omegafold/rank_001.pdb,results/2026-06-06-combine-8models/predictions/T1104/omegafold/rank_001.pdb,true,0,2026-06-01T10:56:34+02:00,2026-06-01T10:56:56+02:00,22,results/2026-06-06-combine-8models/logs/T1104_omegafold.log,bash runners/run_omegafold.sh results/2026-06-06-combine-8models/sequences/T1104.fasta results/2026-06-06-combine-8models/predictions/T1104/omegafold 1,,Yes,Yes,prefiltered A1 protein target with mapped residue range,1.000000,1.000000,0.871212,115,132,high,mapped from mmCIF atom_site CA records; 17 aligned positions lack resolved CA atoms,All groups,A1,EntV136 PDB code 7roa,,,,,,,,,,,,,22.16815384401707,0.5077497323365114,0.0010689468049189714,22.16815384401707,0.5077497323365114,0.0010689468049189714,,,,runner CodeCarbon output: results/2026-06-06-combine-8models/predictions/T1104/omegafold/carbon/T1104_omegafold_inference_emissions.csv,,,,,,,,,,,
T1104,T1104,CASP15,7ROA,A,58,189,1,117,117,117,colabfold,1,results/2026-06-06-combine-8models/sequences/T1104.fasta,results/2026-06-06-combine-8models/predictions/T1104/colabfold,results/2026-06-06-combine-8models/predictions/T1104/colabfold/rank_001.pdb,results/2026-06-06-combine-8models/predictions/T1104/colabfold/rank_001.pdb,true,0,2026-06-03T14:27:00+02:00,2026-06-03T14:36:50+02:00,590,results/2026-06-06-combine-8models/logs/T1104_colabfold.log,bash runners/run_colabfold.sh results/2026-06-06-combine-8models/sequences/T1104.fasta results/2026-06-06-combine-8models/predictions/T1104/colabfold 1,,Yes,Yes,prefiltered A1 protein target with mapped residue range,1.000000,1.000000,0.871212,115,132,high,mapped from mmCIF atom_site CA records; 17 aligned positions lack resolved CA atoms,All groups,A1,EntV136 PDB code 7roa,true,colabfold_mmseqs2,mmseqs2_uniref_env,colabfold,/data/chen/protein_folding_databases/colabfold,results/2026-06-06-combine-8models/predictions/T1104/colabfold/tmp_colabfold_msa_search/T1104_qc_Yes_CASP15_7ROA_A_residue_58-189_seq_1-117_coverage_0.871212.a3m,482,7.350704907507474,0.015475168226331524,true,true,false,108,2.3426301513917873,0.0049318529502985,590.0,9.693335058899262,0.020407021176630024,,,,ColabFold local MMseqs2 MSA search measured separately from colabfold_batch inference.,,,,,,,,,,,
T1104,T1104,CASP15,7ROA,A,58,189,1,117,117,117,boltz2,1,results/2026-06-06-combine-8models/sequences/T1104.fasta,results/2026-06-06-combine-8models/predictions/T1104/boltz2,results/2026-06-06-combine-8models/predictions/T1104/boltz2/rank_001.pdb,results/2026-06-06-combine-8models/predictions/T1104/boltz2/rank_001.pdb,true,0,2026-06-03T14:36:50+02:00,2026-06-03T14:38:39+02:00,109,results/2026-06-06-combine-8models/logs/T1104_boltz2.log,SHARED_MSA_A3M_FILE=results/2026-06-06-combine-8models/predictions/T1104/colabfold/tmp_colabfold/T1104_qc_Yes_CASP15_7ROA_A_residue_58-189_seq_1-117_coverage_0.871212.a3m SHARED_MSA_DIR=results/2026-06-06-combine-8models/predictions/T1104/colabfold/tmp_colabfold SHARED_MSA_METADATA_FILE=results/2026-06-06-combine-8models/metadata/prediction_manifest.csv bash runners/run_boltz2.sh results/2026-06-06-combine-8models/sequences/T1104.fasta results/2026-06-06-combine-8models/predictions/T1104/boltz2 1,,Yes,Yes,prefiltered A1 protein target with mapped residue range,1.000000,1.000000,0.871212,115,132,high,mapped from mmCIF atom_site CA records; 17 aligned positions lack resolved CA atoms,All groups,A1,EntV136 PDB code 7roa,true,colabfold_mmseqs2,mmseqs2_uniref_env,colabfold,/data/chen/protein_folding_databases/colabfold,results/2026-06-06-combine-8models/predictions/T1104/colabfold/tmp_colabfold_msa_search/T1104_qc_Yes_CASP15_7ROA_A_residue_58-189_seq_1-117_coverage_0.871212.a3m,482,7.350704907507474,0.015475168226331524,false,false,true,108.68401826999616,1.6704017025240232,0.00351663516320847,590.6840182699962,9.021106610031497,0.018991803389539992,colabfold,results/2026-06-06-combine-8models/predictions/T1104/colabfold/tmp_colabfold_msa_search/T1104_qc_Yes_CASP15_7ROA_A_residue_58-189_seq_1-117_coverage_0.871212.a3m,results/2026-06-06-combine-8models/predictions/T1104/colabfold/tmp_colabfold,runner CodeCarbon output: results/2026-06-06-combine-8models/predictions/T1104/boltz2/carbon/T1104_boltz2_inference_emissions.csv; Boltz-2 reused the ColabFold A3M; MSA build time/carbon copied from the colabfold row.,,,,,,,,,,,
T1104,T1104,CASP15,7ROA,A,58,189,1,117,117,117,openfold,1,results/2026-06-06-combine-8models/sequences/T1104.fasta,results/2026-06-06-combine-8models/predictions/T1104/openfold,results/2026-06-06-combine-8models/predictions/T1104/openfold/rank_001.pdb,results/2026-06-06-combine-8models/predictions/T1104/openfold/rank_001.pdb,true,0,2026-06-03T14:38:39+02:00,2026-06-03T14:39:01+02:00,22,results/2026-06-06-combine-8models/logs/T1104_openfold.log,SHARED_MSA_A3M_FILE=results/2026-06-06-combine-8models/predictions/T1104/colabfold/tmp_colabfold/T1104_qc_Yes_CASP15_7ROA_A_residue_58-189_seq_1-117_coverage_0.871212.a3m SHARED_MSA_DIR=results/2026-06-06-combine-8models/predictions/T1104/colabfold/tmp_colabfold SHARED_MSA_METADATA_FILE=results/2026-06-06-combine-8models/metadata/prediction_manifest.csv bash runners/run_openfold_shared_msa.sh results/2026-06-06-combine-8models/sequences/T1104.fasta results/2026-06-06-combine-8models/predictions/T1104/openfold 1,,Yes,Yes,prefiltered A1 protein target with mapped residue range,1.000000,1.000000,0.871212,115,132,high,mapped from mmCIF atom_site CA records; 17 aligned positions lack resolved CA atoms,All groups,A1,EntV136 PDB code 7roa,true,colabfold_mmseqs2,mmseqs2_uniref_env,colabfold,/data/chen/protein_folding_databases/colabfold,results/2026-06-06-combine-8models/predictions/T1104/colabfold/tmp_colabfold_msa_search/T1104_qc_Yes_CASP15_7ROA_A_residue_58-189_seq_1-117_coverage_0.871212.a3m,482,7.350704907507474,0.015475168226331524,false,false,true,21.60893233004026,0.5280962018869954,0.0011117814776568323,503.60893233004026,7.87880110939447,0.016586949703988357,colabfold,results/2026-06-06-combine-8models/predictions/T1104/colabfold/tmp_colabfold_msa_search/T1104_qc_Yes_CASP15_7ROA_A_residue_58-189_seq_1-117_coverage_0.871212.a3m,results/2026-06-06-combine-8models/predictions/T1104/colabfold/tmp_colabfold,runner CodeCarbon output: results/2026-06-06-combine-8models/predictions/T1104/openfold/carbon/T1104_openfold_inference_emissions.csv; OpenFold reused the ColabFold A3M; MSA build time/carbon copied from the colabfold row.,,,,,,,,,,,
T1104,T1104,CASP15,7ROA,A,58,189,1,117,117,117,protenix,1,results/2026-06-06-combine-8models/sequences/T1104.fasta,results/2026-06-06-combine-8models/predictions/T1104/protenix,results/2026-06-06-combine-8models/predictions/T1104/protenix/rank_001.pdb,results/2026-06-06-combine-8models/predictions/T1104/protenix/rank_001.pdb,true,0,2026-06-03T14:39:01+02:00,2026-06-03T14:40:22+02:00,81,results/2026-06-06-combine-8models/logs/T1104_protenix.log,SHARED_MSA_A3M_FILE=results/2026-06-06-combine-8models/predictions/T1104/colabfold/tmp_colabfold/T1104_qc_Yes_CASP15_7ROA_A_residue_58-189_seq_1-117_coverage_0.871212.a3m SHARED_MSA_DIR=results/2026-06-06-combine-8models/predictions/T1104/colabfold/tmp_colabfold SHARED_MSA_METADATA_FILE=results/2026-06-06-combine-8models/metadata/prediction_manifest.csv bash runners/run_protenix_shared_msa.sh results/2026-06-06-combine-8models/sequences/T1104.fasta results/2026-06-06-combine-8models/predictions/T1104/protenix 1,,Yes,Yes,prefiltered A1 protein target with mapped residue range,1.000000,1.000000,0.871212,115,132,high,mapped from mmCIF atom_site CA records; 17 aligned positions lack resolved CA atoms,All groups,A1,EntV136 PDB code 7roa,true,colabfold_mmseqs2,mmseqs2_uniref_env,colabfold,/data/chen/protein_folding_databases/colabfold,results/2026-06-06-combine-8models/predictions/T1104/colabfold/tmp_colabfold_msa_search/T1104_qc_Yes_CASP15_7ROA_A_residue_58-189_seq_1-117_coverage_0.871212.a3m,482,7.350704907507474,0.015475168226331524,false,false,true,81.12402988492977,1.212709616715177,0.0025530728772951094,563.1240298849298,8.563414524222651,0.018028241103626632,colabfold,results/2026-06-06-combine-8models/predictions/T1104/colabfold/tmp_colabfold_msa_search/T1104_qc_Yes_CASP15_7ROA_A_residue_58-189_seq_1-117_coverage_0.871212.a3m,results/2026-06-06-combine-8models/predictions/T1104/colabfold/tmp_colabfold,runner CodeCarbon output: results/2026-06-06-combine-8models/predictions/T1104/protenix/carbon/T1104_protenix_inference_emissions.csv; Protenix reused the ColabFold A3M; MSA build time/carbon copied from the colabfold row.,,,,,,,,,,,
T1104,T1104,CASP15,7ROA,A,58,189,1,117,117,117,af2,1,results/2026-06-06-combine-8models/sequences/T1104.fasta,results/2026-06-06-combine-8models/predictions/T1104/af2,results/2026-06-06-combine-8models/predictions/T1104/af2/rank_001.pdb,results/2026-06-06-combine-8models/predictions/T1104/af2/rank_001.pdb,true,0,,,,results/2026-06-06-combine-8models/logs/T1104_af2.log,bash runners/run_af2.sh results/2026-06-06-combine-8models/sequences/T1104.fasta results/2026-06-06-combine-8models/predictions/T1104/af2 1,skipped existing success,Yes,Yes,prefiltered A1 protein target with mapped residue range,1.000000,1.000000,0.871212,115,132,high,mapped from mmCIF atom_site CA records; 17 aligned positions lack resolved CA atoms,All groups,A1,EntV136 PDB code 7roa,true,alphafold2_default,official_af2_database_search,alphafold,/data/chen/protein_folding_databases/alphafold,,1040.379951,27.048911345309097,0.05694507651644021,true,true,false,110.992000,3.2751721087968098,0.006895099176414336,1151.3719509999999,30.324083454105907,0.06384017569285455,,,,,1040.379951,27.048911345309097,0.05694507651644021,110.992000,3.2751721087968098,0.006895099176414336,full_dbs,monomer,/data/chen/protein_folding_databases/alphafold/params,/data/chen/protein_folding_databases/alphafold,results/2026-06-06-combine-8models/predictions/T1104/af2/af2_features
T1106s1,T1106s1,CASP15,7QIH,B,50,120,1,122,122,122,chai1,1,results/2026-06-06-combine-8models/sequences/T1106s1.fasta,results/2026-06-06-combine-8models/predictions/T1106s1/chai1,results/2026-06-06-combine-8models/predictions/T1106s1/chai1/rank_001.pdb,results/2026-06-06-combine-8models/predictions/T1106s1/chai1/rank_001.pdb,true,0,2026-06-01T10:56:56+02:00,2026-06-01T11:04:51+02:00,475,results/2026-06-06-combine-8models/logs/T1106s1_chai1.log,bash runners/run_chai1.sh results/2026-06-06-combine-8models/sequences/T1106s1.fasta results/2026-06-06-combine-8models/predictions/T1106s1/chai1 1,,No,No,chain mapping below threshold identity=1.000 coverage=0.615; multiple equivalent chains match,1.000000,0.614754,0.946667,71,75,low,mapped from mmCIF atom_site CA records; 4 aligned positions lack resolved CA atoms,All groups,A1,YscY-YscX PDB code 7qih,,,,,,,,,,,,,474.17120799596887,6.6838727617808,0.014071311077433264,474.17120799596887,6.6838727617808,0.014071311077433264,,,,runner CodeCarbon output: results/2026-06-06-combine-8models/predictions/T1106s1/chai1/carbon/T1106s1_chai1_inference_emissions.csv,,,,,,,,,,,
T1106s1,T1106s1,CASP15,7QIH,B,50,120,1,122,122,122,esmfold,1,results/2026-06-06-combine-8models/sequences/T1106s1.fasta,results/2026-06-06-combine-8models/predictions/T1106s1/esmfold,results/2026-06-06-combine-8models/predictions/T1106s1/esmfold/rank_001.pdb,results/2026-06-06-combine-8models/predictions/T1106s1/esmfold/rank_001.pdb,true,0,2026-06-01T11:04:51+02:00,2026-06-01T11:05:47+02:00,56,results/2026-06-06-combine-8models/logs/T1106s1_esmfold.log,bash runners/run_esmfold.sh results/2026-06-06-combine-8models/sequences/T1106s1.fasta results/2026-06-06-combine-8models/predictions/T1106s1/esmfold 1,,No,No,chain mapping below threshold identity=1.000 coverage=0.615; multiple equivalent chains match,1.000000,0.614754,0.946667,71,75,low,mapped from mmCIF atom_site CA records; 4 aligned positions lack resolved CA atoms,All groups,A1,YscY-YscX PDB code 7qih,,,,,,,,,,,,,56.09442822600249,0.765211020189882,0.001610970568820804,56.09442822600249,0.765211020189882,0.001610970568820804,,,,runner CodeCarbon output: results/2026-06-06-combine-8models/predictions/T1106s1/esmfold/carbon/T1106s1_esmfold_inference_emissions.csv,,,,,,,,,,,
T1106s1,T1106s1,CASP15,7QIH,B,50,120,1,122,122,122,omegafold,1,results/2026-06-06-combine-8models/sequences/T1106s1.fasta,results/2026-06-06-combine-8models/predictions/T1106s1/omegafold,results/2026-06-06-combine-8models/predictions/T1106s1/omegafold/rank_001.pdb,results/2026-06-06-combine-8models/predictions/T1106s1/omegafold/rank_001.pdb,true,0,2026-06-01T11:05:47+02:00,2026-06-01T11:06:10+02:00,23,results/2026-06-06-combine-8models/logs/T1106s1_omegafold.log,bash runners/run_omegafold.sh results/2026-06-06-combine-8models/sequences/T1106s1.fasta results/2026-06-06-combine-8models/predictions/T1106s1/omegafold 1,,No,No,chain mapping below threshold identity=1.000 coverage=0.615; multiple equivalent chains match,1.000000,0.614754,0.946667,71,75,low,mapped from mmCIF atom_site CA records; 4 aligned positions lack resolved CA atoms,All groups,A1,YscY-YscX PDB code 7qih,,,,,,,,,,,,,22.879897242004517,0.520534958717842,0.0010958630709849305,22.879897242004517,0.520534958717842,0.0010958630709849305,,,,runner CodeCarbon output: results/2026-06-06-combine-8models/predictions/T1106s1/omegafold/carbon/T1106s1_omegafold_inference_emissions.csv,,,,,,,,,,,
T1106s1,T1106s1,CASP15,7QIH,B,50,120,1,122,122,122,colabfold,1,results/2026-06-06-combine-8models/sequences/T1106s1.fasta,results/2026-06-06-combine-8models/predictions/T1106s1/colabfold,results/2026-06-06-combine-8models/predictions/T1106s1/colabfold/rank_001.pdb,results/2026-06-06-combine-8models/predictions/T1106s1/colabfold/rank_001.pdb,true,0,2026-06-03T14:40:22+02:00,2026-06-03T14:50:36+02:00,614,results/2026-06-06-combine-8models/logs/T1106s1_colabfold.log,bash runners/run_colabfold.sh results/2026-06-06-combine-8models/sequences/T1106s1.fasta results/2026-06-06-combine-8models/predictions/T1106s1/colabfold 1,,No,No,chain mapping below threshold identity=1.000 coverage=0.615; multiple equivalent chains match,1.000000,0.614754,0.946667,71,75,low,mapped from mmCIF atom_site CA records; 4 aligned positions lack resolved CA atoms,All groups,A1,YscY-YscX PDB code 7qih,true,colabfold_mmseqs2,mmseqs2_uniref_env,colabfold,/data/chen/protein_folding_databases/colabfold,results/2026-06-06-combine-8models/predictions/T1106s1/colabfold/tmp_colabfold_msa_search/T1106s1_qc_No_CASP15_7QIH_B_residue_50-120_seq_1-122_coverage_0.946667.a3m,495,7.709543275974767,0.016230617423104773,true,true,false,118,2.5189355044388355,0.005303022114608075,613.0,10.228478780413603,0.021533639537712847,,,,ColabFold local MMseqs2 MSA search measured separately from colabfold_batch inference.,,,,,,,,,,,
T1106s1,T1106s1,CASP15,7QIH,B,50,120,1,122,122,122,boltz2,1,results/2026-06-06-combine-8models/sequences/T1106s1.fasta,results/2026-06-06-combine-8models/predictions/T1106s1/boltz2,results/2026-06-06-combine-8models/predictions/T1106s1/boltz2/rank_001.pdb,results/2026-06-06-combine-8models/predictions/T1106s1/boltz2/rank_001.pdb,true,0,2026-06-03T14:50:37+02:00,2026-06-03T14:52:28+02:00,111,results/2026-06-06-combine-8models/logs/T1106s1_boltz2.log,SHARED_MSA_A3M_FILE=results/2026-06-06-combine-8models/predictions/T1106s1/colabfold/tmp_colabfold/T1106s1_qc_No_CASP15_7QIH_B_residue_50-120_seq_1-122_coverage_0.946667.a3m SHARED_MSA_DIR=results/2026-06-06-combine-8models/predictions/T1106s1/colabfold/tmp_colabfold SHARED_MSA_METADATA_FILE=results/2026-06-06-combine-8models/metadata/prediction_manifest.csv bash runners/run_boltz2.sh results/2026-06-06-combine-8models/sequences/T1106s1.fasta results/2026-06-06-combine-8models/predictions/T1106s1/boltz2 1,,No,No,chain mapping below threshold identity=1.000 coverage=0.615; multiple equivalent chains match,1.000000,0.614754,0.946667,71,75,low,mapped from mmCIF atom_site CA records; 4 aligned positions lack resolved CA atoms,All groups,A1,YscY-YscX PDB code 7qih,true,colabfold_mmseqs2,mmseqs2_uniref_env,colabfold,/data/chen/protein_folding_databases/colabfold,results/2026-06-06-combine-8models/predictions/T1106s1/colabfold/tmp_colabfold_msa_search/T1106s1_qc_No_CASP15_7QIH_B_residue_50-120_seq_1-122_coverage_0.946667.a3m,495,7.709543275974767,0.016230617423104773,false,false,true,110.94822588993702,1.702366669426813,0.0035839298303722376,605.948225889937,9.411909945401579,0.019814547253477012,colabfold,results/2026-06-06-combine-8models/predictions/T1106s1/colabfold/tmp_colabfold_msa_search/T1106s1_qc_No_CASP15_7QIH_B_residue_50-120_seq_1-122_coverage_0.946667.a3m,results/2026-06-06-combine-8models/predictions/T1106s1/colabfold/tmp_colabfold,runner CodeCarbon output: results/2026-06-06-combine-8models/predictions/T1106s1/boltz2/carbon/T1106s1_boltz2_inference_emissions.csv; Boltz-2 reused the ColabFold A3M; MSA build time/carbon copied from the colabfold row.,,,,,,,,,,,
T1106s1,T1106s1,CASP15,7QIH,B,50,120,1,122,122,122,openfold,1,results/2026-06-06-combine-8models/sequences/T1106s1.fasta,results/2026-06-06-combine-8models/predictions/T1106s1/openfold,results/2026-06-06-combine-8models/predictions/T1106s1/openfold/rank_001.pdb,results/2026-06-06-combine-8models/predictions/T1106s1/openfold/rank_001.pdb,true,0,2026-06-03T14:52:28+02:00,2026-06-03T14:52:50+02:00,22,results/2026-06-06-combine-8models/logs/T1106s1_openfold.log,SHARED_MSA_A3M_FILE=results/2026-06-06-combine-8models/predictions/T1106s1/colabfold/tmp_colabfold/T1106s1_qc_No_CASP15_7QIH_B_residue_50-120_seq_1-122_coverage_0.946667.a3m SHARED_MSA_DIR=results/2026-06-06-combine-8models/predictions/T1106s1/colabfold/tmp_colabfold SHARED_MSA_METADATA_FILE=results/2026-06-06-combine-8models/metadata/prediction_manifest.csv bash runners/run_openfold_shared_msa.sh results/2026-06-06-combine-8models/sequences/T1106s1.fasta results/2026-06-06-combine-8models/predictions/T1106s1/openfold 1,,No,No,chain mapping below threshold identity=1.000 coverage=0.615; multiple equivalent chains match,1.000000,0.614754,0.946667,71,75,low,mapped from mmCIF atom_site CA records; 4 aligned positions lack resolved CA atoms,All groups,A1,YscY-YscX PDB code 7qih,true,colabfold_mmseqs2,mmseqs2_uniref_env,colabfold,/data/chen/protein_folding_databases/colabfold,results/2026-06-06-combine-8models/predictions/T1106s1/colabfold/tmp_colabfold_msa_search/T1106s1_qc_No_CASP15_7QIH_B_residue_50-120_seq_1-122_coverage_0.946667.a3m,495,7.709543275974767,0.016230617423104773,false,false,true,22.094265829073265,0.5383500283112366,0.0011333684806552348,517.0942658290733,8.247893304286004,0.017363985903760006,colabfold,results/2026-06-06-combine-8models/predictions/T1106s1/colabfold/tmp_colabfold_msa_search/T1106s1_qc_No_CASP15_7QIH_B_residue_50-120_seq_1-122_coverage_0.946667.a3m,results/2026-06-06-combine-8models/predictions/T1106s1/colabfold/tmp_colabfold,runner CodeCarbon output: results/2026-06-06-combine-8models/predictions/T1106s1/openfold/carbon/T1106s1_openfold_inference_emissions.csv; OpenFold reused the ColabFold A3M; MSA build time/carbon copied from the colabfold row.,,,,,,,,,,,
T1106s1,T1106s1,CASP15,7QIH,B,50,120,1,122,122,122,protenix,1,results/2026-06-06-combine-8models/sequences/T1106s1.fasta,results/2026-06-06-combine-8models/predictions/T1106s1/protenix,results/2026-06-06-combine-8models/predictions/T1106s1/protenix/rank_001.pdb,results/2026-06-06-combine-8models/predictions/T1106s1/protenix/rank_001.pdb,true,0,2026-06-03T14:52:50+02:00,2026-06-03T14:54:13+02:00,83,results/2026-06-06-combine-8models/logs/T1106s1_protenix.log,SHARED_MSA_A3M_FILE=results/2026-06-06-combine-8models/predictions/T1106s1/colabfold/tmp_colabfold/T1106s1_qc_No_CASP15_7QIH_B_residue_50-120_seq_1-122_coverage_0.946667.a3m SHARED_MSA_DIR=results/2026-06-06-combine-8models/predictions/T1106s1/colabfold/tmp_colabfold SHARED_MSA_METADATA_FILE=results/2026-06-06-combine-8models/metadata/prediction_manifest.csv bash runners/run_protenix_shared_msa.sh results/2026-06-06-combine-8models/sequences/T1106s1.fasta results/2026-06-06-combine-8models/predictions/T1106s1/protenix 1,,No,No,chain mapping below threshold identity=1.000 coverage=0.615; multiple equivalent chains match,1.000000,0.614754,0.946667,71,75,low,mapped from mmCIF atom_site CA records; 4 aligned positions lack resolved CA atoms,All groups,A1,YscY-YscX PDB code 7qih,true,colabfold_mmseqs2,mmseqs2_uniref_env,colabfold,/data/chen/protein_folding_databases/colabfold,results/2026-06-06-combine-8models/predictions/T1106s1/colabfold/tmp_colabfold_msa_search/T1106s1_qc_No_CASP15_7QIH_B_residue_50-120_seq_1-122_coverage_0.946667.a3m,495,7.709543275974767,0.016230617423104773,false,false,true,82.31329041300341,1.2547042365522736,0.0026414826032679444,577.3132904130034,8.96424751252704,0.018872100026372716,colabfold,results/2026-06-06-combine-8models/predictions/T1106s1/colabfold/tmp_colabfold_msa_search/T1106s1_qc_No_CASP15_7QIH_B_residue_50-120_seq_1-122_coverage_0.946667.a3m,results/2026-06-06-combine-8models/predictions/T1106s1/colabfold/tmp_colabfold,runner CodeCarbon output: results/2026-06-06-combine-8models/predictions/T1106s1/protenix/carbon/T1106s1_protenix_inference_emissions.csv; Protenix reused the ColabFold A3M; MSA build time/carbon copied from the colabfold row.,,,,,,,,,,,
T1106s1,T1106s1,CASP15,7QIH,B,50,120,1,122,122,122,af2,1,results/2026-06-06-combine-8models/sequences/T1106s1.fasta,results/2026-06-06-combine-8models/predictions/T1106s1/af2,results/2026-06-06-combine-8models/predictions/T1106s1/af2/rank_001.pdb,results/2026-06-06-combine-8models/predictions/T1106s1/af2/rank_001.pdb,true,0,,,,results/2026-06-06-combine-8models/logs/T1106s1_af2.log,bash runners/run_af2.sh results/2026-06-06-combine-8models/sequences/T1106s1.fasta results/2026-06-06-combine-8models/predictions/T1106s1/af2 1,skipped existing success,No,No,chain mapping below threshold identity=1.000 coverage=0.615; multiple equivalent chains match,1.000000,0.614754,0.946667,71,75,low,mapped from mmCIF atom_site CA records; 4 aligned positions lack resolved CA atoms,All groups,A1,YscY-YscX PDB code 7qih,true,alphafold2_default,official_af2_database_search,alphafold,/data/chen/protein_folding_databases/alphafold,,1013.433652,26.501233673908224,0.055792070892438365,true,true,false,106.003626,3.326938593232251,0.0070040812489100025,1119.437278,29.828172267140474,0.06279615214134837,,,,,1013.433652,26.501233673908224,0.055792070892438365,106.003626,3.326938593232251,0.0070040812489100025,full_dbs,monomer,/data/chen/protein_folding_databases/alphafold/params,/data/chen/protein_folding_databases/alphafold,results/2026-06-06-combine-8models/predictions/T1106s1/af2/af2_features
T1106s2,T1106s2,CASP15,7QIH,A,2,112,1,114,114,114,chai1,1,results/2026-06-06-combine-8models/sequences/T1106s2.fasta,results/2026-06-06-combine-8models/predictions/T1106s2/chai1,results/2026-06-06-combine-8models/predictions/T1106s2/chai1/rank_001.pdb,results/2026-06-06-combine-8models/predictions/T1106s2/chai1/rank_001.pdb,true,0,2026-06-01T11:06:10+02:00,2026-06-01T11:13:44+02:00,454,results/2026-06-06-combine-8models/logs/T1106s2_chai1.log,bash runners/run_chai1.sh results/2026-06-06-combine-8models/sequences/T1106s2.fasta results/2026-06-06-combine-8models/predictions/T1106s2/chai1 1,,Check,Check,multiple equivalent chains match,1.000000,1.000000,0.909836,111,122,high,mapped from mmCIF atom_site CA records; 11 aligned positions lack resolved CA atoms,All groups,A1,YscY-YscX PDB code 7qih,,,,,,,,,,,,,453.74739741301164,6.417132675952586,0.013509753002005444,453.74739741301164,6.417132675952586,0.013509753002005444,,,,runner CodeCarbon output: results/2026-06-06-combine-8models/predictions/T1106s2/chai1/carbon/T1106s2_chai1_inference_emissions.csv,,,,,,,,,,,
T1106s2,T1106s2,CASP15,7QIH,A,2,112,1,114,114,114,esmfold,1,results/2026-06-06-combine-8models/sequences/T1106s2.fasta,results/2026-06-06-combine-8models/predictions/T1106s2/esmfold,results/2026-06-06-combine-8models/predictions/T1106s2/esmfold/rank_001.pdb,results/2026-06-06-combine-8models/predictions/T1106s2/esmfold/rank_001.pdb,true,0,2026-06-01T11:13:44+02:00,2026-06-01T11:14:39+02:00,55,results/2026-06-06-combine-8models/logs/T1106s2_esmfold.log,bash runners/run_esmfold.sh results/2026-06-06-combine-8models/sequences/T1106s2.fasta results/2026-06-06-combine-8models/predictions/T1106s2/esmfold 1,,Check,Check,multiple equivalent chains match,1.000000,1.000000,0.909836,111,122,high,mapped from mmCIF atom_site CA records; 11 aligned positions lack resolved CA atoms,All groups,A1,YscY-YscX PDB code 7qih,,,,,,,,,,,,,54.15181509195827,0.7324496060623786,0.0015419991706576393,54.15181509195827,0.7324496060623786,0.0015419991706576393,,,,runner CodeCarbon output: results/2026-06-06-combine-8models/predictions/T1106s2/esmfold/carbon/T1106s2_esmfold_inference_emissions.csv,,,,,,,,,,,
T1106s2,T1106s2,CASP15,7QIH,A,2,112,1,114,114,114,omegafold,1,results/2026-06-06-combine-8models/sequences/T1106s2.fasta,results/2026-06-06-combine-8models/predictions/T1106s2/omegafold,results/2026-06-06-combine-8models/predictions/T1106s2/omegafold/rank_001.pdb,results/2026-06-06-combine-8models/predictions/T1106s2/omegafold/rank_001.pdb,true,0,2026-06-01T11:14:39+02:00,2026-06-01T11:15:01+02:00,22,results/2026-06-06-combine-8models/logs/T1106s2_omegafold.log,bash runners/run_omegafold.sh results/2026-06-06-combine-8models/sequences/T1106s2.fasta results/2026-06-06-combine-8models/predictions/T1106s2/omegafold 1,,Check,Check,multiple equivalent chains match,1.000000,1.000000,0.909836,111,122,high,mapped from mmCIF atom_site CA records; 11 aligned positions lack resolved CA atoms,All groups,A1,YscY-YscX PDB code 7qih,,,,,,,,,,,,,22.00924927496817,0.48857105184577815,0.001028570635464796,22.00924927496817,0.48857105184577815,0.001028570635464796,,,,runner CodeCarbon output: results/2026-06-06-combine-8models/predictions/T1106s2/omegafold/carbon/T1106s2_omegafold_inference_emissions.csv,,,,,,,,,,,
T1106s2,T1106s2,CASP15,7QIH,A,2,112,1,114,114,114,colabfold,1,results/2026-06-06-combine-8models/sequences/T1106s2.fasta,results/2026-06-06-combine-8models/predictions/T1106s2/colabfold,results/2026-06-06-combine-8models/predictions/T1106s2/colabfold/rank_001.pdb,results/2026-06-06-combine-8models/predictions/T1106s2/colabfold/rank_001.pdb,true,0,2026-06-03T14:54:13+02:00,2026-06-03T15:04:48+02:00,635,results/2026-06-06-combine-8models/logs/T1106s2_colabfold.log,bash runners/run_colabfold.sh results/2026-06-06-combine-8models/sequences/T1106s2.fasta results/2026-06-06-combine-8models/predictions/T1106s2/colabfold 1,,Check,Check,multiple equivalent chains match,1.000000,1.000000,0.909836,111,122,high,mapped from mmCIF atom_site CA records; 11 aligned positions lack resolved CA atoms,All groups,A1,YscY-YscX PDB code 7qih,true,colabfold_mmseqs2,mmseqs2_uniref_env,colabfold,/data/chen/protein_folding_databases/colabfold,results/2026-06-06-combine-8models/predictions/T1106s2/colabfold/tmp_colabfold_msa_search/T1106s2_qc_Check_CASP15_7QIH_A_residue_2-112_seq_1-114_coverage_0.909836.a3m,514,7.981798740830475,0.016803786822801002,true,true,false,121,2.5854669643250094,0.005443088345947388,635.0,10.567265705155485,0.02224687516874839,,,,ColabFold local MMseqs2 MSA search measured separately from colabfold_batch inference.,,,,,,,,,,,
T1106s2,T1106s2,CASP15,7QIH,A,2,112,1,114,114,114,boltz2,1,results/2026-06-06-combine-8models/sequences/T1106s2.fasta,results/2026-06-06-combine-8models/predictions/T1106s2/boltz2,results/2026-06-06-combine-8models/predictions/T1106s2/boltz2/rank_001.pdb,results/2026-06-06-combine-8models/predictions/T1106s2/boltz2/rank_001.pdb,true,0,2026-06-03T15:04:48+02:00,2026-06-03T15:06:35+02:00,107,results/2026-06-06-combine-8models/logs/T1106s2_boltz2.log,SHARED_MSA_A3M_FILE=results/2026-06-06-combine-8models/predictions/T1106s2/colabfold/tmp_colabfold/T1106s2_qc_Check_CASP15_7QIH_A_residue_2-112_seq_1-114_coverage_0.909836.a3m SHARED_MSA_DIR=results/2026-06-06-combine-8models/predictions/T1106s2/colabfold/tmp_colabfold SHARED_MSA_METADATA_FILE=results/2026-06-06-combine-8models/metadata/prediction_manifest.csv bash runners/run_boltz2.sh results/2026-06-06-combine-8models/sequences/T1106s2.fasta results/2026-06-06-combine-8models/predictions/T1106s2/boltz2 1,,Check,Check,multiple equivalent chains match,1.000000,1.000000,0.909836,111,122,high,mapped from mmCIF atom_site CA records; 11 aligned positions lack resolved CA atoms,All groups,A1,YscY-YscX PDB code 7qih,true,colabfold_mmseqs2,mmseqs2_uniref_env,colabfold,/data/chen/protein_folding_databases/colabfold,results/2026-06-06-combine-8models/predictions/T1106s2/colabfold/tmp_colabfold_msa_search/T1106s2_qc_Check_CASP15_7QIH_A_residue_2-112_seq_1-114_coverage_0.909836.a3m,514,7.981798740830475,0.016803786822801002,false,false,true,107.08690567105077,1.6620922964683738,0.0034991416767755235,621.0869056710508,9.643891037298848,0.020302928499576524,colabfold,results/2026-06-06-combine-8models/predictions/T1106s2/colabfold/tmp_colabfold_msa_search/T1106s2_qc_Check_CASP15_7QIH_A_residue_2-112_seq_1-114_coverage_0.909836.a3m,results/2026-06-06-combine-8models/predictions/T1106s2/colabfold/tmp_colabfold,runner CodeCarbon output: results/2026-06-06-combine-8models/predictions/T1106s2/boltz2/carbon/T1106s2_boltz2_inference_emissions.csv; Boltz-2 reused the ColabFold A3M; MSA build time/carbon copied from the colabfold row.,,,,,,,,,,,
T1106s2,T1106s2,CASP15,7QIH,A,2,112,1,114,114,114,openfold,1,results/2026-06-06-combine-8models/sequences/T1106s2.fasta,results/2026-06-06-combine-8models/predictions/T1106s2/openfold,results/2026-06-06-combine-8models/predictions/T1106s2/openfold/rank_001.pdb,results/2026-06-06-combine-8models/predictions/T1106s2/openfold/rank_001.pdb,true,0,2026-06-03T15:06:36+02:00,2026-06-03T15:06:57+02:00,21,results/2026-06-06-combine-8models/logs/T1106s2_openfold.log,SHARED_MSA_A3M_FILE=results/2026-06-06-combine-8models/predictions/T1106s2/colabfold/tmp_colabfold/T1106s2_qc_Check_CASP15_7QIH_A_residue_2-112_seq_1-114_coverage_0.909836.a3m SHARED_MSA_DIR=results/2026-06-06-combine-8models/predictions/T1106s2/colabfold/tmp_colabfold SHARED_MSA_METADATA_FILE=results/2026-06-06-combine-8models/metadata/prediction_manifest.csv bash runners/run_openfold_shared_msa.sh results/2026-06-06-combine-8models/sequences/T1106s2.fasta results/2026-06-06-combine-8models/predictions/T1106s2/openfold 1,,Check,Check,multiple equivalent chains match,1.000000,1.000000,0.909836,111,122,high,mapped from mmCIF atom_site CA records; 11 aligned positions lack resolved CA atoms,All groups,A1,YscY-YscX PDB code 7qih,true,colabfold_mmseqs2,mmseqs2_uniref_env,colabfold,/data/chen/protein_folding_databases/colabfold,results/2026-06-06-combine-8models/predictions/T1106s2/colabfold/tmp_colabfold_msa_search/T1106s2_qc_Check_CASP15_7QIH_A_residue_2-112_seq_1-114_coverage_0.909836.a3m,514,7.981798740830475,0.016803786822801002,false,false,true,21.284495083033107,0.5117260826772384,0.0010773180687941861,535.2844950830331,8.493524823507713,0.01788110489159519,colabfold,results/2026-06-06-combine-8models/predictions/T1106s2/colabfold/tmp_colabfold_msa_search/T1106s2_qc_Check_CASP15_7QIH_A_residue_2-112_seq_1-114_coverage_0.909836.a3m,results/2026-06-06-combine-8models/predictions/T1106s2/colabfold/tmp_colabfold,runner CodeCarbon output: results/2026-06-06-combine-8models/predictions/T1106s2/openfold/carbon/T1106s2_openfold_inference_emissions.csv; OpenFold reused the ColabFold A3M; MSA build time/carbon copied from the colabfold row.,,,,,,,,,,,
T1106s2,T1106s2,CASP15,7QIH,A,2,112,1,114,114,114,protenix,1,results/2026-06-06-combine-8models/sequences/T1106s2.fasta,results/2026-06-06-combine-8models/predictions/T1106s2/protenix,results/2026-06-06-combine-8models/predictions/T1106s2/protenix/rank_001.pdb,results/2026-06-06-combine-8models/predictions/T1106s2/protenix/rank_001.pdb,true,0,2026-06-03T15:06:57+02:00,2026-06-03T15:08:20+02:00,83,results/2026-06-06-combine-8models/logs/T1106s2_protenix.log,SHARED_MSA_A3M_FILE=results/2026-06-06-combine-8models/predictions/T1106s2/colabfold/tmp_colabfold/T1106s2_qc_Check_CASP15_7QIH_A_residue_2-112_seq_1-114_coverage_0.909836.a3m SHARED_MSA_DIR=results/2026-06-06-combine-8models/predictions/T1106s2/colabfold/tmp_colabfold SHARED_MSA_METADATA_FILE=results/2026-06-06-combine-8models/metadata/prediction_manifest.csv bash runners/run_protenix_shared_msa.sh results/2026-06-06-combine-8models/sequences/T1106s2.fasta results/2026-06-06-combine-8models/predictions/T1106s2/protenix 1,,Check,Check,multiple equivalent chains match,1.000000,1.000000,0.909836,111,122,high,mapped from mmCIF atom_site CA records; 11 aligned positions lack resolved CA atoms,All groups,A1,YscY-YscX PDB code 7qih,true,colabfold_mmseqs2,mmseqs2_uniref_env,colabfold,/data/chen/protein_folding_databases/colabfold,results/2026-06-06-combine-8models/predictions/T1106s2/colabfold/tmp_colabfold_msa_search/T1106s2_qc_Check_CASP15_7QIH_A_residue_2-112_seq_1-114_coverage_0.909836.a3m,514,7.981798740830475,0.016803786822801002,false,false,true,82.32879552303348,1.2447296485347896,0.002620483470599557,596.3287955230335,9.226528389365264,0.019424270293400558,colabfold,results/2026-06-06-combine-8models/predictions/T1106s2/colabfold/tmp_colabfold_msa_search/T1106s2_qc_Check_CASP15_7QIH_A_residue_2-112_seq_1-114_coverage_0.909836.a3m,results/2026-06-06-combine-8models/predictions/T1106s2/colabfold/tmp_colabfold,runner CodeCarbon output: results/2026-06-06-combine-8models/predictions/T1106s2/protenix/carbon/T1106s2_protenix_inference_emissions.csv; Protenix reused the ColabFold A3M; MSA build time/carbon copied from the colabfold row.,,,,,,,,,,,
T1106s2,T1106s2,CASP15,7QIH,A,2,112,1,114,114,114,af2,1,results/2026-06-06-combine-8models/sequences/T1106s2.fasta,results/2026-06-06-combine-8models/predictions/T1106s2/af2,results/2026-06-06-combine-8models/predictions/T1106s2/af2/rank_001.pdb,results/2026-06-06-combine-8models/predictions/T1106s2/af2/rank_001.pdb,true,0,,,,results/2026-06-06-combine-8models/logs/T1106s2_af2.log,bash runners/run_af2.sh results/2026-06-06-combine-8models/sequences/T1106s2.fasta results/2026-06-06-combine-8models/predictions/T1106s2/af2 1,skipped existing success,Check,Check,multiple equivalent chains match,1.000000,1.000000,0.909836,111,122,high,mapped from mmCIF atom_site CA records; 11 aligned positions lack resolved CA atoms,All groups,A1,YscY-YscX PDB code 7qih,true,alphafold2_default,official_af2_database_search,alphafold,/data/chen/protein_folding_databases/alphafold,,4101.883428,107.27717390554155,0.22584668190640325,true,true,false,109.464331,3.384705881766351,0.007125696593192317,4211.347759,110.6618797873079,0.23297237849959557,,,,,4101.883428,107.27717390554155,0.22584668190640325,109.464331,3.384705881766351,0.007125696593192317,full_dbs,monomer,/data/chen/protein_folding_databases/alphafold/params,/data/chen/protein_folding_databases/alphafold,results/2026-06-06-combine-8models/predictions/T1106s2/af2/af2_features
T1112,T1112,CASP15,8ORK,AAA,2,460,1,460,460,460,chai1,1,results/2026-06-06-combine-8models/sequences/T1112.fasta,results/2026-06-06-combine-8models/predictions/T1112/chai1,results/2026-06-06-combine-8models/predictions/T1112/chai1/rank_001.pdb,results/2026-06-06-combine-8models/predictions/T1112/chai1/rank_001.pdb,true,0,2026-06-01T11:15:01+02:00,2026-06-01T11:43:55+02:00,1734,results/2026-06-06-combine-8models/logs/T1112_chai1.log,bash runners/run_chai1.sh results/2026-06-06-combine-8models/sequences/T1112.fasta results/2026-06-06-combine-8models/predictions/T1112/chai1 1,,Check,Check,multiple equivalent chains match,1.000000,1.000000,0.973913,448,460,high,mapped from mmCIF atom_site CA records; 12 aligned positions lack resolved CA atoms,All groups,A1,O93732.1 PDB code 8ork,,,,,,,,,,,,,1733.6757332970155,24.000708980840958,0.050527808380717805,1733.6757332970155,24.000708980840958,0.050527808380717805,,,,runner CodeCarbon output: results/2026-06-06-combine-8models/predictions/T1112/chai1/carbon/T1112_chai1_inference_emissions.csv,,,,,,,,,,,
T1112,T1112,CASP15,8ORK,AAA,2,460,1,460,460,460,esmfold,1,results/2026-06-06-combine-8models/sequences/T1112.fasta,results/2026-06-06-combine-8models/predictions/T1112/esmfold,results/2026-06-06-combine-8models/predictions/T1112/esmfold/rank_001.pdb,results/2026-06-06-combine-8models/predictions/T1112/esmfold/rank_001.pdb,true,0,2026-06-01T11:43:55+02:00,2026-06-01T11:52:44+02:00,529,results/2026-06-06-combine-8models/logs/T1112_esmfold.log,bash runners/run_esmfold.sh results/2026-06-06-combine-8models/sequences/T1112.fasta results/2026-06-06-combine-8models/predictions/T1112/esmfold 1,,Check,Check,multiple equivalent chains match,1.000000,1.000000,0.973913,448,460,high,mapped from mmCIF atom_site CA records; 12 aligned positions lack resolved CA atoms,All groups,A1,O93732.1 PDB code 8ork,,,,,,,,,,,,,529.2850752540398,7.60425655430264,0.016008961166952926,529.2850752540398,7.60425655430264,0.016008961166952926,,,,runner CodeCarbon output: results/2026-06-06-combine-8models/predictions/T1112/esmfold/carbon/T1112_esmfold_inference_emissions.csv,,,,,,,,,,,
T1112,T1112,CASP15,8ORK,AAA,2,460,1,460,460,460,omegafold,1,results/2026-06-06-combine-8models/sequences/T1112.fasta,results/2026-06-06-combine-8models/predictions/T1112/omegafold,results/2026-06-06-combine-8models/predictions/T1112/omegafold/rank_001.pdb,results/2026-06-06-combine-8models/predictions/T1112/omegafold/rank_001.pdb,true,0,2026-06-01T11:52:44+02:00,2026-06-01T11:55:34+02:00,170,results/2026-06-06-combine-8models/logs/T1112_omegafold.log,bash runners/run_omegafold.sh results/2026-06-06-combine-8models/sequences/T1112.fasta results/2026-06-06-combine-8models/predictions/T1112/omegafold 1,,Check,Check,multiple equivalent chains match,1.000000,1.000000,0.973913,448,460,high,mapped from mmCIF atom_site CA records; 12 aligned positions lack resolved CA atoms,All groups,A1,O93732.1 PDB code 8ork,,,,,,,,,,,,,169.4154881259892,5.685005056628089,0.011968431698164398,169.4154881259892,5.685005056628089,0.011968431698164398,,,,runner CodeCarbon output: results/2026-06-06-combine-8models/predictions/T1112/omegafold/carbon/T1112_omegafold_inference_emissions.csv,,,,,,,,,,,
T1112,T1112,CASP15,8ORK,AAA,2,460,1,460,460,460,colabfold,1,results/2026-06-06-combine-8models/sequences/T1112.fasta,results/2026-06-06-combine-8models/predictions/T1112/colabfold,results/2026-06-06-combine-8models/predictions/T1112/colabfold/rank_001.pdb,results/2026-06-06-combine-8models/predictions/T1112/colabfold/rank_001.pdb,true,0,2026-06-03T15:08:20+02:00,2026-06-03T15:19:10+02:00,650,results/2026-06-06-combine-8models/logs/T1112_colabfold.log,bash runners/run_colabfold.sh results/2026-06-06-combine-8models/sequences/T1112.fasta results/2026-06-06-combine-8models/predictions/T1112/colabfold 1,,Check,Check,multiple equivalent chains match,1.000000,1.000000,0.973913,448,460,high,mapped from mmCIF atom_site CA records; 12 aligned positions lack resolved CA atoms,All groups,A1,O93732.1 PDB code 8ork,true,colabfold_mmseqs2,mmseqs2_uniref_env,colabfold,/data/chen/protein_folding_databases/colabfold,results/2026-06-06-combine-8models/predictions/T1112/colabfold/tmp_colabfold_msa_search/T1112_qc_Check_CASP15_8ORK_AAA_residue_2-460_seq_1-460_coverage_0.973913.a3m,503,8.079588193289556,0.017009659354293803,true,true,false,146,3.50009811661628,0.007368627613929011,649.0,11.579686309905837,0.024378286968222813,,,,ColabFold local MMseqs2 MSA search measured separately from colabfold_batch inference.,,,,,,,,,,,
T1112,T1112,CASP15,8ORK,AAA,2,460,1,460,460,460,boltz2,1,results/2026-06-06-combine-8models/sequences/T1112.fasta,results/2026-06-06-combine-8models/predictions/T1112/boltz2,results/2026-06-06-combine-8models/predictions/T1112/boltz2/rank_001.pdb,results/2026-06-06-combine-8models/predictions/T1112/boltz2/rank_001.pdb,true,0,2026-06-03T15:19:10+02:00,2026-06-03T15:32:30+02:00,800,results/2026-06-06-combine-8models/logs/T1112_boltz2.log,SHARED_MSA_A3M_FILE=results/2026-06-06-combine-8models/predictions/T1112/colabfold/tmp_colabfold/T1112_qc_Check_CASP15_8ORK_AAA_residue_2-460_seq_1-460_coverage_0.973913.a3m SHARED_MSA_DIR=results/2026-06-06-combine-8models/predictions/T1112/colabfold/tmp_colabfold SHARED_MSA_METADATA_FILE=results/2026-06-06-combine-8models/metadata/prediction_manifest.csv bash runners/run_boltz2.sh results/2026-06-06-combine-8models/sequences/T1112.fasta results/2026-06-06-combine-8models/predictions/T1112/boltz2 1,,Check,Check,multiple equivalent chains match,1.000000,1.000000,0.973913,448,460,high,mapped from mmCIF atom_site CA records; 12 aligned positions lack resolved CA atoms,All groups,A1,O93732.1 PDB code 8ork,true,colabfold_mmseqs2,mmseqs2_uniref_env,colabfold,/data/chen/protein_folding_databases/colabfold,results/2026-06-06-combine-8models/predictions/T1112/colabfold/tmp_colabfold_msa_search/T1112_qc_Check_CASP15_8ORK_AAA_residue_2-460_seq_1-460_coverage_0.973913.a3m,503,8.079588193289556,0.017009659354293803,false,false,true,800.0193617379991,11.69814358743882,0.024627670710397516,1303.0193617379991,19.777731780728374,0.04163733006469132,colabfold,results/2026-06-06-combine-8models/predictions/T1112/colabfold/tmp_colabfold_msa_search/T1112_qc_Check_CASP15_8ORK_AAA_residue_2-460_seq_1-460_coverage_0.973913.a3m,results/2026-06-06-combine-8models/predictions/T1112/colabfold/tmp_colabfold,runner CodeCarbon output: results/2026-06-06-combine-8models/predictions/T1112/boltz2/carbon/T1112_boltz2_inference_emissions.csv; Boltz-2 reused the ColabFold A3M; MSA build time/carbon copied from the colabfold row.,,,,,,,,,,,
T1112,T1112,CASP15,8ORK,AAA,2,460,1,460,460,460,openfold,1,results/2026-06-06-combine-8models/sequences/T1112.fasta,results/2026-06-06-combine-8models/predictions/T1112/openfold,results/2026-06-06-combine-8models/predictions/T1112/openfold/rank_001.pdb,results/2026-06-06-combine-8models/predictions/T1112/openfold/rank_001.pdb,true,0,2026-06-03T15:32:30+02:00,2026-06-03T15:34:18+02:00,108,results/2026-06-06-combine-8models/logs/T1112_openfold.log,SHARED_MSA_A3M_FILE=results/2026-06-06-combine-8models/predictions/T1112/colabfold/tmp_colabfold/T1112_qc_Check_CASP15_8ORK_AAA_residue_2-460_seq_1-460_coverage_0.973913.a3m SHARED_MSA_DIR=results/2026-06-06-combine-8models/predictions/T1112/colabfold/tmp_colabfold SHARED_MSA_METADATA_FILE=results/2026-06-06-combine-8models/metadata/prediction_manifest.csv bash runners/run_openfold_shared_msa.sh results/2026-06-06-combine-8models/sequences/T1112.fasta results/2026-06-06-combine-8models/predictions/T1112/openfold 1,,Check,Check,multiple equivalent chains match,1.000000,1.000000,0.973913,448,460,high,mapped from mmCIF atom_site CA records; 12 aligned positions lack resolved CA atoms,All groups,A1,O93732.1 PDB code 8ork,true,colabfold_mmseqs2,mmseqs2_uniref_env,colabfold,/data/chen/protein_folding_databases/colabfold,results/2026-06-06-combine-8models/predictions/T1112/colabfold/tmp_colabfold_msa_search/T1112_qc_Check_CASP15_8ORK_AAA_residue_2-460_seq_1-460_coverage_0.973913.a3m,503,8.079588193289556,0.017009659354293803,false,false,true,107.662547823973,3.4686607179962636,0.0073024436168342395,610.662547823973,11.54824891128582,0.02431210297112804,colabfold,results/2026-06-06-combine-8models/predictions/T1112/colabfold/tmp_colabfold_msa_search/T1112_qc_Check_CASP15_8ORK_AAA_residue_2-460_seq_1-460_coverage_0.973913.a3m,results/2026-06-06-combine-8models/predictions/T1112/colabfold/tmp_colabfold,runner CodeCarbon output: results/2026-06-06-combine-8models/predictions/T1112/openfold/carbon/T1112_openfold_inference_emissions.csv; OpenFold reused the ColabFold A3M; MSA build time/carbon copied from the colabfold row.,,,,,,,,,,,
T1112,T1112,CASP15,8ORK,AAA,2,460,1,460,460,460,protenix,1,results/2026-06-06-combine-8models/sequences/T1112.fasta,results/2026-06-06-combine-8models/predictions/T1112/protenix,results/2026-06-06-combine-8models/predictions/T1112/protenix/rank_001.pdb,results/2026-06-06-combine-8models/predictions/T1112/protenix/rank_001.pdb,true,0,2026-06-03T15:34:18+02:00,2026-06-03T15:35:53+02:00,95,results/2026-06-06-combine-8models/logs/T1112_protenix.log,SHARED_MSA_A3M_FILE=results/2026-06-06-combine-8models/predictions/T1112/colabfold/tmp_colabfold/T1112_qc_Check_CASP15_8ORK_AAA_residue_2-460_seq_1-460_coverage_0.973913.a3m SHARED_MSA_DIR=results/2026-06-06-combine-8models/predictions/T1112/colabfold/tmp_colabfold SHARED_MSA_METADATA_FILE=results/2026-06-06-combine-8models/metadata/prediction_manifest.csv bash runners/run_protenix_shared_msa.sh results/2026-06-06-combine-8models/sequences/T1112.fasta results/2026-06-06-combine-8models/predictions/T1112/protenix 1,,Check,Check,multiple equivalent chains match,1.000000,1.000000,0.973913,448,460,high,mapped from mmCIF atom_site CA records; 12 aligned positions lack resolved CA atoms,All groups,A1,O93732.1 PDB code 8ork,true,colabfold_mmseqs2,mmseqs2_uniref_env,colabfold,/data/chen/protein_folding_databases/colabfold,results/2026-06-06-combine-8models/predictions/T1112/colabfold/tmp_colabfold_msa_search/T1112_qc_Check_CASP15_8ORK_AAA_residue_2-460_seq_1-460_coverage_0.973913.a3m,503,8.079588193289556,0.017009659354293803,false,false,true,95.26378567190841,1.7939052024381317,0.003776642531448698,598.2637856719084,9.873493395727689,0.0207863018857425,colabfold,results/2026-06-06-combine-8models/predictions/T1112/colabfold/tmp_colabfold_msa_search/T1112_qc_Check_CASP15_8ORK_AAA_residue_2-460_seq_1-460_coverage_0.973913.a3m,results/2026-06-06-combine-8models/predictions/T1112/colabfold/tmp_colabfold,runner CodeCarbon output: results/2026-06-06-combine-8models/predictions/T1112/protenix/carbon/T1112_protenix_inference_emissions.csv; Protenix reused the ColabFold A3M; MSA build time/carbon copied from the colabfold row.,,,,,,,,,,,
T1112,T1112,CASP15,8ORK,AAA,2,460,1,460,460,460,af2,1,results/2026-06-06-combine-8models/sequences/T1112.fasta,results/2026-06-06-combine-8models/predictions/T1112/af2,results/2026-06-06-combine-8models/predictions/T1112/af2/rank_001.pdb,results/2026-06-06-combine-8models/predictions/T1112/af2/rank_001.pdb,true,0,,,,results/2026-06-06-combine-8models/logs/T1112_af2.log,bash runners/run_af2.sh results/2026-06-06-combine-8models/sequences/T1112.fasta results/2026-06-06-combine-8models/predictions/T1112/af2 1,skipped existing success,Check,Check,multiple equivalent chains match,1.000000,1.000000,0.973913,448,460,high,mapped from mmCIF atom_site CA records; 12 aligned positions lack resolved CA atoms,All groups,A1,O93732.1 PDB code 8ork,true,alphafold2_default,official_af2_database_search,alphafold,/data/chen/protein_folding_databases/alphafold,,1264.396399,33.080941116761075,0.06964408656160226,true,true,false,154.866621,5.872379461873592,0.012362904130260194,1419.2630199999999,38.95332057863467,0.08200699069186246,,,,,1264.396399,33.080941116761075,0.06964408656160226,154.866621,5.872379461873592,0.012362904130260194,full_dbs,monomer,/data/chen/protein_folding_databases/alphafold/params,/data/chen/protein_folding_databases/alphafold,results/2026-06-06-combine-8models/predictions/T1112/af2/af2_features
T1114s1,T1114s1,CASP15,7UTD,Q,20,78,1,189,189,189,chai1,1,results/2026-06-06-combine-8models/sequences/T1114s1.fasta,results/2026-06-06-combine-8models/predictions/T1114s1/chai1,results/2026-06-06-combine-8models/predictions/T1114s1/chai1/rank_001.pdb,results/2026-06-06-combine-8models/predictions/T1114s1/chai1/rank_001.pdb,true,0,2026-06-01T11:55:34+02:00,2026-06-01T12:03:31+02:00,477,results/2026-06-06-combine-8models/logs/T1114s1_chai1.log,bash runners/run_chai1.sh results/2026-06-06-combine-8models/sequences/T1114s1.fasta results/2026-06-06-combine-8models/predictions/T1114s1/chai1 1,,No,No,chain mapping below threshold identity=1.000 coverage=0.317; multiple equivalent chains match,1.000000,0.317460,0.983333,59,60,low,mapped from mmCIF atom_site CA records; 1 aligned positions lack resolved CA atoms,All groups,A1,"A0QUM5, A0QUM6, A0QUM7 PDB code 7utd",,,,,,,,,,,,,476.8632760400069,6.681815479669834,0.01406697995719965,476.8632760400069,6.681815479669834,0.01406697995719965,,,,runner CodeCarbon output: results/2026-06-06-combine-8models/predictions/T1114s1/chai1/carbon/T1114s1_chai1_inference_emissions.csv,,,,,,,,,,,
T1114s1,T1114s1,CASP15,7UTD,Q,20,78,1,189,189,189,esmfold,1,results/2026-06-06-combine-8models/sequences/T1114s1.fasta,results/2026-06-06-combine-8models/predictions/T1114s1/esmfold,results/2026-06-06-combine-8models/predictions/T1114s1/esmfold/rank_001.pdb,results/2026-06-06-combine-8models/predictions/T1114s1/esmfold/rank_001.pdb,true,0,2026-06-01T12:03:31+02:00,2026-06-01T12:05:05+02:00,94,results/2026-06-06-combine-8models/logs/T1114s1_esmfold.log,bash runners/run_esmfold.sh results/2026-06-06-combine-8models/sequences/T1114s1.fasta results/2026-06-06-combine-8models/predictions/T1114s1/esmfold 1,,No,No,chain mapping below threshold identity=1.000 coverage=0.317; multiple equivalent chains match,1.000000,0.317460,0.983333,59,60,low,mapped from mmCIF atom_site CA records; 1 aligned positions lack resolved CA atoms,All groups,A1,"A0QUM5, A0QUM6, A0QUM7 PDB code 7utd",,,,,,,,,,,,,93.43313803995261,1.296719537547414,0.0027299358685208717,93.43313803995261,1.296719537547414,0.0027299358685208717,,,,runner CodeCarbon output: results/2026-06-06-combine-8models/predictions/T1114s1/esmfold/carbon/T1114s1_esmfold_inference_emissions.csv,,,,,,,,,,,
T1114s1,T1114s1,CASP15,7UTD,Q,20,78,1,189,189,189,omegafold,1,results/2026-06-06-combine-8models/sequences/T1114s1.fasta,results/2026-06-06-combine-8models/predictions/T1114s1/omegafold,results/2026-06-06-combine-8models/predictions/T1114s1/omegafold/rank_001.pdb,results/2026-06-06-combine-8models/predictions/T1114s1/omegafold/rank_001.pdb,true,0,2026-06-01T12:05:05+02:00,2026-06-01T12:05:37+02:00,32,results/2026-06-06-combine-8models/logs/T1114s1_omegafold.log,bash runners/run_omegafold.sh results/2026-06-06-combine-8models/sequences/T1114s1.fasta results/2026-06-06-combine-8models/predictions/T1114s1/omegafold 1,,No,No,chain mapping below threshold identity=1.000 coverage=0.317; multiple equivalent chains match,1.000000,0.317460,0.983333,59,60,low,mapped from mmCIF atom_site CA records; 1 aligned positions lack resolved CA atoms,All groups,A1,"A0QUM5, A0QUM6, A0QUM7 PDB code 7utd",,,,,,,,,,,,,32.64299659599783,0.9067323110335197,0.0019089101284916203,32.64299659599783,0.9067323110335197,0.0019089101284916203,,,,runner CodeCarbon output: results/2026-06-06-combine-8models/predictions/T1114s1/omegafold/carbon/T1114s1_omegafold_inference_emissions.csv,,,,,,,,,,,
T1114s1,T1114s1,CASP15,7UTD,Q,20,78,1,189,189,189,colabfold,1,results/2026-06-06-combine-8models/sequences/T1114s1.fasta,results/2026-06-06-combine-8models/predictions/T1114s1/colabfold,results/2026-06-06-combine-8models/predictions/T1114s1/colabfold/rank_001.pdb,results/2026-06-06-combine-8models/predictions/T1114s1/colabfold/rank_001.pdb,true,0,2026-06-03T15:35:53+02:00,2026-06-03T15:46:16+02:00,623,results/2026-06-06-combine-8models/logs/T1114s1_colabfold.log,bash runners/run_colabfold.sh results/2026-06-06-combine-8models/sequences/T1114s1.fasta results/2026-06-06-combine-8models/predictions/T1114s1/colabfold 1,,No,No,chain mapping below threshold identity=1.000 coverage=0.317; multiple equivalent chains match,1.000000,0.317460,0.983333,59,60,low,mapped from mmCIF atom_site CA records; 1 aligned positions lack resolved CA atoms,All groups,A1,"A0QUM5, A0QUM6, A0QUM7 PDB code 7utd",true,colabfold_mmseqs2,mmseqs2_uniref_env,colabfold,/data/chen/protein_folding_databases/colabfold,results/2026-06-06-combine-8models/predictions/T1114s1/colabfold/tmp_colabfold_msa_search/T1114s1_qc_No_CASP15_7UTD_Q_residue_20-78_seq_1-189_coverage_0.983333.a3m,487,7.695032424384155,0.016200068261861378,true,true,false,135,2.9054417814218834,0.006116719539835544,622.0,10.600474205806037,0.022316787801696922,,,,ColabFold local MMseqs2 MSA search measured separately from colabfold_batch inference.,,,,,,,,,,,
T1114s1,T1114s1,CASP15,7UTD,Q,20,78,1,189,189,189,boltz2,1,results/2026-06-06-combine-8models/sequences/T1114s1.fasta,results/2026-06-06-combine-8models/predictions/T1114s1/boltz2,results/2026-06-06-combine-8models/predictions/T1114s1/boltz2/rank_001.pdb,results/2026-06-06-combine-8models/predictions/T1114s1/boltz2/rank_001.pdb,true,0,2026-06-03T15:46:16+02:00,2026-06-03T15:49:02+02:00,166,results/2026-06-06-combine-8models/logs/T1114s1_boltz2.log,SHARED_MSA_A3M_FILE=results/2026-06-06-combine-8models/predictions/T1114s1/colabfold/tmp_colabfold/T1114s1_qc_No_CASP15_7UTD_Q_residue_20-78_seq_1-189_coverage_0.983333.a3m SHARED_MSA_DIR=results/2026-06-06-combine-8models/predictions/T1114s1/colabfold/tmp_colabfold SHARED_MSA_METADATA_FILE=results/2026-06-06-combine-8models/metadata/prediction_manifest.csv bash runners/run_boltz2.sh results/2026-06-06-combine-8models/sequences/T1114s1.fasta results/2026-06-06-combine-8models/predictions/T1114s1/boltz2 1,,No,No,chain mapping below threshold identity=1.000 coverage=0.317; multiple equivalent chains match,1.000000,0.317460,0.983333,59,60,low,mapped from mmCIF atom_site CA records; 1 aligned positions lack resolved CA atoms,All groups,A1,"A0QUM5, A0QUM6, A0QUM7 PDB code 7utd",true,colabfold_mmseqs2,mmseqs2_uniref_env,colabfold,/data/chen/protein_folding_databases/colabfold,results/2026-06-06-combine-8models/predictions/T1114s1/colabfold/tmp_colabfold_msa_search/T1114s1_qc_No_CASP15_7UTD_Q_residue_20-78_seq_1-189_coverage_0.983333.a3m,487,7.695032424384155,0.016200068261861378,false,false,true,165.77679744898342,2.4886763615678,0.00523931865593221,652.7767974489834,10.183708785951955,0.02143938691779359,colabfold,results/2026-06-06-combine-8models/predictions/T1114s1/colabfold/tmp_colabfold_msa_search/T1114s1_qc_No_CASP15_7UTD_Q_residue_20-78_seq_1-189_coverage_0.983333.a3m,results/2026-06-06-combine-8models/predictions/T1114s1/colabfold/tmp_colabfold,runner CodeCarbon output: results/2026-06-06-combine-8models/predictions/T1114s1/boltz2/carbon/T1114s1_boltz2_inference_emissions.csv; Boltz-2 reused the ColabFold A3M; MSA build time/carbon copied from the colabfold row.,,,,,,,,,,,
T1114s1,T1114s1,CASP15,7UTD,Q,20,78,1,189,189,189,openfold,1,results/2026-06-06-combine-8models/sequences/T1114s1.fasta,results/2026-06-06-combine-8models/predictions/T1114s1/openfold,results/2026-06-06-combine-8models/predictions/T1114s1/openfold/rank_001.pdb,results/2026-06-06-combine-8models/predictions/T1114s1/openfold/rank_001.pdb,true,0,2026-06-03T15:49:02+02:00,2026-06-03T15:49:32+02:00,30,results/2026-06-06-combine-8models/logs/T1114s1_openfold.log,SHARED_MSA_A3M_FILE=results/2026-06-06-combine-8models/predictions/T1114s1/colabfold/tmp_colabfold/T1114s1_qc_No_CASP15_7UTD_Q_residue_20-78_seq_1-189_coverage_0.983333.a3m SHARED_MSA_DIR=results/2026-06-06-combine-8models/predictions/T1114s1/colabfold/tmp_colabfold SHARED_MSA_METADATA_FILE=results/2026-06-06-combine-8models/metadata/prediction_manifest.csv bash runners/run_openfold_shared_msa.sh results/2026-06-06-combine-8models/sequences/T1114s1.fasta results/2026-06-06-combine-8models/predictions/T1114s1/openfold 1,,No,No,chain mapping below threshold identity=1.000 coverage=0.317; multiple equivalent chains match,1.000000,0.317460,0.983333,59,60,low,mapped from mmCIF atom_site CA records; 1 aligned positions lack resolved CA atoms,All groups,A1,"A0QUM5, A0QUM6, A0QUM7 PDB code 7utd",true,colabfold_mmseqs2,mmseqs2_uniref_env,colabfold,/data/chen/protein_folding_databases/colabfold,results/2026-06-06-combine-8models/predictions/T1114s1/colabfold/tmp_colabfold_msa_search/T1114s1_qc_No_CASP15_7UTD_Q_residue_20-78_seq_1-189_coverage_0.983333.a3m,487,7.695032424384155,0.016200068261861378,false,false,true,29.728811800014228,0.8213217805030413,0.0017290984852695605,516.7288118000142,8.516354204887197,0.017929166747130937,colabfold,results/2026-06-06-combine-8models/predictions/T1114s1/colabfold/tmp_colabfold_msa_search/T1114s1_qc_No_CASP15_7UTD_Q_residue_20-78_seq_1-189_coverage_0.983333.a3m,results/2026-06-06-combine-8models/predictions/T1114s1/colabfold/tmp_colabfold,runner CodeCarbon output: results/2026-06-06-combine-8models/predictions/T1114s1/openfold/carbon/T1114s1_openfold_inference_emissions.csv; OpenFold reused the ColabFold A3M; MSA build time/carbon copied from the colabfold row.,,,,,,,,,,,
T1114s1,T1114s1,CASP15,7UTD,Q,20,78,1,189,189,189,protenix,1,results/2026-06-06-combine-8models/sequences/T1114s1.fasta,results/2026-06-06-combine-8models/predictions/T1114s1/protenix,results/2026-06-06-combine-8models/predictions/T1114s1/protenix/rank_001.pdb,results/2026-06-06-combine-8models/predictions/T1114s1/protenix/rank_001.pdb,true,0,2026-06-03T15:49:32+02:00,2026-06-03T15:50:54+02:00,82,results/2026-06-06-combine-8models/logs/T1114s1_protenix.log,SHARED_MSA_A3M_FILE=results/2026-06-06-combine-8models/predictions/T1114s1/colabfold/tmp_colabfold/T1114s1_qc_No_CASP15_7UTD_Q_residue_20-78_seq_1-189_coverage_0.983333.a3m SHARED_MSA_DIR=results/2026-06-06-combine-8models/predictions/T1114s1/colabfold/tmp_colabfold SHARED_MSA_METADATA_FILE=results/2026-06-06-combine-8models/metadata/prediction_manifest.csv bash runners/run_protenix_shared_msa.sh results/2026-06-06-combine-8models/sequences/T1114s1.fasta results/2026-06-06-combine-8models/predictions/T1114s1/protenix 1,,No,No,chain mapping below threshold identity=1.000 coverage=0.317; multiple equivalent chains match,1.000000,0.317460,0.983333,59,60,low,mapped from mmCIF atom_site CA records; 1 aligned positions lack resolved CA atoms,All groups,A1,"A0QUM5, A0QUM6, A0QUM7 PDB code 7utd",true,colabfold_mmseqs2,mmseqs2_uniref_env,colabfold,/data/chen/protein_folding_databases/colabfold,results/2026-06-06-combine-8models/predictions/T1114s1/colabfold/tmp_colabfold_msa_search/T1114s1_qc_No_CASP15_7UTD_Q_residue_20-78_seq_1-189_coverage_0.983333.a3m,487,7.695032424384155,0.016200068261861378,false,false,true,82.368422608939,1.277488508999492,0.0026894494926305097,569.368422608939,8.972520933383647,0.018889517754491887,colabfold,results/2026-06-06-combine-8models/predictions/T1114s1/colabfold/tmp_colabfold_msa_search/T1114s1_qc_No_CASP15_7UTD_Q_residue_20-78_seq_1-189_coverage_0.983333.a3m,results/2026-06-06-combine-8models/predictions/T1114s1/colabfold/tmp_colabfold,runner CodeCarbon output: results/2026-06-06-combine-8models/predictions/T1114s1/protenix/carbon/T1114s1_protenix_inference_emissions.csv; Protenix reused the ColabFold A3M; MSA build time/carbon copied from the colabfold row.,,,,,,,,,,,
T1114s1,T1114s1,CASP15,7UTD,Q,20,78,1,189,189,189,af2,1,results/2026-06-06-combine-8models/sequences/T1114s1.fasta,results/2026-06-06-combine-8models/predictions/T1114s1/af2,results/2026-06-06-combine-8models/predictions/T1114s1/af2/rank_001.pdb,results/2026-06-06-combine-8models/predictions/T1114s1/af2/rank_001.pdb,true,0,,,,results/2026-06-06-combine-8models/logs/T1114s1_af2.log,bash runners/run_af2.sh results/2026-06-06-combine-8models/sequences/T1114s1.fasta results/2026-06-06-combine-8models/predictions/T1114s1/af2 1,skipped existing success,No,No,chain mapping below threshold identity=1.000 coverage=0.317; multiple equivalent chains match,1.000000,0.317460,0.983333,59,60,low,mapped from mmCIF atom_site CA records; 1 aligned positions lack resolved CA atoms,All groups,A1,"A0QUM5, A0QUM6, A0QUM7 PDB code 7utd",true,alphafold2_default,official_af2_database_search,alphafold,/data/chen/protein_folding_databases/alphafold,,1051.872223,27.58882470499923,0.05808173622105101,true,true,false,111.247427,3.52416638379703,0.00741929765009901,1163.11965,31.11299108879626,0.06550103387115003,,,,,1051.872223,27.58882470499923,0.05808173622105101,111.247427,3.52416638379703,0.00741929765009901,full_dbs,monomer,/data/chen/protein_folding_databases/alphafold/params,/data/chen/protein_folding_databases/alphafold,results/2026-06-06-combine-8models/predictions/T1114s1/af2/af2_features
T1114s2,T1114s2,CASP15,7UTD,B,2,323,1,369,369,369,chai1,1,results/2026-06-06-combine-8models/sequences/T1114s2.fasta,results/2026-06-06-combine-8models/predictions/T1114s2/chai1,results/2026-06-06-combine-8models/predictions/T1114s2/chai1/rank_001.pdb,results/2026-06-06-combine-8models/predictions/T1114s2/chai1/rank_001.pdb,true,0,2026-06-01T12:05:37+02:00,2026-06-01T12:23:19+02:00,1062,results/2026-06-06-combine-8models/logs/T1114s2_chai1.log,bash runners/run_chai1.sh results/2026-06-06-combine-8models/sequences/T1114s2.fasta results/2026-06-06-combine-8models/predictions/T1114s2/chai1 1,,Check,Check,multiple equivalent chains match,1.000000,1.000000,0.872629,322,369,high,mapped from mmCIF atom_site CA records; 47 aligned positions lack resolved CA atoms,All groups,A1,"A0QUM5, A0QUM6, A0QUM7 PDB code 7utd",,,,,,,,,,,,,1061.0118421099614,14.580215751855253,0.030695191056537372,1061.0118421099614,14.580215751855253,0.030695191056537372,,,,runner CodeCarbon output: results/2026-06-06-combine-8models/predictions/T1114s2/chai1/carbon/T1114s2_chai1_inference_emissions.csv,,,,,,,,,,,
T1114s2,T1114s2,CASP15,7UTD,B,2,323,1,369,369,369,esmfold,1,results/2026-06-06-combine-8models/sequences/T1114s2.fasta,results/2026-06-06-combine-8models/predictions/T1114s2/esmfold,results/2026-06-06-combine-8models/predictions/T1114s2/esmfold/rank_001.pdb,results/2026-06-06-combine-8models/predictions/T1114s2/esmfold/rank_001.pdb,true,0,2026-06-01T12:23:19+02:00,2026-06-01T12:28:57+02:00,338,results/2026-06-06-combine-8models/logs/T1114s2_esmfold.log,bash runners/run_esmfold.sh results/2026-06-06-combine-8models/sequences/T1114s2.fasta results/2026-06-06-combine-8models/predictions/T1114s2/esmfold 1,,Check,Check,multiple equivalent chains match,1.000000,1.000000,0.872629,322,369,high,mapped from mmCIF atom_site CA records; 47 aligned positions lack resolved CA atoms,All groups,A1,"A0QUM5, A0QUM6, A0QUM7 PDB code 7utd",,,,,,,,,,,,,338.0818269170122,4.810900897736658,0.0101282124162877,338.0818269170122,4.810900897736658,0.0101282124162877,,,,runner CodeCarbon output: results/2026-06-06-combine-8models/predictions/T1114s2/esmfold/carbon/T1114s2_esmfold_inference_emissions.csv,,,,,,,,,,,
T1114s2,T1114s2,CASP15,7UTD,B,2,323,1,369,369,369,omegafold,1,results/2026-06-06-combine-8models/sequences/T1114s2.fasta,results/2026-06-06-combine-8models/predictions/T1114s2/omegafold,results/2026-06-06-combine-8models/predictions/T1114s2/omegafold/rank_001.pdb,results/2026-06-06-combine-8models/predictions/T1114s2/omegafold/rank_001.pdb,true,0,2026-06-01T12:28:57+02:00,2026-06-01T12:30:39+02:00,102,results/2026-06-06-combine-8models/logs/T1114s2_omegafold.log,bash runners/run_omegafold.sh results/2026-06-06-combine-8models/sequences/T1114s2.fasta results/2026-06-06-combine-8models/predictions/T1114s2/omegafold 1,,Check,Check,multiple equivalent chains match,1.000000,1.000000,0.872629,322,369,high,mapped from mmCIF atom_site CA records; 47 aligned positions lack resolved CA atoms,All groups,A1,"A0QUM5, A0QUM6, A0QUM7 PDB code 7utd",,,,,,,,,,,,,101.5005991680082,3.3924304489245296,0.007141958839841115,101.5005991680082,3.3924304489245296,0.007141958839841115,,,,runner CodeCarbon output: results/2026-06-06-combine-8models/predictions/T1114s2/omegafold/carbon/T1114s2_omegafold_inference_emissions.csv,,,,,,,,,,,
T1114s2,T1114s2,CASP15,7UTD,B,2,323,1,369,369,369,colabfold,1,results/2026-06-06-combine-8models/sequences/T1114s2.fasta,results/2026-06-06-combine-8models/predictions/T1114s2/colabfold,results/2026-06-06-combine-8models/predictions/T1114s2/colabfold/rank_001.pdb,results/2026-06-06-combine-8models/predictions/T1114s2/colabfold/rank_001.pdb,true,0,2026-06-03T15:50:55+02:00,2026-06-03T16:01:44+02:00,649,results/2026-06-06-combine-8models/logs/T1114s2_colabfold.log,bash runners/run_colabfold.sh results/2026-06-06-combine-8models/sequences/T1114s2.fasta results/2026-06-06-combine-8models/predictions/T1114s2/colabfold 1,,Check,Check,multiple equivalent chains match,1.000000,1.000000,0.872629,322,369,high,mapped from mmCIF atom_site CA records; 47 aligned positions lack resolved CA atoms,All groups,A1,"A0QUM5, A0QUM6, A0QUM7 PDB code 7utd",true,colabfold_mmseqs2,mmseqs2_uniref_env,colabfold,/data/chen/protein_folding_databases/colabfold,results/2026-06-06-combine-8models/predictions/T1114s2/colabfold/tmp_colabfold_msa_search/T1114s2_qc_Check_CASP15_7UTD_B_residue_2-323_seq_1-369_coverage_0.872629.a3m,494,7.837557282486434,0.016500120594708283,true,true,false,155,3.5464700243908123,0.007466252682928026,649.0,11.384027306877247,0.02396637327763631,,,,ColabFold local MMseqs2 MSA search measured separately from colabfold_batch inference.,,,,,,,,,,,
T1114s2,T1114s2,CASP15,7UTD,B,2,323,1,369,369,369,boltz2,1,results/2026-06-06-combine-8models/sequences/T1114s2.fasta,results/2026-06-06-combine-8models/predictions/T1114s2/boltz2,results/2026-06-06-combine-8models/predictions/T1114s2/boltz2/rank_001.pdb,results/2026-06-06-combine-8models/predictions/T1114s2/boltz2/rank_001.pdb,true,0,2026-06-03T16:01:44+02:00,2026-06-03T16:12:00+02:00,616,results/2026-06-06-combine-8models/logs/T1114s2_boltz2.log,SHARED_MSA_A3M_FILE=results/2026-06-06-combine-8models/predictions/T1114s2/colabfold/tmp_colabfold/T1114s2_qc_Check_CASP15_7UTD_B_residue_2-323_seq_1-369_coverage_0.872629.a3m SHARED_MSA_DIR=results/2026-06-06-combine-8models/predictions/T1114s2/colabfold/tmp_colabfold SHARED_MSA_METADATA_FILE=results/2026-06-06-combine-8models/metadata/prediction_manifest.csv bash runners/run_boltz2.sh results/2026-06-06-combine-8models/sequences/T1114s2.fasta results/2026-06-06-combine-8models/predictions/T1114s2/boltz2 1,,Check,Check,multiple equivalent chains match,1.000000,1.000000,0.872629,322,369,high,mapped from mmCIF atom_site CA records; 47 aligned positions lack resolved CA atoms,All groups,A1,"A0QUM5, A0QUM6, A0QUM7 PDB code 7utd",true,colabfold_mmseqs2,mmseqs2_uniref_env,colabfold,/data/chen/protein_folding_databases/colabfold,results/2026-06-06-combine-8models/predictions/T1114s2/colabfold/tmp_colabfold_msa_search/T1114s2_qc_Check_CASP15_7UTD_B_residue_2-323_seq_1-369_coverage_0.872629.a3m,494,7.837557282486434,0.016500120594708283,false,false,true,615.8968627089635,8.898500128357385,0.01873368448075239,1109.8968627089635,16.73605741084382,0.03523380507546067,colabfold,results/2026-06-06-combine-8models/predictions/T1114s2/colabfold/tmp_colabfold_msa_search/T1114s2_qc_Check_CASP15_7UTD_B_residue_2-323_seq_1-369_coverage_0.872629.a3m,results/2026-06-06-combine-8models/predictions/T1114s2/colabfold/tmp_colabfold,runner CodeCarbon output: results/2026-06-06-combine-8models/predictions/T1114s2/boltz2/carbon/T1114s2_boltz2_inference_emissions.csv; Boltz-2 reused the ColabFold A3M; MSA build time/carbon copied from the colabfold row.,,,,,,,,,,,
T1114s2,T1114s2,CASP15,7UTD,B,2,323,1,369,369,369,openfold,1,results/2026-06-06-combine-8models/sequences/T1114s2.fasta,results/2026-06-06-combine-8models/predictions/T1114s2/openfold,results/2026-06-06-combine-8models/predictions/T1114s2/openfold/rank_001.pdb,results/2026-06-06-combine-8models/predictions/T1114s2/openfold/rank_001.pdb,true,0,2026-06-03T16:12:00+02:00,2026-06-03T16:13:09+02:00,69,results/2026-06-06-combine-8models/logs/T1114s2_openfold.log,SHARED_MSA_A3M_FILE=results/2026-06-06-combine-8models/predictions/T1114s2/colabfold/tmp_colabfold/T1114s2_qc_Check_CASP15_7UTD_B_residue_2-323_seq_1-369_coverage_0.872629.a3m SHARED_MSA_DIR=results/2026-06-06-combine-8models/predictions/T1114s2/colabfold/tmp_colabfold SHARED_MSA_METADATA_FILE=results/2026-06-06-combine-8models/metadata/prediction_manifest.csv bash runners/run_openfold_shared_msa.sh results/2026-06-06-combine-8models/sequences/T1114s2.fasta results/2026-06-06-combine-8models/predictions/T1114s2/openfold 1,,Check,Check,multiple equivalent chains match,1.000000,1.000000,0.872629,322,369,high,mapped from mmCIF atom_site CA records; 47 aligned positions lack resolved CA atoms,All groups,A1,"A0QUM5, A0QUM6, A0QUM7 PDB code 7utd",true,colabfold_mmseqs2,mmseqs2_uniref_env,colabfold,/data/chen/protein_folding_databases/colabfold,results/2026-06-06-combine-8models/predictions/T1114s2/colabfold/tmp_colabfold_msa_search/T1114s2_qc_Check_CASP15_7UTD_B_residue_2-323_seq_1-369_coverage_0.872629.a3m,494,7.837557282486434,0.016500120594708283,false,false,true,68.68437684606761,2.145932829727979,0.004517753325743113,562.6843768460676,9.983490112214412,0.021017873920451395,colabfold,results/2026-06-06-combine-8models/predictions/T1114s2/colabfold/tmp_colabfold_msa_search/T1114s2_qc_Check_CASP15_7UTD_B_residue_2-323_seq_1-369_coverage_0.872629.a3m,results/2026-06-06-combine-8models/predictions/T1114s2/colabfold/tmp_colabfold,runner CodeCarbon output: results/2026-06-06-combine-8models/predictions/T1114s2/openfold/carbon/T1114s2_openfold_inference_emissions.csv; OpenFold reused the ColabFold A3M; MSA build time/carbon copied from the colabfold row.,,,,,,,,,,,
T1114s2,T1114s2,CASP15,7UTD,B,2,323,1,369,369,369,protenix,1,results/2026-06-06-combine-8models/sequences/T1114s2.fasta,results/2026-06-06-combine-8models/predictions/T1114s2/protenix,results/2026-06-06-combine-8models/predictions/T1114s2/protenix/rank_001.pdb,results/2026-06-06-combine-8models/predictions/T1114s2/protenix/rank_001.pdb,true,0,2026-06-03T16:13:09+02:00,2026-06-03T16:14:39+02:00,90,results/2026-06-06-combine-8models/logs/T1114s2_protenix.log,SHARED_MSA_A3M_FILE=results/2026-06-06-combine-8models/predictions/T1114s2/colabfold/tmp_colabfold/T1114s2_qc_Check_CASP15_7UTD_B_residue_2-323_seq_1-369_coverage_0.872629.a3m SHARED_MSA_DIR=results/2026-06-06-combine-8models/predictions/T1114s2/colabfold/tmp_colabfold SHARED_MSA_METADATA_FILE=results/2026-06-06-combine-8models/metadata/prediction_manifest.csv bash runners/run_protenix_shared_msa.sh results/2026-06-06-combine-8models/sequences/T1114s2.fasta results/2026-06-06-combine-8models/predictions/T1114s2/protenix 1,,Check,Check,multiple equivalent chains match,1.000000,1.000000,0.872629,322,369,high,mapped from mmCIF atom_site CA records; 47 aligned positions lack resolved CA atoms,All groups,A1,"A0QUM5, A0QUM6, A0QUM7 PDB code 7utd",true,colabfold_mmseqs2,mmseqs2_uniref_env,colabfold,/data/chen/protein_folding_databases/colabfold,results/2026-06-06-combine-8models/predictions/T1114s2/colabfold/tmp_colabfold_msa_search/T1114s2_qc_Check_CASP15_7UTD_B_residue_2-323_seq_1-369_coverage_0.872629.a3m,494,7.837557282486434,0.016500120594708283,false,false,true,89.94213084201328,1.5761146337568488,0.00331813607106705,583.9421308420133,9.413671916243283,0.019818256665775334,colabfold,results/2026-06-06-combine-8models/predictions/T1114s2/colabfold/tmp_colabfold_msa_search/T1114s2_qc_Check_CASP15_7UTD_B_residue_2-323_seq_1-369_coverage_0.872629.a3m,results/2026-06-06-combine-8models/predictions/T1114s2/colabfold/tmp_colabfold,runner CodeCarbon output: results/2026-06-06-combine-8models/predictions/T1114s2/protenix/carbon/T1114s2_protenix_inference_emissions.csv; Protenix reused the ColabFold A3M; MSA build time/carbon copied from the colabfold row.,,,,,,,,,,,
T1114s2,T1114s2,CASP15,7UTD,B,2,323,1,369,369,369,af2,1,results/2026-06-06-combine-8models/sequences/T1114s2.fasta,results/2026-06-06-combine-8models/predictions/T1114s2/af2,results/2026-06-06-combine-8models/predictions/T1114s2/af2/rank_001.pdb,results/2026-06-06-combine-8models/predictions/T1114s2/af2/rank_001.pdb,true,0,,,,results/2026-06-06-combine-8models/logs/T1114s2_af2.log,bash runners/run_af2.sh results/2026-06-06-combine-8models/sequences/T1114s2.fasta results/2026-06-06-combine-8models/predictions/T1114s2/af2 1,skipped existing success,Check,Check,multiple equivalent chains match,1.000000,1.000000,0.872629,322,369,high,mapped from mmCIF atom_site CA records; 47 aligned positions lack resolved CA atoms,All groups,A1,"A0QUM5, A0QUM6, A0QUM7 PDB code 7utd",true,alphafold2_default,official_af2_database_search,alphafold,/data/chen/protein_folding_databases/alphafold,,1240.840949,32.44997539875634,0.06831573768159228,true,true,false,145.730290,5.275006191097517,0.011105276191784245,1386.5712389999999,37.724981589853854,0.07942101387337652,,,,,1240.840949,32.44997539875634,0.06831573768159228,145.730290,5.275006191097517,0.011105276191784245,full_dbs,monomer,/data/chen/protein_folding_databases/alphafold/params,/data/chen/protein_folding_databases/alphafold,results/2026-06-06-combine-8models/predictions/T1114s2/af2/af2_features
T1114s3,T1114s3,CASP15,7UTD,A,4,516,1,535,535,535,chai1,1,results/2026-06-06-combine-8models/sequences/T1114s3.fasta,results/2026-06-06-combine-8models/predictions/T1114s3/chai1,results/2026-06-06-combine-8models/predictions/T1114s3/chai1/rank_001.pdb,results/2026-06-06-combine-8models/predictions/T1114s3/chai1/rank_001.pdb,true,0,2026-06-01T12:30:39+02:00,2026-06-01T13:31:57+02:00,3678,results/2026-06-06-combine-8models/logs/T1114s3_chai1.log,bash runners/run_chai1.sh results/2026-06-06-combine-8models/sequences/T1114s3.fasta results/2026-06-06-combine-8models/predictions/T1114s3/chai1 1,,Check,Check,multiple equivalent chains match,1.000000,0.958879,0.998051,512,513,high,mapped from mmCIF atom_site CA records; 1 aligned positions lack resolved CA atoms,All groups,A1,"A0QUM5, A0QUM6, A0QUM7 PDB code 7utd",,,,,,,,,,,,,3678.4660983009962,50.38522604418304,0.10607416009301693,3678.4660983009962,50.38522604418304,0.10607416009301693,,,,runner CodeCarbon output: results/2026-06-06-combine-8models/predictions/T1114s3/chai1/carbon/T1114s3_chai1_inference_emissions.csv,,,,,,,,,,,
T1114s3,T1114s3,CASP15,7UTD,A,4,516,1,535,535,535,esmfold,1,results/2026-06-06-combine-8models/sequences/T1114s3.fasta,results/2026-06-06-combine-8models/predictions/T1114s3/esmfold,results/2026-06-06-combine-8models/predictions/T1114s3/esmfold/rank_001.pdb,results/2026-06-06-combine-8models/predictions/T1114s3/esmfold/rank_001.pdb,true,0,2026-06-01T13:31:57+02:00,2026-06-01T13:44:22+02:00,745,results/2026-06-06-combine-8models/logs/T1114s3_esmfold.log,bash runners/run_esmfold.sh results/2026-06-06-combine-8models/sequences/T1114s3.fasta results/2026-06-06-combine-8models/predictions/T1114s3/esmfold 1,,Check,Check,multiple equivalent chains match,1.000000,0.958879,0.998051,512,513,high,mapped from mmCIF atom_site CA records; 1 aligned positions lack resolved CA atoms,All groups,A1,"A0QUM5, A0QUM6, A0QUM7 PDB code 7utd",,,,,,,,,,,,,744.6516270859865,10.681248681120332,0.022486839328674384,744.6516270859865,10.681248681120332,0.022486839328674384,,,,runner CodeCarbon output: results/2026-06-06-combine-8models/predictions/T1114s3/esmfold/carbon/T1114s3_esmfold_inference_emissions.csv,,,,,,,,,,,
T1114s3,T1114s3,CASP15,7UTD,A,4,516,1,535,535,535,omegafold,1,results/2026-06-06-combine-8models/sequences/T1114s3.fasta,results/2026-06-06-combine-8models/predictions/T1114s3/omegafold,results/2026-06-06-combine-8models/predictions/T1114s3/omegafold/rank_001.pdb,results/2026-06-06-combine-8models/predictions/T1114s3/omegafold/rank_001.pdb,true,0,2026-06-01T13:44:22+02:00,2026-06-01T13:48:28+02:00,246,results/2026-06-06-combine-8models/logs/T1114s3_omegafold.log,bash runners/run_omegafold.sh results/2026-06-06-combine-8models/sequences/T1114s3.fasta results/2026-06-06-combine-8models/predictions/T1114s3/omegafold 1,,Check,Check,multiple equivalent chains match,1.000000,0.958879,0.998051,512,513,high,mapped from mmCIF atom_site CA records; 1 aligned positions lack resolved CA atoms,All groups,A1,"A0QUM5, A0QUM6, A0QUM7 PDB code 7utd",,,,,,,,,,,,,245.89349800901255,8.514118838732237,0.0179244607131205,245.89349800901255,8.514118838732237,0.0179244607131205,,,,runner CodeCarbon output: results/2026-06-06-combine-8models/predictions/T1114s3/omegafold/carbon/T1114s3_omegafold_inference_emissions.csv,,,,,,,,,,,
T1114s3,T1114s3,CASP15,7UTD,A,4,516,1,535,535,535,colabfold,1,results/2026-06-06-combine-8models/sequences/T1114s3.fasta,results/2026-06-06-combine-8models/predictions/T1114s3/colabfold,results/2026-06-06-combine-8models/predictions/T1114s3/colabfold/rank_001.pdb,results/2026-06-06-combine-8models/predictions/T1114s3/colabfold/rank_001.pdb,true,0,2026-06-03T16:14:39+02:00,2026-06-03T16:26:18+02:00,699,results/2026-06-06-combine-8models/logs/T1114s3_colabfold.log,bash runners/run_colabfold.sh results/2026-06-06-combine-8models/sequences/T1114s3.fasta results/2026-06-06-combine-8models/predictions/T1114s3/colabfold 1,,Check,Check,multiple equivalent chains match,1.000000,0.958879,0.998051,512,513,high,mapped from mmCIF atom_site CA records; 1 aligned positions lack resolved CA atoms,All groups,A1,"A0QUM5, A0QUM6, A0QUM7 PDB code 7utd",true,colabfold_mmseqs2,mmseqs2_uniref_env,colabfold,/data/chen/protein_folding_databases/colabfold,results/2026-06-06-combine-8models/predictions/T1114s3/colabfold/tmp_colabfold_msa_search/T1114s3_qc_Check_CASP15_7UTD_A_residue_4-516_seq_1-535_coverage_0.998051.a3m,512,8.204328002005301,0.017272269477905895,true,true,false,186,4.51268040340671,0.009500379796645706,698.0,12.717008405412011,0.0267726492745516,,,,ColabFold local MMseqs2 MSA search measured separately from colabfold_batch inference.,,,,,,,,,,,
T1114s3,T1114s3,CASP15,7UTD,A,4,516,1,535,535,535,boltz2,1,results/2026-06-06-combine-8models/sequences/T1114s3.fasta,results/2026-06-06-combine-8models/predictions/T1114s3/boltz2,results/2026-06-06-combine-8models/predictions/T1114s3/boltz2/rank_001.pdb,results/2026-06-06-combine-8models/predictions/T1114s3/boltz2/rank_001.pdb,true,0,2026-06-03T16:26:18+02:00,2026-06-03T16:51:03+02:00,1485,results/2026-06-06-combine-8models/logs/T1114s3_boltz2.log,SHARED_MSA_A3M_FILE=results/2026-06-06-combine-8models/predictions/T1114s3/colabfold/tmp_colabfold/T1114s3_qc_Check_CASP15_7UTD_A_residue_4-516_seq_1-535_coverage_0.998051.a3m SHARED_MSA_DIR=results/2026-06-06-combine-8models/predictions/T1114s3/colabfold/tmp_colabfold SHARED_MSA_METADATA_FILE=results/2026-06-06-combine-8models/metadata/prediction_manifest.csv bash runners/run_boltz2.sh results/2026-06-06-combine-8models/sequences/T1114s3.fasta results/2026-06-06-combine-8models/predictions/T1114s3/boltz2 1,,Check,Check,multiple equivalent chains match,1.000000,0.958879,0.998051,512,513,high,mapped from mmCIF atom_site CA records; 1 aligned positions lack resolved CA atoms,All groups,A1,"A0QUM5, A0QUM6, A0QUM7 PDB code 7utd",true,colabfold_mmseqs2,mmseqs2_uniref_env,colabfold,/data/chen/protein_folding_databases/colabfold,results/2026-06-06-combine-8models/predictions/T1114s3/colabfold/tmp_colabfold_msa_search/T1114s3_qc_Check_CASP15_7UTD_A_residue_4-516_seq_1-535_coverage_0.998051.a3m,512,8.204328002005301,0.017272269477905895,false,false,true,1484.8900151810376,21.071358197429422,0.044360754099851414,1996.8900151810376,29.275686199434723,0.06163302357775731,colabfold,results/2026-06-06-combine-8models/predictions/T1114s3/colabfold/tmp_colabfold_msa_search/T1114s3_qc_Check_CASP15_7UTD_A_residue_4-516_seq_1-535_coverage_0.998051.a3m,results/2026-06-06-combine-8models/predictions/T1114s3/colabfold/tmp_colabfold,runner CodeCarbon output: results/2026-06-06-combine-8models/predictions/T1114s3/boltz2/carbon/T1114s3_boltz2_inference_emissions.csv; Boltz-2 reused the ColabFold A3M; MSA build time/carbon copied from the colabfold row.,,,,,,,,,,,
T1114s3,T1114s3,CASP15,7UTD,A,4,516,1,535,535,535,openfold,1,results/2026-06-06-combine-8models/sequences/T1114s3.fasta,results/2026-06-06-combine-8models/predictions/T1114s3/openfold,results/2026-06-06-combine-8models/predictions/T1114s3/openfold/rank_001.pdb,results/2026-06-06-combine-8models/predictions/T1114s3/openfold/rank_001.pdb,true,0,2026-06-03T16:51:03+02:00,2026-06-03T16:53:37+02:00,154,results/2026-06-06-combine-8models/logs/T1114s3_openfold.log,SHARED_MSA_A3M_FILE=results/2026-06-06-combine-8models/predictions/T1114s3/colabfold/tmp_colabfold/T1114s3_qc_Check_CASP15_7UTD_A_residue_4-516_seq_1-535_coverage_0.998051.a3m SHARED_MSA_DIR=results/2026-06-06-combine-8models/predictions/T1114s3/colabfold/tmp_colabfold SHARED_MSA_METADATA_FILE=results/2026-06-06-combine-8models/metadata/prediction_manifest.csv bash runners/run_openfold_shared_msa.sh results/2026-06-06-combine-8models/sequences/T1114s3.fasta results/2026-06-06-combine-8models/predictions/T1114s3/openfold 1,,Check,Check,multiple equivalent chains match,1.000000,0.958879,0.998051,512,513,high,mapped from mmCIF atom_site CA records; 1 aligned positions lack resolved CA atoms,All groups,A1,"A0QUM5, A0QUM6, A0QUM7 PDB code 7utd",true,colabfold_mmseqs2,mmseqs2_uniref_env,colabfold,/data/chen/protein_folding_databases/colabfold,results/2026-06-06-combine-8models/predictions/T1114s3/colabfold/tmp_colabfold_msa_search/T1114s3_qc_Check_CASP15_7UTD_A_residue_4-516_seq_1-535_coverage_0.998051.a3m,512,8.204328002005301,0.017272269477905895,false,false,true,153.40515888901427,5.02284993040964,0.010574420906125558,665.4051588890143,13.227177932414941,0.027846690384031453,colabfold,results/2026-06-06-combine-8models/predictions/T1114s3/colabfold/tmp_colabfold_msa_search/T1114s3_qc_Check_CASP15_7UTD_A_residue_4-516_seq_1-535_coverage_0.998051.a3m,results/2026-06-06-combine-8models/predictions/T1114s3/colabfold/tmp_colabfold,runner CodeCarbon output: results/2026-06-06-combine-8models/predictions/T1114s3/openfold/carbon/T1114s3_openfold_inference_emissions.csv; OpenFold reused the ColabFold A3M; MSA build time/carbon copied from the colabfold row.,,,,,,,,,,,
T1114s3,T1114s3,CASP15,7UTD,A,4,516,1,535,535,535,protenix,1,results/2026-06-06-combine-8models/sequences/T1114s3.fasta,results/2026-06-06-combine-8models/predictions/T1114s3/protenix,results/2026-06-06-combine-8models/predictions/T1114s3/protenix/rank_001.pdb,results/2026-06-06-combine-8models/predictions/T1114s3/protenix/rank_001.pdb,true,0,2026-06-03T16:53:37+02:00,2026-06-03T16:55:27+02:00,110,results/2026-06-06-combine-8models/logs/T1114s3_protenix.log,SHARED_MSA_A3M_FILE=results/2026-06-06-combine-8models/predictions/T1114s3/colabfold/tmp_colabfold/T1114s3_qc_Check_CASP15_7UTD_A_residue_4-516_seq_1-535_coverage_0.998051.a3m SHARED_MSA_DIR=results/2026-06-06-combine-8models/predictions/T1114s3/colabfold/tmp_colabfold SHARED_MSA_METADATA_FILE=results/2026-06-06-combine-8models/metadata/prediction_manifest.csv bash runners/run_protenix_shared_msa.sh results/2026-06-06-combine-8models/sequences/T1114s3.fasta results/2026-06-06-combine-8models/predictions/T1114s3/protenix 1,,Check,Check,multiple equivalent chains match,1.000000,0.958879,0.998051,512,513,high,mapped from mmCIF atom_site CA records; 1 aligned positions lack resolved CA atoms,All groups,A1,"A0QUM5, A0QUM6, A0QUM7 PDB code 7utd",true,colabfold_mmseqs2,mmseqs2_uniref_env,colabfold,/data/chen/protein_folding_databases/colabfold,results/2026-06-06-combine-8models/predictions/T1114s3/colabfold/tmp_colabfold_msa_search/T1114s3_qc_Check_CASP15_7UTD_A_residue_4-516_seq_1-535_coverage_0.998051.a3m,512,8.204328002005301,0.017272269477905895,false,false,true,110.24890143296216,2.2221594348371605,0.004678230389130864,622.2489014329622,10.42648743684246,0.02195049986703676,colabfold,results/2026-06-06-combine-8models/predictions/T1114s3/colabfold/tmp_colabfold_msa_search/T1114s3_qc_Check_CASP15_7UTD_A_residue_4-516_seq_1-535_coverage_0.998051.a3m,results/2026-06-06-combine-8models/predictions/T1114s3/colabfold/tmp_colabfold,runner CodeCarbon output: results/2026-06-06-combine-8models/predictions/T1114s3/protenix/carbon/T1114s3_protenix_inference_emissions.csv; Protenix reused the ColabFold A3M; MSA build time/carbon copied from the colabfold row.,,,,,,,,,,,
T1114s3,T1114s3,CASP15,7UTD,A,4,516,1,535,535,535,af2,1,results/2026-06-06-combine-8models/sequences/T1114s3.fasta,results/2026-06-06-combine-8models/predictions/T1114s3/af2,results/2026-06-06-combine-8models/predictions/T1114s3/af2/rank_001.pdb,results/2026-06-06-combine-8models/predictions/T1114s3/af2/rank_001.pdb,true,0,,,,results/2026-06-06-combine-8models/logs/T1114s3_af2.log,bash runners/run_af2.sh results/2026-06-06-combine-8models/sequences/T1114s3.fasta results/2026-06-06-combine-8models/predictions/T1114s3/af2 1,skipped existing success,Check,Check,multiple equivalent chains match,1.000000,0.958879,0.998051,512,513,high,mapped from mmCIF atom_site CA records; 1 aligned positions lack resolved CA atoms,All groups,A1,"A0QUM5, A0QUM6, A0QUM7 PDB code 7utd",true,alphafold2_default,official_af2_database_search,alphafold,/data/chen/protein_folding_databases/alphafold,,1274.640950,33.474892227827574,0.07047345732174226,true,true,false,198.523135,7.861954007616014,0.016551482121296875,1473.164085,41.33684623544359,0.08702493944303913,,,,,1274.640950,33.474892227827574,0.07047345732174226,198.523135,7.861954007616014,0.016551482121296875,full_dbs,monomer,/data/chen/protein_folding_databases/alphafold/params,/data/chen/protein_folding_databases/alphafold,results/2026-06-06-combine-8models/predictions/T1114s3/af2/af2_features
T1120,T1120,CASP15,7QVB,B,4,231,1,235,235,235,chai1,1,results/2026-06-06-combine-8models/sequences/T1120.fasta,results/2026-06-06-combine-8models/predictions/T1120/chai1,results/2026-06-06-combine-8models/predictions/T1120/chai1/rank_001.pdb,results/2026-06-06-combine-8models/predictions/T1120/chai1/rank_001.pdb,true,0,2026-06-01T13:48:28+02:00,2026-06-01T13:56:09+02:00,461,results/2026-06-06-combine-8models/logs/T1120_chai1.log,bash runners/run_chai1.sh results/2026-06-06-combine-8models/sequences/T1120.fasta results/2026-06-06-combine-8models/predictions/T1120/chai1 1,,Check,Check,multiple equivalent chains match,1.000000,1.000000,0.970213,228,235,high,mapped from mmCIF atom_site CA records; 7 aligned positions lack resolved CA atoms,All groups,A1,DdrC PDB code 7qvb,,,,,,,,,,,,,460.49798930296674,6.4865522139147656,0.013655899397715296,460.49798930296674,6.4865522139147656,0.013655899397715296,,,,runner CodeCarbon output: results/2026-06-06-combine-8models/predictions/T1120/chai1/carbon/T1120_chai1_inference_emissions.csv,,,,,,,,,,,
T1120,T1120,CASP15,7QVB,B,4,231,1,235,235,235,esmfold,1,results/2026-06-06-combine-8models/sequences/T1120.fasta,results/2026-06-06-combine-8models/predictions/T1120/esmfold,results/2026-06-06-combine-8models/predictions/T1120/esmfold/rank_001.pdb,results/2026-06-06-combine-8models/predictions/T1120/esmfold/rank_001.pdb,true,0,2026-06-01T13:56:09+02:00,2026-06-01T13:58:19+02:00,130,results/2026-06-06-combine-8models/logs/T1120_esmfold.log,bash runners/run_esmfold.sh results/2026-06-06-combine-8models/sequences/T1120.fasta results/2026-06-06-combine-8models/predictions/T1120/esmfold 1,,Check,Check,multiple equivalent chains match,1.000000,1.000000,0.970213,228,235,high,mapped from mmCIF atom_site CA records; 7 aligned positions lack resolved CA atoms,All groups,A1,DdrC PDB code 7qvb,,,,,,,,,,,,,129.9625806530239,1.8221504165785438,0.0038361061401653556,129.9625806530239,1.8221504165785438,0.0038361061401653556,,,,runner CodeCarbon output: results/2026-06-06-combine-8models/predictions/T1120/esmfold/carbon/T1120_esmfold_inference_emissions.csv,,,,,,,,,,,
T1120,T1120,CASP15,7QVB,B,4,231,1,235,235,235,omegafold,1,results/2026-06-06-combine-8models/sequences/T1120.fasta,results/2026-06-06-combine-8models/predictions/T1120/omegafold,results/2026-06-06-combine-8models/predictions/T1120/omegafold/rank_001.pdb,results/2026-06-06-combine-8models/predictions/T1120/omegafold/rank_001.pdb,true,0,2026-06-01T13:58:19+02:00,2026-06-01T13:59:03+02:00,44,results/2026-06-06-combine-8models/logs/T1120_omegafold.log,bash runners/run_omegafold.sh results/2026-06-06-combine-8models/sequences/T1120.fasta results/2026-06-06-combine-8models/predictions/T1120/omegafold 1,,Check,Check,multiple equivalent chains match,1.000000,1.000000,0.970213,228,235,high,mapped from mmCIF atom_site CA records; 7 aligned positions lack resolved CA atoms,All groups,A1,DdrC PDB code 7qvb,,,,,,,,,,,,,43.630525440967176,1.3062981263152316,0.0027501013185583824,43.630525440967176,1.3062981263152316,0.0027501013185583824,,,,runner CodeCarbon output: results/2026-06-06-combine-8models/predictions/T1120/omegafold/carbon/T1120_omegafold_inference_emissions.csv,,,,,,,,,,,
T1120,T1120,CASP15,7QVB,B,4,231,1,235,235,235,colabfold,1,results/2026-06-06-combine-8models/sequences/T1120.fasta,results/2026-06-06-combine-8models/predictions/T1120/colabfold,results/2026-06-06-combine-8models/predictions/T1120/colabfold/rank_001.pdb,results/2026-06-06-combine-8models/predictions/T1120/colabfold/rank_001.pdb,true,0,2026-06-03T16:55:27+02:00,2026-06-03T17:06:19+02:00,652,results/2026-06-06-combine-8models/logs/T1120_colabfold.log,bash runners/run_colabfold.sh results/2026-06-06-combine-8models/sequences/T1120.fasta results/2026-06-06-combine-8models/predictions/T1120/colabfold 1,,Check,Check,multiple equivalent chains match,1.000000,1.000000,0.970213,228,235,high,mapped from mmCIF atom_site CA records; 7 aligned positions lack resolved CA atoms,All groups,A1,DdrC PDB code 7qvb,true,colabfold_mmseqs2,mmseqs2_uniref_env,colabfold,/data/chen/protein_folding_databases/colabfold,results/2026-06-06-combine-8models/predictions/T1120/colabfold/tmp_colabfold_msa_search/T1120_qc_Check_CASP15_7QVB_B_residue_4-231_seq_1-235_coverage_0.970213.a3m,500,7.878973354006212,0.016587312324223606,true,true,false,150,3.053105543052215,0.0064275906169520315,650.0,10.932078897058428,0.023014902941175638,,,,ColabFold local MMseqs2 MSA search measured separately from colabfold_batch inference.,,,,,,,,,,,
T1120,T1120,CASP15,7QVB,B,4,231,1,235,235,235,boltz2,1,results/2026-06-06-combine-8models/sequences/T1120.fasta,results/2026-06-06-combine-8models/predictions/T1120/boltz2,results/2026-06-06-combine-8models/predictions/T1120/boltz2/rank_001.pdb,results/2026-06-06-combine-8models/predictions/T1120/boltz2/rank_001.pdb,true,0,2026-06-03T17:06:19+02:00,2026-06-03T17:10:26+02:00,247,results/2026-06-06-combine-8models/logs/T1120_boltz2.log,SHARED_MSA_A3M_FILE=results/2026-06-06-combine-8models/predictions/T1120/colabfold/tmp_colabfold/T1120_qc_Check_CASP15_7QVB_B_residue_4-231_seq_1-235_coverage_0.970213.a3m SHARED_MSA_DIR=results/2026-06-06-combine-8models/predictions/T1120/colabfold/tmp_colabfold SHARED_MSA_METADATA_FILE=results/2026-06-06-combine-8models/metadata/prediction_manifest.csv bash runners/run_boltz2.sh results/2026-06-06-combine-8models/sequences/T1120.fasta results/2026-06-06-combine-8models/predictions/T1120/boltz2 1,,Check,Check,multiple equivalent chains match,1.000000,1.000000,0.970213,228,235,high,mapped from mmCIF atom_site CA records; 7 aligned positions lack resolved CA atoms,All groups,A1,DdrC PDB code 7qvb,true,colabfold_mmseqs2,mmseqs2_uniref_env,colabfold,/data/chen/protein_folding_databases/colabfold,results/2026-06-06-combine-8models/predictions/T1120/colabfold/tmp_colabfold_msa_search/T1120_qc_Check_CASP15_7QVB_B_residue_4-231_seq_1-235_coverage_0.970213.a3m,500,7.878973354006212,0.016587312324223606,false,false,true,246.7792528460268,3.648247762281162,0.007680521604802447,746.7792528460268,11.527221116287375,0.024267833929026053,colabfold,results/2026-06-06-combine-8models/predictions/T1120/colabfold/tmp_colabfold_msa_search/T1120_qc_Check_CASP15_7QVB_B_residue_4-231_seq_1-235_coverage_0.970213.a3m,results/2026-06-06-combine-8models/predictions/T1120/colabfold/tmp_colabfold,runner CodeCarbon output: results/2026-06-06-combine-8models/predictions/T1120/boltz2/carbon/T1120_boltz2_inference_emissions.csv; Boltz-2 reused the ColabFold A3M; MSA build time/carbon copied from the colabfold row.,,,,,,,,,,,
T1120,T1120,CASP15,7QVB,B,4,231,1,235,235,235,openfold,1,results/2026-06-06-combine-8models/sequences/T1120.fasta,results/2026-06-06-combine-8models/predictions/T1120/openfold,results/2026-06-06-combine-8models/predictions/T1120/openfold/rank_001.pdb,results/2026-06-06-combine-8models/predictions/T1120/openfold/rank_001.pdb,true,0,2026-06-03T17:10:26+02:00,2026-06-03T17:11:02+02:00,36,results/2026-06-06-combine-8models/logs/T1120_openfold.log,SHARED_MSA_A3M_FILE=results/2026-06-06-combine-8models/predictions/T1120/colabfold/tmp_colabfold/T1120_qc_Check_CASP15_7QVB_B_residue_4-231_seq_1-235_coverage_0.970213.a3m SHARED_MSA_DIR=results/2026-06-06-combine-8models/predictions/T1120/colabfold/tmp_colabfold SHARED_MSA_METADATA_FILE=results/2026-06-06-combine-8models/metadata/prediction_manifest.csv bash runners/run_openfold_shared_msa.sh results/2026-06-06-combine-8models/sequences/T1120.fasta results/2026-06-06-combine-8models/predictions/T1120/openfold 1,,Check,Check,multiple equivalent chains match,1.000000,1.000000,0.970213,228,235,high,mapped from mmCIF atom_site CA records; 7 aligned positions lack resolved CA atoms,All groups,A1,DdrC PDB code 7qvb,true,colabfold_mmseqs2,mmseqs2_uniref_env,colabfold,/data/chen/protein_folding_databases/colabfold,results/2026-06-06-combine-8models/predictions/T1120/colabfold/tmp_colabfold_msa_search/T1120_qc_Check_CASP15_7QVB_B_residue_4-231_seq_1-235_coverage_0.970213.a3m,500,7.878973354006212,0.016587312324223606,false,false,true,36.50368096900638,1.0785153556715807,0.0022705586435191175,536.5036809690064,8.957488709677794,0.018857870967742725,colabfold,results/2026-06-06-combine-8models/predictions/T1120/colabfold/tmp_colabfold_msa_search/T1120_qc_Check_CASP15_7QVB_B_residue_4-231_seq_1-235_coverage_0.970213.a3m,results/2026-06-06-combine-8models/predictions/T1120/colabfold/tmp_colabfold,runner CodeCarbon output: results/2026-06-06-combine-8models/predictions/T1120/openfold/carbon/T1120_openfold_inference_emissions.csv; OpenFold reused the ColabFold A3M; MSA build time/carbon copied from the colabfold row.,,,,,,,,,,,
T1120,T1120,CASP15,7QVB,B,4,231,1,235,235,235,protenix,1,results/2026-06-06-combine-8models/sequences/T1120.fasta,results/2026-06-06-combine-8models/predictions/T1120/protenix,results/2026-06-06-combine-8models/predictions/T1120/protenix/rank_001.pdb,results/2026-06-06-combine-8models/predictions/T1120/protenix/rank_001.pdb,true,0,2026-06-03T17:11:02+02:00,2026-06-03T17:12:31+02:00,89,results/2026-06-06-combine-8models/logs/T1120_protenix.log,SHARED_MSA_A3M_FILE=results/2026-06-06-combine-8models/predictions/T1120/colabfold/tmp_colabfold/T1120_qc_Check_CASP15_7QVB_B_residue_4-231_seq_1-235_coverage_0.970213.a3m SHARED_MSA_DIR=results/2026-06-06-combine-8models/predictions/T1120/colabfold/tmp_colabfold SHARED_MSA_METADATA_FILE=results/2026-06-06-combine-8models/metadata/prediction_manifest.csv bash runners/run_protenix_shared_msa.sh results/2026-06-06-combine-8models/sequences/T1120.fasta results/2026-06-06-combine-8models/predictions/T1120/protenix 1,,Check,Check,multiple equivalent chains match,1.000000,1.000000,0.970213,228,235,high,mapped from mmCIF atom_site CA records; 7 aligned positions lack resolved CA atoms,All groups,A1,DdrC PDB code 7qvb,true,colabfold_mmseqs2,mmseqs2_uniref_env,colabfold,/data/chen/protein_folding_databases/colabfold,results/2026-06-06-combine-8models/predictions/T1120/colabfold/tmp_colabfold_msa_search/T1120_qc_Check_CASP15_7QVB_B_residue_4-231_seq_1-235_coverage_0.970213.a3m,500,7.878973354006212,0.016587312324223606,false,false,true,88.07998579193372,1.379966241297617,0.0029051920869423518,588.0799857919337,9.25893959530383,0.019492504411165956,colabfold,results/2026-06-06-combine-8models/predictions/T1120/colabfold/tmp_colabfold_msa_search/T1120_qc_Check_CASP15_7QVB_B_residue_4-231_seq_1-235_coverage_0.970213.a3m,results/2026-06-06-combine-8models/predictions/T1120/colabfold/tmp_colabfold,runner CodeCarbon output: results/2026-06-06-combine-8models/predictions/T1120/protenix/carbon/T1120_protenix_inference_emissions.csv; Protenix reused the ColabFold A3M; MSA build time/carbon copied from the colabfold row.,,,,,,,,,,,
T1120,T1120,CASP15,7QVB,B,4,231,1,235,235,235,af2,1,results/2026-06-06-combine-8models/sequences/T1120.fasta,results/2026-06-06-combine-8models/predictions/T1120/af2,results/2026-06-06-combine-8models/predictions/T1120/af2/rank_001.pdb,results/2026-06-06-combine-8models/predictions/T1120/af2/rank_001.pdb,true,0,,,,results/2026-06-06-combine-8models/logs/T1120_af2.log,bash runners/run_af2.sh results/2026-06-06-combine-8models/sequences/T1120.fasta results/2026-06-06-combine-8models/predictions/T1120/af2 1,skipped existing success,Check,Check,multiple equivalent chains match,1.000000,1.000000,0.970213,228,235,high,mapped from mmCIF atom_site CA records; 7 aligned positions lack resolved CA atoms,All groups,A1,DdrC PDB code 7qvb,true,alphafold2_default,official_af2_database_search,alphafold,/data/chen/protein_folding_databases/alphafold,,1066.922621,28.04957100543446,0.059051728432493594,true,true,false,117.319802,3.902175286461129,0.008215105866233956,1184.242423,31.95174629189559,0.06726683429872755,,,,,1066.922621,28.04957100543446,0.059051728432493594,117.319802,3.902175286461129,0.008215105866233956,full_dbs,monomer,/data/chen/protein_folding_databases/alphafold/params,/data/chen/protein_folding_databases/alphafold,results/2026-06-06-combine-8models/predictions/T1120/af2/af2_features
T1122,T1122,CASP15,8BBT,A,4,237,1,241,241,241,chai1,1,results/2026-06-06-combine-8models/sequences/T1122.fasta,results/2026-06-06-combine-8models/predictions/T1122/chai1,results/2026-06-06-combine-8models/predictions/T1122/chai1/rank_001.pdb,results/2026-06-06-combine-8models/predictions/T1122/chai1/rank_001.pdb,true,0,2026-06-01T13:59:03+02:00,2026-06-01T14:06:48+02:00,465,results/2026-06-06-combine-8models/logs/T1122_chai1.log,bash runners/run_chai1.sh results/2026-06-06-combine-8models/sequences/T1122.fasta results/2026-06-06-combine-8models/predictions/T1122/chai1 1,,Yes,Yes,prefiltered A1 protein target with mapped residue range,1.000000,1.000000,0.954357,230,241,high,mapped from mmCIF atom_site CA records; 11 aligned positions lack resolved CA atoms,All groups,A1,A0A0B4VFQ3 PDB code 8bbt,,,,,,,,,,,,,464.2394253850216,6.536715380400748,0.013761506064001575,464.2394253850216,6.536715380400748,0.013761506064001575,,,,runner CodeCarbon output: results/2026-06-06-combine-8models/predictions/T1122/chai1/carbon/T1122_chai1_inference_emissions.csv,,,,,,,,,,,
T1122,T1122,CASP15,8BBT,A,4,237,1,241,241,241,esmfold,1,results/2026-06-06-combine-8models/sequences/T1122.fasta,results/2026-06-06-combine-8models/predictions/T1122/esmfold,results/2026-06-06-combine-8models/predictions/T1122/esmfold/rank_001.pdb,results/2026-06-06-combine-8models/predictions/T1122/esmfold/rank_001.pdb,true,0,2026-06-01T14:06:48+02:00,2026-06-01T14:09:03+02:00,135,results/2026-06-06-combine-8models/logs/T1122_esmfold.log,bash runners/run_esmfold.sh results/2026-06-06-combine-8models/sequences/T1122.fasta results/2026-06-06-combine-8models/predictions/T1122/esmfold 1,,Yes,Yes,prefiltered A1 protein target with mapped residue range,1.000000,1.000000,0.954357,230,241,high,mapped from mmCIF atom_site CA records; 11 aligned positions lack resolved CA atoms,All groups,A1,A0A0B4VFQ3 PDB code 8bbt,,,,,,,,,,,,,135.6402035439969,1.9172799435444474,0.004036378828514626,135.6402035439969,1.9172799435444474,0.004036378828514626,,,,runner CodeCarbon output: results/2026-06-06-combine-8models/predictions/T1122/esmfold/carbon/T1122_esmfold_inference_emissions.csv,,,,,,,,,,,
T1122,T1122,CASP15,8BBT,A,4,237,1,241,241,241,omegafold,1,results/2026-06-06-combine-8models/sequences/T1122.fasta,results/2026-06-06-combine-8models/predictions/T1122/omegafold,results/2026-06-06-combine-8models/predictions/T1122/omegafold/rank_001.pdb,results/2026-06-06-combine-8models/predictions/T1122/omegafold/rank_001.pdb,true,0,2026-06-01T14:09:03+02:00,2026-06-01T14:09:49+02:00,46,results/2026-06-06-combine-8models/logs/T1122_omegafold.log,bash runners/run_omegafold.sh results/2026-06-06-combine-8models/sequences/T1122.fasta results/2026-06-06-combine-8models/predictions/T1122/omegafold 1,,Yes,Yes,prefiltered A1 protein target with mapped residue range,1.000000,1.000000,0.954357,230,241,high,mapped from mmCIF atom_site CA records; 11 aligned positions lack resolved CA atoms,All groups,A1,A0A0B4VFQ3 PDB code 8bbt,,,,,,,,,,,,,45.47211385203991,1.3687270047098927,0.002881530536231353,45.47211385203991,1.3687270047098927,0.002881530536231353,,,,runner CodeCarbon output: results/2026-06-06-combine-8models/predictions/T1122/omegafold/carbon/T1122_omegafold_inference_emissions.csv,,,,,,,,,,,
T1122,T1122,CASP15,8BBT,A,4,237,1,241,241,241,colabfold,1,results/2026-06-06-combine-8models/sequences/T1122.fasta,results/2026-06-06-combine-8models/predictions/T1122/colabfold,results/2026-06-06-combine-8models/predictions/T1122/colabfold/rank_001.pdb,results/2026-06-06-combine-8models/predictions/T1122/colabfold/rank_001.pdb,true,0,2026-06-03T17:12:31+02:00,2026-06-03T17:22:53+02:00,622,results/2026-06-06-combine-8models/logs/T1122_colabfold.log,bash runners/run_colabfold.sh results/2026-06-06-combine-8models/sequences/T1122.fasta results/2026-06-06-combine-8models/predictions/T1122/colabfold 1,,Yes,Yes,prefiltered A1 protein target with mapped residue range,1.000000,1.000000,0.954357,230,241,high,mapped from mmCIF atom_site CA records; 11 aligned positions lack resolved CA atoms,All groups,A1,A0A0B4VFQ3 PDB code 8bbt,true,colabfold_mmseqs2,mmseqs2_uniref_env,colabfold,/data/chen/protein_folding_databases/colabfold,results/2026-06-06-combine-8models/predictions/T1122/colabfold/tmp_colabfold_msa_search/T1122_qc_Yes_CASP15_8BBT_A_residue_4-237_seq_1-241_coverage_0.954357.a3m,506,8.002479920429582,0.016847326148272807,true,true,false,116,2.5136604346066322,0.005291916704435015,622.0,10.516140355036214,0.02213924285270782,,,,ColabFold local MMseqs2 MSA search measured separately from colabfold_batch inference.,,,,,,,,,,,
T1122,T1122,CASP15,8BBT,A,4,237,1,241,241,241,boltz2,1,results/2026-06-06-combine-8models/sequences/T1122.fasta,results/2026-06-06-combine-8models/predictions/T1122/boltz2,results/2026-06-06-combine-8models/predictions/T1122/boltz2/rank_001.pdb,results/2026-06-06-combine-8models/predictions/T1122/boltz2/rank_001.pdb,true,0,2026-06-03T17:22:53+02:00,2026-06-03T17:26:59+02:00,246,results/2026-06-06-combine-8models/logs/T1122_boltz2.log,SHARED_MSA_A3M_FILE=results/2026-06-06-combine-8models/predictions/T1122/colabfold/tmp_colabfold/T1122_qc_Yes_CASP15_8BBT_A_residue_4-237_seq_1-241_coverage_0.954357.a3m SHARED_MSA_DIR=results/2026-06-06-combine-8models/predictions/T1122/colabfold/tmp_colabfold SHARED_MSA_METADATA_FILE=results/2026-06-06-combine-8models/metadata/prediction_manifest.csv bash runners/run_boltz2.sh results/2026-06-06-combine-8models/sequences/T1122.fasta results/2026-06-06-combine-8models/predictions/T1122/boltz2 1,,Yes,Yes,prefiltered A1 protein target with mapped residue range,1.000000,1.000000,0.954357,230,241,high,mapped from mmCIF atom_site CA records; 11 aligned positions lack resolved CA atoms,All groups,A1,A0A0B4VFQ3 PDB code 8bbt,true,colabfold_mmseqs2,mmseqs2_uniref_env,colabfold,/data/chen/protein_folding_databases/colabfold,results/2026-06-06-combine-8models/predictions/T1122/colabfold/tmp_colabfold_msa_search/T1122_qc_Yes_CASP15_8BBT_A_residue_4-237_seq_1-241_coverage_0.954357.a3m,506,8.002479920429582,0.016847326148272807,false,false,true,245.77428764500655,3.6431193029433158,0.007669724848301717,751.7742876450066,11.645599223372898,0.024517050996574523,colabfold,results/2026-06-06-combine-8models/predictions/T1122/colabfold/tmp_colabfold_msa_search/T1122_qc_Yes_CASP15_8BBT_A_residue_4-237_seq_1-241_coverage_0.954357.a3m,results/2026-06-06-combine-8models/predictions/T1122/colabfold/tmp_colabfold,runner CodeCarbon output: results/2026-06-06-combine-8models/predictions/T1122/boltz2/carbon/T1122_boltz2_inference_emissions.csv; Boltz-2 reused the ColabFold A3M; MSA build time/carbon copied from the colabfold row.,,,,,,,,,,,
T1122,T1122,CASP15,8BBT,A,4,237,1,241,241,241,openfold,1,results/2026-06-06-combine-8models/sequences/T1122.fasta,results/2026-06-06-combine-8models/predictions/T1122/openfold,results/2026-06-06-combine-8models/predictions/T1122/openfold/rank_001.pdb,results/2026-06-06-combine-8models/predictions/T1122/openfold/rank_001.pdb,true,0,2026-06-03T17:26:59+02:00,2026-06-03T17:27:36+02:00,37,results/2026-06-06-combine-8models/logs/T1122_openfold.log,SHARED_MSA_A3M_FILE=results/2026-06-06-combine-8models/predictions/T1122/colabfold/tmp_colabfold/T1122_qc_Yes_CASP15_8BBT_A_residue_4-237_seq_1-241_coverage_0.954357.a3m SHARED_MSA_DIR=results/2026-06-06-combine-8models/predictions/T1122/colabfold/tmp_colabfold SHARED_MSA_METADATA_FILE=results/2026-06-06-combine-8models/metadata/prediction_manifest.csv bash runners/run_openfold_shared_msa.sh results/2026-06-06-combine-8models/sequences/T1122.fasta results/2026-06-06-combine-8models/predictions/T1122/openfold 1,,Yes,Yes,prefiltered A1 protein target with mapped residue range,1.000000,1.000000,0.954357,230,241,high,mapped from mmCIF atom_site CA records; 11 aligned positions lack resolved CA atoms,All groups,A1,A0A0B4VFQ3 PDB code 8bbt,true,colabfold_mmseqs2,mmseqs2_uniref_env,colabfold,/data/chen/protein_folding_databases/colabfold,results/2026-06-06-combine-8models/predictions/T1122/colabfold/tmp_colabfold_msa_search/T1122_qc_Yes_CASP15_8BBT_A_residue_4-237_seq_1-241_coverage_0.954357.a3m,506,8.002479920429582,0.016847326148272807,false,false,true,37.03344028501306,1.0740009968931925,0.002261054730301458,543.0334402850131,9.076480917322774,0.019108380878574263,colabfold,results/2026-06-06-combine-8models/predictions/T1122/colabfold/tmp_colabfold_msa_search/T1122_qc_Yes_CASP15_8BBT_A_residue_4-237_seq_1-241_coverage_0.954357.a3m,results/2026-06-06-combine-8models/predictions/T1122/colabfold/tmp_colabfold,runner CodeCarbon output: results/2026-06-06-combine-8models/predictions/T1122/openfold/carbon/T1122_openfold_inference_emissions.csv; OpenFold reused the ColabFold A3M; MSA build time/carbon copied from the colabfold row.,,,,,,,,,,,
T1122,T1122,CASP15,8BBT,A,4,237,1,241,241,241,protenix,1,results/2026-06-06-combine-8models/sequences/T1122.fasta,results/2026-06-06-combine-8models/predictions/T1122/protenix,results/2026-06-06-combine-8models/predictions/T1122/protenix/rank_001.pdb,results/2026-06-06-combine-8models/predictions/T1122/protenix/rank_001.pdb,true,0,2026-06-03T17:27:36+02:00,2026-06-03T17:29:00+02:00,84,results/2026-06-06-combine-8models/logs/T1122_protenix.log,SHARED_MSA_A3M_FILE=results/2026-06-06-combine-8models/predictions/T1122/colabfold/tmp_colabfold/T1122_qc_Yes_CASP15_8BBT_A_residue_4-237_seq_1-241_coverage_0.954357.a3m SHARED_MSA_DIR=results/2026-06-06-combine-8models/predictions/T1122/colabfold/tmp_colabfold SHARED_MSA_METADATA_FILE=results/2026-06-06-combine-8models/metadata/prediction_manifest.csv bash runners/run_protenix_shared_msa.sh results/2026-06-06-combine-8models/sequences/T1122.fasta results/2026-06-06-combine-8models/predictions/T1122/protenix 1,,Yes,Yes,prefiltered A1 protein target with mapped residue range,1.000000,1.000000,0.954357,230,241,high,mapped from mmCIF atom_site CA records; 11 aligned positions lack resolved CA atoms,All groups,A1,A0A0B4VFQ3 PDB code 8bbt,true,colabfold_mmseqs2,mmseqs2_uniref_env,colabfold,/data/chen/protein_folding_databases/colabfold,results/2026-06-06-combine-8models/predictions/T1122/colabfold/tmp_colabfold_msa_search/T1122_qc_Yes_CASP15_8BBT_A_residue_4-237_seq_1-241_coverage_0.954357.a3m,506,8.002479920429582,0.016847326148272807,false,false,true,83.9205211000517,1.326892258181896,0.002793457385646097,589.9205211000517,9.329372178611479,0.019640783533918904,colabfold,results/2026-06-06-combine-8models/predictions/T1122/colabfold/tmp_colabfold_msa_search/T1122_qc_Yes_CASP15_8BBT_A_residue_4-237_seq_1-241_coverage_0.954357.a3m,results/2026-06-06-combine-8models/predictions/T1122/colabfold/tmp_colabfold,runner CodeCarbon output: results/2026-06-06-combine-8models/predictions/T1122/protenix/carbon/T1122_protenix_inference_emissions.csv; Protenix reused the ColabFold A3M; MSA build time/carbon copied from the colabfold row.,,,,,,,,,,,
T1122,T1122,CASP15,8BBT,A,4,237,1,241,241,241,af2,1,results/2026-06-06-combine-8models/sequences/T1122.fasta,results/2026-06-06-combine-8models/predictions/T1122/af2,results/2026-06-06-combine-8models/predictions/T1122/af2/rank_001.pdb,results/2026-06-06-combine-8models/predictions/T1122/af2/rank_001.pdb,true,0,,,,results/2026-06-06-combine-8models/logs/T1122_af2.log,bash runners/run_af2.sh results/2026-06-06-combine-8models/sequences/T1122.fasta results/2026-06-06-combine-8models/predictions/T1122/af2 1,skipped existing success,Yes,Yes,prefiltered A1 protein target with mapped residue range,1.000000,1.000000,0.954357,230,241,high,mapped from mmCIF atom_site CA records; 11 aligned positions lack resolved CA atoms,All groups,A1,A0A0B4VFQ3 PDB code 8bbt,true,alphafold2_default,official_af2_database_search,alphafold,/data/chen/protein_folding_databases/alphafold,,1005.633554,26.39890397344799,0.05557663994410103,true,true,false,119.303781,3.840496401866598,0.008085255582877048,1124.937335,30.239400375314588,0.06366189552697808,,,,,1005.633554,26.39890397344799,0.05557663994410103,119.303781,3.840496401866598,0.008085255582877048,full_dbs,monomer,/data/chen/protein_folding_databases/alphafold/params,/data/chen/protein_folding_databases/alphafold,results/2026-06-06-combine-8models/predictions/T1122/af2/af2_features
T1129s2,T1129s2,CASP15,8A8C,B,41,640,1,640,640,640,chai1,1,results/2026-06-06-combine-8models/sequences/T1129s2.fasta,results/2026-06-06-combine-8models/predictions/T1129s2/chai1,results/2026-06-06-combine-8models/predictions/T1129s2/chai1/rank_001.pdb,results/2026-06-06-combine-8models/predictions/T1129s2/chai1/rank_001.pdb,true,0,2026-06-01T14:09:49+02:00,2026-06-01T15:09:41+02:00,3592,results/2026-06-06-combine-8models/logs/T1129s2_chai1.log,bash runners/run_chai1.sh results/2026-06-06-combine-8models/sequences/T1129s2.fasta results/2026-06-06-combine-8models/predictions/T1129s2/chai1 1,,Yes,Yes,prefiltered A1 protein target with mapped residue range,1.000000,1.000000,0.825000,528,640,high,mapped from mmCIF atom_site CA records; 112 aligned positions lack resolved CA atoms,All groups,A1,P06971; P23207 PDB code 8a8c,,,,,,,,,,,,,3592.0973846749985,50.309810454367266,0.10591539043024688,3592.0973846749985,50.309810454367266,0.10591539043024688,,,,runner CodeCarbon output: results/2026-06-06-combine-8models/predictions/T1129s2/chai1/carbon/T1129s2_chai1_inference_emissions.csv,,,,,,,,,,,
T1129s2,T1129s2,CASP15,8A8C,B,41,640,1,640,640,640,esmfold,1,results/2026-06-06-combine-8models/sequences/T1129s2.fasta,results/2026-06-06-combine-8models/predictions/T1129s2/esmfold,results/2026-06-06-combine-8models/predictions/T1129s2/esmfold/rank_001.pdb,results/2026-06-06-combine-8models/predictions/T1129s2/esmfold/rank_001.pdb,true,0,2026-06-01T15:09:41+02:00,2026-06-01T15:27:50+02:00,1089,results/2026-06-06-combine-8models/logs/T1129s2_esmfold.log,bash runners/run_esmfold.sh results/2026-06-06-combine-8models/sequences/T1129s2.fasta results/2026-06-06-combine-8models/predictions/T1129s2/esmfold 1,,Yes,Yes,prefiltered A1 protein target with mapped residue range,1.000000,1.000000,0.825000,528,640,high,mapped from mmCIF atom_site CA records; 112 aligned positions lack resolved CA atoms,All groups,A1,P06971; P23207 PDB code 8a8c,,,,,,,,,,,,,1088.1045312720235,16.130605282589432,0.03395916901597775,1088.1045312720235,16.130605282589432,0.03395916901597775,,,,runner CodeCarbon output: results/2026-06-06-combine-8models/predictions/T1129s2/esmfold/carbon/T1129s2_esmfold_inference_emissions.csv,,,,,,,,,,,
T1129s2,T1129s2,CASP15,8A8C,B,41,640,1,640,640,640,omegafold,1,results/2026-06-06-combine-8models/sequences/T1129s2.fasta,results/2026-06-06-combine-8models/predictions/T1129s2/omegafold,results/2026-06-06-combine-8models/predictions/T1129s2/omegafold/rank_001.pdb,results/2026-06-06-combine-8models/predictions/T1129s2/omegafold/rank_001.pdb,true,0,2026-06-01T15:27:50+02:00,2026-06-01T15:34:18+02:00,388,results/2026-06-06-combine-8models/logs/T1129s2_omegafold.log,bash runners/run_omegafold.sh results/2026-06-06-combine-8models/sequences/T1129s2.fasta results/2026-06-06-combine-8models/predictions/T1129s2/omegafold 1,,Yes,Yes,prefiltered A1 protein target with mapped residue range,1.000000,1.000000,0.825000,528,640,high,mapped from mmCIF atom_site CA records; 112 aligned positions lack resolved CA atoms,All groups,A1,P06971; P23207 PDB code 8a8c,,,,,,,,,,,,,388.0641763700405,12.867693764609783,0.027089881609704807,388.0641763700405,12.867693764609783,0.027089881609704807,,,,runner CodeCarbon output: results/2026-06-06-combine-8models/predictions/T1129s2/omegafold/carbon/T1129s2_omegafold_inference_emissions.csv,,,,,,,,,,,
T1129s2,T1129s2,CASP15,8A8C,B,41,640,1,640,640,640,colabfold,1,results/2026-06-06-combine-8models/sequences/T1129s2.fasta,results/2026-06-06-combine-8models/predictions/T1129s2/colabfold,results/2026-06-06-combine-8models/predictions/T1129s2/colabfold/rank_001.pdb,results/2026-06-06-combine-8models/predictions/T1129s2/colabfold/rank_001.pdb,true,0,2026-06-03T17:29:00+02:00,2026-06-03T17:39:34+02:00,634,results/2026-06-06-combine-8models/logs/T1129s2_colabfold.log,bash runners/run_colabfold.sh results/2026-06-06-combine-8models/sequences/T1129s2.fasta results/2026-06-06-combine-8models/predictions/T1129s2/colabfold 1,,Yes,Yes,prefiltered A1 protein target with mapped residue range,1.000000,1.000000,0.825000,528,640,high,mapped from mmCIF atom_site CA records; 112 aligned positions lack resolved CA atoms,All groups,A1,P06971; P23207 PDB code 8a8c,true,colabfold_mmseqs2,mmseqs2_uniref_env,colabfold,/data/chen/protein_folding_databases/colabfold,results/2026-06-06-combine-8models/predictions/T1129s2/colabfold/tmp_colabfold_msa_search/T1129s2_qc_Yes_CASP15_8A8C_B_residue_41-640_seq_1-640_coverage_0.825000.a3m,494,8.014984531996308,0.016873651646308017,true,true,false,139,3.414433603040271,0.007188281269558465,633.0,11.42941813503658,0.02406193291586648,,,,ColabFold local MMseqs2 MSA search measured separately from colabfold_batch inference.,,,,,,,,,,,
T1129s2,T1129s2,CASP15,8A8C,B,41,640,1,640,640,640,boltz2,1,results/2026-06-06-combine-8models/sequences/T1129s2.fasta,results/2026-06-06-combine-8models/predictions/T1129s2/boltz2,results/2026-06-06-combine-8models/predictions/T1129s2/boltz2/rank_001.pdb,results/2026-06-06-combine-8models/predictions/T1129s2/boltz2/rank_001.pdb,true,0,2026-06-03T17:39:34+02:00,2026-06-03T18:15:51+02:00,2177,results/2026-06-06-combine-8models/logs/T1129s2_boltz2.log,SHARED_MSA_A3M_FILE=results/2026-06-06-combine-8models/predictions/T1129s2/colabfold/tmp_colabfold/T1129s2_qc_Yes_CASP15_8A8C_B_residue_41-640_seq_1-640_coverage_0.825000.a3m SHARED_MSA_DIR=results/2026-06-06-combine-8models/predictions/T1129s2/colabfold/tmp_colabfold SHARED_MSA_METADATA_FILE=results/2026-06-06-combine-8models/metadata/prediction_manifest.csv bash runners/run_boltz2.sh results/2026-06-06-combine-8models/sequences/T1129s2.fasta results/2026-06-06-combine-8models/predictions/T1129s2/boltz2 1,,Yes,Yes,prefiltered A1 protein target with mapped residue range,1.000000,1.000000,0.825000,528,640,high,mapped from mmCIF atom_site CA records; 112 aligned positions lack resolved CA atoms,All groups,A1,P06971; P23207 PDB code 8a8c,true,colabfold_mmseqs2,mmseqs2_uniref_env,colabfold,/data/chen/protein_folding_databases/colabfold,results/2026-06-06-combine-8models/predictions/T1129s2/colabfold/tmp_colabfold_msa_search/T1129s2_qc_Yes_CASP15_8A8C_B_residue_41-640_seq_1-640_coverage_0.825000.a3m,494,8.014984531996308,0.016873651646308017,false,false,true,2176.6901159790577,30.568090114468163,0.06435387392519613,2670.6901159790577,38.58307464646447,0.08122752557150414,colabfold,results/2026-06-06-combine-8models/predictions/T1129s2/colabfold/tmp_colabfold_msa_search/T1129s2_qc_Yes_CASP15_8A8C_B_residue_41-640_seq_1-640_coverage_0.825000.a3m,results/2026-06-06-combine-8models/predictions/T1129s2/colabfold/tmp_colabfold,runner CodeCarbon output: results/2026-06-06-combine-8models/predictions/T1129s2/boltz2/carbon/T1129s2_boltz2_inference_emissions.csv; Boltz-2 reused the ColabFold A3M; MSA build time/carbon copied from the colabfold row.,,,,,,,,,,,
T1129s2,T1129s2,CASP15,8A8C,B,41,640,1,640,640,640,openfold,1,results/2026-06-06-combine-8models/sequences/T1129s2.fasta,results/2026-06-06-combine-8models/predictions/T1129s2/openfold,results/2026-06-06-combine-8models/predictions/T1129s2/openfold/rank_001.pdb,results/2026-06-06-combine-8models/predictions/T1129s2/openfold/rank_001.pdb,true,0,2026-06-03T18:15:51+02:00,2026-06-03T18:19:10+02:00,199,results/2026-06-06-combine-8models/logs/T1129s2_openfold.log,SHARED_MSA_A3M_FILE=results/2026-06-06-combine-8models/predictions/T1129s2/colabfold/tmp_colabfold/T1129s2_qc_Yes_CASP15_8A8C_B_residue_41-640_seq_1-640_coverage_0.825000.a3m SHARED_MSA_DIR=results/2026-06-06-combine-8models/predictions/T1129s2/colabfold/tmp_colabfold SHARED_MSA_METADATA_FILE=results/2026-06-06-combine-8models/metadata/prediction_manifest.csv bash runners/run_openfold_shared_msa.sh results/2026-06-06-combine-8models/sequences/T1129s2.fasta results/2026-06-06-combine-8models/predictions/T1129s2/openfold 1,,Yes,Yes,prefiltered A1 protein target with mapped residue range,1.000000,1.000000,0.825000,528,640,high,mapped from mmCIF atom_site CA records; 112 aligned positions lack resolved CA atoms,All groups,A1,P06971; P23207 PDB code 8a8c,true,colabfold_mmseqs2,mmseqs2_uniref_env,colabfold,/data/chen/protein_folding_databases/colabfold,results/2026-06-06-combine-8models/predictions/T1129s2/colabfold/tmp_colabfold_msa_search/T1129s2_qc_Yes_CASP15_8A8C_B_residue_41-640_seq_1-640_coverage_0.825000.a3m,494,8.014984531996308,0.016873651646308017,false,false,true,199.16876450297423,6.648973329876792,0.0139978385892143,693.1687645029742,14.6639578618731,0.03087149023552232,colabfold,results/2026-06-06-combine-8models/predictions/T1129s2/colabfold/tmp_colabfold_msa_search/T1129s2_qc_Yes_CASP15_8A8C_B_residue_41-640_seq_1-640_coverage_0.825000.a3m,results/2026-06-06-combine-8models/predictions/T1129s2/colabfold/tmp_colabfold,runner CodeCarbon output: results/2026-06-06-combine-8models/predictions/T1129s2/openfold/carbon/T1129s2_openfold_inference_emissions.csv; OpenFold reused the ColabFold A3M; MSA build time/carbon copied from the colabfold row.,,,,,,,,,,,
T1129s2,T1129s2,CASP15,8A8C,B,41,640,1,640,640,640,protenix,1,results/2026-06-06-combine-8models/sequences/T1129s2.fasta,results/2026-06-06-combine-8models/predictions/T1129s2/protenix,results/2026-06-06-combine-8models/predictions/T1129s2/protenix/rank_001.pdb,results/2026-06-06-combine-8models/predictions/T1129s2/protenix/rank_001.pdb,true,0,2026-06-03T18:19:10+02:00,2026-06-03T18:21:08+02:00,118,results/2026-06-06-combine-8models/logs/T1129s2_protenix.log,SHARED_MSA_A3M_FILE=results/2026-06-06-combine-8models/predictions/T1129s2/colabfold/tmp_colabfold/T1129s2_qc_Yes_CASP15_8A8C_B_residue_41-640_seq_1-640_coverage_0.825000.a3m SHARED_MSA_DIR=results/2026-06-06-combine-8models/predictions/T1129s2/colabfold/tmp_colabfold SHARED_MSA_METADATA_FILE=results/2026-06-06-combine-8models/metadata/prediction_manifest.csv bash runners/run_protenix_shared_msa.sh results/2026-06-06-combine-8models/sequences/T1129s2.fasta results/2026-06-06-combine-8models/predictions/T1129s2/protenix 1,,Yes,Yes,prefiltered A1 protein target with mapped residue range,1.000000,1.000000,0.825000,528,640,high,mapped from mmCIF atom_site CA records; 112 aligned positions lack resolved CA atoms,All groups,A1,P06971; P23207 PDB code 8a8c,true,colabfold_mmseqs2,mmseqs2_uniref_env,colabfold,/data/chen/protein_folding_databases/colabfold,results/2026-06-06-combine-8models/predictions/T1129s2/colabfold/tmp_colabfold_msa_search/T1129s2_qc_Yes_CASP15_8A8C_B_residue_41-640_seq_1-640_coverage_0.825000.a3m,494,8.014984531996308,0.016873651646308017,false,false,true,117.39841918204911,2.596441015519808,0.005466191611620649,611.3984191820491,10.611425547516117,0.022339843257928666,colabfold,results/2026-06-06-combine-8models/predictions/T1129s2/colabfold/tmp_colabfold_msa_search/T1129s2_qc_Yes_CASP15_8A8C_B_residue_41-640_seq_1-640_coverage_0.825000.a3m,results/2026-06-06-combine-8models/predictions/T1129s2/colabfold/tmp_colabfold,runner CodeCarbon output: results/2026-06-06-combine-8models/predictions/T1129s2/protenix/carbon/T1129s2_protenix_inference_emissions.csv; Protenix reused the ColabFold A3M; MSA build time/carbon copied from the colabfold row.,,,,,,,,,,,
T1129s2,T1129s2,CASP15,8A8C,B,41,640,1,640,640,640,af2,1,results/2026-06-06-combine-8models/sequences/T1129s2.fasta,results/2026-06-06-combine-8models/predictions/T1129s2/af2,results/2026-06-06-combine-8models/predictions/T1129s2/af2/rank_001.pdb,results/2026-06-06-combine-8models/predictions/T1129s2/af2/rank_001.pdb,true,0,,,,results/2026-06-06-combine-8models/logs/T1129s2_af2.log,bash runners/run_af2.sh results/2026-06-06-combine-8models/sequences/T1129s2.fasta results/2026-06-06-combine-8models/predictions/T1129s2/af2 1,skipped existing success,Yes,Yes,prefiltered A1 protein target with mapped residue range,1.000000,1.000000,0.825000,528,640,high,mapped from mmCIF atom_site CA records; 112 aligned positions lack resolved CA atoms,All groups,A1,P06971; P23207 PDB code 8a8c,true,alphafold2_default,official_af2_database_search,alphafold,/data/chen/protein_folding_databases/alphafold,,1279.629845,33.558074222563974,0.070648577310661,true,true,false,205.681160,8.191885908388805,0.017246075596608013,1485.311005,41.74996013095278,0.08789465290726901,,,,,1279.629845,33.558074222563974,0.070648577310661,205.681160,8.191885908388805,0.017246075596608013,full_dbs,monomer,/data/chen/protein_folding_databases/alphafold/params,/data/chen/protein_folding_databases/alphafold,results/2026-06-06-combine-8models/predictions/T1129s2/af2/af2_features
T1133,T1133,CASP15,8DYS,A,4,427,1,585,585,585,chai1,1,results/2026-06-06-combine-8models/sequences/T1133.fasta,results/2026-06-06-combine-8models/predictions/T1133/chai1,results/2026-06-06-combine-8models/predictions/T1133/chai1/rank_001.pdb,results/2026-06-06-combine-8models/predictions/T1133/chai1/rank_001.pdb,true,0,2026-06-01T15:34:18+02:00,2026-06-01T16:34:01+02:00,3583,results/2026-06-06-combine-8models/logs/T1133_chai1.log,bash runners/run_chai1.sh results/2026-06-06-combine-8models/sequences/T1133.fasta results/2026-06-06-combine-8models/predictions/T1133/chai1 1,,Check,Check,reference coverage below threshold 0.699,1.000000,1.000000,0.699145,409,585,high,mapped from mmCIF atom_site CA records; 176 aligned positions lack resolved CA atoms,All groups,A1,Q9BY44 PDB code 8dys,,,,,,,,,,,,,3582.372884034994,50.41598997842563,0.10613892627036975,3582.372884034994,50.41598997842563,0.10613892627036975,,,,runner CodeCarbon output: results/2026-06-06-combine-8models/predictions/T1133/chai1/carbon/T1133_chai1_inference_emissions.csv,,,,,,,,,,,
T1133,T1133,CASP15,8DYS,A,4,427,1,585,585,585,esmfold,1,results/2026-06-06-combine-8models/sequences/T1133.fasta,results/2026-06-06-combine-8models/predictions/T1133/esmfold,results/2026-06-06-combine-8models/predictions/T1133/esmfold/rank_001.pdb,results/2026-06-06-combine-8models/predictions/T1133/esmfold/rank_001.pdb,true,0,2026-06-01T16:34:01+02:00,2026-06-01T16:49:06+02:00,905,results/2026-06-06-combine-8models/logs/T1133_esmfold.log,bash runners/run_esmfold.sh results/2026-06-06-combine-8models/sequences/T1133.fasta results/2026-06-06-combine-8models/predictions/T1133/esmfold 1,,Check,Check,reference coverage below threshold 0.699,1.000000,1.000000,0.699145,409,585,high,mapped from mmCIF atom_site CA records; 176 aligned positions lack resolved CA atoms,All groups,A1,Q9BY44 PDB code 8dys,,,,,,,,,,,,,905.4114539070288,13.362299918219085,0.028131157722566493,905.4114539070288,13.362299918219085,0.028131157722566493,,,,runner CodeCarbon output: results/2026-06-06-combine-8models/predictions/T1133/esmfold/carbon/T1133_esmfold_inference_emissions.csv,,,,,,,,,,,
T1133,T1133,CASP15,8DYS,A,4,427,1,585,585,585,omegafold,1,results/2026-06-06-combine-8models/sequences/T1133.fasta,results/2026-06-06-combine-8models/predictions/T1133/omegafold,results/2026-06-06-combine-8models/predictions/T1133/omegafold/rank_001.pdb,results/2026-06-06-combine-8models/predictions/T1133/omegafold/rank_001.pdb,true,0,2026-06-01T16:49:06+02:00,2026-06-01T16:54:37+02:00,331,results/2026-06-06-combine-8models/logs/T1133_omegafold.log,bash runners/run_omegafold.sh results/2026-06-06-combine-8models/sequences/T1133.fasta results/2026-06-06-combine-8models/predictions/T1133/omegafold 1,,Check,Check,reference coverage below threshold 0.699,1.000000,1.000000,0.699145,409,585,high,mapped from mmCIF atom_site CA records; 176 aligned positions lack resolved CA atoms,All groups,A1,Q9BY44 PDB code 8dys,,,,,,,,,,,,,330.93286309897667,11.046800475589121,0.023256422053871833,330.93286309897667,11.046800475589121,0.023256422053871833,,,,runner CodeCarbon output: results/2026-06-06-combine-8models/predictions/T1133/omegafold/carbon/T1133_omegafold_inference_emissions.csv,,,,,,,,,,,
T1133,T1133,CASP15,8DYS,A,4,427,1,585,585,585,colabfold,1,results/2026-06-06-combine-8models/sequences/T1133.fasta,results/2026-06-06-combine-8models/predictions/T1133/colabfold,results/2026-06-06-combine-8models/predictions/T1133/colabfold/rank_001.pdb,results/2026-06-06-combine-8models/predictions/T1133/colabfold/rank_001.pdb,true,0,2026-06-03T18:21:08+02:00,2026-06-03T18:33:13+02:00,725,results/2026-06-06-combine-8models/logs/T1133_colabfold.log,bash runners/run_colabfold.sh results/2026-06-06-combine-8models/sequences/T1133.fasta results/2026-06-06-combine-8models/predictions/T1133/colabfold 1,,Check,Check,reference coverage below threshold 0.699,1.000000,1.000000,0.699145,409,585,high,mapped from mmCIF atom_site CA records; 176 aligned positions lack resolved CA atoms,All groups,A1,Q9BY44 PDB code 8dys,true,colabfold_mmseqs2,mmseqs2_uniref_env,colabfold,/data/chen/protein_folding_databases/colabfold,results/2026-06-06-combine-8models/predictions/T1133/colabfold/tmp_colabfold_msa_search/T1133_qc_Check_CASP15_8DYS_A_residue_4-427_seq_1-585_coverage_0.699145.a3m,538,8.533183673811552,0.01796459720802432,true,true,false,187,4.6295204142323465,0.009746358766804939,725.0,13.162704088043899,0.027710955974829258,,,,ColabFold local MMseqs2 MSA search measured separately from colabfold_batch inference.,,,,,,,,,,,
T1133,T1133,CASP15,8DYS,A,4,427,1,585,585,585,boltz2,1,results/2026-06-06-combine-8models/sequences/T1133.fasta,results/2026-06-06-combine-8models/predictions/T1133/boltz2,results/2026-06-06-combine-8models/predictions/T1133/boltz2/rank_001.pdb,results/2026-06-06-combine-8models/predictions/T1133/boltz2/rank_001.pdb,true,0,2026-06-03T18:33:14+02:00,2026-06-03T19:00:12+02:00,1618,results/2026-06-06-combine-8models/logs/T1133_boltz2.log,SHARED_MSA_A3M_FILE=results/2026-06-06-combine-8models/predictions/T1133/colabfold/tmp_colabfold/T1133_qc_Check_CASP15_8DYS_A_residue_4-427_seq_1-585_coverage_0.699145.a3m SHARED_MSA_DIR=results/2026-06-06-combine-8models/predictions/T1133/colabfold/tmp_colabfold SHARED_MSA_METADATA_FILE=results/2026-06-06-combine-8models/metadata/prediction_manifest.csv bash runners/run_boltz2.sh results/2026-06-06-combine-8models/sequences/T1133.fasta results/2026-06-06-combine-8models/predictions/T1133/boltz2 1,,Check,Check,reference coverage below threshold 0.699,1.000000,1.000000,0.699145,409,585,high,mapped from mmCIF atom_site CA records; 176 aligned positions lack resolved CA atoms,All groups,A1,Q9BY44 PDB code 8dys,true,colabfold_mmseqs2,mmseqs2_uniref_env,colabfold,/data/chen/protein_folding_databases/colabfold,results/2026-06-06-combine-8models/predictions/T1133/colabfold/tmp_colabfold_msa_search/T1133_qc_Check_CASP15_8DYS_A_residue_4-427_seq_1-585_coverage_0.699145.a3m,538,8.533183673811552,0.01796459720802432,false,false,true,1618.439639899996,23.12201531996523,0.04867792698940048,2156.439639899996,31.65519899377678,0.06664252419742481,colabfold,results/2026-06-06-combine-8models/predictions/T1133/colabfold/tmp_colabfold_msa_search/T1133_qc_Check_CASP15_8DYS_A_residue_4-427_seq_1-585_coverage_0.699145.a3m,results/2026-06-06-combine-8models/predictions/T1133/colabfold/tmp_colabfold,runner CodeCarbon output: results/2026-06-06-combine-8models/predictions/T1133/boltz2/carbon/T1133_boltz2_inference_emissions.csv; Boltz-2 reused the ColabFold A3M; MSA build time/carbon copied from the colabfold row.,,,,,,,,,,,
T1133,T1133,CASP15,8DYS,A,4,427,1,585,585,585,openfold,1,results/2026-06-06-combine-8models/sequences/T1133.fasta,results/2026-06-06-combine-8models/predictions/T1133/openfold,results/2026-06-06-combine-8models/predictions/T1133/openfold/rank_001.pdb,results/2026-06-06-combine-8models/predictions/T1133/openfold/rank_001.pdb,true,0,2026-06-03T19:00:12+02:00,2026-06-03T19:03:11+02:00,179,results/2026-06-06-combine-8models/logs/T1133_openfold.log,SHARED_MSA_A3M_FILE=results/2026-06-06-combine-8models/predictions/T1133/colabfold/tmp_colabfold/T1133_qc_Check_CASP15_8DYS_A_residue_4-427_seq_1-585_coverage_0.699145.a3m SHARED_MSA_DIR=results/2026-06-06-combine-8models/predictions/T1133/colabfold/tmp_colabfold SHARED_MSA_METADATA_FILE=results/2026-06-06-combine-8models/metadata/prediction_manifest.csv bash runners/run_openfold_shared_msa.sh results/2026-06-06-combine-8models/sequences/T1133.fasta results/2026-06-06-combine-8models/predictions/T1133/openfold 1,,Check,Check,reference coverage below threshold 0.699,1.000000,1.000000,0.699145,409,585,high,mapped from mmCIF atom_site CA records; 176 aligned positions lack resolved CA atoms,All groups,A1,Q9BY44 PDB code 8dys,true,colabfold_mmseqs2,mmseqs2_uniref_env,colabfold,/data/chen/protein_folding_databases/colabfold,results/2026-06-06-combine-8models/predictions/T1133/colabfold/tmp_colabfold_msa_search/T1133_qc_Check_CASP15_8DYS_A_residue_4-427_seq_1-585_coverage_0.699145.a3m,538,8.533183673811552,0.01796459720802432,false,false,true,178.8030864209868,5.918944301159604,0.012460935370862323,716.8030864209868,14.452127974971155,0.03042553257888664,colabfold,results/2026-06-06-combine-8models/predictions/T1133/colabfold/tmp_colabfold_msa_search/T1133_qc_Check_CASP15_8DYS_A_residue_4-427_seq_1-585_coverage_0.699145.a3m,results/2026-06-06-combine-8models/predictions/T1133/colabfold/tmp_colabfold,runner CodeCarbon output: results/2026-06-06-combine-8models/predictions/T1133/openfold/carbon/T1133_openfold_inference_emissions.csv; OpenFold reused the ColabFold A3M; MSA build time/carbon copied from the colabfold row.,,,,,,,,,,,
T1133,T1133,CASP15,8DYS,A,4,427,1,585,585,585,protenix,1,results/2026-06-06-combine-8models/sequences/T1133.fasta,results/2026-06-06-combine-8models/predictions/T1133/protenix,results/2026-06-06-combine-8models/predictions/T1133/protenix/rank_001.pdb,results/2026-06-06-combine-8models/predictions/T1133/protenix/rank_001.pdb,true,0,2026-06-03T19:03:11+02:00,2026-06-03T19:05:02+02:00,111,results/2026-06-06-combine-8models/logs/T1133_protenix.log,SHARED_MSA_A3M_FILE=results/2026-06-06-combine-8models/predictions/T1133/colabfold/tmp_colabfold/T1133_qc_Check_CASP15_8DYS_A_residue_4-427_seq_1-585_coverage_0.699145.a3m SHARED_MSA_DIR=results/2026-06-06-combine-8models/predictions/T1133/colabfold/tmp_colabfold SHARED_MSA_METADATA_FILE=results/2026-06-06-combine-8models/metadata/prediction_manifest.csv bash runners/run_protenix_shared_msa.sh results/2026-06-06-combine-8models/sequences/T1133.fasta results/2026-06-06-combine-8models/predictions/T1133/protenix 1,,Check,Check,reference coverage below threshold 0.699,1.000000,1.000000,0.699145,409,585,high,mapped from mmCIF atom_site CA records; 176 aligned positions lack resolved CA atoms,All groups,A1,Q9BY44 PDB code 8dys,true,colabfold_mmseqs2,mmseqs2_uniref_env,colabfold,/data/chen/protein_folding_databases/colabfold,results/2026-06-06-combine-8models/predictions/T1133/colabfold/tmp_colabfold_msa_search/T1133_qc_Check_CASP15_8DYS_A_residue_4-427_seq_1-585_coverage_0.699145.a3m,538,8.533183673811552,0.01796459720802432,false,false,true,110.41018849494867,2.331340964658542,0.004908086241386404,648.4101884949487,10.864524638470094,0.02287268344941072,colabfold,results/2026-06-06-combine-8models/predictions/T1133/colabfold/tmp_colabfold_msa_search/T1133_qc_Check_CASP15_8DYS_A_residue_4-427_seq_1-585_coverage_0.699145.a3m,results/2026-06-06-combine-8models/predictions/T1133/colabfold/tmp_colabfold,runner CodeCarbon output: results/2026-06-06-combine-8models/predictions/T1133/protenix/carbon/T1133_protenix_inference_emissions.csv; Protenix reused the ColabFold A3M; MSA build time/carbon copied from the colabfold row.,,,,,,,,,,,
T1133,T1133,CASP15,8DYS,A,4,427,1,585,585,585,af2,1,results/2026-06-06-combine-8models/sequences/T1133.fasta,results/2026-06-06-combine-8models/predictions/T1133/af2,results/2026-06-06-combine-8models/predictions/T1133/af2/rank_001.pdb,results/2026-06-06-combine-8models/predictions/T1133/af2/rank_001.pdb,true,0,,,,results/2026-06-06-combine-8models/logs/T1133_af2.log,bash runners/run_af2.sh results/2026-06-06-combine-8models/sequences/T1133.fasta results/2026-06-06-combine-8models/predictions/T1133/af2 1,skipped existing success,Check,Check,reference coverage below threshold 0.699,1.000000,1.000000,0.699145,409,585,high,mapped from mmCIF atom_site CA records; 176 aligned positions lack resolved CA atoms,All groups,A1,Q9BY44 PDB code 8dys,true,alphafold2_default,official_af2_database_search,alphafold,/data/chen/protein_folding_databases/alphafold,,6211.609502,162.70511879400988,0.3425370921979155,true,true,false,216.776539,8.533482159390376,0.01796522559871658,6428.386041000001,171.23860095340027,0.3605023177966321,,,,,6211.609502,162.70511879400988,0.3425370921979155,216.776539,8.533482159390376,0.01796522559871658,full_dbs,monomer,/data/chen/protein_folding_databases/alphafold/params,/data/chen/protein_folding_databases/alphafold,results/2026-06-06-combine-8models/predictions/T1133/af2/af2_features
T1134s1,T1134s1,CASP15,7UBZ,A,1,230,1,230,230,230,chai1,1,results/2026-06-06-combine-8models/sequences/T1134s1.fasta,results/2026-06-06-combine-8models/predictions/T1134s1/chai1,results/2026-06-06-combine-8models/predictions/T1134s1/chai1/rank_001.pdb,results/2026-06-06-combine-8models/predictions/T1134s1/chai1/rank_001.pdb,true,0,2026-06-01T16:54:37+02:00,2026-06-01T17:02:34+02:00,477,results/2026-06-06-combine-8models/logs/T1134s1_chai1.log,bash runners/run_chai1.sh results/2026-06-06-combine-8models/sequences/T1134s1.fasta results/2026-06-06-combine-8models/predictions/T1134s1/chai1 1,,Check,Check,multiple equivalent chains match,1.000000,1.000000,1.000000,230,230,high,mapped from mmCIF atom_site CA records,All groups,A1,"TleTli or WP_062934778.1, WP_013096194 PDB code 7ubz",,,,,,,,,,,,,476.08688685199013,6.745679102360857,0.01420142968918075,476.08688685199013,6.745679102360857,0.01420142968918075,,,,runner CodeCarbon output: results/2026-06-06-combine-8models/predictions/T1134s1/chai1/carbon/T1134s1_chai1_inference_emissions.csv,,,,,,,,,,,
T1134s1,T1134s1,CASP15,7UBZ,A,1,230,1,230,230,230,esmfold,1,results/2026-06-06-combine-8models/sequences/T1134s1.fasta,results/2026-06-06-combine-8models/predictions/T1134s1/esmfold,results/2026-06-06-combine-8models/predictions/T1134s1/esmfold/rank_001.pdb,results/2026-06-06-combine-8models/predictions/T1134s1/esmfold/rank_001.pdb,true,0,2026-06-01T17:02:34+02:00,2026-06-01T17:04:43+02:00,129,results/2026-06-06-combine-8models/logs/T1134s1_esmfold.log,bash runners/run_esmfold.sh results/2026-06-06-combine-8models/sequences/T1134s1.fasta results/2026-06-06-combine-8models/predictions/T1134s1/esmfold 1,,Check,Check,multiple equivalent chains match,1.000000,1.000000,1.000000,230,230,high,mapped from mmCIF atom_site CA records,All groups,A1,"TleTli or WP_062934778.1, WP_013096194 PDB code 7ubz",,,,,,,,,,,,,128.68533389701042,1.8342322717500312,0.003861541624736908,128.68533389701042,1.8342322717500312,0.003861541624736908,,,,runner CodeCarbon output: results/2026-06-06-combine-8models/predictions/T1134s1/esmfold/carbon/T1134s1_esmfold_inference_emissions.csv,,,,,,,,,,,
T1134s1,T1134s1,CASP15,7UBZ,A,1,230,1,230,230,230,omegafold,1,results/2026-06-06-combine-8models/sequences/T1134s1.fasta,results/2026-06-06-combine-8models/predictions/T1134s1/omegafold,results/2026-06-06-combine-8models/predictions/T1134s1/omegafold/rank_001.pdb,results/2026-06-06-combine-8models/predictions/T1134s1/omegafold/rank_001.pdb,true,0,2026-06-01T17:04:43+02:00,2026-06-01T17:05:26+02:00,43,results/2026-06-06-combine-8models/logs/T1134s1_omegafold.log,bash runners/run_omegafold.sh results/2026-06-06-combine-8models/sequences/T1134s1.fasta results/2026-06-06-combine-8models/predictions/T1134s1/omegafold 1,,Check,Check,multiple equivalent chains match,1.000000,1.000000,1.000000,230,230,high,mapped from mmCIF atom_site CA records,All groups,A1,"TleTli or WP_062934778.1, WP_013096194 PDB code 7ubz",,,,,,,,,,,,,43.241207068029325,1.2689796394662654,0.0026715360830868746,43.241207068029325,1.2689796394662654,0.0026715360830868746,,,,runner CodeCarbon output: results/2026-06-06-combine-8models/predictions/T1134s1/omegafold/carbon/T1134s1_omegafold_inference_emissions.csv,,,,,,,,,,,
T1134s1,T1134s1,CASP15,7UBZ,A,1,230,1,230,230,230,colabfold,1,results/2026-06-06-combine-8models/sequences/T1134s1.fasta,results/2026-06-06-combine-8models/predictions/T1134s1/colabfold,results/2026-06-06-combine-8models/predictions/T1134s1/colabfold/rank_001.pdb,results/2026-06-06-combine-8models/predictions/T1134s1/colabfold/rank_001.pdb,true,0,2026-06-03T19:05:02+02:00,2026-06-03T19:15:52+02:00,650,results/2026-06-06-combine-8models/logs/T1134s1_colabfold.log,bash runners/run_colabfold.sh results/2026-06-06-combine-8models/sequences/T1134s1.fasta results/2026-06-06-combine-8models/predictions/T1134s1/colabfold 1,,Check,Check,multiple equivalent chains match,1.000000,1.000000,1.000000,230,230,high,mapped from mmCIF atom_site CA records,All groups,A1,"TleTli or WP_062934778.1, WP_013096194 PDB code 7ubz",true,colabfold_mmseqs2,mmseqs2_uniref_env,colabfold,/data/chen/protein_folding_databases/colabfold,results/2026-06-06-combine-8models/predictions/T1134s1/colabfold/tmp_colabfold_msa_search/T1134s1_qc_Check_CASP15_7UBZ_A_residue_1-230_seq_1-230_coverage_1.000000.a3m,509,8.023340187807488,0.016891242500647344,true,true,false,140,3.0064470688431975,0.006329362250196205,649.0,11.029787256650685,0.02322060475084355,,,,ColabFold local MMseqs2 MSA search measured separately from colabfold_batch inference.,,,,,,,,,,,
T1134s1,T1134s1,CASP15,7UBZ,A,1,230,1,230,230,230,boltz2,1,results/2026-06-06-combine-8models/sequences/T1134s1.fasta,results/2026-06-06-combine-8models/predictions/T1134s1/boltz2,results/2026-06-06-combine-8models/predictions/T1134s1/boltz2/rank_001.pdb,results/2026-06-06-combine-8models/predictions/T1134s1/boltz2/rank_001.pdb,true,0,2026-06-03T19:15:52+02:00,2026-06-03T19:19:39+02:00,227,results/2026-06-06-combine-8models/logs/T1134s1_boltz2.log,SHARED_MSA_A3M_FILE=results/2026-06-06-combine-8models/predictions/T1134s1/colabfold/tmp_colabfold/T1134s1_qc_Check_CASP15_7UBZ_A_residue_1-230_seq_1-230_coverage_1.000000.a3m SHARED_MSA_DIR=results/2026-06-06-combine-8models/predictions/T1134s1/colabfold/tmp_colabfold SHARED_MSA_METADATA_FILE=results/2026-06-06-combine-8models/metadata/prediction_manifest.csv bash runners/run_boltz2.sh results/2026-06-06-combine-8models/sequences/T1134s1.fasta results/2026-06-06-combine-8models/predictions/T1134s1/boltz2 1,,Check,Check,multiple equivalent chains match,1.000000,1.000000,1.000000,230,230,high,mapped from mmCIF atom_site CA records,All groups,A1,"TleTli or WP_062934778.1, WP_013096194 PDB code 7ubz",true,colabfold_mmseqs2,mmseqs2_uniref_env,colabfold,/data/chen/protein_folding_databases/colabfold,results/2026-06-06-combine-8models/predictions/T1134s1/colabfold/tmp_colabfold_msa_search/T1134s1_qc_Check_CASP15_7UBZ_A_residue_1-230_seq_1-230_coverage_1.000000.a3m,509,8.023340187807488,0.016891242500647344,false,false,true,227.25500276696403,3.3831370262678977,0.007122393739511364,736.255002766964,11.406477214075386,0.024013636240158707,colabfold,results/2026-06-06-combine-8models/predictions/T1134s1/colabfold/tmp_colabfold_msa_search/T1134s1_qc_Check_CASP15_7UBZ_A_residue_1-230_seq_1-230_coverage_1.000000.a3m,results/2026-06-06-combine-8models/predictions/T1134s1/colabfold/tmp_colabfold,runner CodeCarbon output: results/2026-06-06-combine-8models/predictions/T1134s1/boltz2/carbon/T1134s1_boltz2_inference_emissions.csv; Boltz-2 reused the ColabFold A3M; MSA build time/carbon copied from the colabfold row.,,,,,,,,,,,
T1134s1,T1134s1,CASP15,7UBZ,A,1,230,1,230,230,230,openfold,1,results/2026-06-06-combine-8models/sequences/T1134s1.fasta,results/2026-06-06-combine-8models/predictions/T1134s1/openfold,results/2026-06-06-combine-8models/predictions/T1134s1/openfold/rank_001.pdb,results/2026-06-06-combine-8models/predictions/T1134s1/openfold/rank_001.pdb,true,0,2026-06-03T19:19:39+02:00,2026-06-03T19:20:15+02:00,36,results/2026-06-06-combine-8models/logs/T1134s1_openfold.log,SHARED_MSA_A3M_FILE=results/2026-06-06-combine-8models/predictions/T1134s1/colabfold/tmp_colabfold/T1134s1_qc_Check_CASP15_7UBZ_A_residue_1-230_seq_1-230_coverage_1.000000.a3m SHARED_MSA_DIR=results/2026-06-06-combine-8models/predictions/T1134s1/colabfold/tmp_colabfold SHARED_MSA_METADATA_FILE=results/2026-06-06-combine-8models/metadata/prediction_manifest.csv bash runners/run_openfold_shared_msa.sh results/2026-06-06-combine-8models/sequences/T1134s1.fasta results/2026-06-06-combine-8models/predictions/T1134s1/openfold 1,,Check,Check,multiple equivalent chains match,1.000000,1.000000,1.000000,230,230,high,mapped from mmCIF atom_site CA records,All groups,A1,"TleTli or WP_062934778.1, WP_013096194 PDB code 7ubz",true,colabfold_mmseqs2,mmseqs2_uniref_env,colabfold,/data/chen/protein_folding_databases/colabfold,results/2026-06-06-combine-8models/predictions/T1134s1/colabfold/tmp_colabfold_msa_search/T1134s1_qc_Check_CASP15_7UBZ_A_residue_1-230_seq_1-230_coverage_1.000000.a3m,509,8.023340187807488,0.016891242500647344,false,false,true,36.02156300202478,1.0463411362241946,0.002202823444682515,545.0215630020248,9.069681324031682,0.01909406594532986,colabfold,results/2026-06-06-combine-8models/predictions/T1134s1/colabfold/tmp_colabfold_msa_search/T1134s1_qc_Check_CASP15_7UBZ_A_residue_1-230_seq_1-230_coverage_1.000000.a3m,results/2026-06-06-combine-8models/predictions/T1134s1/colabfold/tmp_colabfold,runner CodeCarbon output: results/2026-06-06-combine-8models/predictions/T1134s1/openfold/carbon/T1134s1_openfold_inference_emissions.csv; OpenFold reused the ColabFold A3M; MSA build time/carbon copied from the colabfold row.,,,,,,,,,,,
T1134s1,T1134s1,CASP15,7UBZ,A,1,230,1,230,230,230,protenix,1,results/2026-06-06-combine-8models/sequences/T1134s1.fasta,results/2026-06-06-combine-8models/predictions/T1134s1/protenix,results/2026-06-06-combine-8models/predictions/T1134s1/protenix/rank_001.pdb,results/2026-06-06-combine-8models/predictions/T1134s1/protenix/rank_001.pdb,true,0,2026-06-03T19:20:16+02:00,2026-06-03T19:21:38+02:00,82,results/2026-06-06-combine-8models/logs/T1134s1_protenix.log,SHARED_MSA_A3M_FILE=results/2026-06-06-combine-8models/predictions/T1134s1/colabfold/tmp_colabfold/T1134s1_qc_Check_CASP15_7UBZ_A_residue_1-230_seq_1-230_coverage_1.000000.a3m SHARED_MSA_DIR=results/2026-06-06-combine-8models/predictions/T1134s1/colabfold/tmp_colabfold SHARED_MSA_METADATA_FILE=results/2026-06-06-combine-8models/metadata/prediction_manifest.csv bash runners/run_protenix_shared_msa.sh results/2026-06-06-combine-8models/sequences/T1134s1.fasta results/2026-06-06-combine-8models/predictions/T1134s1/protenix 1,,Check,Check,multiple equivalent chains match,1.000000,1.000000,1.000000,230,230,high,mapped from mmCIF atom_site CA records,All groups,A1,"TleTli or WP_062934778.1, WP_013096194 PDB code 7ubz",true,colabfold_mmseqs2,mmseqs2_uniref_env,colabfold,/data/chen/protein_folding_databases/colabfold,results/2026-06-06-combine-8models/predictions/T1134s1/colabfold/tmp_colabfold_msa_search/T1134s1_qc_Check_CASP15_7UBZ_A_residue_1-230_seq_1-230_coverage_1.000000.a3m,509,8.023340187807488,0.016891242500647344,false,false,true,81.86180328193586,1.2961040288468741,0.002728640060730261,590.8618032819359,9.319444216654363,0.019619882561377606,colabfold,results/2026-06-06-combine-8models/predictions/T1134s1/colabfold/tmp_colabfold_msa_search/T1134s1_qc_Check_CASP15_7UBZ_A_residue_1-230_seq_1-230_coverage_1.000000.a3m,results/2026-06-06-combine-8models/predictions/T1134s1/colabfold/tmp_colabfold,runner CodeCarbon output: results/2026-06-06-combine-8models/predictions/T1134s1/protenix/carbon/T1134s1_protenix_inference_emissions.csv; Protenix reused the ColabFold A3M; MSA build time/carbon copied from the colabfold row.,,,,,,,,,,,
T1134s1,T1134s1,CASP15,7UBZ,A,1,230,1,230,230,230,af2,1,results/2026-06-06-combine-8models/sequences/T1134s1.fasta,results/2026-06-06-combine-8models/predictions/T1134s1/af2,results/2026-06-06-combine-8models/predictions/T1134s1/af2/rank_001.pdb,results/2026-06-06-combine-8models/predictions/T1134s1/af2/rank_001.pdb,true,0,,,,results/2026-06-06-combine-8models/logs/T1134s1_af2.log,bash runners/run_af2.sh results/2026-06-06-combine-8models/sequences/T1134s1.fasta results/2026-06-06-combine-8models/predictions/T1134s1/af2 1,skipped existing success,Check,Check,multiple equivalent chains match,1.000000,1.000000,1.000000,230,230,high,mapped from mmCIF atom_site CA records,All groups,A1,"TleTli or WP_062934778.1, WP_013096194 PDB code 7ubz",true,alphafold2_default,official_af2_database_search,alphafold,/data/chen/protein_folding_databases/alphafold,,2839.525997,74.50662290442791,0.15685604821984825,true,true,false,116.645975,3.8236533194352416,0.00804979646196893,2956.171972,78.33027622386315,0.16490584468181718,,,,,2839.525997,74.50662290442791,0.15685604821984825,116.645975,3.8236533194352416,0.00804979646196893,full_dbs,monomer,/data/chen/protein_folding_databases/alphafold/params,/data/chen/protein_folding_databases/alphafold,results/2026-06-06-combine-8models/predictions/T1134s1/af2/af2_features
T1134s2,T1134s2,CASP15,7UBZ,D,168,472,1,313,313,313,chai1,1,results/2026-06-06-combine-8models/sequences/T1134s2.fasta,results/2026-06-06-combine-8models/predictions/T1134s2/chai1,results/2026-06-06-combine-8models/predictions/T1134s2/chai1/rank_001.pdb,results/2026-06-06-combine-8models/predictions/T1134s2/chai1/rank_001.pdb,true,0,2026-06-01T17:05:26+02:00,2026-06-01T17:22:41+02:00,1035,results/2026-06-06-combine-8models/logs/T1134s2_chai1.log,bash runners/run_chai1.sh results/2026-06-06-combine-8models/sequences/T1134s2.fasta results/2026-06-06-combine-8models/predictions/T1134s2/chai1 1,,Check,Check,reference coverage below threshold 0.645; multiple equivalent chains match,1.000000,1.000000,0.645367,202,313,high,mapped from mmCIF atom_site CA records; 111 aligned positions lack resolved CA atoms,All groups,A1,"TleTli or WP_062934778.1, WP_013096194 PDB code 7ubz",,,,,,,,,,,,,1034.2023411479895,14.603117971362115,0.03074340625549919,1034.2023411479895,14.603117971362115,0.03074340625549919,,,,runner CodeCarbon output: results/2026-06-06-combine-8models/predictions/T1134s2/chai1/carbon/T1134s2_chai1_inference_emissions.csv,,,,,,,,,,,
T1134s2,T1134s2,CASP15,7UBZ,D,168,472,1,313,313,313,esmfold,1,results/2026-06-06-combine-8models/sequences/T1134s2.fasta,results/2026-06-06-combine-8models/predictions/T1134s2/esmfold,results/2026-06-06-combine-8models/predictions/T1134s2/esmfold/rank_001.pdb,results/2026-06-06-combine-8models/predictions/T1134s2/esmfold/rank_001.pdb,true,0,2026-06-01T17:22:41+02:00,2026-06-01T17:27:00+02:00,259,results/2026-06-06-combine-8models/logs/T1134s2_esmfold.log,bash runners/run_esmfold.sh results/2026-06-06-combine-8models/sequences/T1134s2.fasta results/2026-06-06-combine-8models/predictions/T1134s2/esmfold 1,,Check,Check,reference coverage below threshold 0.645; multiple equivalent chains match,1.000000,1.000000,0.645367,202,313,high,mapped from mmCIF atom_site CA records; 111 aligned positions lack resolved CA atoms,All groups,A1,"TleTli or WP_062934778.1, WP_013096194 PDB code 7ubz",,,,,,,,,,,,,259.3486179850297,3.784649685368855,0.007967683548144958,259.3486179850297,3.784649685368855,0.007967683548144958,,,,runner CodeCarbon output: results/2026-06-06-combine-8models/predictions/T1134s2/esmfold/carbon/T1134s2_esmfold_inference_emissions.csv,,,,,,,,,,,
T1134s2,T1134s2,CASP15,7UBZ,D,168,472,1,313,313,313,omegafold,1,results/2026-06-06-combine-8models/sequences/T1134s2.fasta,results/2026-06-06-combine-8models/predictions/T1134s2/omegafold,results/2026-06-06-combine-8models/predictions/T1134s2/omegafold/rank_001.pdb,results/2026-06-06-combine-8models/predictions/T1134s2/omegafold/rank_001.pdb,true,0,2026-06-01T17:27:00+02:00,2026-06-01T17:28:20+02:00,80,results/2026-06-06-combine-8models/logs/T1134s2_omegafold.log,bash runners/run_omegafold.sh results/2026-06-06-combine-8models/sequences/T1134s2.fasta results/2026-06-06-combine-8models/predictions/T1134s2/omegafold 1,,Check,Check,reference coverage below threshold 0.645; multiple equivalent chains match,1.000000,1.000000,0.645367,202,313,high,mapped from mmCIF atom_site CA records; 111 aligned positions lack resolved CA atoms,All groups,A1,"TleTli or WP_062934778.1, WP_013096194 PDB code 7ubz",,,,,,,,,,,,,79.84988125698874,2.4825340988923994,0.005226387576615578,79.84988125698874,2.4825340988923994,0.005226387576615578,,,,runner CodeCarbon output: results/2026-06-06-combine-8models/predictions/T1134s2/omegafold/carbon/T1134s2_omegafold_inference_emissions.csv,,,,,,,,,,,
T1134s2,T1134s2,CASP15,7UBZ,D,168,472,1,313,313,313,colabfold,1,results/2026-06-06-combine-8models/sequences/T1134s2.fasta,results/2026-06-06-combine-8models/predictions/T1134s2/colabfold,results/2026-06-06-combine-8models/predictions/T1134s2/colabfold/rank_001.pdb,results/2026-06-06-combine-8models/predictions/T1134s2/colabfold/rank_001.pdb,true,0,2026-06-03T19:21:38+02:00,2026-06-03T19:32:32+02:00,654,results/2026-06-06-combine-8models/logs/T1134s2_colabfold.log,bash runners/run_colabfold.sh results/2026-06-06-combine-8models/sequences/T1134s2.fasta results/2026-06-06-combine-8models/predictions/T1134s2/colabfold 1,,Check,Check,reference coverage below threshold 0.645; multiple equivalent chains match,1.000000,1.000000,0.645367,202,313,high,mapped from mmCIF atom_site CA records; 111 aligned positions lack resolved CA atoms,All groups,A1,"TleTli or WP_062934778.1, WP_013096194 PDB code 7ubz",true,colabfold_mmseqs2,mmseqs2_uniref_env,colabfold,/data/chen/protein_folding_databases/colabfold,results/2026-06-06-combine-8models/predictions/T1134s2/colabfold/tmp_colabfold_msa_search/T1134s2_qc_Check_CASP15_7UBZ_D_residue_168-472_seq_1-313_coverage_0.645367.a3m,504,7.90373884173922,0.016639450193135202,true,true,false,150,3.3464327258712996,0.007045121528150104,654.0,11.25017156761052,0.023684571721285307,,,,ColabFold local MMseqs2 MSA search measured separately from colabfold_batch inference.,,,,,,,,,,,
T1134s2,T1134s2,CASP15,7UBZ,D,168,472,1,313,313,313,boltz2,1,results/2026-06-06-combine-8models/sequences/T1134s2.fasta,results/2026-06-06-combine-8models/predictions/T1134s2/boltz2,results/2026-06-06-combine-8models/predictions/T1134s2/boltz2/rank_001.pdb,results/2026-06-06-combine-8models/predictions/T1134s2/boltz2/rank_001.pdb,true,0,2026-06-03T19:32:32+02:00,2026-06-03T19:38:31+02:00,359,results/2026-06-06-combine-8models/logs/T1134s2_boltz2.log,SHARED_MSA_A3M_FILE=results/2026-06-06-combine-8models/predictions/T1134s2/colabfold/tmp_colabfold/T1134s2_qc_Check_CASP15_7UBZ_D_residue_168-472_seq_1-313_coverage_0.645367.a3m SHARED_MSA_DIR=results/2026-06-06-combine-8models/predictions/T1134s2/colabfold/tmp_colabfold SHARED_MSA_METADATA_FILE=results/2026-06-06-combine-8models/metadata/prediction_manifest.csv bash runners/run_boltz2.sh results/2026-06-06-combine-8models/sequences/T1134s2.fasta results/2026-06-06-combine-8models/predictions/T1134s2/boltz2 1,,Check,Check,reference coverage below threshold 0.645; multiple equivalent chains match,1.000000,1.000000,0.645367,202,313,high,mapped from mmCIF atom_site CA records; 111 aligned positions lack resolved CA atoms,All groups,A1,"TleTli or WP_062934778.1, WP_013096194 PDB code 7ubz",true,colabfold_mmseqs2,mmseqs2_uniref_env,colabfold,/data/chen/protein_folding_databases/colabfold,results/2026-06-06-combine-8models/predictions/T1134s2/colabfold/tmp_colabfold_msa_search/T1134s2_qc_Check_CASP15_7UBZ_D_residue_168-472_seq_1-313_coverage_0.645367.a3m,504,7.90373884173922,0.016639450193135202,false,false,true,358.64335637295153,5.324274963742827,0.011208999923669109,862.6433563729515,13.228013805482046,0.027848450116804313,colabfold,results/2026-06-06-combine-8models/predictions/T1134s2/colabfold/tmp_colabfold_msa_search/T1134s2_qc_Check_CASP15_7UBZ_D_residue_168-472_seq_1-313_coverage_0.645367.a3m,results/2026-06-06-combine-8models/predictions/T1134s2/colabfold/tmp_colabfold,runner CodeCarbon output: results/2026-06-06-combine-8models/predictions/T1134s2/boltz2/carbon/T1134s2_boltz2_inference_emissions.csv; Boltz-2 reused the ColabFold A3M; MSA build time/carbon copied from the colabfold row.,,,,,,,,,,,
T1134s2,T1134s2,CASP15,7UBZ,D,168,472,1,313,313,313,openfold,1,results/2026-06-06-combine-8models/sequences/T1134s2.fasta,results/2026-06-06-combine-8models/predictions/T1134s2/openfold,results/2026-06-06-combine-8models/predictions/T1134s2/openfold/rank_001.pdb,results/2026-06-06-combine-8models/predictions/T1134s2/openfold/rank_001.pdb,true,0,2026-06-03T19:38:31+02:00,2026-06-03T19:39:23+02:00,52,results/2026-06-06-combine-8models/logs/T1134s2_openfold.log,SHARED_MSA_A3M_FILE=results/2026-06-06-combine-8models/predictions/T1134s2/colabfold/tmp_colabfold/T1134s2_qc_Check_CASP15_7UBZ_D_residue_168-472_seq_1-313_coverage_0.645367.a3m SHARED_MSA_DIR=results/2026-06-06-combine-8models/predictions/T1134s2/colabfold/tmp_colabfold SHARED_MSA_METADATA_FILE=results/2026-06-06-combine-8models/metadata/prediction_manifest.csv bash runners/run_openfold_shared_msa.sh results/2026-06-06-combine-8models/sequences/T1134s2.fasta results/2026-06-06-combine-8models/predictions/T1134s2/openfold 1,,Check,Check,reference coverage below threshold 0.645; multiple equivalent chains match,1.000000,1.000000,0.645367,202,313,high,mapped from mmCIF atom_site CA records; 111 aligned positions lack resolved CA atoms,All groups,A1,"TleTli or WP_062934778.1, WP_013096194 PDB code 7ubz",true,colabfold_mmseqs2,mmseqs2_uniref_env,colabfold,/data/chen/protein_folding_databases/colabfold,results/2026-06-06-combine-8models/predictions/T1134s2/colabfold/tmp_colabfold_msa_search/T1134s2_qc_Check_CASP15_7UBZ_D_residue_168-472_seq_1-313_coverage_0.645367.a3m,504,7.90373884173922,0.016639450193135202,false,false,true,52.28389416995924,1.6242669162963381,0.003419509297465975,556.2838941699592,9.528005758035558,0.02005895949060118,colabfold,results/2026-06-06-combine-8models/predictions/T1134s2/colabfold/tmp_colabfold_msa_search/T1134s2_qc_Check_CASP15_7UBZ_D_residue_168-472_seq_1-313_coverage_0.645367.a3m,results/2026-06-06-combine-8models/predictions/T1134s2/colabfold/tmp_colabfold,runner CodeCarbon output: results/2026-06-06-combine-8models/predictions/T1134s2/openfold/carbon/T1134s2_openfold_inference_emissions.csv; OpenFold reused the ColabFold A3M; MSA build time/carbon copied from the colabfold row.,,,,,,,,,,,
T1134s2,T1134s2,CASP15,7UBZ,D,168,472,1,313,313,313,protenix,1,results/2026-06-06-combine-8models/sequences/T1134s2.fasta,results/2026-06-06-combine-8models/predictions/T1134s2/protenix,results/2026-06-06-combine-8models/predictions/T1134s2/protenix/rank_001.pdb,results/2026-06-06-combine-8models/predictions/T1134s2/protenix/rank_001.pdb,true,0,2026-06-03T19:39:24+02:00,2026-06-03T19:40:49+02:00,85,results/2026-06-06-combine-8models/logs/T1134s2_protenix.log,SHARED_MSA_A3M_FILE=results/2026-06-06-combine-8models/predictions/T1134s2/colabfold/tmp_colabfold/T1134s2_qc_Check_CASP15_7UBZ_D_residue_168-472_seq_1-313_coverage_0.645367.a3m SHARED_MSA_DIR=results/2026-06-06-combine-8models/predictions/T1134s2/colabfold/tmp_colabfold SHARED_MSA_METADATA_FILE=results/2026-06-06-combine-8models/metadata/prediction_manifest.csv bash runners/run_protenix_shared_msa.sh results/2026-06-06-combine-8models/sequences/T1134s2.fasta results/2026-06-06-combine-8models/predictions/T1134s2/protenix 1,,Check,Check,reference coverage below threshold 0.645; multiple equivalent chains match,1.000000,1.000000,0.645367,202,313,high,mapped from mmCIF atom_site CA records; 111 aligned positions lack resolved CA atoms,All groups,A1,"TleTli or WP_062934778.1, WP_013096194 PDB code 7ubz",true,colabfold_mmseqs2,mmseqs2_uniref_env,colabfold,/data/chen/protein_folding_databases/colabfold,results/2026-06-06-combine-8models/predictions/T1134s2/colabfold/tmp_colabfold_msa_search/T1134s2_qc_Check_CASP15_7UBZ_D_residue_168-472_seq_1-313_coverage_0.645367.a3m,504,7.90373884173922,0.016639450193135202,false,false,true,85.70625622093212,1.4285901319452123,0.0030075581725162366,589.7062562209321,9.332328973684433,0.01964700836565144,colabfold,results/2026-06-06-combine-8models/predictions/T1134s2/colabfold/tmp_colabfold_msa_search/T1134s2_qc_Check_CASP15_7UBZ_D_residue_168-472_seq_1-313_coverage_0.645367.a3m,results/2026-06-06-combine-8models/predictions/T1134s2/colabfold/tmp_colabfold,runner CodeCarbon output: results/2026-06-06-combine-8models/predictions/T1134s2/protenix/carbon/T1134s2_protenix_inference_emissions.csv; Protenix reused the ColabFold A3M; MSA build time/carbon copied from the colabfold row.,,,,,,,,,,,
T1134s2,T1134s2,CASP15,7UBZ,D,168,472,1,313,313,313,af2,1,results/2026-06-06-combine-8models/sequences/T1134s2.fasta,results/2026-06-06-combine-8models/predictions/T1134s2/af2,results/2026-06-06-combine-8models/predictions/T1134s2/af2/rank_001.pdb,results/2026-06-06-combine-8models/predictions/T1134s2/af2/rank_001.pdb,true,0,,,,results/2026-06-06-combine-8models/logs/T1134s2_af2.log,bash runners/run_af2.sh results/2026-06-06-combine-8models/sequences/T1134s2.fasta results/2026-06-06-combine-8models/predictions/T1134s2/af2 1,skipped existing success,Check,Check,reference coverage below threshold 0.645; multiple equivalent chains match,1.000000,1.000000,0.645367,202,313,high,mapped from mmCIF atom_site CA records; 111 aligned positions lack resolved CA atoms,All groups,A1,"TleTli or WP_062934778.1, WP_013096194 PDB code 7ubz",true,alphafold2_default,official_af2_database_search,alphafold,/data/chen/protein_folding_databases/alphafold,,1138.702128,29.89727369169084,0.0629416288246123,true,true,false,131.824952,4.564093491957239,0.009608617877804714,1270.5270799999998,34.46136718364808,0.07255024670241701,,,,,1138.702128,29.89727369169084,0.0629416288246123,131.824952,4.564093491957239,0.009608617877804714,full_dbs,monomer,/data/chen/protein_folding_databases/alphafold/params,/data/chen/protein_folding_databases/alphafold,results/2026-06-06-combine-8models/predictions/T1134s2/af2/af2_features
T1137s1,T1137s1,CASP15,8FEF,A,18,409,1,409,409,409,chai1,1,results/2026-06-06-combine-8models/sequences/T1137s1.fasta,results/2026-06-06-combine-8models/predictions/T1137s1/chai1,results/2026-06-06-combine-8models/predictions/T1137s1/chai1/rank_001.pdb,results/2026-06-06-combine-8models/predictions/T1137s1/chai1/rank_001.pdb,true,0,2026-06-01T17:28:20+02:00,2026-06-01T17:56:40+02:00,1700,results/2026-06-06-combine-8models/logs/T1137s1_chai1.log,bash runners/run_chai1.sh results/2026-06-06-combine-8models/sequences/T1137s1.fasta results/2026-06-06-combine-8models/predictions/T1137s1/chai1 1,,Yes,Yes,prefiltered A1 protein target with mapped residue range,1.000000,1.000000,0.958435,392,409,high,mapped from mmCIF atom_site CA records; 17 aligned positions lack resolved CA atoms,All groups,A1,MceG complex PDB code 8fef,,,,,,,,,,,,,1699.2230322459945,24.070443927257628,0.050674618794226585,1699.2230322459945,24.070443927257628,0.050674618794226585,,,,runner CodeCarbon output: results/2026-06-06-combine-8models/predictions/T1137s1/chai1/carbon/T1137s1_chai1_inference_emissions.csv,,,,,,,,,,,
T1137s1,T1137s1,CASP15,8FEF,A,18,409,1,409,409,409,esmfold,1,results/2026-06-06-combine-8models/sequences/T1137s1.fasta,results/2026-06-06-combine-8models/predictions/T1137s1/esmfold,results/2026-06-06-combine-8models/predictions/T1137s1/esmfold/rank_001.pdb,results/2026-06-06-combine-8models/predictions/T1137s1/esmfold/rank_001.pdb,true,0,2026-06-01T17:56:40+02:00,2026-06-01T18:03:46+02:00,426,results/2026-06-06-combine-8models/logs/T1137s1_esmfold.log,bash runners/run_esmfold.sh results/2026-06-06-combine-8models/sequences/T1137s1.fasta results/2026-06-06-combine-8models/predictions/T1137s1/esmfold 1,,Yes,Yes,prefiltered A1 protein target with mapped residue range,1.000000,1.000000,0.958435,392,409,high,mapped from mmCIF atom_site CA records; 17 aligned positions lack resolved CA atoms,All groups,A1,MceG complex PDB code 8fef,,,,,,,,,,,,,425.8874364239746,6.260060527416713,0.0131790747945615,425.8874364239746,6.260060527416713,0.0131790747945615,,,,runner CodeCarbon output: results/2026-06-06-combine-8models/predictions/T1137s1/esmfold/carbon/T1137s1_esmfold_inference_emissions.csv,,,,,,,,,,,
T1137s1,T1137s1,CASP15,8FEF,A,18,409,1,409,409,409,omegafold,1,results/2026-06-06-combine-8models/sequences/T1137s1.fasta,results/2026-06-06-combine-8models/predictions/T1137s1/omegafold,results/2026-06-06-combine-8models/predictions/T1137s1/omegafold/rank_001.pdb,results/2026-06-06-combine-8models/predictions/T1137s1/omegafold/rank_001.pdb,true,0,2026-06-01T18:03:46+02:00,2026-06-01T18:06:16+02:00,150,results/2026-06-06-combine-8models/logs/T1137s1_omegafold.log,bash runners/run_omegafold.sh results/2026-06-06-combine-8models/sequences/T1137s1.fasta results/2026-06-06-combine-8models/predictions/T1137s1/omegafold 1,,Yes,Yes,prefiltered A1 protein target with mapped residue range,1.000000,1.000000,0.958435,392,409,high,mapped from mmCIF atom_site CA records; 17 aligned positions lack resolved CA atoms,All groups,A1,MceG complex PDB code 8fef,,,,,,,,,,,,,149.7030343809747,4.805749240764648,0.010117366822662417,149.7030343809747,4.805749240764648,0.010117366822662417,,,,runner CodeCarbon output: results/2026-06-06-combine-8models/predictions/T1137s1/omegafold/carbon/T1137s1_omegafold_inference_emissions.csv,,,,,,,,,,,
T1137s1,T1137s1,CASP15,8FEF,A,18,409,1,409,409,409,colabfold,1,results/2026-06-06-combine-8models/sequences/T1137s1.fasta,results/2026-06-06-combine-8models/predictions/T1137s1/colabfold,results/2026-06-06-combine-8models/predictions/T1137s1/colabfold/rank_001.pdb,results/2026-06-06-combine-8models/predictions/T1137s1/colabfold/rank_001.pdb,true,0,2026-06-03T19:40:49+02:00,2026-06-03T19:52:09+02:00,680,results/2026-06-06-combine-8models/logs/T1137s1_colabfold.log,bash runners/run_colabfold.sh results/2026-06-06-combine-8models/sequences/T1137s1.fasta results/2026-06-06-combine-8models/predictions/T1137s1/colabfold 1,,Yes,Yes,prefiltered A1 protein target with mapped residue range,1.000000,1.000000,0.958435,392,409,high,mapped from mmCIF atom_site CA records; 17 aligned positions lack resolved CA atoms,All groups,A1,MceG complex PDB code 8fef,true,colabfold_mmseqs2,mmseqs2_uniref_env,colabfold,/data/chen/protein_folding_databases/colabfold,results/2026-06-06-combine-8models/predictions/T1137s1/colabfold/tmp_colabfold_msa_search/T1137s1_qc_Yes_CASP15_8FEF_A_residue_18-409_seq_1-409_coverage_0.958435.a3m,518,8.27252174762291,0.017415835258153496,true,true,false,160,3.702752209320036,0.007795267809094812,678.0,11.975273956942946,0.02521110306724831,,,,ColabFold local MMseqs2 MSA search measured separately from colabfold_batch inference.,,,,,,,,,,,
T1137s1,T1137s1,CASP15,8FEF,A,18,409,1,409,409,409,boltz2,1,results/2026-06-06-combine-8models/sequences/T1137s1.fasta,results/2026-06-06-combine-8models/predictions/T1137s1/boltz2,results/2026-06-06-combine-8models/predictions/T1137s1/boltz2/rank_001.pdb,results/2026-06-06-combine-8models/predictions/T1137s1/boltz2/rank_001.pdb,true,0,2026-06-03T19:52:09+02:00,2026-06-03T20:02:48+02:00,639,results/2026-06-06-combine-8models/logs/T1137s1_boltz2.log,SHARED_MSA_A3M_FILE=results/2026-06-06-combine-8models/predictions/T1137s1/colabfold/tmp_colabfold/T1137s1_qc_Yes_CASP15_8FEF_A_residue_18-409_seq_1-409_coverage_0.958435.a3m SHARED_MSA_DIR=results/2026-06-06-combine-8models/predictions/T1137s1/colabfold/tmp_colabfold SHARED_MSA_METADATA_FILE=results/2026-06-06-combine-8models/metadata/prediction_manifest.csv bash runners/run_boltz2.sh results/2026-06-06-combine-8models/sequences/T1137s1.fasta results/2026-06-06-combine-8models/predictions/T1137s1/boltz2 1,,Yes,Yes,prefiltered A1 protein target with mapped residue range,1.000000,1.000000,0.958435,392,409,high,mapped from mmCIF atom_site CA records; 17 aligned positions lack resolved CA atoms,All groups,A1,MceG complex PDB code 8fef,true,colabfold_mmseqs2,mmseqs2_uniref_env,colabfold,/data/chen/protein_folding_databases/colabfold,results/2026-06-06-combine-8models/predictions/T1137s1/colabfold/tmp_colabfold_msa_search/T1137s1_qc_Yes_CASP15_8FEF_A_residue_18-409_seq_1-409_coverage_0.958435.a3m,518,8.27252174762291,0.017415835258153496,false,false,true,639.1651432190556,9.382689891550202,0.019753031350632003,1157.1651432190556,17.65521163917311,0.0371688666087855,colabfold,results/2026-06-06-combine-8models/predictions/T1137s1/colabfold/tmp_colabfold_msa_search/T1137s1_qc_Yes_CASP15_8FEF_A_residue_18-409_seq_1-409_coverage_0.958435.a3m,results/2026-06-06-combine-8models/predictions/T1137s1/colabfold/tmp_colabfold,runner CodeCarbon output: results/2026-06-06-combine-8models/predictions/T1137s1/boltz2/carbon/T1137s1_boltz2_inference_emissions.csv; Boltz-2 reused the ColabFold A3M; MSA build time/carbon copied from the colabfold row.,,,,,,,,,,,
T1137s1,T1137s1,CASP15,8FEF,A,18,409,1,409,409,409,openfold,1,results/2026-06-06-combine-8models/sequences/T1137s1.fasta,results/2026-06-06-combine-8models/predictions/T1137s1/openfold,results/2026-06-06-combine-8models/predictions/T1137s1/openfold/rank_001.pdb,results/2026-06-06-combine-8models/predictions/T1137s1/openfold/rank_001.pdb,true,0,2026-06-03T20:02:48+02:00,2026-06-03T20:04:11+02:00,83,results/2026-06-06-combine-8models/logs/T1137s1_openfold.log,SHARED_MSA_A3M_FILE=results/2026-06-06-combine-8models/predictions/T1137s1/colabfold/tmp_colabfold/T1137s1_qc_Yes_CASP15_8FEF_A_residue_18-409_seq_1-409_coverage_0.958435.a3m SHARED_MSA_DIR=results/2026-06-06-combine-8models/predictions/T1137s1/colabfold/tmp_colabfold SHARED_MSA_METADATA_FILE=results/2026-06-06-combine-8models/metadata/prediction_manifest.csv bash runners/run_openfold_shared_msa.sh results/2026-06-06-combine-8models/sequences/T1137s1.fasta results/2026-06-06-combine-8models/predictions/T1137s1/openfold 1,,Yes,Yes,prefiltered A1 protein target with mapped residue range,1.000000,1.000000,0.958435,392,409,high,mapped from mmCIF atom_site CA records; 17 aligned positions lack resolved CA atoms,All groups,A1,MceG complex PDB code 8fef,true,colabfold_mmseqs2,mmseqs2_uniref_env,colabfold,/data/chen/protein_folding_databases/colabfold,results/2026-06-06-combine-8models/predictions/T1137s1/colabfold/tmp_colabfold_msa_search/T1137s1_qc_Yes_CASP15_8FEF_A_residue_18-409_seq_1-409_coverage_0.958435.a3m,518,8.27252174762291,0.017415835258153496,false,false,true,83.06427833798807,2.6697041330542683,0.00562042975379846,601.0642783379881,10.942225880677178,0.023036265011951957,colabfold,results/2026-06-06-combine-8models/predictions/T1137s1/colabfold/tmp_colabfold_msa_search/T1137s1_qc_Yes_CASP15_8FEF_A_residue_18-409_seq_1-409_coverage_0.958435.a3m,results/2026-06-06-combine-8models/predictions/T1137s1/colabfold/tmp_colabfold,runner CodeCarbon output: results/2026-06-06-combine-8models/predictions/T1137s1/openfold/carbon/T1137s1_openfold_inference_emissions.csv; OpenFold reused the ColabFold A3M; MSA build time/carbon copied from the colabfold row.,,,,,,,,,,,
T1137s1,T1137s1,CASP15,8FEF,A,18,409,1,409,409,409,protenix,1,results/2026-06-06-combine-8models/sequences/T1137s1.fasta,results/2026-06-06-combine-8models/predictions/T1137s1/protenix,results/2026-06-06-combine-8models/predictions/T1137s1/protenix/rank_001.pdb,results/2026-06-06-combine-8models/predictions/T1137s1/protenix/rank_001.pdb,true,0,2026-06-03T20:04:11+02:00,2026-06-03T20:05:43+02:00,92,results/2026-06-06-combine-8models/logs/T1137s1_protenix.log,SHARED_MSA_A3M_FILE=results/2026-06-06-combine-8models/predictions/T1137s1/colabfold/tmp_colabfold/T1137s1_qc_Yes_CASP15_8FEF_A_residue_18-409_seq_1-409_coverage_0.958435.a3m SHARED_MSA_DIR=results/2026-06-06-combine-8models/predictions/T1137s1/colabfold/tmp_colabfold SHARED_MSA_METADATA_FILE=results/2026-06-06-combine-8models/metadata/prediction_manifest.csv bash runners/run_protenix_shared_msa.sh results/2026-06-06-combine-8models/sequences/T1137s1.fasta results/2026-06-06-combine-8models/predictions/T1137s1/protenix 1,,Yes,Yes,prefiltered A1 protein target with mapped residue range,1.000000,1.000000,0.958435,392,409,high,mapped from mmCIF atom_site CA records; 17 aligned positions lack resolved CA atoms,All groups,A1,MceG complex PDB code 8fef,true,colabfold_mmseqs2,mmseqs2_uniref_env,colabfold,/data/chen/protein_folding_databases/colabfold,results/2026-06-06-combine-8models/predictions/T1137s1/colabfold/tmp_colabfold_msa_search/T1137s1_qc_Yes_CASP15_8FEF_A_residue_18-409_seq_1-409_coverage_0.958435.a3m,518,8.27252174762291,0.017415835258153496,false,false,true,91.73223727603909,1.6533145559347573,0.0034806622230205415,609.7322372760391,9.925836303557668,0.020896497481174038,colabfold,results/2026-06-06-combine-8models/predictions/T1137s1/colabfold/tmp_colabfold_msa_search/T1137s1_qc_Yes_CASP15_8FEF_A_residue_18-409_seq_1-409_coverage_0.958435.a3m,results/2026-06-06-combine-8models/predictions/T1137s1/colabfold/tmp_colabfold,runner CodeCarbon output: results/2026-06-06-combine-8models/predictions/T1137s1/protenix/carbon/T1137s1_protenix_inference_emissions.csv; Protenix reused the ColabFold A3M; MSA build time/carbon copied from the colabfold row.,,,,,,,,,,,
T1137s1,T1137s1,CASP15,8FEF,A,18,409,1,409,409,409,af2,1,results/2026-06-06-combine-8models/sequences/T1137s1.fasta,results/2026-06-06-combine-8models/predictions/T1137s1/af2,results/2026-06-06-combine-8models/predictions/T1137s1/af2/rank_001.pdb,results/2026-06-06-combine-8models/predictions/T1137s1/af2/rank_001.pdb,true,0,,,,results/2026-06-06-combine-8models/logs/T1137s1_af2.log,bash runners/run_af2.sh results/2026-06-06-combine-8models/sequences/T1137s1.fasta results/2026-06-06-combine-8models/predictions/T1137s1/af2 1,skipped existing success,Yes,Yes,prefiltered A1 protein target with mapped residue range,1.000000,1.000000,0.958435,392,409,high,mapped from mmCIF atom_site CA records; 17 aligned positions lack resolved CA atoms,All groups,A1,MceG complex PDB code 8fef,true,alphafold2_default,official_af2_database_search,alphafold,/data/chen/protein_folding_databases/alphafold,,1518.098749,39.95958716112097,0.08412544665499151,true,true,false,154.727693,5.552085282649012,0.011688600595050551,1672.826442,45.51167244376998,0.09581404725004206,,,,,1518.098749,39.95958716112097,0.08412544665499151,154.727693,5.552085282649012,0.011688600595050551,full_dbs,monomer,/data/chen/protein_folding_databases/alphafold/params,/data/chen/protein_folding_databases/alphafold,results/2026-06-06-combine-8models/predictions/T1137s1/af2/af2_features
T1137s2,T1137s2,CASP15,8FEF,B,2,343,1,343,343,343,chai1,1,results/2026-06-06-combine-8models/sequences/T1137s2.fasta,results/2026-06-06-combine-8models/predictions/T1137s2/chai1,results/2026-06-06-combine-8models/predictions/T1137s2/chai1/rank_001.pdb,results/2026-06-06-combine-8models/predictions/T1137s2/chai1/rank_001.pdb,true,0,2026-06-01T18:06:16+02:00,2026-06-01T18:22:58+02:00,1002,results/2026-06-06-combine-8models/logs/T1137s2_chai1.log,bash runners/run_chai1.sh results/2026-06-06-combine-8models/sequences/T1137s2.fasta results/2026-06-06-combine-8models/predictions/T1137s2/chai1 1,,Yes,Yes,prefiltered A1 protein target with mapped residue range,1.000000,1.000000,0.976676,335,343,high,mapped from mmCIF atom_site CA records; 8 aligned positions lack resolved CA atoms,All groups,A1,MceG complex PDB code 8fef,,,,,,,,,,,,,1001.8530834700214,14.138408105340504,0.029765069695453693,1001.8530834700214,14.138408105340504,0.029765069695453693,,,,runner CodeCarbon output: results/2026-06-06-combine-8models/predictions/T1137s2/chai1/carbon/T1137s2_chai1_inference_emissions.csv,,,,,,,,,,,
T1137s2,T1137s2,CASP15,8FEF,B,2,343,1,343,343,343,esmfold,1,results/2026-06-06-combine-8models/sequences/T1137s2.fasta,results/2026-06-06-combine-8models/predictions/T1137s2/esmfold,results/2026-06-06-combine-8models/predictions/T1137s2/esmfold/rank_001.pdb,results/2026-06-06-combine-8models/predictions/T1137s2/esmfold/rank_001.pdb,true,0,2026-06-01T18:22:58+02:00,2026-06-01T18:28:14+02:00,316,results/2026-06-06-combine-8models/logs/T1137s2_esmfold.log,bash runners/run_esmfold.sh results/2026-06-06-combine-8models/sequences/T1137s2.fasta results/2026-06-06-combine-8models/predictions/T1137s2/esmfold 1,,Yes,Yes,prefiltered A1 protein target with mapped residue range,1.000000,1.000000,0.976676,335,343,high,mapped from mmCIF atom_site CA records; 8 aligned positions lack resolved CA atoms,All groups,A1,MceG complex PDB code 8fef,,,,,,,,,,,,,315.84311263397103,4.589960723080757,0.009663075206485803,315.84311263397103,4.589960723080757,0.009663075206485803,,,,runner CodeCarbon output: results/2026-06-06-combine-8models/predictions/T1137s2/esmfold/carbon/T1137s2_esmfold_inference_emissions.csv,,,,,,,,,,,
T1137s2,T1137s2,CASP15,8FEF,B,2,343,1,343,343,343,omegafold,1,results/2026-06-06-combine-8models/sequences/T1137s2.fasta,results/2026-06-06-combine-8models/predictions/T1137s2/omegafold,results/2026-06-06-combine-8models/predictions/T1137s2/omegafold/rank_001.pdb,results/2026-06-06-combine-8models/predictions/T1137s2/omegafold/rank_001.pdb,true,0,2026-06-01T18:28:14+02:00,2026-06-01T18:29:49+02:00,95,results/2026-06-06-combine-8models/logs/T1137s2_omegafold.log,bash runners/run_omegafold.sh results/2026-06-06-combine-8models/sequences/T1137s2.fasta results/2026-06-06-combine-8models/predictions/T1137s2/omegafold 1,,Yes,Yes,prefiltered A1 protein target with mapped residue range,1.000000,1.000000,0.976676,335,343,high,mapped from mmCIF atom_site CA records; 8 aligned positions lack resolved CA atoms,All groups,A1,MceG complex PDB code 8fef,,,,,,,,,,,,,94.99428969802102,3.0234205421093523,0.006365095878124952,94.99428969802102,3.0234205421093523,0.006365095878124952,,,,runner CodeCarbon output: results/2026-06-06-combine-8models/predictions/T1137s2/omegafold/carbon/T1137s2_omegafold_inference_emissions.csv,,,,,,,,,,,
T1137s2,T1137s2,CASP15,8FEF,B,2,343,1,343,343,343,colabfold,1,results/2026-06-06-combine-8models/sequences/T1137s2.fasta,results/2026-06-06-combine-8models/predictions/T1137s2/colabfold,results/2026-06-06-combine-8models/predictions/T1137s2/colabfold/rank_001.pdb,results/2026-06-06-combine-8models/predictions/T1137s2/colabfold/rank_001.pdb,true,0,2026-06-03T20:05:43+02:00,2026-06-03T20:17:06+02:00,683,results/2026-06-06-combine-8models/logs/T1137s2_colabfold.log,bash runners/run_colabfold.sh results/2026-06-06-combine-8models/sequences/T1137s2.fasta results/2026-06-06-combine-8models/predictions/T1137s2/colabfold 1,,Yes,Yes,prefiltered A1 protein target with mapped residue range,1.000000,1.000000,0.976676,335,343,high,mapped from mmCIF atom_site CA records; 8 aligned positions lack resolved CA atoms,All groups,A1,MceG complex PDB code 8fef,true,colabfold_mmseqs2,mmseqs2_uniref_env,colabfold,/data/chen/protein_folding_databases/colabfold,results/2026-06-06-combine-8models/predictions/T1137s2/colabfold/tmp_colabfold_msa_search/T1137s2_qc_Yes_CASP15_8FEF_B_residue_2-343_seq_1-343_coverage_0.976676.a3m,525,8.31571688928271,0.017506772398489915,true,true,false,157,3.5683184489684794,0.0075122493662494304,682.0,11.88403533825119,0.025019021764739344,,,,ColabFold local MMseqs2 MSA search measured separately from colabfold_batch inference.,,,,,,,,,,,
T1137s2,T1137s2,CASP15,8FEF,B,2,343,1,343,343,343,boltz2,1,results/2026-06-06-combine-8models/sequences/T1137s2.fasta,results/2026-06-06-combine-8models/predictions/T1137s2/boltz2,results/2026-06-06-combine-8models/predictions/T1137s2/boltz2/rank_001.pdb,results/2026-06-06-combine-8models/predictions/T1137s2/boltz2/rank_001.pdb,true,0,2026-06-03T20:17:06+02:00,2026-06-03T20:26:06+02:00,540,results/2026-06-06-combine-8models/logs/T1137s2_boltz2.log,SHARED_MSA_A3M_FILE=results/2026-06-06-combine-8models/predictions/T1137s2/colabfold/tmp_colabfold/T1137s2_qc_Yes_CASP15_8FEF_B_residue_2-343_seq_1-343_coverage_0.976676.a3m SHARED_MSA_DIR=results/2026-06-06-combine-8models/predictions/T1137s2/colabfold/tmp_colabfold SHARED_MSA_METADATA_FILE=results/2026-06-06-combine-8models/metadata/prediction_manifest.csv bash runners/run_boltz2.sh results/2026-06-06-combine-8models/sequences/T1137s2.fasta results/2026-06-06-combine-8models/predictions/T1137s2/boltz2 1,,Yes,Yes,prefiltered A1 protein target with mapped residue range,1.000000,1.000000,0.976676,335,343,high,mapped from mmCIF atom_site CA records; 8 aligned positions lack resolved CA atoms,All groups,A1,MceG complex PDB code 8fef,true,colabfold_mmseqs2,mmseqs2_uniref_env,colabfold,/data/chen/protein_folding_databases/colabfold,results/2026-06-06-combine-8models/predictions/T1137s2/colabfold/tmp_colabfold_msa_search/T1137s2_qc_Yes_CASP15_8FEF_B_residue_2-343_seq_1-343_coverage_0.976676.a3m,525,8.31571688928271,0.017506772398489915,false,false,true,539.8595476939809,7.833156751336487,0.016490856318603128,1064.8595476939809,16.148873640619197,0.03399762871709304,colabfold,results/2026-06-06-combine-8models/predictions/T1137s2/colabfold/tmp_colabfold_msa_search/T1137s2_qc_Yes_CASP15_8FEF_B_residue_2-343_seq_1-343_coverage_0.976676.a3m,results/2026-06-06-combine-8models/predictions/T1137s2/colabfold/tmp_colabfold,runner CodeCarbon output: results/2026-06-06-combine-8models/predictions/T1137s2/boltz2/carbon/T1137s2_boltz2_inference_emissions.csv; Boltz-2 reused the ColabFold A3M; MSA build time/carbon copied from the colabfold row.,,,,,,,,,,,
T1137s2,T1137s2,CASP15,8FEF,B,2,343,1,343,343,343,openfold,1,results/2026-06-06-combine-8models/sequences/T1137s2.fasta,results/2026-06-06-combine-8models/predictions/T1137s2/openfold,results/2026-06-06-combine-8models/predictions/T1137s2/openfold/rank_001.pdb,results/2026-06-06-combine-8models/predictions/T1137s2/openfold/rank_001.pdb,true,0,2026-06-03T20:26:06+02:00,2026-06-03T20:27:07+02:00,61,results/2026-06-06-combine-8models/logs/T1137s2_openfold.log,SHARED_MSA_A3M_FILE=results/2026-06-06-combine-8models/predictions/T1137s2/colabfold/tmp_colabfold/T1137s2_qc_Yes_CASP15_8FEF_B_residue_2-343_seq_1-343_coverage_0.976676.a3m SHARED_MSA_DIR=results/2026-06-06-combine-8models/predictions/T1137s2/colabfold/tmp_colabfold SHARED_MSA_METADATA_FILE=results/2026-06-06-combine-8models/metadata/prediction_manifest.csv bash runners/run_openfold_shared_msa.sh results/2026-06-06-combine-8models/sequences/T1137s2.fasta results/2026-06-06-combine-8models/predictions/T1137s2/openfold 1,,Yes,Yes,prefiltered A1 protein target with mapped residue range,1.000000,1.000000,0.976676,335,343,high,mapped from mmCIF atom_site CA records; 8 aligned positions lack resolved CA atoms,All groups,A1,MceG complex PDB code 8fef,true,colabfold_mmseqs2,mmseqs2_uniref_env,colabfold,/data/chen/protein_folding_databases/colabfold,results/2026-06-06-combine-8models/predictions/T1137s2/colabfold/tmp_colabfold_msa_search/T1137s2_qc_Yes_CASP15_8FEF_B_residue_2-343_seq_1-343_coverage_0.976676.a3m,525,8.31571688928271,0.017506772398489915,false,false,true,60.32902003603522,1.9009334729616065,0.004001965206234961,585.3290200360352,10.216650362244316,0.021508737604724874,colabfold,results/2026-06-06-combine-8models/predictions/T1137s2/colabfold/tmp_colabfold_msa_search/T1137s2_qc_Yes_CASP15_8FEF_B_residue_2-343_seq_1-343_coverage_0.976676.a3m,results/2026-06-06-combine-8models/predictions/T1137s2/colabfold/tmp_colabfold,runner CodeCarbon output: results/2026-06-06-combine-8models/predictions/T1137s2/openfold/carbon/T1137s2_openfold_inference_emissions.csv; OpenFold reused the ColabFold A3M; MSA build time/carbon copied from the colabfold row.,,,,,,,,,,,
T1137s2,T1137s2,CASP15,8FEF,B,2,343,1,343,343,343,protenix,1,results/2026-06-06-combine-8models/sequences/T1137s2.fasta,results/2026-06-06-combine-8models/predictions/T1137s2/protenix,results/2026-06-06-combine-8models/predictions/T1137s2/protenix/rank_001.pdb,results/2026-06-06-combine-8models/predictions/T1137s2/protenix/rank_001.pdb,true,0,2026-06-03T20:27:07+02:00,2026-06-03T20:28:35+02:00,88,results/2026-06-06-combine-8models/logs/T1137s2_protenix.log,SHARED_MSA_A3M_FILE=results/2026-06-06-combine-8models/predictions/T1137s2/colabfold/tmp_colabfold/T1137s2_qc_Yes_CASP15_8FEF_B_residue_2-343_seq_1-343_coverage_0.976676.a3m SHARED_MSA_DIR=results/2026-06-06-combine-8models/predictions/T1137s2/colabfold/tmp_colabfold SHARED_MSA_METADATA_FILE=results/2026-06-06-combine-8models/metadata/prediction_manifest.csv bash runners/run_protenix_shared_msa.sh results/2026-06-06-combine-8models/sequences/T1137s2.fasta results/2026-06-06-combine-8models/predictions/T1137s2/protenix 1,,Yes,Yes,prefiltered A1 protein target with mapped residue range,1.000000,1.000000,0.976676,335,343,high,mapped from mmCIF atom_site CA records; 8 aligned positions lack resolved CA atoms,All groups,A1,MceG complex PDB code 8fef,true,colabfold_mmseqs2,mmseqs2_uniref_env,colabfold,/data/chen/protein_folding_databases/colabfold,results/2026-06-06-combine-8models/predictions/T1137s2/colabfold/tmp_colabfold_msa_search/T1137s2_qc_Yes_CASP15_8FEF_B_residue_2-343_seq_1-343_coverage_0.976676.a3m,525,8.31571688928271,0.017506772398489915,false,false,true,88.26466016098857,1.5108026115778135,0.003180637077005923,613.2646601609886,9.826519500860524,0.020687409475495838,colabfold,results/2026-06-06-combine-8models/predictions/T1137s2/colabfold/tmp_colabfold_msa_search/T1137s2_qc_Yes_CASP15_8FEF_B_residue_2-343_seq_1-343_coverage_0.976676.a3m,results/2026-06-06-combine-8models/predictions/T1137s2/colabfold/tmp_colabfold,runner CodeCarbon output: results/2026-06-06-combine-8models/predictions/T1137s2/protenix/carbon/T1137s2_protenix_inference_emissions.csv; Protenix reused the ColabFold A3M; MSA build time/carbon copied from the colabfold row.,,,,,,,,,,,
T1137s2,T1137s2,CASP15,8FEF,B,2,343,1,343,343,343,af2,1,results/2026-06-06-combine-8models/sequences/T1137s2.fasta,results/2026-06-06-combine-8models/predictions/T1137s2/af2,results/2026-06-06-combine-8models/predictions/T1137s2/af2/rank_001.pdb,results/2026-06-06-combine-8models/predictions/T1137s2/af2/rank_001.pdb,true,0,,,,results/2026-06-06-combine-8models/logs/T1137s2_af2.log,bash runners/run_af2.sh results/2026-06-06-combine-8models/sequences/T1137s2.fasta results/2026-06-06-combine-8models/predictions/T1137s2/af2 1,skipped existing success,Yes,Yes,prefiltered A1 protein target with mapped residue range,1.000000,1.000000,0.976676,335,343,high,mapped from mmCIF atom_site CA records; 8 aligned positions lack resolved CA atoms,All groups,A1,MceG complex PDB code 8fef,true,alphafold2_default,official_af2_database_search,alphafold,/data/chen/protein_folding_databases/alphafold,,1358.867223,35.43619738937031,0.07460252081972696,true,true,false,140.725375,4.828222337760211,0.01016467860581097,1499.592598,40.264419727130516,0.08476719942553793,,,,,1358.867223,35.43619738937031,0.07460252081972696,140.725375,4.828222337760211,0.01016467860581097,full_dbs,monomer,/data/chen/protein_folding_databases/alphafold/params,/data/chen/protein_folding_databases/alphafold,results/2026-06-06-combine-8models/predictions/T1137s2/af2/af2_features
T1137s3,T1137s3,CASP15,8FEF,C,1,310,1,524,524,524,chai1,1,results/2026-06-06-combine-8models/sequences/T1137s3.fasta,results/2026-06-06-combine-8models/predictions/T1137s3/chai1,results/2026-06-06-combine-8models/predictions/T1137s3/chai1/rank_001.pdb,results/2026-06-06-combine-8models/predictions/T1137s3/chai1/rank_001.pdb,true,0,2026-06-01T18:29:49+02:00,2026-06-01T19:29:26+02:00,3577,results/2026-06-06-combine-8models/logs/T1137s3_chai1.log,bash runners/run_chai1.sh results/2026-06-06-combine-8models/sequences/T1137s3.fasta results/2026-06-06-combine-8models/predictions/T1137s3/chai1 1,,Check,Check,reference coverage below threshold 0.592,1.000000,1.000000,0.591603,310,524,high,mapped from mmCIF atom_site CA records; 214 aligned positions lack resolved CA atoms,All groups,A1,MceG complex PDB code 8fef,,,,,,,,,,,,,3576.5285280059907,50.28929911434591,0.10587220866178086,3576.5285280059907,50.28929911434591,0.10587220866178086,,,,runner CodeCarbon output: results/2026-06-06-combine-8models/predictions/T1137s3/chai1/carbon/T1137s3_chai1_inference_emissions.csv,,,,,,,,,,,
T1137s3,T1137s3,CASP15,8FEF,C,1,310,1,524,524,524,esmfold,1,results/2026-06-06-combine-8models/sequences/T1137s3.fasta,results/2026-06-06-combine-8models/predictions/T1137s3/esmfold,results/2026-06-06-combine-8models/predictions/T1137s3/esmfold/rank_001.pdb,results/2026-06-06-combine-8models/predictions/T1137s3/esmfold/rank_001.pdb,true,0,2026-06-01T19:29:26+02:00,2026-06-01T19:41:15+02:00,709,results/2026-06-06-combine-8models/logs/T1137s3_esmfold.log,bash runners/run_esmfold.sh results/2026-06-06-combine-8models/sequences/T1137s3.fasta results/2026-06-06-combine-8models/predictions/T1137s3/esmfold 1,,Check,Check,reference coverage below threshold 0.592,1.000000,1.000000,0.591603,310,524,high,mapped from mmCIF atom_site CA records; 214 aligned positions lack resolved CA atoms,All groups,A1,MceG complex PDB code 8fef,,,,,,,,,,,,,708.7457242800156,10.397980729890325,0.021890485747137527,708.7457242800156,10.397980729890325,0.021890485747137527,,,,runner CodeCarbon output: results/2026-06-06-combine-8models/predictions/T1137s3/esmfold/carbon/T1137s3_esmfold_inference_emissions.csv,,,,,,,,,,,
T1137s3,T1137s3,CASP15,8FEF,C,1,310,1,524,524,524,omegafold,1,results/2026-06-06-combine-8models/sequences/T1137s3.fasta,results/2026-06-06-combine-8models/predictions/T1137s3/omegafold,results/2026-06-06-combine-8models/predictions/T1137s3/omegafold/rank_001.pdb,results/2026-06-06-combine-8models/predictions/T1137s3/omegafold/rank_001.pdb,true,0,2026-06-01T19:41:15+02:00,2026-06-01T19:45:22+02:00,247,results/2026-06-06-combine-8models/logs/T1137s3_omegafold.log,bash runners/run_omegafold.sh results/2026-06-06-combine-8models/sequences/T1137s3.fasta results/2026-06-06-combine-8models/predictions/T1137s3/omegafold 1,,Check,Check,reference coverage below threshold 0.592,1.000000,1.000000,0.591603,310,524,high,mapped from mmCIF atom_site CA records; 214 aligned positions lack resolved CA atoms,All groups,A1,MceG complex PDB code 8fef,,,,,,,,,,,,,247.03382559801685,8.124773680033462,0.01710478669480729,247.03382559801685,8.124773680033462,0.01710478669480729,,,,runner CodeCarbon output: results/2026-06-06-combine-8models/predictions/T1137s3/omegafold/carbon/T1137s3_omegafold_inference_emissions.csv,,,,,,,,,,,
T1137s3,T1137s3,CASP15,8FEF,C,1,310,1,524,524,524,colabfold,1,results/2026-06-06-combine-8models/sequences/T1137s3.fasta,results/2026-06-06-combine-8models/predictions/T1137s3/colabfold,results/2026-06-06-combine-8models/predictions/T1137s3/colabfold/rank_001.pdb,results/2026-06-06-combine-8models/predictions/T1137s3/colabfold/rank_001.pdb,true,0,2026-06-03T20:28:35+02:00,2026-06-03T20:40:06+02:00,691,results/2026-06-06-combine-8models/logs/T1137s3_colabfold.log,bash runners/run_colabfold.sh results/2026-06-06-combine-8models/sequences/T1137s3.fasta results/2026-06-06-combine-8models/predictions/T1137s3/colabfold 1,,Check,Check,reference coverage below threshold 0.592,1.000000,1.000000,0.591603,310,524,high,mapped from mmCIF atom_site CA records; 214 aligned positions lack resolved CA atoms,All groups,A1,MceG complex PDB code 8fef,true,colabfold_mmseqs2,mmseqs2_uniref_env,colabfold,/data/chen/protein_folding_databases/colabfold,results/2026-06-06-combine-8models/predictions/T1137s3/colabfold/tmp_colabfold_msa_search/T1137s3_qc_Check_CASP15_8FEF_C_residue_1-310_seq_1-524_coverage_0.591603.a3m,531,8.4196141828878,0.017725503542921683,true,true,false,159,3.9761153011153825,0.008370769054979752,690.0,12.395729484003184,0.026096272597901433,,,,ColabFold local MMseqs2 MSA search measured separately from colabfold_batch inference.,,,,,,,,,,,
T1137s3,T1137s3,CASP15,8FEF,C,1,310,1,524,524,524,boltz2,1,results/2026-06-06-combine-8models/sequences/T1137s3.fasta,results/2026-06-06-combine-8models/predictions/T1137s3/boltz2,results/2026-06-06-combine-8models/predictions/T1137s3/boltz2/rank_001.pdb,results/2026-06-06-combine-8models/predictions/T1137s3/boltz2/rank_001.pdb,true,0,2026-06-03T20:40:06+02:00,2026-06-03T20:59:30+02:00,1164,results/2026-06-06-combine-8models/logs/T1137s3_boltz2.log,SHARED_MSA_A3M_FILE=results/2026-06-06-combine-8models/predictions/T1137s3/colabfold/tmp_colabfold/T1137s3_qc_Check_CASP15_8FEF_C_residue_1-310_seq_1-524_coverage_0.591603.a3m SHARED_MSA_DIR=results/2026-06-06-combine-8models/predictions/T1137s3/colabfold/tmp_colabfold SHARED_MSA_METADATA_FILE=results/2026-06-06-combine-8models/metadata/prediction_manifest.csv bash runners/run_boltz2.sh results/2026-06-06-combine-8models/sequences/T1137s3.fasta results/2026-06-06-combine-8models/predictions/T1137s3/boltz2 1,,Check,Check,reference coverage below threshold 0.592,1.000000,1.000000,0.591603,310,524,high,mapped from mmCIF atom_site CA records; 214 aligned positions lack resolved CA atoms,All groups,A1,MceG complex PDB code 8fef,true,colabfold_mmseqs2,mmseqs2_uniref_env,colabfold,/data/chen/protein_folding_databases/colabfold,results/2026-06-06-combine-8models/predictions/T1137s3/colabfold/tmp_colabfold_msa_search/T1137s3_qc_Check_CASP15_8FEF_C_residue_1-310_seq_1-524_coverage_0.591603.a3m,531,8.4196141828878,0.017725503542921683,false,false,true,1163.5655921110883,16.65175726678726,0.03505633108797318,1694.5655921110883,25.071371449675063,0.052781834630894864,colabfold,results/2026-06-06-combine-8models/predictions/T1137s3/colabfold/tmp_colabfold_msa_search/T1137s3_qc_Check_CASP15_8FEF_C_residue_1-310_seq_1-524_coverage_0.591603.a3m,results/2026-06-06-combine-8models/predictions/T1137s3/colabfold/tmp_colabfold,runner CodeCarbon output: results/2026-06-06-combine-8models/predictions/T1137s3/boltz2/carbon/T1137s3_boltz2_inference_emissions.csv; Boltz-2 reused the ColabFold A3M; MSA build time/carbon copied from the colabfold row.,,,,,,,,,,,
T1137s3,T1137s3,CASP15,8FEF,C,1,310,1,524,524,524,openfold,1,results/2026-06-06-combine-8models/sequences/T1137s3.fasta,results/2026-06-06-combine-8models/predictions/T1137s3/openfold,results/2026-06-06-combine-8models/predictions/T1137s3/openfold/rank_001.pdb,results/2026-06-06-combine-8models/predictions/T1137s3/openfold/rank_001.pdb,true,0,2026-06-03T20:59:30+02:00,2026-06-03T21:01:50+02:00,140,results/2026-06-06-combine-8models/logs/T1137s3_openfold.log,SHARED_MSA_A3M_FILE=results/2026-06-06-combine-8models/predictions/T1137s3/colabfold/tmp_colabfold/T1137s3_qc_Check_CASP15_8FEF_C_residue_1-310_seq_1-524_coverage_0.591603.a3m SHARED_MSA_DIR=results/2026-06-06-combine-8models/predictions/T1137s3/colabfold/tmp_colabfold SHARED_MSA_METADATA_FILE=results/2026-06-06-combine-8models/metadata/prediction_manifest.csv bash runners/run_openfold_shared_msa.sh results/2026-06-06-combine-8models/sequences/T1137s3.fasta results/2026-06-06-combine-8models/predictions/T1137s3/openfold 1,,Check,Check,reference coverage below threshold 0.592,1.000000,1.000000,0.591603,310,524,high,mapped from mmCIF atom_site CA records; 214 aligned positions lack resolved CA atoms,All groups,A1,MceG complex PDB code 8fef,true,colabfold_mmseqs2,mmseqs2_uniref_env,colabfold,/data/chen/protein_folding_databases/colabfold,results/2026-06-06-combine-8models/predictions/T1137s3/colabfold/tmp_colabfold_msa_search/T1137s3_qc_Check_CASP15_8FEF_C_residue_1-310_seq_1-524_coverage_0.591603.a3m,531,8.4196141828878,0.017725503542921683,false,false,true,140.01696676795837,4.556361377425971,0.009592339741949413,671.0169667679584,12.97597556031377,0.027317843284871097,colabfold,results/2026-06-06-combine-8models/predictions/T1137s3/colabfold/tmp_colabfold_msa_search/T1137s3_qc_Check_CASP15_8FEF_C_residue_1-310_seq_1-524_coverage_0.591603.a3m,results/2026-06-06-combine-8models/predictions/T1137s3/colabfold/tmp_colabfold,runner CodeCarbon output: results/2026-06-06-combine-8models/predictions/T1137s3/openfold/carbon/T1137s3_openfold_inference_emissions.csv; OpenFold reused the ColabFold A3M; MSA build time/carbon copied from the colabfold row.,,,,,,,,,,,
T1137s3,T1137s3,CASP15,8FEF,C,1,310,1,524,524,524,protenix,1,results/2026-06-06-combine-8models/sequences/T1137s3.fasta,results/2026-06-06-combine-8models/predictions/T1137s3/protenix,results/2026-06-06-combine-8models/predictions/T1137s3/protenix/rank_001.pdb,results/2026-06-06-combine-8models/predictions/T1137s3/protenix/rank_001.pdb,true,0,2026-06-03T21:01:50+02:00,2026-06-03T21:03:35+02:00,105,results/2026-06-06-combine-8models/logs/T1137s3_protenix.log,SHARED_MSA_A3M_FILE=results/2026-06-06-combine-8models/predictions/T1137s3/colabfold/tmp_colabfold/T1137s3_qc_Check_CASP15_8FEF_C_residue_1-310_seq_1-524_coverage_0.591603.a3m SHARED_MSA_DIR=results/2026-06-06-combine-8models/predictions/T1137s3/colabfold/tmp_colabfold SHARED_MSA_METADATA_FILE=results/2026-06-06-combine-8models/metadata/prediction_manifest.csv bash runners/run_protenix_shared_msa.sh results/2026-06-06-combine-8models/sequences/T1137s3.fasta results/2026-06-06-combine-8models/predictions/T1137s3/protenix 1,,Check,Check,reference coverage below threshold 0.592,1.000000,1.000000,0.591603,310,524,high,mapped from mmCIF atom_site CA records; 214 aligned positions lack resolved CA atoms,All groups,A1,MceG complex PDB code 8fef,true,colabfold_mmseqs2,mmseqs2_uniref_env,colabfold,/data/chen/protein_folding_databases/colabfold,results/2026-06-06-combine-8models/predictions/T1137s3/colabfold/tmp_colabfold_msa_search/T1137s3_qc_Check_CASP15_8FEF_C_residue_1-310_seq_1-524_coverage_0.591603.a3m,531,8.4196141828878,0.017725503542921683,false,false,true,103.9738433540333,2.0947098207842436,0.004409915412177355,634.9738433540333,10.514324003672044,0.02213541895509904,colabfold,results/2026-06-06-combine-8models/predictions/T1137s3/colabfold/tmp_colabfold_msa_search/T1137s3_qc_Check_CASP15_8FEF_C_residue_1-310_seq_1-524_coverage_0.591603.a3m,results/2026-06-06-combine-8models/predictions/T1137s3/colabfold/tmp_colabfold,runner CodeCarbon output: results/2026-06-06-combine-8models/predictions/T1137s3/protenix/carbon/T1137s3_protenix_inference_emissions.csv; Protenix reused the ColabFold A3M; MSA build time/carbon copied from the colabfold row.,,,,,,,,,,,
T1137s3,T1137s3,CASP15,8FEF,C,1,310,1,524,524,524,af2,1,results/2026-06-06-combine-8models/sequences/T1137s3.fasta,results/2026-06-06-combine-8models/predictions/T1137s3/af2,results/2026-06-06-combine-8models/predictions/T1137s3/af2/rank_001.pdb,results/2026-06-06-combine-8models/predictions/T1137s3/af2/rank_001.pdb,true,0,,,,results/2026-06-06-combine-8models/logs/T1137s3_af2.log,bash runners/run_af2.sh results/2026-06-06-combine-8models/sequences/T1137s3.fasta results/2026-06-06-combine-8models/predictions/T1137s3/af2 1,skipped existing success,Check,Check,reference coverage below threshold 0.592,1.000000,1.000000,0.591603,310,524,high,mapped from mmCIF atom_site CA records; 214 aligned positions lack resolved CA atoms,All groups,A1,MceG complex PDB code 8fef,true,alphafold2_default,official_af2_database_search,alphafold,/data/chen/protein_folding_databases/alphafold,,1711.915876,45.062450796272955,0.0948683174658378,true,true,false,180.424943,7.142965300441799,0.01503782168514063,1892.340819,52.20541609671476,0.10990613915097844,,,,,1711.915876,45.062450796272955,0.0948683174658378,180.424943,7.142965300441799,0.01503782168514063,full_dbs,monomer,/data/chen/protein_folding_databases/alphafold/params,/data/chen/protein_folding_databases/alphafold,results/2026-06-06-combine-8models/predictions/T1137s3/af2/af2_features
T1137s4,T1137s4,CASP15,8FEF,D,42,468,1,547,547,547,chai1,1,results/2026-06-06-combine-8models/sequences/T1137s4.fasta,results/2026-06-06-combine-8models/predictions/T1137s4/chai1,results/2026-06-06-combine-8models/predictions/T1137s4/chai1/rank_001.pdb,results/2026-06-06-combine-8models/predictions/T1137s4/chai1/rank_001.pdb,true,0,2026-06-01T19:45:22+02:00,2026-06-01T20:45:13+02:00,3591,results/2026-06-06-combine-8models/logs/T1137s4_chai1.log,bash runners/run_chai1.sh results/2026-06-06-combine-8models/sequences/T1137s4.fasta results/2026-06-06-combine-8models/predictions/T1137s4/chai1 1,,Check,Check,reference coverage below threshold 0.704,1.000000,1.000000,0.703839,385,547,high,mapped from mmCIF atom_site CA records; 162 aligned positions lack resolved CA atoms,All groups,A1,MceG complex PDB code 8fef,,,,,,,,,,,,,3591.0334819900454,50.270254833831146,0.10583211543964452,3591.0334819900454,50.270254833831146,0.10583211543964452,,,,runner CodeCarbon output: results/2026-06-06-combine-8models/predictions/T1137s4/chai1/carbon/T1137s4_chai1_inference_emissions.csv,,,,,,,,,,,
T1137s4,T1137s4,CASP15,8FEF,D,42,468,1,547,547,547,esmfold,1,results/2026-06-06-combine-8models/sequences/T1137s4.fasta,results/2026-06-06-combine-8models/predictions/T1137s4/esmfold,results/2026-06-06-combine-8models/predictions/T1137s4/esmfold/rank_001.pdb,results/2026-06-06-combine-8models/predictions/T1137s4/esmfold/rank_001.pdb,true,0,2026-06-01T20:45:13+02:00,2026-06-01T20:58:18+02:00,785,results/2026-06-06-combine-8models/logs/T1137s4_esmfold.log,bash runners/run_esmfold.sh results/2026-06-06-combine-8models/sequences/T1137s4.fasta results/2026-06-06-combine-8models/predictions/T1137s4/esmfold 1,,Check,Check,reference coverage below threshold 0.704,1.000000,1.000000,0.703839,385,547,high,mapped from mmCIF atom_site CA records; 162 aligned positions lack resolved CA atoms,All groups,A1,MceG complex PDB code 8fef,,,,,,,,,,,,,784.8182822030503,11.508310892398393,0.02422802293136504,784.8182822030503,11.508310892398393,0.02422802293136504,,,,runner CodeCarbon output: results/2026-06-06-combine-8models/predictions/T1137s4/esmfold/carbon/T1137s4_esmfold_inference_emissions.csv,,,,,,,,,,,
T1137s4,T1137s4,CASP15,8FEF,D,42,468,1,547,547,547,omegafold,1,results/2026-06-06-combine-8models/sequences/T1137s4.fasta,results/2026-06-06-combine-8models/predictions/T1137s4/omegafold,results/2026-06-06-combine-8models/predictions/T1137s4/omegafold/rank_001.pdb,results/2026-06-06-combine-8models/predictions/T1137s4/omegafold/rank_001.pdb,true,0,2026-06-01T20:58:18+02:00,2026-06-01T21:03:04+02:00,286,results/2026-06-06-combine-8models/logs/T1137s4_omegafold.log,bash runners/run_omegafold.sh results/2026-06-06-combine-8models/sequences/T1137s4.fasta results/2026-06-06-combine-8models/predictions/T1137s4/omegafold 1,,Check,Check,reference coverage below threshold 0.704,1.000000,1.000000,0.703839,385,547,high,mapped from mmCIF atom_site CA records; 162 aligned positions lack resolved CA atoms,All groups,A1,MceG complex PDB code 8fef,,,,,,,,,,,,,285.2306844010018,9.45267976789537,0.019900378458727094,285.2306844010018,9.45267976789537,0.019900378458727094,,,,runner CodeCarbon output: results/2026-06-06-combine-8models/predictions/T1137s4/omegafold/carbon/T1137s4_omegafold_inference_emissions.csv,,,,,,,,,,,
T1137s4,T1137s4,CASP15,8FEF,D,42,468,1,547,547,547,colabfold,1,results/2026-06-06-combine-8models/sequences/T1137s4.fasta,results/2026-06-06-combine-8models/predictions/T1137s4/colabfold,results/2026-06-06-combine-8models/predictions/T1137s4/colabfold/rank_001.pdb,results/2026-06-06-combine-8models/predictions/T1137s4/colabfold/rank_001.pdb,true,0,2026-06-03T21:03:35+02:00,2026-06-03T21:15:41+02:00,726,results/2026-06-06-combine-8models/logs/T1137s4_colabfold.log,bash runners/run_colabfold.sh results/2026-06-06-combine-8models/sequences/T1137s4.fasta results/2026-06-06-combine-8models/predictions/T1137s4/colabfold 1,,Check,Check,reference coverage below threshold 0.704,1.000000,1.000000,0.703839,385,547,high,mapped from mmCIF atom_site CA records; 162 aligned positions lack resolved CA atoms,All groups,A1,MceG complex PDB code 8fef,true,colabfold_mmseqs2,mmseqs2_uniref_env,colabfold,/data/chen/protein_folding_databases/colabfold,results/2026-06-06-combine-8models/predictions/T1137s4/colabfold/tmp_colabfold_msa_search/T1137s4_qc_Check_CASP15_8FEF_D_residue_42-468_seq_1-547_coverage_0.703839.a3m,536,8.530513872267983,0.017958976573195753,true,true,false,190,4.601320375565104,0.009686990264347587,726.0,13.131834247833087,0.02764596683754334,,,,ColabFold local MMseqs2 MSA search measured separately from colabfold_batch inference.,,,,,,,,,,,
T1137s4,T1137s4,CASP15,8FEF,D,42,468,1,547,547,547,boltz2,1,results/2026-06-06-combine-8models/sequences/T1137s4.fasta,results/2026-06-06-combine-8models/predictions/T1137s4/boltz2,results/2026-06-06-combine-8models/predictions/T1137s4/boltz2/rank_001.pdb,results/2026-06-06-combine-8models/predictions/T1137s4/boltz2/rank_001.pdb,true,0,2026-06-03T21:15:41+02:00,2026-06-03T21:39:10+02:00,1409,results/2026-06-06-combine-8models/logs/T1137s4_boltz2.log,SHARED_MSA_A3M_FILE=results/2026-06-06-combine-8models/predictions/T1137s4/colabfold/tmp_colabfold/T1137s4_qc_Check_CASP15_8FEF_D_residue_42-468_seq_1-547_coverage_0.703839.a3m SHARED_MSA_DIR=results/2026-06-06-combine-8models/predictions/T1137s4/colabfold/tmp_colabfold SHARED_MSA_METADATA_FILE=results/2026-06-06-combine-8models/metadata/prediction_manifest.csv bash runners/run_boltz2.sh results/2026-06-06-combine-8models/sequences/T1137s4.fasta results/2026-06-06-combine-8models/predictions/T1137s4/boltz2 1,,Check,Check,reference coverage below threshold 0.704,1.000000,1.000000,0.703839,385,547,high,mapped from mmCIF atom_site CA records; 162 aligned positions lack resolved CA atoms,All groups,A1,MceG complex PDB code 8fef,true,colabfold_mmseqs2,mmseqs2_uniref_env,colabfold,/data/chen/protein_folding_databases/colabfold,results/2026-06-06-combine-8models/predictions/T1137s4/colabfold/tmp_colabfold_msa_search/T1137s4_qc_Check_CASP15_8FEF_D_residue_42-468_seq_1-547_coverage_0.703839.a3m,536,8.530513872267983,0.017958976573195753,false,false,true,1408.9518745850073,20.10519807926717,0.042326732798457195,1944.9518745850073,28.63571195153515,0.06028570937165295,colabfold,results/2026-06-06-combine-8models/predictions/T1137s4/colabfold/tmp_colabfold_msa_search/T1137s4_qc_Check_CASP15_8FEF_D_residue_42-468_seq_1-547_coverage_0.703839.a3m,results/2026-06-06-combine-8models/predictions/T1137s4/colabfold/tmp_colabfold,runner CodeCarbon output: results/2026-06-06-combine-8models/predictions/T1137s4/boltz2/carbon/T1137s4_boltz2_inference_emissions.csv; Boltz-2 reused the ColabFold A3M; MSA build time/carbon copied from the colabfold row.,,,,,,,,,,,
T1137s4,T1137s4,CASP15,8FEF,D,42,468,1,547,547,547,openfold,1,results/2026-06-06-combine-8models/sequences/T1137s4.fasta,results/2026-06-06-combine-8models/predictions/T1137s4/openfold,results/2026-06-06-combine-8models/predictions/T1137s4/openfold/rank_001.pdb,results/2026-06-06-combine-8models/predictions/T1137s4/openfold/rank_001.pdb,true,0,2026-06-03T21:39:10+02:00,2026-06-03T21:41:49+02:00,159,results/2026-06-06-combine-8models/logs/T1137s4_openfold.log,SHARED_MSA_A3M_FILE=results/2026-06-06-combine-8models/predictions/T1137s4/colabfold/tmp_colabfold/T1137s4_qc_Check_CASP15_8FEF_D_residue_42-468_seq_1-547_coverage_0.703839.a3m SHARED_MSA_DIR=results/2026-06-06-combine-8models/predictions/T1137s4/colabfold/tmp_colabfold SHARED_MSA_METADATA_FILE=results/2026-06-06-combine-8models/metadata/prediction_manifest.csv bash runners/run_openfold_shared_msa.sh results/2026-06-06-combine-8models/sequences/T1137s4.fasta results/2026-06-06-combine-8models/predictions/T1137s4/openfold 1,,Check,Check,reference coverage below threshold 0.704,1.000000,1.000000,0.703839,385,547,high,mapped from mmCIF atom_site CA records; 162 aligned positions lack resolved CA atoms,All groups,A1,MceG complex PDB code 8fef,true,colabfold_mmseqs2,mmseqs2_uniref_env,colabfold,/data/chen/protein_folding_databases/colabfold,results/2026-06-06-combine-8models/predictions/T1137s4/colabfold/tmp_colabfold_msa_search/T1137s4_qc_Check_CASP15_8FEF_D_residue_42-468_seq_1-547_coverage_0.703839.a3m,536,8.530513872267983,0.017958976573195753,false,false,true,158.54541605897248,5.192423042474001,0.010931416931524213,694.5454160589725,13.722936914741984,0.028890393504719968,colabfold,results/2026-06-06-combine-8models/predictions/T1137s4/colabfold/tmp_colabfold_msa_search/T1137s4_qc_Check_CASP15_8FEF_D_residue_42-468_seq_1-547_coverage_0.703839.a3m,results/2026-06-06-combine-8models/predictions/T1137s4/colabfold/tmp_colabfold,runner CodeCarbon output: results/2026-06-06-combine-8models/predictions/T1137s4/openfold/carbon/T1137s4_openfold_inference_emissions.csv; OpenFold reused the ColabFold A3M; MSA build time/carbon copied from the colabfold row.,,,,,,,,,,,
T1137s4,T1137s4,CASP15,8FEF,D,42,468,1,547,547,547,protenix,1,results/2026-06-06-combine-8models/sequences/T1137s4.fasta,results/2026-06-06-combine-8models/predictions/T1137s4/protenix,results/2026-06-06-combine-8models/predictions/T1137s4/protenix/rank_001.pdb,results/2026-06-06-combine-8models/predictions/T1137s4/protenix/rank_001.pdb,true,0,2026-06-03T21:41:49+02:00,2026-06-03T21:43:36+02:00,107,results/2026-06-06-combine-8models/logs/T1137s4_protenix.log,SHARED_MSA_A3M_FILE=results/2026-06-06-combine-8models/predictions/T1137s4/colabfold/tmp_colabfold/T1137s4_qc_Check_CASP15_8FEF_D_residue_42-468_seq_1-547_coverage_0.703839.a3m SHARED_MSA_DIR=results/2026-06-06-combine-8models/predictions/T1137s4/colabfold/tmp_colabfold SHARED_MSA_METADATA_FILE=results/2026-06-06-combine-8models/metadata/prediction_manifest.csv bash runners/run_protenix_shared_msa.sh results/2026-06-06-combine-8models/sequences/T1137s4.fasta results/2026-06-06-combine-8models/predictions/T1137s4/protenix 1,,Check,Check,reference coverage below threshold 0.704,1.000000,1.000000,0.703839,385,547,high,mapped from mmCIF atom_site CA records; 162 aligned positions lack resolved CA atoms,All groups,A1,MceG complex PDB code 8fef,true,colabfold_mmseqs2,mmseqs2_uniref_env,colabfold,/data/chen/protein_folding_databases/colabfold,results/2026-06-06-combine-8models/predictions/T1137s4/colabfold/tmp_colabfold_msa_search/T1137s4_qc_Check_CASP15_8FEF_D_residue_42-468_seq_1-547_coverage_0.703839.a3m,536,8.530513872267983,0.017958976573195753,false,false,true,106.54349866404664,2.1875885028740245,0.0046054494797347885,642.5434986640466,10.718102375142008,0.02256442605293054,colabfold,results/2026-06-06-combine-8models/predictions/T1137s4/colabfold/tmp_colabfold_msa_search/T1137s4_qc_Check_CASP15_8FEF_D_residue_42-468_seq_1-547_coverage_0.703839.a3m,results/2026-06-06-combine-8models/predictions/T1137s4/colabfold/tmp_colabfold,runner CodeCarbon output: results/2026-06-06-combine-8models/predictions/T1137s4/protenix/carbon/T1137s4_protenix_inference_emissions.csv; Protenix reused the ColabFold A3M; MSA build time/carbon copied from the colabfold row.,,,,,,,,,,,
T1137s4,T1137s4,CASP15,8FEF,D,42,468,1,547,547,547,af2,1,results/2026-06-06-combine-8models/sequences/T1137s4.fasta,results/2026-06-06-combine-8models/predictions/T1137s4/af2,results/2026-06-06-combine-8models/predictions/T1137s4/af2/rank_001.pdb,results/2026-06-06-combine-8models/predictions/T1137s4/af2/rank_001.pdb,true,0,,,,results/2026-06-06-combine-8models/logs/T1137s4_af2.log,bash runners/run_af2.sh results/2026-06-06-combine-8models/sequences/T1137s4.fasta results/2026-06-06-combine-8models/predictions/T1137s4/af2 1,skipped existing success,Check,Check,reference coverage below threshold 0.704,1.000000,1.000000,0.703839,385,547,high,mapped from mmCIF atom_site CA records; 162 aligned positions lack resolved CA atoms,All groups,A1,MceG complex PDB code 8fef,true,alphafold2_default,official_af2_database_search,alphafold,/data/chen/protein_folding_databases/alphafold,,1752.921203,45.983131956863495,0.09680659359339683,true,true,false,203.609677,7.972779575005137,0.016784799105273973,1956.53088,53.95591153186863,0.1135913926986708,,,,,1752.921203,45.983131956863495,0.09680659359339683,203.609677,7.972779575005137,0.016784799105273973,full_dbs,monomer,/data/chen/protein_folding_databases/alphafold/params,/data/chen/protein_folding_databases/alphafold,results/2026-06-06-combine-8models/predictions/T1137s4/af2/af2_features
T1137s5,T1137s5,CASP15,8FEF,E,33,390,1,390,390,390,chai1,1,results/2026-06-06-combine-8models/sequences/T1137s5.fasta,results/2026-06-06-combine-8models/predictions/T1137s5/chai1,results/2026-06-06-combine-8models/predictions/T1137s5/chai1/rank_001.pdb,results/2026-06-06-combine-8models/predictions/T1137s5/chai1/rank_001.pdb,true,0,2026-06-01T21:03:04+02:00,2026-06-01T21:31:42+02:00,1718,results/2026-06-06-combine-8models/logs/T1137s5_chai1.log,bash runners/run_chai1.sh results/2026-06-06-combine-8models/sequences/T1137s5.fasta results/2026-06-06-combine-8models/predictions/T1137s5/chai1 1,,Yes,Yes,prefiltered A1 protein target with mapped residue range,1.000000,1.000000,0.917949,358,390,high,mapped from mmCIF atom_site CA records; 32 aligned positions lack resolved CA atoms,All groups,A1,MceG complex PDB code 8fef,,,,,,,,,,,,,1717.50966306997,23.95347131812855,0.050428360669744314,1717.50966306997,23.95347131812855,0.050428360669744314,,,,runner CodeCarbon output: results/2026-06-06-combine-8models/predictions/T1137s5/chai1/carbon/T1137s5_chai1_inference_emissions.csv,,,,,,,,,,,
T1137s5,T1137s5,CASP15,8FEF,E,33,390,1,390,390,390,esmfold,1,results/2026-06-06-combine-8models/sequences/T1137s5.fasta,results/2026-06-06-combine-8models/predictions/T1137s5/esmfold,results/2026-06-06-combine-8models/predictions/T1137s5/esmfold/rank_001.pdb,results/2026-06-06-combine-8models/predictions/T1137s5/esmfold/rank_001.pdb,true,0,2026-06-01T21:31:42+02:00,2026-06-01T21:38:10+02:00,388,results/2026-06-06-combine-8models/logs/T1137s5_esmfold.log,bash runners/run_esmfold.sh results/2026-06-06-combine-8models/sequences/T1137s5.fasta results/2026-06-06-combine-8models/predictions/T1137s5/esmfold 1,,Yes,Yes,prefiltered A1 protein target with mapped residue range,1.000000,1.000000,0.917949,358,390,high,mapped from mmCIF atom_site CA records; 32 aligned positions lack resolved CA atoms,All groups,A1,MceG complex PDB code 8fef,,,,,,,,,,,,,388.00710013200296,5.640466599891687,0.011874666526087763,388.00710013200296,5.640466599891687,0.011874666526087763,,,,runner CodeCarbon output: results/2026-06-06-combine-8models/predictions/T1137s5/esmfold/carbon/T1137s5_esmfold_inference_emissions.csv,,,,,,,,,,,
T1137s5,T1137s5,CASP15,8FEF,E,33,390,1,390,390,390,omegafold,1,results/2026-06-06-combine-8models/sequences/T1137s5.fasta,results/2026-06-06-combine-8models/predictions/T1137s5/omegafold,results/2026-06-06-combine-8models/predictions/T1137s5/omegafold/rank_001.pdb,results/2026-06-06-combine-8models/predictions/T1137s5/omegafold/rank_001.pdb,true,0,2026-06-01T21:38:10+02:00,2026-06-01T21:40:17+02:00,127,results/2026-06-06-combine-8models/logs/T1137s5_omegafold.log,bash runners/run_omegafold.sh results/2026-06-06-combine-8models/sequences/T1137s5.fasta results/2026-06-06-combine-8models/predictions/T1137s5/omegafold 1,,Yes,Yes,prefiltered A1 protein target with mapped residue range,1.000000,1.000000,0.917949,358,390,high,mapped from mmCIF atom_site CA records; 32 aligned positions lack resolved CA atoms,All groups,A1,MceG complex PDB code 8fef,,,,,,,,,,,,,126.54276912298519,4.125009046032726,0.008684229570595212,126.54276912298519,4.125009046032726,0.008684229570595212,,,,runner CodeCarbon output: results/2026-06-06-combine-8models/predictions/T1137s5/omegafold/carbon/T1137s5_omegafold_inference_emissions.csv,,,,,,,,,,,
T1137s5,T1137s5,CASP15,8FEF,E,33,390,1,390,390,390,colabfold,1,results/2026-06-06-combine-8models/sequences/T1137s5.fasta,results/2026-06-06-combine-8models/predictions/T1137s5/colabfold,results/2026-06-06-combine-8models/predictions/T1137s5/colabfold/rank_001.pdb,results/2026-06-06-combine-8models/predictions/T1137s5/colabfold/rank_001.pdb,true,0,2026-06-03T21:43:36+02:00,2026-06-03T21:55:12+02:00,696,results/2026-06-06-combine-8models/logs/T1137s5_colabfold.log,bash runners/run_colabfold.sh results/2026-06-06-combine-8models/sequences/T1137s5.fasta results/2026-06-06-combine-8models/predictions/T1137s5/colabfold 1,,Yes,Yes,prefiltered A1 protein target with mapped residue range,1.000000,1.000000,0.917949,358,390,high,mapped from mmCIF atom_site CA records; 32 aligned positions lack resolved CA atoms,All groups,A1,MceG complex PDB code 8fef,true,colabfold_mmseqs2,mmseqs2_uniref_env,colabfold,/data/chen/protein_folding_databases/colabfold,results/2026-06-06-combine-8models/predictions/T1137s5/colabfold/tmp_colabfold_msa_search/T1137s5_qc_Yes_CASP15_8FEF_E_residue_33-390_seq_1-390_coverage_0.917949.a3m,532,8.424232570021019,0.017735226463202143,true,true,false,164,3.7341400539146763,0.007861347481925634,696.0,12.158372623935694,0.02559657394512778,,,,ColabFold local MMseqs2 MSA search measured separately from colabfold_batch inference.,,,,,,,,,,,
T1137s5,T1137s5,CASP15,8FEF,E,33,390,1,390,390,390,boltz2,1,results/2026-06-06-combine-8models/sequences/T1137s5.fasta,results/2026-06-06-combine-8models/predictions/T1137s5/boltz2,results/2026-06-06-combine-8models/predictions/T1137s5/boltz2/rank_001.pdb,results/2026-06-06-combine-8models/predictions/T1137s5/boltz2/rank_001.pdb,true,0,2026-06-03T21:55:12+02:00,2026-06-03T22:06:02+02:00,650,results/2026-06-06-combine-8models/logs/T1137s5_boltz2.log,SHARED_MSA_A3M_FILE=results/2026-06-06-combine-8models/predictions/T1137s5/colabfold/tmp_colabfold/T1137s5_qc_Yes_CASP15_8FEF_E_residue_33-390_seq_1-390_coverage_0.917949.a3m SHARED_MSA_DIR=results/2026-06-06-combine-8models/predictions/T1137s5/colabfold/tmp_colabfold SHARED_MSA_METADATA_FILE=results/2026-06-06-combine-8models/metadata/prediction_manifest.csv bash runners/run_boltz2.sh results/2026-06-06-combine-8models/sequences/T1137s5.fasta results/2026-06-06-combine-8models/predictions/T1137s5/boltz2 1,,Yes,Yes,prefiltered A1 protein target with mapped residue range,1.000000,1.000000,0.917949,358,390,high,mapped from mmCIF atom_site CA records; 32 aligned positions lack resolved CA atoms,All groups,A1,MceG complex PDB code 8fef,true,colabfold_mmseqs2,mmseqs2_uniref_env,colabfold,/data/chen/protein_folding_databases/colabfold,results/2026-06-06-combine-8models/predictions/T1137s5/colabfold/tmp_colabfold_msa_search/T1137s5_qc_Yes_CASP15_8FEF_E_residue_33-390_seq_1-390_coverage_0.917949.a3m,532,8.424232570021019,0.017735226463202143,false,false,true,649.4243203679798,9.434892838069944,0.019862932290673565,1181.4243203679798,17.85912540809096,0.037598158753875704,colabfold,results/2026-06-06-combine-8models/predictions/T1137s5/colabfold/tmp_colabfold_msa_search/T1137s5_qc_Yes_CASP15_8FEF_E_residue_33-390_seq_1-390_coverage_0.917949.a3m,results/2026-06-06-combine-8models/predictions/T1137s5/colabfold/tmp_colabfold,runner CodeCarbon output: results/2026-06-06-combine-8models/predictions/T1137s5/boltz2/carbon/T1137s5_boltz2_inference_emissions.csv; Boltz-2 reused the ColabFold A3M; MSA build time/carbon copied from the colabfold row.,,,,,,,,,,,
T1137s5,T1137s5,CASP15,8FEF,E,33,390,1,390,390,390,openfold,1,results/2026-06-06-combine-8models/sequences/T1137s5.fasta,results/2026-06-06-combine-8models/predictions/T1137s5/openfold,results/2026-06-06-combine-8models/predictions/T1137s5/openfold/rank_001.pdb,results/2026-06-06-combine-8models/predictions/T1137s5/openfold/rank_001.pdb,true,0,2026-06-03T22:06:02+02:00,2026-06-03T22:07:19+02:00,77,results/2026-06-06-combine-8models/logs/T1137s5_openfold.log,SHARED_MSA_A3M_FILE=results/2026-06-06-combine-8models/predictions/T1137s5/colabfold/tmp_colabfold/T1137s5_qc_Yes_CASP15_8FEF_E_residue_33-390_seq_1-390_coverage_0.917949.a3m SHARED_MSA_DIR=results/2026-06-06-combine-8models/predictions/T1137s5/colabfold/tmp_colabfold SHARED_MSA_METADATA_FILE=results/2026-06-06-combine-8models/metadata/prediction_manifest.csv bash runners/run_openfold_shared_msa.sh results/2026-06-06-combine-8models/sequences/T1137s5.fasta results/2026-06-06-combine-8models/predictions/T1137s5/openfold 1,,Yes,Yes,prefiltered A1 protein target with mapped residue range,1.000000,1.000000,0.917949,358,390,high,mapped from mmCIF atom_site CA records; 32 aligned positions lack resolved CA atoms,All groups,A1,MceG complex PDB code 8fef,true,colabfold_mmseqs2,mmseqs2_uniref_env,colabfold,/data/chen/protein_folding_databases/colabfold,results/2026-06-06-combine-8models/predictions/T1137s5/colabfold/tmp_colabfold_msa_search/T1137s5_qc_Yes_CASP15_8FEF_E_residue_33-390_seq_1-390_coverage_0.917949.a3m,532,8.424232570021019,0.017735226463202143,false,false,true,76.25561450305395,2.437549080330693,0.005131682274380406,608.255614503054,10.861781650351713,0.02286690873758255,colabfold,results/2026-06-06-combine-8models/predictions/T1137s5/colabfold/tmp_colabfold_msa_search/T1137s5_qc_Yes_CASP15_8FEF_E_residue_33-390_seq_1-390_coverage_0.917949.a3m,results/2026-06-06-combine-8models/predictions/T1137s5/colabfold/tmp_colabfold,runner CodeCarbon output: results/2026-06-06-combine-8models/predictions/T1137s5/openfold/carbon/T1137s5_openfold_inference_emissions.csv; OpenFold reused the ColabFold A3M; MSA build time/carbon copied from the colabfold row.,,,,,,,,,,,
T1137s5,T1137s5,CASP15,8FEF,E,33,390,1,390,390,390,protenix,1,results/2026-06-06-combine-8models/sequences/T1137s5.fasta,results/2026-06-06-combine-8models/predictions/T1137s5/protenix,results/2026-06-06-combine-8models/predictions/T1137s5/protenix/rank_001.pdb,results/2026-06-06-combine-8models/predictions/T1137s5/protenix/rank_001.pdb,true,0,2026-06-03T22:07:19+02:00,2026-06-03T22:08:49+02:00,90,results/2026-06-06-combine-8models/logs/T1137s5_protenix.log,SHARED_MSA_A3M_FILE=results/2026-06-06-combine-8models/predictions/T1137s5/colabfold/tmp_colabfold/T1137s5_qc_Yes_CASP15_8FEF_E_residue_33-390_seq_1-390_coverage_0.917949.a3m SHARED_MSA_DIR=results/2026-06-06-combine-8models/predictions/T1137s5/colabfold/tmp_colabfold SHARED_MSA_METADATA_FILE=results/2026-06-06-combine-8models/metadata/prediction_manifest.csv bash runners/run_protenix_shared_msa.sh results/2026-06-06-combine-8models/sequences/T1137s5.fasta results/2026-06-06-combine-8models/predictions/T1137s5/protenix 1,,Yes,Yes,prefiltered A1 protein target with mapped residue range,1.000000,1.000000,0.917949,358,390,high,mapped from mmCIF atom_site CA records; 32 aligned positions lack resolved CA atoms,All groups,A1,MceG complex PDB code 8fef,true,colabfold_mmseqs2,mmseqs2_uniref_env,colabfold,/data/chen/protein_folding_databases/colabfold,results/2026-06-06-combine-8models/predictions/T1137s5/colabfold/tmp_colabfold_msa_search/T1137s5_qc_Yes_CASP15_8FEF_E_residue_33-390_seq_1-390_coverage_0.917949.a3m,532,8.424232570021019,0.017735226463202143,false,false,true,90.4783271739725,1.6109777516271877,0.0033915321086888162,622.4783271739725,10.035210321648206,0.02112675857189096,colabfold,results/2026-06-06-combine-8models/predictions/T1137s5/colabfold/tmp_colabfold_msa_search/T1137s5_qc_Yes_CASP15_8FEF_E_residue_33-390_seq_1-390_coverage_0.917949.a3m,results/2026-06-06-combine-8models/predictions/T1137s5/colabfold/tmp_colabfold,runner CodeCarbon output: results/2026-06-06-combine-8models/predictions/T1137s5/protenix/carbon/T1137s5_protenix_inference_emissions.csv; Protenix reused the ColabFold A3M; MSA build time/carbon copied from the colabfold row.,,,,,,,,,,,
T1137s5,T1137s5,CASP15,8FEF,E,33,390,1,390,390,390,af2,1,results/2026-06-06-combine-8models/sequences/T1137s5.fasta,results/2026-06-06-combine-8models/predictions/T1137s5/af2,results/2026-06-06-combine-8models/predictions/T1137s5/af2/rank_001.pdb,results/2026-06-06-combine-8models/predictions/T1137s5/af2/rank_001.pdb,true,0,,,,results/2026-06-06-combine-8models/logs/T1137s5_af2.log,bash runners/run_af2.sh results/2026-06-06-combine-8models/sequences/T1137s5.fasta results/2026-06-06-combine-8models/predictions/T1137s5/af2 1,skipped existing success,Yes,Yes,prefiltered A1 protein target with mapped residue range,1.000000,1.000000,0.917949,358,390,high,mapped from mmCIF atom_site CA records; 32 aligned positions lack resolved CA atoms,All groups,A1,MceG complex PDB code 8fef,true,alphafold2_default,official_af2_database_search,alphafold,/data/chen/protein_folding_databases/alphafold,,1417.824439,37.122772447638184,0.0781532051529225,true,true,false,150.445989,5.401460111709317,0.011371494972019613,1568.270428,42.5242325593475,0.08952470012494211,,,,,1417.824439,37.122772447638184,0.0781532051529225,150.445989,5.401460111709317,0.011371494972019613,full_dbs,monomer,/data/chen/protein_folding_databases/alphafold/params,/data/chen/protein_folding_databases/alphafold,results/2026-06-06-combine-8models/predictions/T1137s5/af2/af2_features
T1137s6,T1137s6,CASP15,8FEF,F,1,399,1,518,518,518,chai1,1,results/2026-06-06-combine-8models/sequences/T1137s6.fasta,results/2026-06-06-combine-8models/predictions/T1137s6/chai1,results/2026-06-06-combine-8models/predictions/T1137s6/chai1/rank_001.pdb,results/2026-06-06-combine-8models/predictions/T1137s6/chai1/rank_001.pdb,true,0,2026-06-01T21:40:17+02:00,2026-06-01T22:41:52+02:00,3695,results/2026-06-06-combine-8models/logs/T1137s6_chai1.log,bash runners/run_chai1.sh results/2026-06-06-combine-8models/sequences/T1137s6.fasta results/2026-06-06-combine-8models/predictions/T1137s6/chai1 1,,Check,Check,reference coverage below threshold 0.770,1.000000,1.000000,0.770270,399,518,high,mapped from mmCIF atom_site CA records; 119 aligned positions lack resolved CA atoms,All groups,A1,MceG complex PDB code 8fef,,,,,,,,,,,,,3695.31341246597,51.86154395327638,0.10918219779637132,3695.31341246597,51.86154395327638,0.10918219779637132,,,,runner CodeCarbon output: results/2026-06-06-combine-8models/predictions/T1137s6/chai1/carbon/T1137s6_chai1_inference_emissions.csv,,,,,,,,,,,
T1137s6,T1137s6,CASP15,8FEF,F,1,399,1,518,518,518,esmfold,1,results/2026-06-06-combine-8models/sequences/T1137s6.fasta,results/2026-06-06-combine-8models/predictions/T1137s6/esmfold,results/2026-06-06-combine-8models/predictions/T1137s6/esmfold/rank_001.pdb,results/2026-06-06-combine-8models/predictions/T1137s6/esmfold/rank_001.pdb,true,0,2026-06-01T22:41:52+02:00,2026-06-01T22:53:24+02:00,692,results/2026-06-06-combine-8models/logs/T1137s6_esmfold.log,bash runners/run_esmfold.sh results/2026-06-06-combine-8models/sequences/T1137s6.fasta results/2026-06-06-combine-8models/predictions/T1137s6/esmfold 1,,Check,Check,reference coverage below threshold 0.770,1.000000,1.000000,0.770270,399,518,high,mapped from mmCIF atom_site CA records; 119 aligned positions lack resolved CA atoms,All groups,A1,MceG complex PDB code 8fef,,,,,,,,,,,,,691.7764873580309,10.152305514577249,0.02137327476753105,691.7764873580309,10.152305514577249,0.02137327476753105,,,,runner CodeCarbon output: results/2026-06-06-combine-8models/predictions/T1137s6/esmfold/carbon/T1137s6_esmfold_inference_emissions.csv,,,,,,,,,,,
T1137s6,T1137s6,CASP15,8FEF,F,1,399,1,518,518,518,omegafold,1,results/2026-06-06-combine-8models/sequences/T1137s6.fasta,results/2026-06-06-combine-8models/predictions/T1137s6/omegafold,results/2026-06-06-combine-8models/predictions/T1137s6/omegafold/rank_001.pdb,results/2026-06-06-combine-8models/predictions/T1137s6/omegafold/rank_001.pdb,true,0,2026-06-01T22:53:24+02:00,2026-06-01T22:57:33+02:00,249,results/2026-06-06-combine-8models/logs/T1137s6_omegafold.log,bash runners/run_omegafold.sh results/2026-06-06-combine-8models/sequences/T1137s6.fasta results/2026-06-06-combine-8models/predictions/T1137s6/omegafold 1,,Check,Check,reference coverage below threshold 0.770,1.000000,1.000000,0.770270,399,518,high,mapped from mmCIF atom_site CA records; 119 aligned positions lack resolved CA atoms,All groups,A1,MceG complex PDB code 8fef,,,,,,,,,,,,,248.62443575600628,8.226136379827933,0.017318181852269333,248.62443575600628,8.226136379827933,0.017318181852269333,,,,runner CodeCarbon output: results/2026-06-06-combine-8models/predictions/T1137s6/omegafold/carbon/T1137s6_omegafold_inference_emissions.csv,,,,,,,,,,,
T1137s6,T1137s6,CASP15,8FEF,F,1,399,1,518,518,518,colabfold,1,results/2026-06-06-combine-8models/sequences/T1137s6.fasta,results/2026-06-06-combine-8models/predictions/T1137s6/colabfold,results/2026-06-06-combine-8models/predictions/T1137s6/colabfold/rank_001.pdb,results/2026-06-06-combine-8models/predictions/T1137s6/colabfold/rank_001.pdb,true,0,2026-06-03T22:08:49+02:00,2026-06-03T22:20:33+02:00,704,results/2026-06-06-combine-8models/logs/T1137s6_colabfold.log,bash runners/run_colabfold.sh results/2026-06-06-combine-8models/sequences/T1137s6.fasta results/2026-06-06-combine-8models/predictions/T1137s6/colabfold 1,,Check,Check,reference coverage below threshold 0.770,1.000000,1.000000,0.770270,399,518,high,mapped from mmCIF atom_site CA records; 119 aligned positions lack resolved CA atoms,All groups,A1,MceG complex PDB code 8fef,true,colabfold_mmseqs2,mmseqs2_uniref_env,colabfold,/data/chen/protein_folding_databases/colabfold,results/2026-06-06-combine-8models/predictions/T1137s6/colabfold/tmp_colabfold_msa_search/T1137s6_qc_Check_CASP15_8FEF_F_residue_1-399_seq_1-518_coverage_0.770270.a3m,520,8.311935585470003,0.01749881175888422,true,true,false,183,4.425356085308678,0.009316539126965638,703.0,12.737291670778681,0.026815350885849857,,,,ColabFold local MMseqs2 MSA search measured separately from colabfold_batch inference.,,,,,,,,,,,
T1137s6,T1137s6,CASP15,8FEF,F,1,399,1,518,518,518,boltz2,1,results/2026-06-06-combine-8models/sequences/T1137s6.fasta,results/2026-06-06-combine-8models/predictions/T1137s6/boltz2,results/2026-06-06-combine-8models/predictions/T1137s6/boltz2/rank_001.pdb,results/2026-06-06-combine-8models/predictions/T1137s6/boltz2/rank_001.pdb,true,0,2026-06-03T22:20:34+02:00,2026-06-03T22:41:45+02:00,1271,results/2026-06-06-combine-8models/logs/T1137s6_boltz2.log,SHARED_MSA_A3M_FILE=results/2026-06-06-combine-8models/predictions/T1137s6/colabfold/tmp_colabfold/T1137s6_qc_Check_CASP15_8FEF_F_residue_1-399_seq_1-518_coverage_0.770270.a3m SHARED_MSA_DIR=results/2026-06-06-combine-8models/predictions/T1137s6/colabfold/tmp_colabfold SHARED_MSA_METADATA_FILE=results/2026-06-06-combine-8models/metadata/prediction_manifest.csv bash runners/run_boltz2.sh results/2026-06-06-combine-8models/sequences/T1137s6.fasta results/2026-06-06-combine-8models/predictions/T1137s6/boltz2 1,,Check,Check,reference coverage below threshold 0.770,1.000000,1.000000,0.770270,399,518,high,mapped from mmCIF atom_site CA records; 119 aligned positions lack resolved CA atoms,All groups,A1,MceG complex PDB code 8fef,true,colabfold_mmseqs2,mmseqs2_uniref_env,colabfold,/data/chen/protein_folding_databases/colabfold,results/2026-06-06-combine-8models/predictions/T1137s6/colabfold/tmp_colabfold_msa_search/T1137s6_qc_Check_CASP15_8FEF_F_residue_1-399_seq_1-518_coverage_0.770270.a3m,520,8.311935585470003,0.01749881175888422,false,false,true,1271.668445675983,18.139821307747628,0.03818909748999501,1791.668445675983,26.45175689321763,0.05568790924887923,colabfold,results/2026-06-06-combine-8models/predictions/T1137s6/colabfold/tmp_colabfold_msa_search/T1137s6_qc_Check_CASP15_8FEF_F_residue_1-399_seq_1-518_coverage_0.770270.a3m,results/2026-06-06-combine-8models/predictions/T1137s6/colabfold/tmp_colabfold,runner CodeCarbon output: results/2026-06-06-combine-8models/predictions/T1137s6/boltz2/carbon/T1137s6_boltz2_inference_emissions.csv; Boltz-2 reused the ColabFold A3M; MSA build time/carbon copied from the colabfold row.,,,,,,,,,,,
T1137s6,T1137s6,CASP15,8FEF,F,1,399,1,518,518,518,openfold,1,results/2026-06-06-combine-8models/sequences/T1137s6.fasta,results/2026-06-06-combine-8models/predictions/T1137s6/openfold,results/2026-06-06-combine-8models/predictions/T1137s6/openfold/rank_001.pdb,results/2026-06-06-combine-8models/predictions/T1137s6/openfold/rank_001.pdb,true,0,2026-06-03T22:41:45+02:00,2026-06-03T22:44:09+02:00,144,results/2026-06-06-combine-8models/logs/T1137s6_openfold.log,SHARED_MSA_A3M_FILE=results/2026-06-06-combine-8models/predictions/T1137s6/colabfold/tmp_colabfold/T1137s6_qc_Check_CASP15_8FEF_F_residue_1-399_seq_1-518_coverage_0.770270.a3m SHARED_MSA_DIR=results/2026-06-06-combine-8models/predictions/T1137s6/colabfold/tmp_colabfold SHARED_MSA_METADATA_FILE=results/2026-06-06-combine-8models/metadata/prediction_manifest.csv bash runners/run_openfold_shared_msa.sh results/2026-06-06-combine-8models/sequences/T1137s6.fasta results/2026-06-06-combine-8models/predictions/T1137s6/openfold 1,,Check,Check,reference coverage below threshold 0.770,1.000000,1.000000,0.770270,399,518,high,mapped from mmCIF atom_site CA records; 119 aligned positions lack resolved CA atoms,All groups,A1,MceG complex PDB code 8fef,true,colabfold_mmseqs2,mmseqs2_uniref_env,colabfold,/data/chen/protein_folding_databases/colabfold,results/2026-06-06-combine-8models/predictions/T1137s6/colabfold/tmp_colabfold_msa_search/T1137s6_qc_Check_CASP15_8FEF_F_residue_1-399_seq_1-518_coverage_0.770270.a3m,520,8.311935585470003,0.01749881175888422,false,false,true,143.63867692404892,4.666389759843515,0.009823978441775821,663.6386769240489,12.978325345313518,0.02732279020066004,colabfold,results/2026-06-06-combine-8models/predictions/T1137s6/colabfold/tmp_colabfold_msa_search/T1137s6_qc_Check_CASP15_8FEF_F_residue_1-399_seq_1-518_coverage_0.770270.a3m,results/2026-06-06-combine-8models/predictions/T1137s6/colabfold/tmp_colabfold,runner CodeCarbon output: results/2026-06-06-combine-8models/predictions/T1137s6/openfold/carbon/T1137s6_openfold_inference_emissions.csv; OpenFold reused the ColabFold A3M; MSA build time/carbon copied from the colabfold row.,,,,,,,,,,,
T1137s6,T1137s6,CASP15,8FEF,F,1,399,1,518,518,518,protenix,1,results/2026-06-06-combine-8models/sequences/T1137s6.fasta,results/2026-06-06-combine-8models/predictions/T1137s6/protenix,results/2026-06-06-combine-8models/predictions/T1137s6/protenix/rank_001.pdb,results/2026-06-06-combine-8models/predictions/T1137s6/protenix/rank_001.pdb,true,0,2026-06-03T22:44:09+02:00,2026-06-03T22:45:55+02:00,106,results/2026-06-06-combine-8models/logs/T1137s6_protenix.log,SHARED_MSA_A3M_FILE=results/2026-06-06-combine-8models/predictions/T1137s6/colabfold/tmp_colabfold/T1137s6_qc_Check_CASP15_8FEF_F_residue_1-399_seq_1-518_coverage_0.770270.a3m SHARED_MSA_DIR=results/2026-06-06-combine-8models/predictions/T1137s6/colabfold/tmp_colabfold SHARED_MSA_METADATA_FILE=results/2026-06-06-combine-8models/metadata/prediction_manifest.csv bash runners/run_protenix_shared_msa.sh results/2026-06-06-combine-8models/sequences/T1137s6.fasta results/2026-06-06-combine-8models/predictions/T1137s6/protenix 1,,Check,Check,reference coverage below threshold 0.770,1.000000,1.000000,0.770270,399,518,high,mapped from mmCIF atom_site CA records; 119 aligned positions lack resolved CA atoms,All groups,A1,MceG complex PDB code 8fef,true,colabfold_mmseqs2,mmseqs2_uniref_env,colabfold,/data/chen/protein_folding_databases/colabfold,results/2026-06-06-combine-8models/predictions/T1137s6/colabfold/tmp_colabfold_msa_search/T1137s6_qc_Check_CASP15_8FEF_F_residue_1-399_seq_1-518_coverage_0.770270.a3m,520,8.311935585470003,0.01749881175888422,false,false,true,105.4403601809172,2.1393031488335827,0.004503796102807543,625.4403601809172,10.451238734303587,0.02200260786169176,colabfold,results/2026-06-06-combine-8models/predictions/T1137s6/colabfold/tmp_colabfold_msa_search/T1137s6_qc_Check_CASP15_8FEF_F_residue_1-399_seq_1-518_coverage_0.770270.a3m,results/2026-06-06-combine-8models/predictions/T1137s6/colabfold/tmp_colabfold,runner CodeCarbon output: results/2026-06-06-combine-8models/predictions/T1137s6/protenix/carbon/T1137s6_protenix_inference_emissions.csv; Protenix reused the ColabFold A3M; MSA build time/carbon copied from the colabfold row.,,,,,,,,,,,
T1137s6,T1137s6,CASP15,8FEF,F,1,399,1,518,518,518,af2,1,results/2026-06-06-combine-8models/sequences/T1137s6.fasta,results/2026-06-06-combine-8models/predictions/T1137s6/af2,results/2026-06-06-combine-8models/predictions/T1137s6/af2/rank_001.pdb,results/2026-06-06-combine-8models/predictions/T1137s6/af2/rank_001.pdb,true,0,,,,results/2026-06-06-combine-8models/logs/T1137s6_af2.log,bash runners/run_af2.sh results/2026-06-06-combine-8models/sequences/T1137s6.fasta results/2026-06-06-combine-8models/predictions/T1137s6/af2 1,skipped existing success,Check,Check,reference coverage below threshold 0.770,1.000000,1.000000,0.770270,399,518,high,mapped from mmCIF atom_site CA records; 119 aligned positions lack resolved CA atoms,All groups,A1,MceG complex PDB code 8fef,true,alphafold2_default,official_af2_database_search,alphafold,/data/chen/protein_folding_databases/alphafold,,1623.222129,42.60559112599992,0.08969598131789458,true,true,false,189.162171,7.247503777700115,0.015257902689894978,1812.3843,49.85309490370004,0.10495388400778956,,,,,1623.222129,42.60559112599992,0.08969598131789458,189.162171,7.247503777700115,0.015257902689894978,full_dbs,monomer,/data/chen/protein_folding_databases/alphafold/params,/data/chen/protein_folding_databases/alphafold,results/2026-06-06-combine-8models/predictions/T1137s6/af2/af2_features
T1137s7,T1137s7,CASP15,8FEF,G,2,325,1,653,653,653,chai1,1,results/2026-06-06-combine-8models/sequences/T1137s7.fasta,results/2026-06-06-combine-8models/predictions/T1137s7/chai1,results/2026-06-06-combine-8models/predictions/T1137s7/chai1/rank_001.pdb,results/2026-06-06-combine-8models/predictions/T1137s7/chai1/rank_001.pdb,true,0,2026-06-01T22:57:33+02:00,2026-06-01T23:57:17+02:00,3584,results/2026-06-06-combine-8models/logs/T1137s7_chai1.log,bash runners/run_chai1.sh results/2026-06-06-combine-8models/sequences/T1137s7.fasta results/2026-06-06-combine-8models/predictions/T1137s7/chai1 1,,Check,Check,reference coverage below threshold 0.458; multiple equivalent chains match,1.000000,1.000000,0.457887,299,653,high,mapped from mmCIF atom_site CA records; 354 aligned positions lack resolved CA atoms,All groups,A1,MceG complex PDB code 8fef,,,,,,,,,,,,,3583.5914467220427,50.325973424942646,0.10594941773672135,3583.5914467220427,50.325973424942646,0.10594941773672135,,,,runner CodeCarbon output: results/2026-06-06-combine-8models/predictions/T1137s7/chai1/carbon/T1137s7_chai1_inference_emissions.csv,,,,,,,,,,,
T1137s7,T1137s7,CASP15,8FEF,G,2,325,1,653,653,653,esmfold,1,results/2026-06-06-combine-8models/sequences/T1137s7.fasta,results/2026-06-06-combine-8models/predictions/T1137s7/esmfold,results/2026-06-06-combine-8models/predictions/T1137s7/esmfold/rank_001.pdb,results/2026-06-06-combine-8models/predictions/T1137s7/esmfold/rank_001.pdb,true,0,2026-06-01T23:57:17+02:00,2026-06-02T00:16:13+02:00,1136,results/2026-06-06-combine-8models/logs/T1137s7_esmfold.log,bash runners/run_esmfold.sh results/2026-06-06-combine-8models/sequences/T1137s7.fasta results/2026-06-06-combine-8models/predictions/T1137s7/esmfold 1,,Check,Check,reference coverage below threshold 0.458; multiple equivalent chains match,1.000000,1.000000,0.457887,299,653,high,mapped from mmCIF atom_site CA records; 354 aligned positions lack resolved CA atoms,All groups,A1,MceG complex PDB code 8fef,,,,,,,,,,,,,1136.5451746699982,16.724854124868706,0.03521021921024991,1136.5451746699982,16.724854124868706,0.03521021921024991,,,,runner CodeCarbon output: results/2026-06-06-combine-8models/predictions/T1137s7/esmfold/carbon/T1137s7_esmfold_inference_emissions.csv,,,,,,,,,,,
T1137s7,T1137s7,CASP15,8FEF,G,2,325,1,653,653,653,omegafold,1,results/2026-06-06-combine-8models/sequences/T1137s7.fasta,results/2026-06-06-combine-8models/predictions/T1137s7/omegafold,results/2026-06-06-combine-8models/predictions/T1137s7/omegafold/rank_001.pdb,results/2026-06-06-combine-8models/predictions/T1137s7/omegafold/rank_001.pdb,true,0,2026-06-02T00:16:14+02:00,2026-06-02T00:23:35+02:00,441,results/2026-06-06-combine-8models/logs/T1137s7_omegafold.log,bash runners/run_omegafold.sh results/2026-06-06-combine-8models/sequences/T1137s7.fasta results/2026-06-06-combine-8models/predictions/T1137s7/omegafold 1,,Check,Check,reference coverage below threshold 0.458; multiple equivalent chains match,1.000000,1.000000,0.457887,299,653,high,mapped from mmCIF atom_site CA records; 354 aligned positions lack resolved CA atoms,All groups,A1,MceG complex PDB code 8fef,,,,,,,,,,,,,440.8963007989805,14.826081276442338,0.031212802687247028,440.8963007989805,14.826081276442338,0.031212802687247028,,,,runner CodeCarbon output: results/2026-06-06-combine-8models/predictions/T1137s7/omegafold/carbon/T1137s7_omegafold_inference_emissions.csv,,,,,,,,,,,
T1137s7,T1137s7,CASP15,8FEF,G,2,325,1,653,653,653,colabfold,1,results/2026-06-06-combine-8models/sequences/T1137s7.fasta,results/2026-06-06-combine-8models/predictions/T1137s7/colabfold,results/2026-06-06-combine-8models/predictions/T1137s7/colabfold/rank_001.pdb,results/2026-06-06-combine-8models/predictions/T1137s7/colabfold/rank_001.pdb,true,0,2026-06-03T22:45:55+02:00,2026-06-03T23:02:06+02:00,971,results/2026-06-06-combine-8models/logs/T1137s7_colabfold.log,bash runners/run_colabfold.sh results/2026-06-06-combine-8models/sequences/T1137s7.fasta results/2026-06-06-combine-8models/predictions/T1137s7/colabfold 1,,Check,Check,reference coverage below threshold 0.458; multiple equivalent chains match,1.000000,1.000000,0.457887,299,653,high,mapped from mmCIF atom_site CA records; 354 aligned positions lack resolved CA atoms,All groups,A1,MceG complex PDB code 8fef,true,colabfold_mmseqs2,mmseqs2_uniref_env,colabfold,/data/chen/protein_folding_databases/colabfold,results/2026-06-06-combine-8models/predictions/T1137s7/colabfold/tmp_colabfold_msa_search/T1137s7_qc_Check_CASP15_8FEF_G_residue_2-325_seq_1-653_coverage_0.457887.a3m,760,11.53496087800247,0.024284128164215726,true,true,false,209,5.250699198755785,0.011054103576327969,969.0,16.785660076758255,0.035338231740543694,,,,ColabFold local MMseqs2 MSA search measured separately from colabfold_batch inference.,,,,,,,,,,,
T1137s7,T1137s7,CASP15,8FEF,G,2,325,1,653,653,653,boltz2,1,results/2026-06-06-combine-8models/sequences/T1137s7.fasta,results/2026-06-06-combine-8models/predictions/T1137s7/boltz2,results/2026-06-06-combine-8models/predictions/T1137s7/boltz2/rank_001.pdb,results/2026-06-06-combine-8models/predictions/T1137s7/boltz2/rank_001.pdb,true,0,2026-06-03T23:02:06+02:00,2026-06-03T23:46:28+02:00,2662,results/2026-06-06-combine-8models/logs/T1137s7_boltz2.log,SHARED_MSA_A3M_FILE=results/2026-06-06-combine-8models/predictions/T1137s7/colabfold/tmp_colabfold/T1137s7_qc_Check_CASP15_8FEF_G_residue_2-325_seq_1-653_coverage_0.457887.a3m SHARED_MSA_DIR=results/2026-06-06-combine-8models/predictions/T1137s7/colabfold/tmp_colabfold SHARED_MSA_METADATA_FILE=results/2026-06-06-combine-8models/metadata/prediction_manifest.csv bash runners/run_boltz2.sh results/2026-06-06-combine-8models/sequences/T1137s7.fasta results/2026-06-06-combine-8models/predictions/T1137s7/boltz2 1,,Check,Check,reference coverage below threshold 0.458; multiple equivalent chains match,1.000000,1.000000,0.457887,299,653,high,mapped from mmCIF atom_site CA records; 354 aligned positions lack resolved CA atoms,All groups,A1,MceG complex PDB code 8fef,true,colabfold_mmseqs2,mmseqs2_uniref_env,colabfold,/data/chen/protein_folding_databases/colabfold,results/2026-06-06-combine-8models/predictions/T1137s7/colabfold/tmp_colabfold_msa_search/T1137s7_qc_Check_CASP15_8FEF_G_residue_2-325_seq_1-653_coverage_0.457887.a3m,760,11.53496087800247,0.024284128164215726,false,false,true,2662.2983265500516,37.51005100053492,0.07896852842217879,3422.2983265500516,49.045011878537395,0.10325265658639451,colabfold,results/2026-06-06-combine-8models/predictions/T1137s7/colabfold/tmp_colabfold_msa_search/T1137s7_qc_Check_CASP15_8FEF_G_residue_2-325_seq_1-653_coverage_0.457887.a3m,results/2026-06-06-combine-8models/predictions/T1137s7/colabfold/tmp_colabfold,runner CodeCarbon output: results/2026-06-06-combine-8models/predictions/T1137s7/boltz2/carbon/T1137s7_boltz2_inference_emissions.csv; Boltz-2 reused the ColabFold A3M; MSA build time/carbon copied from the colabfold row.,,,,,,,,,,,
T1137s7,T1137s7,CASP15,8FEF,G,2,325,1,653,653,653,openfold,1,results/2026-06-06-combine-8models/sequences/T1137s7.fasta,results/2026-06-06-combine-8models/predictions/T1137s7/openfold,results/2026-06-06-combine-8models/predictions/T1137s7/openfold/rank_001.pdb,results/2026-06-06-combine-8models/predictions/T1137s7/openfold/rank_001.pdb,true,0,2026-06-03T23:46:28+02:00,2026-06-03T23:50:16+02:00,228,results/2026-06-06-combine-8models/logs/T1137s7_openfold.log,SHARED_MSA_A3M_FILE=results/2026-06-06-combine-8models/predictions/T1137s7/colabfold/tmp_colabfold/T1137s7_qc_Check_CASP15_8FEF_G_residue_2-325_seq_1-653_coverage_0.457887.a3m SHARED_MSA_DIR=results/2026-06-06-combine-8models/predictions/T1137s7/colabfold/tmp_colabfold SHARED_MSA_METADATA_FILE=results/2026-06-06-combine-8models/metadata/prediction_manifest.csv bash runners/run_openfold_shared_msa.sh results/2026-06-06-combine-8models/sequences/T1137s7.fasta results/2026-06-06-combine-8models/predictions/T1137s7/openfold 1,,Check,Check,reference coverage below threshold 0.458; multiple equivalent chains match,1.000000,1.000000,0.457887,299,653,high,mapped from mmCIF atom_site CA records; 354 aligned positions lack resolved CA atoms,All groups,A1,MceG complex PDB code 8fef,true,colabfold_mmseqs2,mmseqs2_uniref_env,colabfold,/data/chen/protein_folding_databases/colabfold,results/2026-06-06-combine-8models/predictions/T1137s7/colabfold/tmp_colabfold_msa_search/T1137s7_qc_Check_CASP15_8FEF_G_residue_2-325_seq_1-653_coverage_0.457887.a3m,760,11.53496087800247,0.024284128164215726,false,false,true,227.60086934501305,7.5361304142334395,0.015865537714175662,987.600869345013,19.07109129223591,0.04014966587839139,colabfold,results/2026-06-06-combine-8models/predictions/T1137s7/colabfold/tmp_colabfold_msa_search/T1137s7_qc_Check_CASP15_8FEF_G_residue_2-325_seq_1-653_coverage_0.457887.a3m,results/2026-06-06-combine-8models/predictions/T1137s7/colabfold/tmp_colabfold,runner CodeCarbon output: results/2026-06-06-combine-8models/predictions/T1137s7/openfold/carbon/T1137s7_openfold_inference_emissions.csv; OpenFold reused the ColabFold A3M; MSA build time/carbon copied from the colabfold row.,,,,,,,,,,,
T1137s7,T1137s7,CASP15,8FEF,G,2,325,1,653,653,653,protenix,1,results/2026-06-06-combine-8models/sequences/T1137s7.fasta,results/2026-06-06-combine-8models/predictions/T1137s7/protenix,results/2026-06-06-combine-8models/predictions/T1137s7/protenix/rank_001.pdb,results/2026-06-06-combine-8models/predictions/T1137s7/protenix/rank_001.pdb,true,0,2026-06-03T23:50:16+02:00,2026-06-03T23:52:21+02:00,125,results/2026-06-06-combine-8models/logs/T1137s7_protenix.log,SHARED_MSA_A3M_FILE=results/2026-06-06-combine-8models/predictions/T1137s7/colabfold/tmp_colabfold/T1137s7_qc_Check_CASP15_8FEF_G_residue_2-325_seq_1-653_coverage_0.457887.a3m SHARED_MSA_DIR=results/2026-06-06-combine-8models/predictions/T1137s7/colabfold/tmp_colabfold SHARED_MSA_METADATA_FILE=results/2026-06-06-combine-8models/metadata/prediction_manifest.csv bash runners/run_protenix_shared_msa.sh results/2026-06-06-combine-8models/sequences/T1137s7.fasta results/2026-06-06-combine-8models/predictions/T1137s7/protenix 1,,Check,Check,reference coverage below threshold 0.458; multiple equivalent chains match,1.000000,1.000000,0.457887,299,653,high,mapped from mmCIF atom_site CA records; 354 aligned positions lack resolved CA atoms,All groups,A1,MceG complex PDB code 8fef,true,colabfold_mmseqs2,mmseqs2_uniref_env,colabfold,/data/chen/protein_folding_databases/colabfold,results/2026-06-06-combine-8models/predictions/T1137s7/colabfold/tmp_colabfold_msa_search/T1137s7_qc_Check_CASP15_8FEF_G_residue_2-325_seq_1-653_coverage_0.457887.a3m,760,11.53496087800247,0.024284128164215726,false,false,true,124.59804786799941,2.8017754511517854,0.005898474634003759,884.5980478679994,14.336736329154256,0.030182602798219486,colabfold,results/2026-06-06-combine-8models/predictions/T1137s7/colabfold/tmp_colabfold_msa_search/T1137s7_qc_Check_CASP15_8FEF_G_residue_2-325_seq_1-653_coverage_0.457887.a3m,results/2026-06-06-combine-8models/predictions/T1137s7/colabfold/tmp_colabfold,runner CodeCarbon output: results/2026-06-06-combine-8models/predictions/T1137s7/protenix/carbon/T1137s7_protenix_inference_emissions.csv; Protenix reused the ColabFold A3M; MSA build time/carbon copied from the colabfold row.,,,,,,,,,,,
T1137s7,T1137s7,CASP15,8FEF,G,2,325,1,653,653,653,af2,1,results/2026-06-06-combine-8models/sequences/T1137s7.fasta,results/2026-06-06-combine-8models/predictions/T1137s7/af2,results/2026-06-06-combine-8models/predictions/T1137s7/af2/rank_001.pdb,results/2026-06-06-combine-8models/predictions/T1137s7/af2/rank_001.pdb,true,0,,,,results/2026-06-06-combine-8models/logs/T1137s7_af2.log,bash runners/run_af2.sh results/2026-06-06-combine-8models/sequences/T1137s7.fasta results/2026-06-06-combine-8models/predictions/T1137s7/af2 1,skipped existing success,Check,Check,reference coverage below threshold 0.458; multiple equivalent chains match,1.000000,1.000000,0.457887,299,653,high,mapped from mmCIF atom_site CA records; 354 aligned positions lack resolved CA atoms,All groups,A1,MceG complex PDB code 8fef,true,alphafold2_default,official_af2_database_search,alphafold,/data/chen/protein_folding_databases/alphafold,,7929.586827,210.2423102200502,0.44261538993694777,true,true,false,242.145751,9.741252628301218,0.020507900270107828,8171.732578,219.98356284835143,0.4631232902070556,,,,,7929.586827,210.2423102200502,0.44261538993694777,242.145751,9.741252628301218,0.020507900270107828,full_dbs,monomer,/data/chen/protein_folding_databases/alphafold/params,/data/chen/protein_folding_databases/alphafold,results/2026-06-06-combine-8models/predictions/T1137s7/af2/af2_features
T1137s8,T1137s8,CASP15,8FEF,I,14,266,1,266,266,266,chai1,1,results/2026-06-06-combine-8models/sequences/T1137s8.fasta,results/2026-06-06-combine-8models/predictions/T1137s8/chai1,results/2026-06-06-combine-8models/predictions/T1137s8/chai1/rank_001.pdb,results/2026-06-06-combine-8models/predictions/T1137s8/chai1/rank_001.pdb,true,0,2026-06-02T00:23:35+02:00,2026-06-02T00:40:23+02:00,1008,results/2026-06-06-combine-8models/logs/T1137s8_chai1.log,bash runners/run_chai1.sh results/2026-06-06-combine-8models/sequences/T1137s8.fasta results/2026-06-06-combine-8models/predictions/T1137s8/chai1 1,,Yes,Yes,prefiltered A1 protein target with mapped residue range,1.000000,1.000000,0.951128,253,266,high,mapped from mmCIF atom_site CA records; 13 aligned positions lack resolved CA atoms,All groups,A1,MceG complex PDB code 8fef,,,,,,,,,,,,,1008.127495254972,14.157933020006519,0.02980617477896109,1008.127495254972,14.157933020006519,0.02980617477896109,,,,runner CodeCarbon output: results/2026-06-06-combine-8models/predictions/T1137s8/chai1/carbon/T1137s8_chai1_inference_emissions.csv,,,,,,,,,,,
T1137s8,T1137s8,CASP15,8FEF,I,14,266,1,266,266,266,esmfold,1,results/2026-06-06-combine-8models/sequences/T1137s8.fasta,results/2026-06-06-combine-8models/predictions/T1137s8/esmfold,results/2026-06-06-combine-8models/predictions/T1137s8/esmfold/rank_001.pdb,results/2026-06-06-combine-8models/predictions/T1137s8/esmfold/rank_001.pdb,true,0,2026-06-02T00:40:23+02:00,2026-06-02T00:43:43+02:00,200,results/2026-06-06-combine-8models/logs/T1137s8_esmfold.log,bash runners/run_esmfold.sh results/2026-06-06-combine-8models/sequences/T1137s8.fasta results/2026-06-06-combine-8models/predictions/T1137s8/esmfold 1,,Yes,Yes,prefiltered A1 protein target with mapped residue range,1.000000,1.000000,0.951128,253,266,high,mapped from mmCIF atom_site CA records; 13 aligned positions lack resolved CA atoms,All groups,A1,MceG complex PDB code 8fef,,,,,,,,,,,,,200.0624414869817,2.890328636091611,0.0060849023917718134,200.0624414869817,2.890328636091611,0.0060849023917718134,,,,runner CodeCarbon output: results/2026-06-06-combine-8models/predictions/T1137s8/esmfold/carbon/T1137s8_esmfold_inference_emissions.csv,,,,,,,,,,,
T1137s8,T1137s8,CASP15,8FEF,I,14,266,1,266,266,266,omegafold,1,results/2026-06-06-combine-8models/sequences/T1137s8.fasta,results/2026-06-06-combine-8models/predictions/T1137s8/omegafold,results/2026-06-06-combine-8models/predictions/T1137s8/omegafold/rank_001.pdb,results/2026-06-06-combine-8models/predictions/T1137s8/omegafold/rank_001.pdb,true,0,2026-06-02T00:43:43+02:00,2026-06-02T00:44:41+02:00,58,results/2026-06-06-combine-8models/logs/T1137s8_omegafold.log,bash runners/run_omegafold.sh results/2026-06-06-combine-8models/sequences/T1137s8.fasta results/2026-06-06-combine-8models/predictions/T1137s8/omegafold 1,,Yes,Yes,prefiltered A1 protein target with mapped residue range,1.000000,1.000000,0.951128,253,266,high,mapped from mmCIF atom_site CA records; 13 aligned positions lack resolved CA atoms,All groups,A1,MceG complex PDB code 8fef,,,,,,,,,,,,,57.744815852027386,1.7475774344715327,0.0036791103883611212,57.744815852027386,1.7475774344715327,0.0036791103883611212,,,,runner CodeCarbon output: results/2026-06-06-combine-8models/predictions/T1137s8/omegafold/carbon/T1137s8_omegafold_inference_emissions.csv,,,,,,,,,,,
T1137s8,T1137s8,CASP15,8FEF,I,14,266,1,266,266,266,colabfold,1,results/2026-06-06-combine-8models/sequences/T1137s8.fasta,results/2026-06-06-combine-8models/predictions/T1137s8/colabfold,results/2026-06-06-combine-8models/predictions/T1137s8/colabfold/rank_001.pdb,results/2026-06-06-combine-8models/predictions/T1137s8/colabfold/rank_001.pdb,true,0,2026-06-03T23:52:21+02:00,2026-06-04T00:03:16+02:00,655,results/2026-06-06-combine-8models/logs/T1137s8_colabfold.log,bash runners/run_colabfold.sh results/2026-06-06-combine-8models/sequences/T1137s8.fasta results/2026-06-06-combine-8models/predictions/T1137s8/colabfold 1,,Yes,Yes,prefiltered A1 protein target with mapped residue range,1.000000,1.000000,0.951128,253,266,high,mapped from mmCIF atom_site CA records; 13 aligned positions lack resolved CA atoms,All groups,A1,MceG complex PDB code 8fef,true,colabfold_mmseqs2,mmseqs2_uniref_env,colabfold,/data/chen/protein_folding_databases/colabfold,results/2026-06-06-combine-8models/predictions/T1137s8/colabfold/tmp_colabfold_msa_search/T1137s8_qc_Yes_CASP15_8FEF_I_residue_14-266_seq_1-266_coverage_0.951128.a3m,507,8.015965457640803,0.016875716752928007,true,true,false,147,3.2238783732960616,0.006787112364833814,654.0,11.239843830936865,0.02366282911776182,,,,ColabFold local MMseqs2 MSA search measured separately from colabfold_batch inference.,,,,,,,,,,,
T1137s8,T1137s8,CASP15,8FEF,I,14,266,1,266,266,266,boltz2,1,results/2026-06-06-combine-8models/sequences/T1137s8.fasta,results/2026-06-06-combine-8models/predictions/T1137s8/boltz2,results/2026-06-06-combine-8models/predictions/T1137s8/boltz2/rank_001.pdb,results/2026-06-06-combine-8models/predictions/T1137s8/boltz2/rank_001.pdb,true,0,2026-06-04T00:03:16+02:00,2026-06-04T00:09:09+02:00,353,results/2026-06-06-combine-8models/logs/T1137s8_boltz2.log,SHARED_MSA_A3M_FILE=results/2026-06-06-combine-8models/predictions/T1137s8/colabfold/tmp_colabfold/T1137s8_qc_Yes_CASP15_8FEF_I_residue_14-266_seq_1-266_coverage_0.951128.a3m SHARED_MSA_DIR=results/2026-06-06-combine-8models/predictions/T1137s8/colabfold/tmp_colabfold SHARED_MSA_METADATA_FILE=results/2026-06-06-combine-8models/metadata/prediction_manifest.csv bash runners/run_boltz2.sh results/2026-06-06-combine-8models/sequences/T1137s8.fasta results/2026-06-06-combine-8models/predictions/T1137s8/boltz2 1,,Yes,Yes,prefiltered A1 protein target with mapped residue range,1.000000,1.000000,0.951128,253,266,high,mapped from mmCIF atom_site CA records; 13 aligned positions lack resolved CA atoms,All groups,A1,MceG complex PDB code 8fef,true,colabfold_mmseqs2,mmseqs2_uniref_env,colabfold,/data/chen/protein_folding_databases/colabfold,results/2026-06-06-combine-8models/predictions/T1137s8/colabfold/tmp_colabfold_msa_search/T1137s8_qc_Yes_CASP15_8FEF_I_residue_14-266_seq_1-266_coverage_0.951128.a3m,507,8.015965457640803,0.016875716752928007,false,false,true,353.2044683219865,5.172903778114052,0.010890323743398005,860.2044683219865,13.188869235754854,0.027766040496326014,colabfold,results/2026-06-06-combine-8models/predictions/T1137s8/colabfold/tmp_colabfold_msa_search/T1137s8_qc_Yes_CASP15_8FEF_I_residue_14-266_seq_1-266_coverage_0.951128.a3m,results/2026-06-06-combine-8models/predictions/T1137s8/colabfold/tmp_colabfold,runner CodeCarbon output: results/2026-06-06-combine-8models/predictions/T1137s8/boltz2/carbon/T1137s8_boltz2_inference_emissions.csv; Boltz-2 reused the ColabFold A3M; MSA build time/carbon copied from the colabfold row.,,,,,,,,,,,
T1137s8,T1137s8,CASP15,8FEF,I,14,266,1,266,266,266,openfold,1,results/2026-06-06-combine-8models/sequences/T1137s8.fasta,results/2026-06-06-combine-8models/predictions/T1137s8/openfold,results/2026-06-06-combine-8models/predictions/T1137s8/openfold/rank_001.pdb,results/2026-06-06-combine-8models/predictions/T1137s8/openfold/rank_001.pdb,true,0,2026-06-04T00:09:09+02:00,2026-06-04T00:09:54+02:00,45,results/2026-06-06-combine-8models/logs/T1137s8_openfold.log,SHARED_MSA_A3M_FILE=results/2026-06-06-combine-8models/predictions/T1137s8/colabfold/tmp_colabfold/T1137s8_qc_Yes_CASP15_8FEF_I_residue_14-266_seq_1-266_coverage_0.951128.a3m SHARED_MSA_DIR=results/2026-06-06-combine-8models/predictions/T1137s8/colabfold/tmp_colabfold SHARED_MSA_METADATA_FILE=results/2026-06-06-combine-8models/metadata/prediction_manifest.csv bash runners/run_openfold_shared_msa.sh results/2026-06-06-combine-8models/sequences/T1137s8.fasta results/2026-06-06-combine-8models/predictions/T1137s8/openfold 1,,Yes,Yes,prefiltered A1 protein target with mapped residue range,1.000000,1.000000,0.951128,253,266,high,mapped from mmCIF atom_site CA records; 13 aligned positions lack resolved CA atoms,All groups,A1,MceG complex PDB code 8fef,true,colabfold_mmseqs2,mmseqs2_uniref_env,colabfold,/data/chen/protein_folding_databases/colabfold,results/2026-06-06-combine-8models/predictions/T1137s8/colabfold/tmp_colabfold_msa_search/T1137s8_qc_Yes_CASP15_8FEF_I_residue_14-266_seq_1-266_coverage_0.951128.a3m,507,8.015965457640803,0.016875716752928007,false,false,true,45.068249201984145,1.3375096913916238,0.002815809876613945,552.0682492019841,9.353475149032427,0.01969152662954195,colabfold,results/2026-06-06-combine-8models/predictions/T1137s8/colabfold/tmp_colabfold_msa_search/T1137s8_qc_Yes_CASP15_8FEF_I_residue_14-266_seq_1-266_coverage_0.951128.a3m,results/2026-06-06-combine-8models/predictions/T1137s8/colabfold/tmp_colabfold,runner CodeCarbon output: results/2026-06-06-combine-8models/predictions/T1137s8/openfold/carbon/T1137s8_openfold_inference_emissions.csv; OpenFold reused the ColabFold A3M; MSA build time/carbon copied from the colabfold row.,,,,,,,,,,,
T1137s8,T1137s8,CASP15,8FEF,I,14,266,1,266,266,266,protenix,1,results/2026-06-06-combine-8models/sequences/T1137s8.fasta,results/2026-06-06-combine-8models/predictions/T1137s8/protenix,results/2026-06-06-combine-8models/predictions/T1137s8/protenix/rank_001.pdb,results/2026-06-06-combine-8models/predictions/T1137s8/protenix/rank_001.pdb,true,0,2026-06-04T00:09:55+02:00,2026-06-04T00:11:20+02:00,85,results/2026-06-06-combine-8models/logs/T1137s8_protenix.log,SHARED_MSA_A3M_FILE=results/2026-06-06-combine-8models/predictions/T1137s8/colabfold/tmp_colabfold/T1137s8_qc_Yes_CASP15_8FEF_I_residue_14-266_seq_1-266_coverage_0.951128.a3m SHARED_MSA_DIR=results/2026-06-06-combine-8models/predictions/T1137s8/colabfold/tmp_colabfold SHARED_MSA_METADATA_FILE=results/2026-06-06-combine-8models/metadata/prediction_manifest.csv bash runners/run_protenix_shared_msa.sh results/2026-06-06-combine-8models/sequences/T1137s8.fasta results/2026-06-06-combine-8models/predictions/T1137s8/protenix 1,,Yes,Yes,prefiltered A1 protein target with mapped residue range,1.000000,1.000000,0.951128,253,266,high,mapped from mmCIF atom_site CA records; 13 aligned positions lack resolved CA atoms,All groups,A1,MceG complex PDB code 8fef,true,colabfold_mmseqs2,mmseqs2_uniref_env,colabfold,/data/chen/protein_folding_databases/colabfold,results/2026-06-06-combine-8models/predictions/T1137s8/colabfold/tmp_colabfold_msa_search/T1137s8_qc_Yes_CASP15_8FEF_I_residue_14-266_seq_1-266_coverage_0.951128.a3m,507,8.015965457640803,0.016875716752928007,false,false,true,84.84409228491131,1.3821836199096096,0.0029098602524412834,591.8440922849113,9.398149077550412,0.01978557700536929,colabfold,results/2026-06-06-combine-8models/predictions/T1137s8/colabfold/tmp_colabfold_msa_search/T1137s8_qc_Yes_CASP15_8FEF_I_residue_14-266_seq_1-266_coverage_0.951128.a3m,results/2026-06-06-combine-8models/predictions/T1137s8/colabfold/tmp_colabfold,runner CodeCarbon output: results/2026-06-06-combine-8models/predictions/T1137s8/protenix/carbon/T1137s8_protenix_inference_emissions.csv; Protenix reused the ColabFold A3M; MSA build time/carbon copied from the colabfold row.,,,,,,,,,,,
T1137s8,T1137s8,CASP15,8FEF,I,14,266,1,266,266,266,af2,1,results/2026-06-06-combine-8models/sequences/T1137s8.fasta,results/2026-06-06-combine-8models/predictions/T1137s8/af2,results/2026-06-06-combine-8models/predictions/T1137s8/af2/rank_001.pdb,results/2026-06-06-combine-8models/predictions/T1137s8/af2/rank_001.pdb,true,0,,,,results/2026-06-06-combine-8models/logs/T1137s8_af2.log,bash runners/run_af2.sh results/2026-06-06-combine-8models/sequences/T1137s8.fasta results/2026-06-06-combine-8models/predictions/T1137s8/af2 1,skipped existing success,Yes,Yes,prefiltered A1 protein target with mapped residue range,1.000000,1.000000,0.951128,253,266,high,mapped from mmCIF atom_site CA records; 13 aligned positions lack resolved CA atoms,All groups,A1,MceG complex PDB code 8fef,true,alphafold2_default,official_af2_database_search,alphafold,/data/chen/protein_folding_databases/alphafold,,1097.068322,28.656976929222605,0.0603304777457318,true,true,false,123.273502,4.151840720226491,0.00874071730573998,1220.341824,32.8088176494491,0.06907119505147179,,,,,1097.068322,28.656976929222605,0.0603304777457318,123.273502,4.151840720226491,0.00874071730573998,full_dbs,monomer,/data/chen/protein_folding_databases/alphafold/params,/data/chen/protein_folding_databases/alphafold,results/2026-06-06-combine-8models/predictions/T1137s8/af2/af2_features
T1137s9,T1137s9,CASP15,8FEF,J,27,289,1,289,289,289,chai1,1,results/2026-06-06-combine-8models/sequences/T1137s9.fasta,results/2026-06-06-combine-8models/predictions/T1137s9/chai1,results/2026-06-06-combine-8models/predictions/T1137s9/chai1/rank_001.pdb,results/2026-06-06-combine-8models/predictions/T1137s9/chai1/rank_001.pdb,true,0,2026-06-02T00:44:41+02:00,2026-06-02T00:59:57+02:00,916,results/2026-06-06-combine-8models/logs/T1137s9_chai1.log,bash runners/run_chai1.sh results/2026-06-06-combine-8models/sequences/T1137s9.fasta results/2026-06-06-combine-8models/predictions/T1137s9/chai1 1,,Yes,Yes,prefiltered A1 protein target with mapped residue range,1.000000,1.000000,0.910035,263,289,high,mapped from mmCIF atom_site CA records; 26 aligned positions lack resolved CA atoms,All groups,A1,MceG complex PDB code 8fef,,,,,,,,,,,,,915.2605234700022,13.095392295569507,0.027569246938041067,915.2605234700022,13.095392295569507,0.027569246938041067,,,,runner CodeCarbon output: results/2026-06-06-combine-8models/predictions/T1137s9/chai1/carbon/T1137s9_chai1_inference_emissions.csv,,,,,,,,,,,
T1137s9,T1137s9,CASP15,8FEF,J,27,289,1,289,289,289,esmfold,1,results/2026-06-06-combine-8models/sequences/T1137s9.fasta,results/2026-06-06-combine-8models/predictions/T1137s9/esmfold,results/2026-06-06-combine-8models/predictions/T1137s9/esmfold/rank_001.pdb,results/2026-06-06-combine-8models/predictions/T1137s9/esmfold/rank_001.pdb,true,0,2026-06-02T00:59:57+02:00,2026-06-02T01:03:37+02:00,220,results/2026-06-06-combine-8models/logs/T1137s9_esmfold.log,bash runners/run_esmfold.sh results/2026-06-06-combine-8models/sequences/T1137s9.fasta results/2026-06-06-combine-8models/predictions/T1137s9/esmfold 1,,Yes,Yes,prefiltered A1 protein target with mapped residue range,1.000000,1.000000,0.910035,263,289,high,mapped from mmCIF atom_site CA records; 26 aligned positions lack resolved CA atoms,All groups,A1,MceG complex PDB code 8fef,,,,,,,,,,,,,220.48210847302107,3.2282116954105087,0.0067962351482326495,220.48210847302107,3.2282116954105087,0.0067962351482326495,,,,runner CodeCarbon output: results/2026-06-06-combine-8models/predictions/T1137s9/esmfold/carbon/T1137s9_esmfold_inference_emissions.csv,,,,,,,,,,,
T1137s9,T1137s9,CASP15,8FEF,J,27,289,1,289,289,289,omegafold,1,results/2026-06-06-combine-8models/sequences/T1137s9.fasta,results/2026-06-06-combine-8models/predictions/T1137s9/omegafold,results/2026-06-06-combine-8models/predictions/T1137s9/omegafold/rank_001.pdb,results/2026-06-06-combine-8models/predictions/T1137s9/omegafold/rank_001.pdb,true,0,2026-06-02T01:03:37+02:00,2026-06-02T01:04:47+02:00,69,results/2026-06-06-combine-8models/logs/T1137s9_omegafold.log,bash runners/run_omegafold.sh results/2026-06-06-combine-8models/sequences/T1137s9.fasta results/2026-06-06-combine-8models/predictions/T1137s9/omegafold 1,,Yes,Yes,prefiltered A1 protein target with mapped residue range,1.000000,1.000000,0.910035,263,289,high,mapped from mmCIF atom_site CA records; 26 aligned positions lack resolved CA atoms,All groups,A1,MceG complex PDB code 8fef,,,,,,,,,,,,,69.17477328301175,2.134959503754919,0.004494651586852461,69.17477328301175,2.134959503754919,0.004494651586852461,,,,runner CodeCarbon output: results/2026-06-06-combine-8models/predictions/T1137s9/omegafold/carbon/T1137s9_omegafold_inference_emissions.csv,,,,,,,,,,,
T1137s9,T1137s9,CASP15,8FEF,J,27,289,1,289,289,289,colabfold,1,results/2026-06-06-combine-8models/sequences/T1137s9.fasta,results/2026-06-06-combine-8models/predictions/T1137s9/colabfold,results/2026-06-06-combine-8models/predictions/T1137s9/colabfold/rank_001.pdb,results/2026-06-06-combine-8models/predictions/T1137s9/colabfold/rank_001.pdb,true,0,2026-06-04T00:11:20+02:00,2026-06-04T00:22:18+02:00,658,results/2026-06-06-combine-8models/logs/T1137s9_colabfold.log,bash runners/run_colabfold.sh results/2026-06-06-combine-8models/sequences/T1137s9.fasta results/2026-06-06-combine-8models/predictions/T1137s9/colabfold 1,,Yes,Yes,prefiltered A1 protein target with mapped residue range,1.000000,1.000000,0.910035,263,289,high,mapped from mmCIF atom_site CA records; 26 aligned positions lack resolved CA atoms,All groups,A1,MceG complex PDB code 8fef,true,colabfold_mmseqs2,mmseqs2_uniref_env,colabfold,/data/chen/protein_folding_databases/colabfold,results/2026-06-06-combine-8models/predictions/T1137s9/colabfold/tmp_colabfold_msa_search/T1137s9_qc_Yes_CASP15_8FEF_J_residue_27-289_seq_1-289_coverage_0.910035.a3m,505,7.885226931044782,0.016600477749567962,true,true,false,153,3.404938830894478,0.007168292275567322,658.0,11.29016576193926,0.023768770025135284,,,,ColabFold local MMseqs2 MSA search measured separately from colabfold_batch inference.,,,,,,,,,,,
T1137s9,T1137s9,CASP15,8FEF,J,27,289,1,289,289,289,boltz2,1,results/2026-06-06-combine-8models/sequences/T1137s9.fasta,results/2026-06-06-combine-8models/predictions/T1137s9/boltz2,results/2026-06-06-combine-8models/predictions/T1137s9/boltz2/rank_001.pdb,results/2026-06-06-combine-8models/predictions/T1137s9/boltz2/rank_001.pdb,true,0,2026-06-04T00:22:18+02:00,2026-06-04T00:28:32+02:00,374,results/2026-06-06-combine-8models/logs/T1137s9_boltz2.log,SHARED_MSA_A3M_FILE=results/2026-06-06-combine-8models/predictions/T1137s9/colabfold/tmp_colabfold/T1137s9_qc_Yes_CASP15_8FEF_J_residue_27-289_seq_1-289_coverage_0.910035.a3m SHARED_MSA_DIR=results/2026-06-06-combine-8models/predictions/T1137s9/colabfold/tmp_colabfold SHARED_MSA_METADATA_FILE=results/2026-06-06-combine-8models/metadata/prediction_manifest.csv bash runners/run_boltz2.sh results/2026-06-06-combine-8models/sequences/T1137s9.fasta results/2026-06-06-combine-8models/predictions/T1137s9/boltz2 1,,Yes,Yes,prefiltered A1 protein target with mapped residue range,1.000000,1.000000,0.910035,263,289,high,mapped from mmCIF atom_site CA records; 26 aligned positions lack resolved CA atoms,All groups,A1,MceG complex PDB code 8fef,true,colabfold_mmseqs2,mmseqs2_uniref_env,colabfold,/data/chen/protein_folding_databases/colabfold,results/2026-06-06-combine-8models/predictions/T1137s9/colabfold/tmp_colabfold_msa_search/T1137s9_qc_Yes_CASP15_8FEF_J_residue_27-289_seq_1-289_coverage_0.910035.a3m,505,7.885226931044782,0.016600477749567962,false,false,true,374.181988058961,5.50464317867891,0.011588722481429283,879.181988058961,13.389870109723692,0.028189200230997247,colabfold,results/2026-06-06-combine-8models/predictions/T1137s9/colabfold/tmp_colabfold_msa_search/T1137s9_qc_Yes_CASP15_8FEF_J_residue_27-289_seq_1-289_coverage_0.910035.a3m,results/2026-06-06-combine-8models/predictions/T1137s9/colabfold/tmp_colabfold,runner CodeCarbon output: results/2026-06-06-combine-8models/predictions/T1137s9/boltz2/carbon/T1137s9_boltz2_inference_emissions.csv; Boltz-2 reused the ColabFold A3M; MSA build time/carbon copied from the colabfold row.,,,,,,,,,,,
T1137s9,T1137s9,CASP15,8FEF,J,27,289,1,289,289,289,openfold,1,results/2026-06-06-combine-8models/sequences/T1137s9.fasta,results/2026-06-06-combine-8models/predictions/T1137s9/openfold,results/2026-06-06-combine-8models/predictions/T1137s9/openfold/rank_001.pdb,results/2026-06-06-combine-8models/predictions/T1137s9/openfold/rank_001.pdb,true,0,2026-06-04T00:28:32+02:00,2026-06-04T00:29:21+02:00,49,results/2026-06-06-combine-8models/logs/T1137s9_openfold.log,SHARED_MSA_A3M_FILE=results/2026-06-06-combine-8models/predictions/T1137s9/colabfold/tmp_colabfold/T1137s9_qc_Yes_CASP15_8FEF_J_residue_27-289_seq_1-289_coverage_0.910035.a3m SHARED_MSA_DIR=results/2026-06-06-combine-8models/predictions/T1137s9/colabfold/tmp_colabfold SHARED_MSA_METADATA_FILE=results/2026-06-06-combine-8models/metadata/prediction_manifest.csv bash runners/run_openfold_shared_msa.sh results/2026-06-06-combine-8models/sequences/T1137s9.fasta results/2026-06-06-combine-8models/predictions/T1137s9/openfold 1,,Yes,Yes,prefiltered A1 protein target with mapped residue range,1.000000,1.000000,0.910035,263,289,high,mapped from mmCIF atom_site CA records; 26 aligned positions lack resolved CA atoms,All groups,A1,MceG complex PDB code 8fef,true,colabfold_mmseqs2,mmseqs2_uniref_env,colabfold,/data/chen/protein_folding_databases/colabfold,results/2026-06-06-combine-8models/predictions/T1137s9/colabfold/tmp_colabfold_msa_search/T1137s9_qc_Yes_CASP15_8FEF_J_residue_27-289_seq_1-289_coverage_0.910035.a3m,505,7.885226931044782,0.016600477749567962,false,false,true,48.525389201939106,1.4787427647667282,0.003113142662666796,553.5253892019391,9.36396969581151,0.019713620412234758,colabfold,results/2026-06-06-combine-8models/predictions/T1137s9/colabfold/tmp_colabfold_msa_search/T1137s9_qc_Yes_CASP15_8FEF_J_residue_27-289_seq_1-289_coverage_0.910035.a3m,results/2026-06-06-combine-8models/predictions/T1137s9/colabfold/tmp_colabfold,runner CodeCarbon output: results/2026-06-06-combine-8models/predictions/T1137s9/openfold/carbon/T1137s9_openfold_inference_emissions.csv; OpenFold reused the ColabFold A3M; MSA build time/carbon copied from the colabfold row.,,,,,,,,,,,
T1137s9,T1137s9,CASP15,8FEF,J,27,289,1,289,289,289,protenix,1,results/2026-06-06-combine-8models/sequences/T1137s9.fasta,results/2026-06-06-combine-8models/predictions/T1137s9/protenix,results/2026-06-06-combine-8models/predictions/T1137s9/protenix/rank_001.pdb,results/2026-06-06-combine-8models/predictions/T1137s9/protenix/rank_001.pdb,true,0,2026-06-04T00:29:21+02:00,2026-06-04T00:30:46+02:00,85,results/2026-06-06-combine-8models/logs/T1137s9_protenix.log,SHARED_MSA_A3M_FILE=results/2026-06-06-combine-8models/predictions/T1137s9/colabfold/tmp_colabfold/T1137s9_qc_Yes_CASP15_8FEF_J_residue_27-289_seq_1-289_coverage_0.910035.a3m SHARED_MSA_DIR=results/2026-06-06-combine-8models/predictions/T1137s9/colabfold/tmp_colabfold SHARED_MSA_METADATA_FILE=results/2026-06-06-combine-8models/metadata/prediction_manifest.csv bash runners/run_protenix_shared_msa.sh results/2026-06-06-combine-8models/sequences/T1137s9.fasta results/2026-06-06-combine-8models/predictions/T1137s9/protenix 1,,Yes,Yes,prefiltered A1 protein target with mapped residue range,1.000000,1.000000,0.910035,263,289,high,mapped from mmCIF atom_site CA records; 26 aligned positions lack resolved CA atoms,All groups,A1,MceG complex PDB code 8fef,true,colabfold_mmseqs2,mmseqs2_uniref_env,colabfold,/data/chen/protein_folding_databases/colabfold,results/2026-06-06-combine-8models/predictions/T1137s9/colabfold/tmp_colabfold_msa_search/T1137s9_qc_Yes_CASP15_8FEF_J_residue_27-289_seq_1-289_coverage_0.910035.a3m,505,7.885226931044782,0.016600477749567962,false,false,true,85.1377299069427,1.4107489858280806,0.0029699978649012225,590.1377299069427,9.295975916872862,0.019570475614469184,colabfold,results/2026-06-06-combine-8models/predictions/T1137s9/colabfold/tmp_colabfold_msa_search/T1137s9_qc_Yes_CASP15_8FEF_J_residue_27-289_seq_1-289_coverage_0.910035.a3m,results/2026-06-06-combine-8models/predictions/T1137s9/colabfold/tmp_colabfold,runner CodeCarbon output: results/2026-06-06-combine-8models/predictions/T1137s9/protenix/carbon/T1137s9_protenix_inference_emissions.csv; Protenix reused the ColabFold A3M; MSA build time/carbon copied from the colabfold row.,,,,,,,,,,,
T1137s9,T1137s9,CASP15,8FEF,J,27,289,1,289,289,289,af2,1,results/2026-06-06-combine-8models/sequences/T1137s9.fasta,results/2026-06-06-combine-8models/predictions/T1137s9/af2,results/2026-06-06-combine-8models/predictions/T1137s9/af2/rank_001.pdb,results/2026-06-06-combine-8models/predictions/T1137s9/af2/rank_001.pdb,true,0,,,,results/2026-06-06-combine-8models/logs/T1137s9_af2.log,bash runners/run_af2.sh results/2026-06-06-combine-8models/sequences/T1137s9.fasta results/2026-06-06-combine-8models/predictions/T1137s9/af2 1,skipped existing success,Yes,Yes,prefiltered A1 protein target with mapped residue range,1.000000,1.000000,0.910035,263,289,high,mapped from mmCIF atom_site CA records; 26 aligned positions lack resolved CA atoms,All groups,A1,MceG complex PDB code 8fef,true,alphafold2_default,official_af2_database_search,alphafold,/data/chen/protein_folding_databases/alphafold,,1114.999834,29.308623511852996,0.06170236528811157,true,true,false,127.525382,4.336482320396153,0.009129436463991902,1242.525216,33.64510583224915,0.07083180175210348,,,,,1114.999834,29.308623511852996,0.06170236528811157,127.525382,4.336482320396153,0.009129436463991902,full_dbs,monomer,/data/chen/protein_folding_databases/alphafold/params,/data/chen/protein_folding_databases/alphafold,results/2026-06-06-combine-8models/predictions/T1137s9/af2/af2_features
T1145,T1145,CASP15,7UWW,A,34,665,1,635,635,635,chai1,1,results/2026-06-06-combine-8models/sequences/T1145.fasta,results/2026-06-06-combine-8models/predictions/T1145/chai1,results/2026-06-06-combine-8models/predictions/T1145/chai1/rank_001.pdb,results/2026-06-06-combine-8models/predictions/T1145/chai1/rank_001.pdb,true,0,2026-06-02T01:04:47+02:00,2026-06-02T02:04:43+02:00,3596,results/2026-06-06-combine-8models/logs/T1145_chai1.log,bash runners/run_chai1.sh results/2026-06-06-combine-8models/sequences/T1145.fasta results/2026-06-06-combine-8models/predictions/T1145/chai1 1,,Check,Check,multiple equivalent chains match,1.000000,1.000000,0.995276,632,635,high,mapped from mmCIF atom_site CA records; 3 aligned positions lack resolved CA atoms,All groups,A1,Starch binding protein PDB code 7uww,,,,,,,,,,,,,3596.0224589990103,50.90934508314729,0.10717756859609955,3596.0224589990103,50.90934508314729,0.10717756859609955,,,,runner CodeCarbon output: results/2026-06-06-combine-8models/predictions/T1145/chai1/carbon/T1145_chai1_inference_emissions.csv,,,,,,,,,,,
T1145,T1145,CASP15,7UWW,A,34,665,1,635,635,635,esmfold,1,results/2026-06-06-combine-8models/sequences/T1145.fasta,results/2026-06-06-combine-8models/predictions/T1145/esmfold,results/2026-06-06-combine-8models/predictions/T1145/esmfold/rank_001.pdb,results/2026-06-06-combine-8models/predictions/T1145/esmfold/rank_001.pdb,true,0,2026-06-02T02:04:43+02:00,2026-06-02T02:22:29+02:00,1066,results/2026-06-06-combine-8models/logs/T1145_esmfold.log,bash runners/run_esmfold.sh results/2026-06-06-combine-8models/sequences/T1145.fasta results/2026-06-06-combine-8models/predictions/T1145/esmfold 1,,Check,Check,multiple equivalent chains match,1.000000,1.000000,0.995276,632,635,high,mapped from mmCIF atom_site CA records; 3 aligned positions lack resolved CA atoms,All groups,A1,Starch binding protein PDB code 7uww,,,,,,,,,,,,,1066.010291323997,15.793380847375767,0.033249222836580564,1066.010291323997,15.793380847375767,0.033249222836580564,,,,runner CodeCarbon output: results/2026-06-06-combine-8models/predictions/T1145/esmfold/carbon/T1145_esmfold_inference_emissions.csv,,,,,,,,,,,
T1145,T1145,CASP15,7UWW,A,34,665,1,635,635,635,omegafold,1,results/2026-06-06-combine-8models/sequences/T1145.fasta,results/2026-06-06-combine-8models/predictions/T1145/omegafold,results/2026-06-06-combine-8models/predictions/T1145/omegafold/rank_001.pdb,results/2026-06-06-combine-8models/predictions/T1145/omegafold/rank_001.pdb,true,0,2026-06-02T02:22:29+02:00,2026-06-02T02:29:17+02:00,408,results/2026-06-06-combine-8models/logs/T1145_omegafold.log,bash runners/run_omegafold.sh results/2026-06-06-combine-8models/sequences/T1145.fasta results/2026-06-06-combine-8models/predictions/T1145/omegafold 1,,Check,Check,multiple equivalent chains match,1.000000,1.000000,0.995276,632,635,high,mapped from mmCIF atom_site CA records; 3 aligned positions lack resolved CA atoms,All groups,A1,Starch binding protein PDB code 7uww,,,,,,,,,,,,,407.0835699230083,13.566512477984547,0.0285610789010201,407.0835699230083,13.566512477984547,0.0285610789010201,,,,runner CodeCarbon output: results/2026-06-06-combine-8models/predictions/T1145/omegafold/carbon/T1145_omegafold_inference_emissions.csv,,,,,,,,,,,
T1145,T1145,CASP15,7UWW,A,34,665,1,635,635,635,colabfold,1,results/2026-06-06-combine-8models/sequences/T1145.fasta,results/2026-06-06-combine-8models/predictions/T1145/colabfold,results/2026-06-06-combine-8models/predictions/T1145/colabfold/rank_001.pdb,results/2026-06-06-combine-8models/predictions/T1145/colabfold/rank_001.pdb,true,0,2026-06-04T00:30:46+02:00,2026-06-04T00:43:01+02:00,735,results/2026-06-06-combine-8models/logs/T1145_colabfold.log,bash runners/run_colabfold.sh results/2026-06-06-combine-8models/sequences/T1145.fasta results/2026-06-06-combine-8models/predictions/T1145/colabfold 1,,Check,Check,multiple equivalent chains match,1.000000,1.000000,0.995276,632,635,high,mapped from mmCIF atom_site CA records; 3 aligned positions lack resolved CA atoms,All groups,A1,Starch binding protein PDB code 7uww,true,colabfold_mmseqs2,mmseqs2_uniref_env,colabfold,/data/chen/protein_folding_databases/colabfold,results/2026-06-06-combine-8models/predictions/T1145/colabfold/tmp_colabfold_msa_search/T1145_qc_Check_CASP15_7UWW_A_residue_34-665_seq_1-635_coverage_0.995276.a3m,533,8.510541795277907,0.01791693009532191,true,true,false,201,4.867089467484843,0.010246504142073353,734.0,13.377631262762751,0.028163434237395264,,,,ColabFold local MMseqs2 MSA search measured separately from colabfold_batch inference.,,,,,,,,,,,
T1145,T1145,CASP15,7UWW,A,34,665,1,635,635,635,boltz2,1,results/2026-06-06-combine-8models/sequences/T1145.fasta,results/2026-06-06-combine-8models/predictions/T1145/boltz2,results/2026-06-06-combine-8models/predictions/T1145/boltz2/rank_001.pdb,results/2026-06-06-combine-8models/predictions/T1145/boltz2/rank_001.pdb,true,0,2026-06-04T00:43:01+02:00,2026-06-04T01:16:46+02:00,2025,results/2026-06-06-combine-8models/logs/T1145_boltz2.log,SHARED_MSA_A3M_FILE=results/2026-06-06-combine-8models/predictions/T1145/colabfold/tmp_colabfold/T1145_qc_Check_CASP15_7UWW_A_residue_34-665_seq_1-635_coverage_0.995276.a3m SHARED_MSA_DIR=results/2026-06-06-combine-8models/predictions/T1145/colabfold/tmp_colabfold SHARED_MSA_METADATA_FILE=results/2026-06-06-combine-8models/metadata/prediction_manifest.csv bash runners/run_boltz2.sh results/2026-06-06-combine-8models/sequences/T1145.fasta results/2026-06-06-combine-8models/predictions/T1145/boltz2 1,,Check,Check,multiple equivalent chains match,1.000000,1.000000,0.995276,632,635,high,mapped from mmCIF atom_site CA records; 3 aligned positions lack resolved CA atoms,All groups,A1,Starch binding protein PDB code 7uww,true,colabfold_mmseqs2,mmseqs2_uniref_env,colabfold,/data/chen/protein_folding_databases/colabfold,results/2026-06-06-combine-8models/predictions/T1145/colabfold/tmp_colabfold_msa_search/T1145_qc_Check_CASP15_7UWW_A_residue_34-665_seq_1-635_coverage_0.995276.a3m,533,8.510541795277907,0.01791693009532191,false,false,true,2024.9158285659505,28.47808426487971,0.05995386161027307,2557.9158285659505,36.988626060157614,0.07787079170559498,colabfold,results/2026-06-06-combine-8models/predictions/T1145/colabfold/tmp_colabfold_msa_search/T1145_qc_Check_CASP15_7UWW_A_residue_34-665_seq_1-635_coverage_0.995276.a3m,results/2026-06-06-combine-8models/predictions/T1145/colabfold/tmp_colabfold,runner CodeCarbon output: results/2026-06-06-combine-8models/predictions/T1145/boltz2/carbon/T1145_boltz2_inference_emissions.csv; Boltz-2 reused the ColabFold A3M; MSA build time/carbon copied from the colabfold row.,,,,,,,,,,,
T1145,T1145,CASP15,7UWW,A,34,665,1,635,635,635,openfold,1,results/2026-06-06-combine-8models/sequences/T1145.fasta,results/2026-06-06-combine-8models/predictions/T1145/openfold,results/2026-06-06-combine-8models/predictions/T1145/openfold/rank_001.pdb,results/2026-06-06-combine-8models/predictions/T1145/openfold/rank_001.pdb,true,0,2026-06-04T01:16:46+02:00,2026-06-04T01:20:14+02:00,208,results/2026-06-06-combine-8models/logs/T1145_openfold.log,SHARED_MSA_A3M_FILE=results/2026-06-06-combine-8models/predictions/T1145/colabfold/tmp_colabfold/T1145_qc_Check_CASP15_7UWW_A_residue_34-665_seq_1-635_coverage_0.995276.a3m SHARED_MSA_DIR=results/2026-06-06-combine-8models/predictions/T1145/colabfold/tmp_colabfold SHARED_MSA_METADATA_FILE=results/2026-06-06-combine-8models/metadata/prediction_manifest.csv bash runners/run_openfold_shared_msa.sh results/2026-06-06-combine-8models/sequences/T1145.fasta results/2026-06-06-combine-8models/predictions/T1145/openfold 1,,Check,Check,multiple equivalent chains match,1.000000,1.000000,0.995276,632,635,high,mapped from mmCIF atom_site CA records; 3 aligned positions lack resolved CA atoms,All groups,A1,Starch binding protein PDB code 7uww,true,colabfold_mmseqs2,mmseqs2_uniref_env,colabfold,/data/chen/protein_folding_databases/colabfold,results/2026-06-06-combine-8models/predictions/T1145/colabfold/tmp_colabfold_msa_search/T1145_qc_Check_CASP15_7UWW_A_residue_34-665_seq_1-635_coverage_0.995276.a3m,533,8.510541795277907,0.01791693009532191,false,false,true,207.54579043004196,6.904632315109299,0.014536068031809051,740.545790430042,15.415174110387206,0.03245299812713096,colabfold,results/2026-06-06-combine-8models/predictions/T1145/colabfold/tmp_colabfold_msa_search/T1145_qc_Check_CASP15_7UWW_A_residue_34-665_seq_1-635_coverage_0.995276.a3m,results/2026-06-06-combine-8models/predictions/T1145/colabfold/tmp_colabfold,runner CodeCarbon output: results/2026-06-06-combine-8models/predictions/T1145/openfold/carbon/T1145_openfold_inference_emissions.csv; OpenFold reused the ColabFold A3M; MSA build time/carbon copied from the colabfold row.,,,,,,,,,,,
T1145,T1145,CASP15,7UWW,A,34,665,1,635,635,635,protenix,1,results/2026-06-06-combine-8models/sequences/T1145.fasta,results/2026-06-06-combine-8models/predictions/T1145/protenix,results/2026-06-06-combine-8models/predictions/T1145/protenix/rank_001.pdb,results/2026-06-06-combine-8models/predictions/T1145/protenix/rank_001.pdb,true,0,2026-06-04T01:20:14+02:00,2026-06-04T01:22:11+02:00,117,results/2026-06-06-combine-8models/logs/T1145_protenix.log,SHARED_MSA_A3M_FILE=results/2026-06-06-combine-8models/predictions/T1145/colabfold/tmp_colabfold/T1145_qc_Check_CASP15_7UWW_A_residue_34-665_seq_1-635_coverage_0.995276.a3m SHARED_MSA_DIR=results/2026-06-06-combine-8models/predictions/T1145/colabfold/tmp_colabfold SHARED_MSA_METADATA_FILE=results/2026-06-06-combine-8models/metadata/prediction_manifest.csv bash runners/run_protenix_shared_msa.sh results/2026-06-06-combine-8models/sequences/T1145.fasta results/2026-06-06-combine-8models/predictions/T1145/protenix 1,,Check,Check,multiple equivalent chains match,1.000000,1.000000,0.995276,632,635,high,mapped from mmCIF atom_site CA records; 3 aligned positions lack resolved CA atoms,All groups,A1,Starch binding protein PDB code 7uww,true,colabfold_mmseqs2,mmseqs2_uniref_env,colabfold,/data/chen/protein_folding_databases/colabfold,results/2026-06-06-combine-8models/predictions/T1145/colabfold/tmp_colabfold_msa_search/T1145_qc_Check_CASP15_7UWW_A_residue_34-665_seq_1-635_coverage_0.995276.a3m,533,8.510541795277907,0.01791693009532191,false,false,true,117.25000947504304,2.550150564536761,0.005368738030603707,650.250009475043,11.060692359814668,0.02328566812592562,colabfold,results/2026-06-06-combine-8models/predictions/T1145/colabfold/tmp_colabfold_msa_search/T1145_qc_Check_CASP15_7UWW_A_residue_34-665_seq_1-635_coverage_0.995276.a3m,results/2026-06-06-combine-8models/predictions/T1145/colabfold/tmp_colabfold,runner CodeCarbon output: results/2026-06-06-combine-8models/predictions/T1145/protenix/carbon/T1145_protenix_inference_emissions.csv; Protenix reused the ColabFold A3M; MSA build time/carbon copied from the colabfold row.,,,,,,,,,,,
T1145,T1145,CASP15,7UWW,A,34,665,1,635,635,635,af2,1,results/2026-06-06-combine-8models/sequences/T1145.fasta,results/2026-06-06-combine-8models/predictions/T1145/af2,results/2026-06-06-combine-8models/predictions/T1145/af2/rank_001.pdb,results/2026-06-06-combine-8models/predictions/T1145/af2/rank_001.pdb,true,0,,,,results/2026-06-06-combine-8models/logs/T1145_af2.log,bash runners/run_af2.sh results/2026-06-06-combine-8models/sequences/T1145.fasta results/2026-06-06-combine-8models/predictions/T1145/af2 1,skipped existing success,Check,Check,multiple equivalent chains match,1.000000,1.000000,0.995276,632,635,high,mapped from mmCIF atom_site CA records; 3 aligned positions lack resolved CA atoms,All groups,A1,Starch binding protein PDB code 7uww,true,alphafold2_default,official_af2_database_search,alphafold,/data/chen/protein_folding_databases/alphafold,,1349.027748,35.56024351510846,0.07486367055812307,true,true,false,228.669841,9.230917443341493,0.019433510407034723,1577.6975889999999,44.79116095844995,0.0942971809651578,,,,,1349.027748,35.56024351510846,0.07486367055812307,228.669841,9.230917443341493,0.019433510407034723,full_dbs,monomer,/data/chen/protein_folding_databases/alphafold/params,/data/chen/protein_folding_databases/alphafold,results/2026-06-06-combine-8models/predictions/T1145/af2/af2_features
T1147,T1147,CASP15,8EM5,A,12,103,1,103,103,103,chai1,1,results/2026-06-06-combine-8models/sequences/T1147.fasta,results/2026-06-06-combine-8models/predictions/T1147/chai1,results/2026-06-06-combine-8models/predictions/T1147/chai1/rank_001.pdb,results/2026-06-06-combine-8models/predictions/T1147/chai1/rank_001.pdb,true,0,2026-06-02T02:29:17+02:00,2026-06-02T02:36:55+02:00,458,results/2026-06-06-combine-8models/logs/T1147_chai1.log,bash runners/run_chai1.sh results/2026-06-06-combine-8models/sequences/T1147.fasta results/2026-06-06-combine-8models/predictions/T1147/chai1 1,,Check,Check,multiple equivalent chains match,1.000000,1.000000,0.893204,92,103,high,mapped from mmCIF atom_site CA records; 11 aligned positions lack resolved CA atoms,All groups,A1,"KEK_05752, MmpS5 PDB code 8em5",,,,,,,,,,,,,457.9211325579672,6.499408833251429,0.01368296596473985,457.9211325579672,6.499408833251429,0.01368296596473985,,,,runner CodeCarbon output: results/2026-06-06-combine-8models/predictions/T1147/chai1/carbon/T1147_chai1_inference_emissions.csv,,,,,,,,,,,
T1147,T1147,CASP15,8EM5,A,12,103,1,103,103,103,esmfold,1,results/2026-06-06-combine-8models/sequences/T1147.fasta,results/2026-06-06-combine-8models/predictions/T1147/esmfold,results/2026-06-06-combine-8models/predictions/T1147/esmfold/rank_001.pdb,results/2026-06-06-combine-8models/predictions/T1147/esmfold/rank_001.pdb,true,0,2026-06-02T02:36:55+02:00,2026-06-02T02:37:46+02:00,51,results/2026-06-06-combine-8models/logs/T1147_esmfold.log,bash runners/run_esmfold.sh results/2026-06-06-combine-8models/sequences/T1147.fasta results/2026-06-06-combine-8models/predictions/T1147/esmfold 1,,Check,Check,multiple equivalent chains match,1.000000,1.000000,0.893204,92,103,high,mapped from mmCIF atom_site CA records; 11 aligned positions lack resolved CA atoms,All groups,A1,"KEK_05752, MmpS5 PDB code 8em5",,,,,,,,,,,,,51.07824222999625,0.6954798886721758,0.001464168186678265,51.07824222999625,0.6954798886721758,0.001464168186678265,,,,runner CodeCarbon output: results/2026-06-06-combine-8models/predictions/T1147/esmfold/carbon/T1147_esmfold_inference_emissions.csv,,,,,,,,,,,
T1147,T1147,CASP15,8EM5,A,12,103,1,103,103,103,omegafold,1,results/2026-06-06-combine-8models/sequences/T1147.fasta,results/2026-06-06-combine-8models/predictions/T1147/omegafold,results/2026-06-06-combine-8models/predictions/T1147/omegafold/rank_001.pdb,results/2026-06-06-combine-8models/predictions/T1147/omegafold/rank_001.pdb,true,0,2026-06-02T02:37:46+02:00,2026-06-02T02:38:07+02:00,21,results/2026-06-06-combine-8models/logs/T1147_omegafold.log,bash runners/run_omegafold.sh results/2026-06-06-combine-8models/sequences/T1147.fasta results/2026-06-06-combine-8models/predictions/T1147/omegafold 1,,Check,Check,multiple equivalent chains match,1.000000,1.000000,0.893204,92,103,high,mapped from mmCIF atom_site CA records; 11 aligned positions lack resolved CA atoms,All groups,A1,"KEK_05752, MmpS5 PDB code 8em5",,,,,,,,,,,,,21.05205295898486,0.45659243010704376,0.0009612472212779869,21.05205295898486,0.45659243010704376,0.0009612472212779869,,,,runner CodeCarbon output: results/2026-06-06-combine-8models/predictions/T1147/omegafold/carbon/T1147_omegafold_inference_emissions.csv,,,,,,,,,,,
T1147,T1147,CASP15,8EM5,A,12,103,1,103,103,103,colabfold,1,results/2026-06-06-combine-8models/sequences/T1147.fasta,results/2026-06-06-combine-8models/predictions/T1147/colabfold,results/2026-06-06-combine-8models/predictions/T1147/colabfold/rank_001.pdb,results/2026-06-06-combine-8models/predictions/T1147/colabfold/rank_001.pdb,true,0,2026-06-04T01:22:11+02:00,2026-06-04T01:32:51+02:00,640,results/2026-06-06-combine-8models/logs/T1147_colabfold.log,bash runners/run_colabfold.sh results/2026-06-06-combine-8models/sequences/T1147.fasta results/2026-06-06-combine-8models/predictions/T1147/colabfold 1,,Check,Check,multiple equivalent chains match,1.000000,1.000000,0.893204,92,103,high,mapped from mmCIF atom_site CA records; 11 aligned positions lack resolved CA atoms,All groups,A1,"KEK_05752, MmpS5 PDB code 8em5",true,colabfold_mmseqs2,mmseqs2_uniref_env,colabfold,/data/chen/protein_folding_databases/colabfold,results/2026-06-06-combine-8models/predictions/T1147/colabfold/tmp_colabfold_msa_search/T1147_qc_Check_CASP15_8EM5_A_residue_12-103_seq_1-103_coverage_0.893204.a3m,505,7.879150543068087,0.016587685353827552,true,true,false,134,2.806951364713466,0.0059093712941336125,639.0,10.686101907781552,0.022497056647961165,,,,ColabFold local MMseqs2 MSA search measured separately from colabfold_batch inference.,,,,,,,,,,,
T1147,T1147,CASP15,8EM5,A,12,103,1,103,103,103,boltz2,1,results/2026-06-06-combine-8models/sequences/T1147.fasta,results/2026-06-06-combine-8models/predictions/T1147/boltz2,results/2026-06-06-combine-8models/predictions/T1147/boltz2/rank_001.pdb,results/2026-06-06-combine-8models/predictions/T1147/boltz2/rank_001.pdb,true,0,2026-06-04T01:32:51+02:00,2026-06-04T01:34:42+02:00,111,results/2026-06-06-combine-8models/logs/T1147_boltz2.log,SHARED_MSA_A3M_FILE=results/2026-06-06-combine-8models/predictions/T1147/colabfold/tmp_colabfold/T1147_qc_Check_CASP15_8EM5_A_residue_12-103_seq_1-103_coverage_0.893204.a3m SHARED_MSA_DIR=results/2026-06-06-combine-8models/predictions/T1147/colabfold/tmp_colabfold SHARED_MSA_METADATA_FILE=results/2026-06-06-combine-8models/metadata/prediction_manifest.csv bash runners/run_boltz2.sh results/2026-06-06-combine-8models/sequences/T1147.fasta results/2026-06-06-combine-8models/predictions/T1147/boltz2 1,,Check,Check,multiple equivalent chains match,1.000000,1.000000,0.893204,92,103,high,mapped from mmCIF atom_site CA records; 11 aligned positions lack resolved CA atoms,All groups,A1,"KEK_05752, MmpS5 PDB code 8em5",true,colabfold_mmseqs2,mmseqs2_uniref_env,colabfold,/data/chen/protein_folding_databases/colabfold,results/2026-06-06-combine-8models/predictions/T1147/colabfold/tmp_colabfold_msa_search/T1147_qc_Check_CASP15_8EM5_A_residue_12-103_seq_1-103_coverage_0.893204.a3m,505,7.879150543068087,0.016587685353827552,false,false,true,110.7006034279475,1.696309631880082,0.00357117817237912,615.7006034279475,9.57546017494817,0.02015886352620667,colabfold,results/2026-06-06-combine-8models/predictions/T1147/colabfold/tmp_colabfold_msa_search/T1147_qc_Check_CASP15_8EM5_A_residue_12-103_seq_1-103_coverage_0.893204.a3m,results/2026-06-06-combine-8models/predictions/T1147/colabfold/tmp_colabfold,runner CodeCarbon output: results/2026-06-06-combine-8models/predictions/T1147/boltz2/carbon/T1147_boltz2_inference_emissions.csv; Boltz-2 reused the ColabFold A3M; MSA build time/carbon copied from the colabfold row.,,,,,,,,,,,
T1147,T1147,CASP15,8EM5,A,12,103,1,103,103,103,openfold,1,results/2026-06-06-combine-8models/sequences/T1147.fasta,results/2026-06-06-combine-8models/predictions/T1147/openfold,results/2026-06-06-combine-8models/predictions/T1147/openfold/rank_001.pdb,results/2026-06-06-combine-8models/predictions/T1147/openfold/rank_001.pdb,true,0,2026-06-04T01:34:42+02:00,2026-06-04T01:35:03+02:00,21,results/2026-06-06-combine-8models/logs/T1147_openfold.log,SHARED_MSA_A3M_FILE=results/2026-06-06-combine-8models/predictions/T1147/colabfold/tmp_colabfold/T1147_qc_Check_CASP15_8EM5_A_residue_12-103_seq_1-103_coverage_0.893204.a3m SHARED_MSA_DIR=results/2026-06-06-combine-8models/predictions/T1147/colabfold/tmp_colabfold SHARED_MSA_METADATA_FILE=results/2026-06-06-combine-8models/metadata/prediction_manifest.csv bash runners/run_openfold_shared_msa.sh results/2026-06-06-combine-8models/sequences/T1147.fasta results/2026-06-06-combine-8models/predictions/T1147/openfold 1,,Check,Check,multiple equivalent chains match,1.000000,1.000000,0.893204,92,103,high,mapped from mmCIF atom_site CA records; 11 aligned positions lack resolved CA atoms,All groups,A1,"KEK_05752, MmpS5 PDB code 8em5",true,colabfold_mmseqs2,mmseqs2_uniref_env,colabfold,/data/chen/protein_folding_databases/colabfold,results/2026-06-06-combine-8models/predictions/T1147/colabfold/tmp_colabfold_msa_search/T1147_qc_Check_CASP15_8EM5_A_residue_12-103_seq_1-103_coverage_0.893204.a3m,505,7.879150543068087,0.016587685353827552,false,false,true,20.731632345938124,0.48194756370623737,0.0010146264499078681,525.7316323459381,8.361098106774325,0.01760231180373542,colabfold,results/2026-06-06-combine-8models/predictions/T1147/colabfold/tmp_colabfold_msa_search/T1147_qc_Check_CASP15_8EM5_A_residue_12-103_seq_1-103_coverage_0.893204.a3m,results/2026-06-06-combine-8models/predictions/T1147/colabfold/tmp_colabfold,runner CodeCarbon output: results/2026-06-06-combine-8models/predictions/T1147/openfold/carbon/T1147_openfold_inference_emissions.csv; OpenFold reused the ColabFold A3M; MSA build time/carbon copied from the colabfold row.,,,,,,,,,,,
T1147,T1147,CASP15,8EM5,A,12,103,1,103,103,103,protenix,1,results/2026-06-06-combine-8models/sequences/T1147.fasta,results/2026-06-06-combine-8models/predictions/T1147/protenix,results/2026-06-06-combine-8models/predictions/T1147/protenix/rank_001.pdb,results/2026-06-06-combine-8models/predictions/T1147/protenix/rank_001.pdb,true,0,2026-06-04T01:35:03+02:00,2026-06-04T01:36:25+02:00,82,results/2026-06-06-combine-8models/logs/T1147_protenix.log,SHARED_MSA_A3M_FILE=results/2026-06-06-combine-8models/predictions/T1147/colabfold/tmp_colabfold/T1147_qc_Check_CASP15_8EM5_A_residue_12-103_seq_1-103_coverage_0.893204.a3m SHARED_MSA_DIR=results/2026-06-06-combine-8models/predictions/T1147/colabfold/tmp_colabfold SHARED_MSA_METADATA_FILE=results/2026-06-06-combine-8models/metadata/prediction_manifest.csv bash runners/run_protenix_shared_msa.sh results/2026-06-06-combine-8models/sequences/T1147.fasta results/2026-06-06-combine-8models/predictions/T1147/protenix 1,,Check,Check,multiple equivalent chains match,1.000000,1.000000,0.893204,92,103,high,mapped from mmCIF atom_site CA records; 11 aligned positions lack resolved CA atoms,All groups,A1,"KEK_05752, MmpS5 PDB code 8em5",true,colabfold_mmseqs2,mmseqs2_uniref_env,colabfold,/data/chen/protein_folding_databases/colabfold,results/2026-06-06-combine-8models/predictions/T1147/colabfold/tmp_colabfold_msa_search/T1147_qc_Check_CASP15_8EM5_A_residue_12-103_seq_1-103_coverage_0.893204.a3m,505,7.879150543068087,0.016587685353827552,false,false,true,81.72204845701344,1.2262348553578941,0.002581547063911356,586.7220484570134,9.10538539842598,0.019169232417738907,colabfold,results/2026-06-06-combine-8models/predictions/T1147/colabfold/tmp_colabfold_msa_search/T1147_qc_Check_CASP15_8EM5_A_residue_12-103_seq_1-103_coverage_0.893204.a3m,results/2026-06-06-combine-8models/predictions/T1147/colabfold/tmp_colabfold,runner CodeCarbon output: results/2026-06-06-combine-8models/predictions/T1147/protenix/carbon/T1147_protenix_inference_emissions.csv; Protenix reused the ColabFold A3M; MSA build time/carbon copied from the colabfold row.,,,,,,,,,,,
T1147,T1147,CASP15,8EM5,A,12,103,1,103,103,103,af2,1,results/2026-06-06-combine-8models/sequences/T1147.fasta,results/2026-06-06-combine-8models/predictions/T1147/af2,results/2026-06-06-combine-8models/predictions/T1147/af2/rank_001.pdb,results/2026-06-06-combine-8models/predictions/T1147/af2/rank_001.pdb,true,0,,,,results/2026-06-06-combine-8models/logs/T1147_af2.log,bash runners/run_af2.sh results/2026-06-06-combine-8models/sequences/T1147.fasta results/2026-06-06-combine-8models/predictions/T1147/af2 1,skipped existing success,Check,Check,multiple equivalent chains match,1.000000,1.000000,0.893204,92,103,high,mapped from mmCIF atom_site CA records; 11 aligned positions lack resolved CA atoms,All groups,A1,"KEK_05752, MmpS5 PDB code 8em5",true,alphafold2_default,official_af2_database_search,alphafold,/data/chen/protein_folding_databases/alphafold,,1028.139905,27.00101312096678,0.056844238149403745,true,true,false,109.867023,3.3017142488403017,0.006950977365979582,1138.006928,30.30272736980708,0.06379521551538332,,,,,1028.139905,27.00101312096678,0.056844238149403745,109.867023,3.3017142488403017,0.006950977365979582,full_dbs,monomer,/data/chen/protein_folding_databases/alphafold/params,/data/chen/protein_folding_databases/alphafold,results/2026-06-06-combine-8models/predictions/T1147/af2/af2_features
T1151s2,T1151s2,CASP15,8D5V,A,8,91,1,116,116,116,chai1,1,results/2026-06-06-combine-8models/sequences/T1151s2.fasta,results/2026-06-06-combine-8models/predictions/T1151s2/chai1,results/2026-06-06-combine-8models/predictions/T1151s2/chai1/rank_001.pdb,results/2026-06-06-combine-8models/predictions/T1151s2/chai1/rank_001.pdb,true,0,2026-06-02T02:38:07+02:00,2026-06-02T02:45:47+02:00,460,results/2026-06-06-combine-8models/logs/T1151s2_chai1.log,bash runners/run_chai1.sh results/2026-06-06-combine-8models/sequences/T1151s2.fasta results/2026-06-06-combine-8models/predictions/T1151s2/chai1 1,,Check,Check,reference coverage below threshold 0.724; multiple equivalent chains match,1.000000,1.000000,0.724138,84,116,high,mapped from mmCIF atom_site CA records; 32 aligned positions lack resolved CA atoms,All groups,A1,P9WF37 PDB code 8d5v,,,,,,,,,,,,,459.1475055810297,6.5472374179196455,0.013783657721936095,459.1475055810297,6.5472374179196455,0.013783657721936095,,,,runner CodeCarbon output: results/2026-06-06-combine-8models/predictions/T1151s2/chai1/carbon/T1151s2_chai1_inference_emissions.csv,,,,,,,,,,,
T1151s2,T1151s2,CASP15,8D5V,A,8,91,1,116,116,116,esmfold,1,results/2026-06-06-combine-8models/sequences/T1151s2.fasta,results/2026-06-06-combine-8models/predictions/T1151s2/esmfold,results/2026-06-06-combine-8models/predictions/T1151s2/esmfold/rank_001.pdb,results/2026-06-06-combine-8models/predictions/T1151s2/esmfold/rank_001.pdb,true,0,2026-06-02T02:45:47+02:00,2026-06-02T02:46:42+02:00,55,results/2026-06-06-combine-8models/logs/T1151s2_esmfold.log,bash runners/run_esmfold.sh results/2026-06-06-combine-8models/sequences/T1151s2.fasta results/2026-06-06-combine-8models/predictions/T1151s2/esmfold 1,,Check,Check,reference coverage below threshold 0.724; multiple equivalent chains match,1.000000,1.000000,0.724138,84,116,high,mapped from mmCIF atom_site CA records; 32 aligned positions lack resolved CA atoms,All groups,A1,P9WF37 PDB code 8d5v,,,,,,,,,,,,,54.80009599798359,0.7541988960792886,0.0015877871496406076,54.80009599798359,0.7541988960792886,0.0015877871496406076,,,,runner CodeCarbon output: results/2026-06-06-combine-8models/predictions/T1151s2/esmfold/carbon/T1151s2_esmfold_inference_emissions.csv,,,,,,,,,,,
T1151s2,T1151s2,CASP15,8D5V,A,8,91,1,116,116,116,omegafold,1,results/2026-06-06-combine-8models/sequences/T1151s2.fasta,results/2026-06-06-combine-8models/predictions/T1151s2/omegafold,results/2026-06-06-combine-8models/predictions/T1151s2/omegafold/rank_001.pdb,results/2026-06-06-combine-8models/predictions/T1151s2/omegafold/rank_001.pdb,true,0,2026-06-02T02:46:42+02:00,2026-06-02T02:47:04+02:00,22,results/2026-06-06-combine-8models/logs/T1151s2_omegafold.log,bash runners/run_omegafold.sh results/2026-06-06-combine-8models/sequences/T1151s2.fasta results/2026-06-06-combine-8models/predictions/T1151s2/omegafold 1,,Check,Check,reference coverage below threshold 0.724; multiple equivalent chains match,1.000000,1.000000,0.724138,84,116,high,mapped from mmCIF atom_site CA records; 32 aligned positions lack resolved CA atoms,All groups,A1,P9WF37 PDB code 8d5v,,,,,,,,,,,,,22.193667621992063,0.5005398946153073,0.0010537681991901206,22.193667621992063,0.5005398946153073,0.0010537681991901206,,,,runner CodeCarbon output: results/2026-06-06-combine-8models/predictions/T1151s2/omegafold/carbon/T1151s2_omegafold_inference_emissions.csv,,,,,,,,,,,
T1151s2,T1151s2,CASP15,8D5V,A,8,91,1,116,116,116,colabfold,1,results/2026-06-06-combine-8models/sequences/T1151s2.fasta,results/2026-06-06-combine-8models/predictions/T1151s2/colabfold,results/2026-06-06-combine-8models/predictions/T1151s2/colabfold/rank_001.pdb,results/2026-06-06-combine-8models/predictions/T1151s2/colabfold/rank_001.pdb,true,0,2026-06-04T01:36:25+02:00,2026-06-04T01:46:42+02:00,617,results/2026-06-06-combine-8models/logs/T1151s2_colabfold.log,bash runners/run_colabfold.sh results/2026-06-06-combine-8models/sequences/T1151s2.fasta results/2026-06-06-combine-8models/predictions/T1151s2/colabfold 1,,Check,Check,reference coverage below threshold 0.724; multiple equivalent chains match,1.000000,1.000000,0.724138,84,116,high,mapped from mmCIF atom_site CA records; 32 aligned positions lack resolved CA atoms,All groups,A1,P9WF37 PDB code 8d5v,true,colabfold_mmseqs2,mmseqs2_uniref_env,colabfold,/data/chen/protein_folding_databases/colabfold,results/2026-06-06-combine-8models/predictions/T1151s2/colabfold/tmp_colabfold_msa_search/T1151s2_qc_Check_CASP15_8D5V_A_residue_8-91_seq_1-116_coverage_0.724138.a3m,505,7.863449589779959,0.01655463071532623,true,true,false,111,2.483092122495598,0.005227562363148628,616.0,10.346541712275558,0.021782193078474857,,,,ColabFold local MMseqs2 MSA search measured separately from colabfold_batch inference.,,,,,,,,,,,
T1151s2,T1151s2,CASP15,8D5V,A,8,91,1,116,116,116,boltz2,1,results/2026-06-06-combine-8models/sequences/T1151s2.fasta,results/2026-06-06-combine-8models/predictions/T1151s2/boltz2,results/2026-06-06-combine-8models/predictions/T1151s2/boltz2/rank_001.pdb,results/2026-06-06-combine-8models/predictions/T1151s2/boltz2/rank_001.pdb,true,0,2026-06-04T01:46:42+02:00,2026-06-04T01:48:56+02:00,134,results/2026-06-06-combine-8models/logs/T1151s2_boltz2.log,SHARED_MSA_A3M_FILE=results/2026-06-06-combine-8models/predictions/T1151s2/colabfold/tmp_colabfold/T1151s2_qc_Check_CASP15_8D5V_A_residue_8-91_seq_1-116_coverage_0.724138.a3m SHARED_MSA_DIR=results/2026-06-06-combine-8models/predictions/T1151s2/colabfold/tmp_colabfold SHARED_MSA_METADATA_FILE=results/2026-06-06-combine-8models/metadata/prediction_manifest.csv bash runners/run_boltz2.sh results/2026-06-06-combine-8models/sequences/T1151s2.fasta results/2026-06-06-combine-8models/predictions/T1151s2/boltz2 1,,Check,Check,reference coverage below threshold 0.724; multiple equivalent chains match,1.000000,1.000000,0.724138,84,116,high,mapped from mmCIF atom_site CA records; 32 aligned positions lack resolved CA atoms,All groups,A1,P9WF37 PDB code 8d5v,true,colabfold_mmseqs2,mmseqs2_uniref_env,colabfold,/data/chen/protein_folding_databases/colabfold,results/2026-06-06-combine-8models/predictions/T1151s2/colabfold/tmp_colabfold_msa_search/T1151s2_qc_Check_CASP15_8D5V_A_residue_8-91_seq_1-116_coverage_0.724138.a3m,505,7.863449589779959,0.01655463071532623,false,false,true,133.81115195993334,2.032993902591294,0.004279987163350093,638.8111519599333,9.896443492371253,0.020834617878676322,colabfold,results/2026-06-06-combine-8models/predictions/T1151s2/colabfold/tmp_colabfold_msa_search/T1151s2_qc_Check_CASP15_8D5V_A_residue_8-91_seq_1-116_coverage_0.724138.a3m,results/2026-06-06-combine-8models/predictions/T1151s2/colabfold/tmp_colabfold,runner CodeCarbon output: results/2026-06-06-combine-8models/predictions/T1151s2/boltz2/carbon/T1151s2_boltz2_inference_emissions.csv; Boltz-2 reused the ColabFold A3M; MSA build time/carbon copied from the colabfold row.,,,,,,,,,,,
T1151s2,T1151s2,CASP15,8D5V,A,8,91,1,116,116,116,openfold,1,results/2026-06-06-combine-8models/sequences/T1151s2.fasta,results/2026-06-06-combine-8models/predictions/T1151s2/openfold,results/2026-06-06-combine-8models/predictions/T1151s2/openfold/rank_001.pdb,results/2026-06-06-combine-8models/predictions/T1151s2/openfold/rank_001.pdb,true,0,2026-06-04T01:48:56+02:00,2026-06-04T01:49:18+02:00,22,results/2026-06-06-combine-8models/logs/T1151s2_openfold.log,SHARED_MSA_A3M_FILE=results/2026-06-06-combine-8models/predictions/T1151s2/colabfold/tmp_colabfold/T1151s2_qc_Check_CASP15_8D5V_A_residue_8-91_seq_1-116_coverage_0.724138.a3m SHARED_MSA_DIR=results/2026-06-06-combine-8models/predictions/T1151s2/colabfold/tmp_colabfold SHARED_MSA_METADATA_FILE=results/2026-06-06-combine-8models/metadata/prediction_manifest.csv bash runners/run_openfold_shared_msa.sh results/2026-06-06-combine-8models/sequences/T1151s2.fasta results/2026-06-06-combine-8models/predictions/T1151s2/openfold 1,,Check,Check,reference coverage below threshold 0.724; multiple equivalent chains match,1.000000,1.000000,0.724138,84,116,high,mapped from mmCIF atom_site CA records; 32 aligned positions lack resolved CA atoms,All groups,A1,P9WF37 PDB code 8d5v,true,colabfold_mmseqs2,mmseqs2_uniref_env,colabfold,/data/chen/protein_folding_databases/colabfold,results/2026-06-06-combine-8models/predictions/T1151s2/colabfold/tmp_colabfold_msa_search/T1151s2_qc_Check_CASP15_8D5V_A_residue_8-91_seq_1-116_coverage_0.724138.a3m,505,7.863449589779959,0.01655463071532623,false,false,true,21.85504334094003,0.5176546614479574,0.0010897992872588576,526.85504334094,8.381104251227917,0.017644430002585088,colabfold,results/2026-06-06-combine-8models/predictions/T1151s2/colabfold/tmp_colabfold_msa_search/T1151s2_qc_Check_CASP15_8D5V_A_residue_8-91_seq_1-116_coverage_0.724138.a3m,results/2026-06-06-combine-8models/predictions/T1151s2/colabfold/tmp_colabfold,runner CodeCarbon output: results/2026-06-06-combine-8models/predictions/T1151s2/openfold/carbon/T1151s2_openfold_inference_emissions.csv; OpenFold reused the ColabFold A3M; MSA build time/carbon copied from the colabfold row.,,,,,,,,,,,
T1151s2,T1151s2,CASP15,8D5V,A,8,91,1,116,116,116,protenix,1,results/2026-06-06-combine-8models/sequences/T1151s2.fasta,results/2026-06-06-combine-8models/predictions/T1151s2/protenix,results/2026-06-06-combine-8models/predictions/T1151s2/protenix/rank_001.pdb,results/2026-06-06-combine-8models/predictions/T1151s2/protenix/rank_001.pdb,true,0,2026-06-04T01:49:19+02:00,2026-06-04T01:50:39+02:00,80,results/2026-06-06-combine-8models/logs/T1151s2_protenix.log,SHARED_MSA_A3M_FILE=results/2026-06-06-combine-8models/predictions/T1151s2/colabfold/tmp_colabfold/T1151s2_qc_Check_CASP15_8D5V_A_residue_8-91_seq_1-116_coverage_0.724138.a3m SHARED_MSA_DIR=results/2026-06-06-combine-8models/predictions/T1151s2/colabfold/tmp_colabfold SHARED_MSA_METADATA_FILE=results/2026-06-06-combine-8models/metadata/prediction_manifest.csv bash runners/run_protenix_shared_msa.sh results/2026-06-06-combine-8models/sequences/T1151s2.fasta results/2026-06-06-combine-8models/predictions/T1151s2/protenix 1,,Check,Check,reference coverage below threshold 0.724; multiple equivalent chains match,1.000000,1.000000,0.724138,84,116,high,mapped from mmCIF atom_site CA records; 32 aligned positions lack resolved CA atoms,All groups,A1,P9WF37 PDB code 8d5v,true,colabfold_mmseqs2,mmseqs2_uniref_env,colabfold,/data/chen/protein_folding_databases/colabfold,results/2026-06-06-combine-8models/predictions/T1151s2/colabfold/tmp_colabfold_msa_search/T1151s2_qc_Check_CASP15_8D5V_A_residue_8-91_seq_1-116_coverage_0.724138.a3m,505,7.863449589779959,0.01655463071532623,false,false,true,80.53788404993247,1.2312573681551353,0.002592120775063443,585.5378840499325,9.094706957935095,0.019146751490389673,colabfold,results/2026-06-06-combine-8models/predictions/T1151s2/colabfold/tmp_colabfold_msa_search/T1151s2_qc_Check_CASP15_8D5V_A_residue_8-91_seq_1-116_coverage_0.724138.a3m,results/2026-06-06-combine-8models/predictions/T1151s2/colabfold/tmp_colabfold,runner CodeCarbon output: results/2026-06-06-combine-8models/predictions/T1151s2/protenix/carbon/T1151s2_protenix_inference_emissions.csv; Protenix reused the ColabFold A3M; MSA build time/carbon copied from the colabfold row.,,,,,,,,,,,
T1151s2,T1151s2,CASP15,8D5V,A,8,91,1,116,116,116,af2,1,results/2026-06-06-combine-8models/sequences/T1151s2.fasta,results/2026-06-06-combine-8models/predictions/T1151s2/af2,results/2026-06-06-combine-8models/predictions/T1151s2/af2/rank_001.pdb,results/2026-06-06-combine-8models/predictions/T1151s2/af2/rank_001.pdb,true,0,,,,results/2026-06-06-combine-8models/logs/T1151s2_af2.log,bash runners/run_af2.sh results/2026-06-06-combine-8models/sequences/T1151s2.fasta results/2026-06-06-combine-8models/predictions/T1151s2/af2 1,skipped existing success,Check,Check,reference coverage below threshold 0.724; multiple equivalent chains match,1.000000,1.000000,0.724138,84,116,high,mapped from mmCIF atom_site CA records; 32 aligned positions lack resolved CA atoms,All groups,A1,P9WF37 PDB code 8d5v,true,alphafold2_default,official_af2_database_search,alphafold,/data/chen/protein_folding_databases/alphafold,,1016.393052,26.64071918141504,0.056085724592452715,true,true,false,101.321376,3.045412649800561,0.0064113950522117075,1117.714428,29.6861318312156,0.06249711964466442,,,,,1016.393052,26.64071918141504,0.056085724592452715,101.321376,3.045412649800561,0.0064113950522117075,full_dbs,monomer,/data/chen/protein_folding_databases/alphafold/params,/data/chen/protein_folding_databases/alphafold,results/2026-06-06-combine-8models/predictions/T1151s2/af2/af2_features
T1155,T1155,CASP15,8PBV,A,1,116,1,116,116,116,chai1,1,results/2026-06-06-combine-8models/sequences/T1155.fasta,results/2026-06-06-combine-8models/predictions/T1155/chai1,results/2026-06-06-combine-8models/predictions/T1155/chai1/rank_001.pdb,results/2026-06-06-combine-8models/predictions/T1155/chai1/rank_001.pdb,true,0,2026-06-02T02:47:04+02:00,2026-06-02T02:54:35+02:00,451,results/2026-06-06-combine-8models/logs/T1155_chai1.log,bash runners/run_chai1.sh results/2026-06-06-combine-8models/sequences/T1155.fasta results/2026-06-06-combine-8models/predictions/T1155/chai1 1,,Yes,Yes,prefiltered A1 protein target with mapped residue range,1.000000,1.000000,1.000000,116,116,high,mapped from mmCIF atom_site CA records,All groups,A1,Uniprot Q8IN44 PDB code 8pbv,,,,,,,,,,,,,450.6587738440139,6.465127448463135,0.013610794628343442,450.6587738440139,6.465127448463135,0.013610794628343442,,,,runner CodeCarbon output: results/2026-06-06-combine-8models/predictions/T1155/chai1/carbon/T1155_chai1_inference_emissions.csv,,,,,,,,,,,
T1155,T1155,CASP15,8PBV,A,1,116,1,116,116,116,esmfold,1,results/2026-06-06-combine-8models/sequences/T1155.fasta,results/2026-06-06-combine-8models/predictions/T1155/esmfold,results/2026-06-06-combine-8models/predictions/T1155/esmfold/rank_001.pdb,results/2026-06-06-combine-8models/predictions/T1155/esmfold/rank_001.pdb,true,0,2026-06-02T02:54:35+02:00,2026-06-02T02:55:30+02:00,55,results/2026-06-06-combine-8models/logs/T1155_esmfold.log,bash runners/run_esmfold.sh results/2026-06-06-combine-8models/sequences/T1155.fasta results/2026-06-06-combine-8models/predictions/T1155/esmfold 1,,Yes,Yes,prefiltered A1 protein target with mapped residue range,1.000000,1.000000,1.000000,116,116,high,mapped from mmCIF atom_site CA records,All groups,A1,Uniprot Q8IN44 PDB code 8pbv,,,,,,,,,,,,,54.866320797998924,0.7581887951273893,0.0015961869371102933,54.866320797998924,0.7581887951273893,0.0015961869371102933,,,,runner CodeCarbon output: results/2026-06-06-combine-8models/predictions/T1155/esmfold/carbon/T1155_esmfold_inference_emissions.csv,,,,,,,,,,,
T1155,T1155,CASP15,8PBV,A,1,116,1,116,116,116,omegafold,1,results/2026-06-06-combine-8models/sequences/T1155.fasta,results/2026-06-06-combine-8models/predictions/T1155/omegafold,results/2026-06-06-combine-8models/predictions/T1155/omegafold/rank_001.pdb,results/2026-06-06-combine-8models/predictions/T1155/omegafold/rank_001.pdb,true,0,2026-06-02T02:55:30+02:00,2026-06-02T02:55:53+02:00,23,results/2026-06-06-combine-8models/logs/T1155_omegafold.log,bash runners/run_omegafold.sh results/2026-06-06-combine-8models/sequences/T1155.fasta results/2026-06-06-combine-8models/predictions/T1155/omegafold 1,,Yes,Yes,prefiltered A1 protein target with mapped residue range,1.000000,1.000000,1.000000,116,116,high,mapped from mmCIF atom_site CA records,All groups,A1,Uniprot Q8IN44 PDB code 8pbv,,,,,,,,,,,,,22.243053921032697,0.5058601538248118,0.0010649687448943406,22.243053921032697,0.5058601538248118,0.0010649687448943406,,,,runner CodeCarbon output: results/2026-06-06-combine-8models/predictions/T1155/omegafold/carbon/T1155_omegafold_inference_emissions.csv,,,,,,,,,,,
T1155,T1155,CASP15,8PBV,A,1,116,1,116,116,116,colabfold,1,results/2026-06-06-combine-8models/sequences/T1155.fasta,results/2026-06-06-combine-8models/predictions/T1155/colabfold,results/2026-06-06-combine-8models/predictions/T1155/colabfold/rank_001.pdb,results/2026-06-06-combine-8models/predictions/T1155/colabfold/rank_001.pdb,true,0,2026-06-04T01:50:39+02:00,2026-06-04T02:00:40+02:00,601,results/2026-06-06-combine-8models/logs/T1155_colabfold.log,bash runners/run_colabfold.sh results/2026-06-06-combine-8models/sequences/T1155.fasta results/2026-06-06-combine-8models/predictions/T1155/colabfold 1,,Yes,Yes,prefiltered A1 protein target with mapped residue range,1.000000,1.000000,1.000000,116,116,high,mapped from mmCIF atom_site CA records,All groups,A1,Uniprot Q8IN44 PDB code 8pbv,true,colabfold_mmseqs2,mmseqs2_uniref_env,colabfold,/data/chen/protein_folding_databases/colabfold,results/2026-06-06-combine-8models/predictions/T1155/colabfold/tmp_colabfold_msa_search/T1155_qc_Yes_CASP15_8PBV_A_residue_1-116_seq_1-116_coverage_1.000000.a3m,501,7.802945852131387,0.016427254425539762,true,true,false,99,2.240173142003562,0.004716153983165394,600.0,10.04311899413495,0.021143408408705155,,,,ColabFold local MMseqs2 MSA search measured separately from colabfold_batch inference.,,,,,,,,,,,
T1155,T1155,CASP15,8PBV,A,1,116,1,116,116,116,boltz2,1,results/2026-06-06-combine-8models/sequences/T1155.fasta,results/2026-06-06-combine-8models/predictions/T1155/boltz2,results/2026-06-06-combine-8models/predictions/T1155/boltz2/rank_001.pdb,results/2026-06-06-combine-8models/predictions/T1155/boltz2/rank_001.pdb,true,0,2026-06-04T02:00:40+02:00,2026-06-04T02:02:28+02:00,108,results/2026-06-06-combine-8models/logs/T1155_boltz2.log,SHARED_MSA_A3M_FILE=results/2026-06-06-combine-8models/predictions/T1155/colabfold/tmp_colabfold/T1155_qc_Yes_CASP15_8PBV_A_residue_1-116_seq_1-116_coverage_1.000000.a3m SHARED_MSA_DIR=results/2026-06-06-combine-8models/predictions/T1155/colabfold/tmp_colabfold SHARED_MSA_METADATA_FILE=results/2026-06-06-combine-8models/metadata/prediction_manifest.csv bash runners/run_boltz2.sh results/2026-06-06-combine-8models/sequences/T1155.fasta results/2026-06-06-combine-8models/predictions/T1155/boltz2 1,,Yes,Yes,prefiltered A1 protein target with mapped residue range,1.000000,1.000000,1.000000,116,116,high,mapped from mmCIF atom_site CA records,All groups,A1,Uniprot Q8IN44 PDB code 8pbv,true,colabfold_mmseqs2,mmseqs2_uniref_env,colabfold,/data/chen/protein_folding_databases/colabfold,results/2026-06-06-combine-8models/predictions/T1155/colabfold/tmp_colabfold_msa_search/T1155_qc_Yes_CASP15_8PBV_A_residue_1-116_seq_1-116_coverage_1.000000.a3m,501,7.802945852131387,0.016427254425539762,false,false,true,107.70603439898696,1.664250755547916,0.0035036858011535076,608.706034398987,9.467196607679304,0.01993094022669327,colabfold,results/2026-06-06-combine-8models/predictions/T1155/colabfold/tmp_colabfold_msa_search/T1155_qc_Yes_CASP15_8PBV_A_residue_1-116_seq_1-116_coverage_1.000000.a3m,results/2026-06-06-combine-8models/predictions/T1155/colabfold/tmp_colabfold,runner CodeCarbon output: results/2026-06-06-combine-8models/predictions/T1155/boltz2/carbon/T1155_boltz2_inference_emissions.csv; Boltz-2 reused the ColabFold A3M; MSA build time/carbon copied from the colabfold row.,,,,,,,,,,,
T1155,T1155,CASP15,8PBV,A,1,116,1,116,116,116,openfold,1,results/2026-06-06-combine-8models/sequences/T1155.fasta,results/2026-06-06-combine-8models/predictions/T1155/openfold,results/2026-06-06-combine-8models/predictions/T1155/openfold/rank_001.pdb,results/2026-06-06-combine-8models/predictions/T1155/openfold/rank_001.pdb,true,0,2026-06-04T02:02:28+02:00,2026-06-04T02:02:49+02:00,21,results/2026-06-06-combine-8models/logs/T1155_openfold.log,SHARED_MSA_A3M_FILE=results/2026-06-06-combine-8models/predictions/T1155/colabfold/tmp_colabfold/T1155_qc_Yes_CASP15_8PBV_A_residue_1-116_seq_1-116_coverage_1.000000.a3m SHARED_MSA_DIR=results/2026-06-06-combine-8models/predictions/T1155/colabfold/tmp_colabfold SHARED_MSA_METADATA_FILE=results/2026-06-06-combine-8models/metadata/prediction_manifest.csv bash runners/run_openfold_shared_msa.sh results/2026-06-06-combine-8models/sequences/T1155.fasta results/2026-06-06-combine-8models/predictions/T1155/openfold 1,,Yes,Yes,prefiltered A1 protein target with mapped residue range,1.000000,1.000000,1.000000,116,116,high,mapped from mmCIF atom_site CA records,All groups,A1,Uniprot Q8IN44 PDB code 8pbv,true,colabfold_mmseqs2,mmseqs2_uniref_env,colabfold,/data/chen/protein_folding_databases/colabfold,results/2026-06-06-combine-8models/predictions/T1155/colabfold/tmp_colabfold_msa_search/T1155_qc_Yes_CASP15_8PBV_A_residue_1-116_seq_1-116_coverage_1.000000.a3m,501,7.802945852131387,0.016427254425539762,false,false,true,21.314069045940414,0.5175263210178597,0.0010895290968797047,522.3140690459404,8.320472173149247,0.017516783522419466,colabfold,results/2026-06-06-combine-8models/predictions/T1155/colabfold/tmp_colabfold_msa_search/T1155_qc_Yes_CASP15_8PBV_A_residue_1-116_seq_1-116_coverage_1.000000.a3m,results/2026-06-06-combine-8models/predictions/T1155/colabfold/tmp_colabfold,runner CodeCarbon output: results/2026-06-06-combine-8models/predictions/T1155/openfold/carbon/T1155_openfold_inference_emissions.csv; OpenFold reused the ColabFold A3M; MSA build time/carbon copied from the colabfold row.,,,,,,,,,,,
T1155,T1155,CASP15,8PBV,A,1,116,1,116,116,116,protenix,1,results/2026-06-06-combine-8models/sequences/T1155.fasta,results/2026-06-06-combine-8models/predictions/T1155/protenix,results/2026-06-06-combine-8models/predictions/T1155/protenix/rank_001.pdb,results/2026-06-06-combine-8models/predictions/T1155/protenix/rank_001.pdb,true,0,2026-06-04T02:02:49+02:00,2026-06-04T02:04:11+02:00,82,results/2026-06-06-combine-8models/logs/T1155_protenix.log,SHARED_MSA_A3M_FILE=results/2026-06-06-combine-8models/predictions/T1155/colabfold/tmp_colabfold/T1155_qc_Yes_CASP15_8PBV_A_residue_1-116_seq_1-116_coverage_1.000000.a3m SHARED_MSA_DIR=results/2026-06-06-combine-8models/predictions/T1155/colabfold/tmp_colabfold SHARED_MSA_METADATA_FILE=results/2026-06-06-combine-8models/metadata/prediction_manifest.csv bash runners/run_protenix_shared_msa.sh results/2026-06-06-combine-8models/sequences/T1155.fasta results/2026-06-06-combine-8models/predictions/T1155/protenix 1,,Yes,Yes,prefiltered A1 protein target with mapped residue range,1.000000,1.000000,1.000000,116,116,high,mapped from mmCIF atom_site CA records,All groups,A1,Uniprot Q8IN44 PDB code 8pbv,true,colabfold_mmseqs2,mmseqs2_uniref_env,colabfold,/data/chen/protein_folding_databases/colabfold,results/2026-06-06-combine-8models/predictions/T1155/colabfold/tmp_colabfold_msa_search/T1155_qc_Yes_CASP15_8PBV_A_residue_1-116_seq_1-116_coverage_1.000000.a3m,501,7.802945852131387,0.016427254425539762,false,false,true,81.29008776694536,1.2298050784623704,0.0025890633230786744,582.2900877669454,9.032750930593757,0.019016317748618436,colabfold,results/2026-06-06-combine-8models/predictions/T1155/colabfold/tmp_colabfold_msa_search/T1155_qc_Yes_CASP15_8PBV_A_residue_1-116_seq_1-116_coverage_1.000000.a3m,results/2026-06-06-combine-8models/predictions/T1155/colabfold/tmp_colabfold,runner CodeCarbon output: results/2026-06-06-combine-8models/predictions/T1155/protenix/carbon/T1155_protenix_inference_emissions.csv; Protenix reused the ColabFold A3M; MSA build time/carbon copied from the colabfold row.,,,,,,,,,,,
T1155,T1155,CASP15,8PBV,A,1,116,1,116,116,116,af2,1,results/2026-06-06-combine-8models/sequences/T1155.fasta,results/2026-06-06-combine-8models/predictions/T1155/af2,results/2026-06-06-combine-8models/predictions/T1155/af2/rank_001.pdb,results/2026-06-06-combine-8models/predictions/T1155/af2/rank_001.pdb,true,0,,,,results/2026-06-06-combine-8models/logs/T1155_af2.log,bash runners/run_af2.sh results/2026-06-06-combine-8models/sequences/T1155.fasta results/2026-06-06-combine-8models/predictions/T1155/af2 1,skipped existing success,Yes,Yes,prefiltered A1 protein target with mapped residue range,1.000000,1.000000,1.000000,116,116,high,mapped from mmCIF atom_site CA records,All groups,A1,Uniprot Q8IN44 PDB code 8pbv,true,alphafold2_default,official_af2_database_search,alphafold,/data/chen/protein_folding_databases/alphafold,,1023.623796,26.82502872566134,0.056473744685602824,true,true,false,102.127192,3.2085361961330165,0.0067548130444905615,1125.750988,30.03356492179436,0.06322855773009338,,,,,1023.623796,26.82502872566134,0.056473744685602824,102.127192,3.2085361961330165,0.0067548130444905615,full_dbs,monomer,/data/chen/protein_folding_databases/alphafold/params,/data/chen/protein_folding_databases/alphafold,results/2026-06-06-combine-8models/predictions/T1155/af2/af2_features
T1157s2,T1157s2,CASP15,8PKO,B,21,484,1,495,495,495,chai1,1,results/2026-06-06-combine-8models/sequences/T1157s2.fasta,results/2026-06-06-combine-8models/predictions/T1157s2/chai1,results/2026-06-06-combine-8models/predictions/T1157s2/chai1/rank_001.pdb,results/2026-06-06-combine-8models/predictions/T1157s2/chai1/rank_001.pdb,true,0,2026-06-02T02:55:53+02:00,2026-06-02T03:25:12+02:00,1759,results/2026-06-06-combine-8models/logs/T1157s2_chai1.log,bash runners/run_chai1.sh results/2026-06-06-combine-8models/sequences/T1157s2.fasta results/2026-06-06-combine-8models/predictions/T1157s2/chai1 1,,Yes,Yes,prefiltered A1 protein target with mapped residue range,1.000000,1.000000,0.937374,464,495,high,mapped from mmCIF atom_site CA records; 31 aligned positions lack resolved CA atoms,All groups,A1,Complex of CtEDEM and CtPDI1P PDB code 8pko,,,,,,,,,,,,,1758.938819146948,24.95451644215714,0.052535824088751876,1758.938819146948,24.95451644215714,0.052535824088751876,,,,runner CodeCarbon output: results/2026-06-06-combine-8models/predictions/T1157s2/chai1/carbon/T1157s2_chai1_inference_emissions.csv,,,,,,,,,,,
T1157s2,T1157s2,CASP15,8PKO,B,21,484,1,495,495,495,esmfold,1,results/2026-06-06-combine-8models/sequences/T1157s2.fasta,results/2026-06-06-combine-8models/predictions/T1157s2/esmfold,results/2026-06-06-combine-8models/predictions/T1157s2/esmfold/rank_001.pdb,results/2026-06-06-combine-8models/predictions/T1157s2/esmfold/rank_001.pdb,true,0,2026-06-02T03:25:12+02:00,2026-06-02T03:35:32+02:00,620,results/2026-06-06-combine-8models/logs/T1157s2_esmfold.log,bash runners/run_esmfold.sh results/2026-06-06-combine-8models/sequences/T1157s2.fasta results/2026-06-06-combine-8models/predictions/T1157s2/esmfold 1,,Yes,Yes,prefiltered A1 protein target with mapped residue range,1.000000,1.000000,0.937374,464,495,high,mapped from mmCIF atom_site CA records; 31 aligned positions lack resolved CA atoms,All groups,A1,Complex of CtEDEM and CtPDI1P PDB code 8pko,,,,,,,,,,,,,620.3096657429705,9.119113222247439,0.01919813309946829,620.3096657429705,9.119113222247439,0.01919813309946829,,,,runner CodeCarbon output: results/2026-06-06-combine-8models/predictions/T1157s2/esmfold/carbon/T1157s2_esmfold_inference_emissions.csv,,,,,,,,,,,
T1157s2,T1157s2,CASP15,8PKO,B,21,484,1,495,495,495,omegafold,1,results/2026-06-06-combine-8models/sequences/T1157s2.fasta,results/2026-06-06-combine-8models/predictions/T1157s2/omegafold,results/2026-06-06-combine-8models/predictions/T1157s2/omegafold/rank_001.pdb,results/2026-06-06-combine-8models/predictions/T1157s2/omegafold/rank_001.pdb,true,0,2026-06-02T03:35:32+02:00,2026-06-02T03:39:17+02:00,225,results/2026-06-06-combine-8models/logs/T1157s2_omegafold.log,bash runners/run_omegafold.sh results/2026-06-06-combine-8models/sequences/T1157s2.fasta results/2026-06-06-combine-8models/predictions/T1157s2/omegafold 1,,Yes,Yes,prefiltered A1 protein target with mapped residue range,1.000000,1.000000,0.937374,464,495,high,mapped from mmCIF atom_site CA records; 31 aligned positions lack resolved CA atoms,All groups,A1,Complex of CtEDEM and CtPDI1P PDB code 8pko,,,,,,,,,,,,,224.51121762901312,7.364724384205451,0.01550468291411674,224.51121762901312,7.364724384205451,0.01550468291411674,,,,runner CodeCarbon output: results/2026-06-06-combine-8models/predictions/T1157s2/omegafold/carbon/T1157s2_omegafold_inference_emissions.csv,,,,,,,,,,,
T1157s2,T1157s2,CASP15,8PKO,B,21,484,1,495,495,495,colabfold,1,results/2026-06-06-combine-8models/sequences/T1157s2.fasta,results/2026-06-06-combine-8models/predictions/T1157s2/colabfold,results/2026-06-06-combine-8models/predictions/T1157s2/colabfold/rank_001.pdb,results/2026-06-06-combine-8models/predictions/T1157s2/colabfold/rank_001.pdb,true,0,2026-06-04T02:04:11+02:00,2026-06-04T02:16:55+02:00,764,results/2026-06-06-combine-8models/logs/T1157s2_colabfold.log,bash runners/run_colabfold.sh results/2026-06-06-combine-8models/sequences/T1157s2.fasta results/2026-06-06-combine-8models/predictions/T1157s2/colabfold 1,,Yes,Yes,prefiltered A1 protein target with mapped residue range,1.000000,1.000000,0.937374,464,495,high,mapped from mmCIF atom_site CA records; 31 aligned positions lack resolved CA atoms,All groups,A1,Complex of CtEDEM and CtPDI1P PDB code 8pko,true,colabfold_mmseqs2,mmseqs2_uniref_env,colabfold,/data/chen/protein_folding_databases/colabfold,results/2026-06-06-combine-8models/predictions/T1157s2/colabfold/tmp_colabfold_msa_search/T1157s2_qc_Yes_CASP15_8PKO_B_residue_21-484_seq_1-495_coverage_0.937374.a3m,574,9.003273729227882,0.018954260482585014,true,true,false,189,4.434176355231396,0.009335108116276624,763.0,13.437450084459279,0.028289368598861636,,,,ColabFold local MMseqs2 MSA search measured separately from colabfold_batch inference.,,,,,,,,,,,
T1157s2,T1157s2,CASP15,8PKO,B,21,484,1,495,495,495,boltz2,1,results/2026-06-06-combine-8models/sequences/T1157s2.fasta,results/2026-06-06-combine-8models/predictions/T1157s2/boltz2,results/2026-06-06-combine-8models/predictions/T1157s2/boltz2/rank_001.pdb,results/2026-06-06-combine-8models/predictions/T1157s2/boltz2/rank_001.pdb,true,0,2026-06-04T02:16:55+02:00,2026-06-04T02:38:24+02:00,1289,results/2026-06-06-combine-8models/logs/T1157s2_boltz2.log,SHARED_MSA_A3M_FILE=results/2026-06-06-combine-8models/predictions/T1157s2/colabfold/tmp_colabfold/T1157s2_qc_Yes_CASP15_8PKO_B_residue_21-484_seq_1-495_coverage_0.937374.a3m SHARED_MSA_DIR=results/2026-06-06-combine-8models/predictions/T1157s2/colabfold/tmp_colabfold SHARED_MSA_METADATA_FILE=results/2026-06-06-combine-8models/metadata/prediction_manifest.csv bash runners/run_boltz2.sh results/2026-06-06-combine-8models/sequences/T1157s2.fasta results/2026-06-06-combine-8models/predictions/T1157s2/boltz2 1,,Yes,Yes,prefiltered A1 protein target with mapped residue range,1.000000,1.000000,0.937374,464,495,high,mapped from mmCIF atom_site CA records; 31 aligned positions lack resolved CA atoms,All groups,A1,Complex of CtEDEM and CtPDI1P PDB code 8pko,true,colabfold_mmseqs2,mmseqs2_uniref_env,colabfold,/data/chen/protein_folding_databases/colabfold,results/2026-06-06-combine-8models/predictions/T1157s2/colabfold/tmp_colabfold_msa_search/T1157s2_qc_Yes_CASP15_8PKO_B_residue_21-484_seq_1-495_coverage_0.937374.a3m,574,9.003273729227882,0.018954260482585014,false,false,true,1289.272598564974,18.45280320281685,0.03884800674277231,1863.272598564974,27.45607693204473,0.05780226722535733,colabfold,results/2026-06-06-combine-8models/predictions/T1157s2/colabfold/tmp_colabfold_msa_search/T1157s2_qc_Yes_CASP15_8PKO_B_residue_21-484_seq_1-495_coverage_0.937374.a3m,results/2026-06-06-combine-8models/predictions/T1157s2/colabfold/tmp_colabfold,runner CodeCarbon output: results/2026-06-06-combine-8models/predictions/T1157s2/boltz2/carbon/T1157s2_boltz2_inference_emissions.csv; Boltz-2 reused the ColabFold A3M; MSA build time/carbon copied from the colabfold row.,,,,,,,,,,,
T1157s2,T1157s2,CASP15,8PKO,B,21,484,1,495,495,495,openfold,1,results/2026-06-06-combine-8models/sequences/T1157s2.fasta,results/2026-06-06-combine-8models/predictions/T1157s2/openfold,results/2026-06-06-combine-8models/predictions/T1157s2/openfold/rank_001.pdb,results/2026-06-06-combine-8models/predictions/T1157s2/openfold/rank_001.pdb,true,0,2026-06-04T02:38:24+02:00,2026-06-04T02:40:38+02:00,134,results/2026-06-06-combine-8models/logs/T1157s2_openfold.log,SHARED_MSA_A3M_FILE=results/2026-06-06-combine-8models/predictions/T1157s2/colabfold/tmp_colabfold/T1157s2_qc_Yes_CASP15_8PKO_B_residue_21-484_seq_1-495_coverage_0.937374.a3m SHARED_MSA_DIR=results/2026-06-06-combine-8models/predictions/T1157s2/colabfold/tmp_colabfold SHARED_MSA_METADATA_FILE=results/2026-06-06-combine-8models/metadata/prediction_manifest.csv bash runners/run_openfold_shared_msa.sh results/2026-06-06-combine-8models/sequences/T1157s2.fasta results/2026-06-06-combine-8models/predictions/T1157s2/openfold 1,,Yes,Yes,prefiltered A1 protein target with mapped residue range,1.000000,1.000000,0.937374,464,495,high,mapped from mmCIF atom_site CA records; 31 aligned positions lack resolved CA atoms,All groups,A1,Complex of CtEDEM and CtPDI1P PDB code 8pko,true,colabfold_mmseqs2,mmseqs2_uniref_env,colabfold,/data/chen/protein_folding_databases/colabfold,results/2026-06-06-combine-8models/predictions/T1157s2/colabfold/tmp_colabfold_msa_search/T1157s2_qc_Yes_CASP15_8PKO_B_residue_21-484_seq_1-495_coverage_0.937374.a3m,574,9.003273729227882,0.018954260482585014,false,false,true,133.74214214808308,4.293601076026703,0.009039160160056217,707.7421421480831,13.296874805254586,0.02799342064264123,colabfold,results/2026-06-06-combine-8models/predictions/T1157s2/colabfold/tmp_colabfold_msa_search/T1157s2_qc_Yes_CASP15_8PKO_B_residue_21-484_seq_1-495_coverage_0.937374.a3m,results/2026-06-06-combine-8models/predictions/T1157s2/colabfold/tmp_colabfold,runner CodeCarbon output: results/2026-06-06-combine-8models/predictions/T1157s2/openfold/carbon/T1157s2_openfold_inference_emissions.csv; OpenFold reused the ColabFold A3M; MSA build time/carbon copied from the colabfold row.,,,,,,,,,,,
T1157s2,T1157s2,CASP15,8PKO,B,21,484,1,495,495,495,protenix,1,results/2026-06-06-combine-8models/sequences/T1157s2.fasta,results/2026-06-06-combine-8models/predictions/T1157s2/protenix,results/2026-06-06-combine-8models/predictions/T1157s2/protenix/rank_001.pdb,results/2026-06-06-combine-8models/predictions/T1157s2/protenix/rank_001.pdb,true,0,2026-06-04T02:40:38+02:00,2026-06-04T02:42:21+02:00,103,results/2026-06-06-combine-8models/logs/T1157s2_protenix.log,SHARED_MSA_A3M_FILE=results/2026-06-06-combine-8models/predictions/T1157s2/colabfold/tmp_colabfold/T1157s2_qc_Yes_CASP15_8PKO_B_residue_21-484_seq_1-495_coverage_0.937374.a3m SHARED_MSA_DIR=results/2026-06-06-combine-8models/predictions/T1157s2/colabfold/tmp_colabfold SHARED_MSA_METADATA_FILE=results/2026-06-06-combine-8models/metadata/prediction_manifest.csv bash runners/run_protenix_shared_msa.sh results/2026-06-06-combine-8models/sequences/T1157s2.fasta results/2026-06-06-combine-8models/predictions/T1157s2/protenix 1,,Yes,Yes,prefiltered A1 protein target with mapped residue range,1.000000,1.000000,0.937374,464,495,high,mapped from mmCIF atom_site CA records; 31 aligned positions lack resolved CA atoms,All groups,A1,Complex of CtEDEM and CtPDI1P PDB code 8pko,true,colabfold_mmseqs2,mmseqs2_uniref_env,colabfold,/data/chen/protein_folding_databases/colabfold,results/2026-06-06-combine-8models/predictions/T1157s2/colabfold/tmp_colabfold_msa_search/T1157s2_qc_Yes_CASP15_8PKO_B_residue_21-484_seq_1-495_coverage_0.937374.a3m,574,9.003273729227882,0.018954260482585014,false,false,true,102.46944003901444,2.0064735953165447,0.004224154937508515,676.4694400390144,11.009747324544426,0.02317841542009353,colabfold,results/2026-06-06-combine-8models/predictions/T1157s2/colabfold/tmp_colabfold_msa_search/T1157s2_qc_Yes_CASP15_8PKO_B_residue_21-484_seq_1-495_coverage_0.937374.a3m,results/2026-06-06-combine-8models/predictions/T1157s2/colabfold/tmp_colabfold,runner CodeCarbon output: results/2026-06-06-combine-8models/predictions/T1157s2/protenix/carbon/T1157s2_protenix_inference_emissions.csv; Protenix reused the ColabFold A3M; MSA build time/carbon copied from the colabfold row.,,,,,,,,,,,
T1157s2,T1157s2,CASP15,8PKO,B,21,484,1,495,495,495,af2,1,results/2026-06-06-combine-8models/sequences/T1157s2.fasta,results/2026-06-06-combine-8models/predictions/T1157s2/af2,results/2026-06-06-combine-8models/predictions/T1157s2/af2/rank_001.pdb,results/2026-06-06-combine-8models/predictions/T1157s2/af2/rank_001.pdb,true,0,,,,results/2026-06-06-combine-8models/logs/T1157s2_af2.log,bash runners/run_af2.sh results/2026-06-06-combine-8models/sequences/T1157s2.fasta results/2026-06-06-combine-8models/predictions/T1157s2/af2 1,skipped existing success,Yes,Yes,prefiltered A1 protein target with mapped residue range,1.000000,1.000000,0.937374,464,495,high,mapped from mmCIF atom_site CA records; 31 aligned positions lack resolved CA atoms,All groups,A1,Complex of CtEDEM and CtPDI1P PDB code 8pko,true,alphafold2_default,official_af2_database_search,alphafold,/data/chen/protein_folding_databases/alphafold,,1783.580493,46.97689060596048,0.09889871706517996,true,true,false,175.961518,6.692659795024452,0.01408981009478832,1959.542011,53.66955040098493,0.11298852715996828,,,,,1783.580493,46.97689060596048,0.09889871706517996,175.961518,6.692659795024452,0.01408981009478832,full_dbs,monomer,/data/chen/protein_folding_databases/alphafold/params,/data/chen/protein_folding_databases/alphafold,results/2026-06-06-combine-8models/predictions/T1157s2/af2/af2_features
T1159,T1159,CASP15,7PZT,A,1,160,1,160,160,160,chai1,1,results/2026-06-06-combine-8models/sequences/T1159.fasta,results/2026-06-06-combine-8models/predictions/T1159/chai1,results/2026-06-06-combine-8models/predictions/T1159/chai1/rank_001.pdb,results/2026-06-06-combine-8models/predictions/T1159/chai1/rank_001.pdb,true,0,2026-06-02T03:39:17+02:00,2026-06-02T03:46:56+02:00,459,results/2026-06-06-combine-8models/logs/T1159_chai1.log,bash runners/run_chai1.sh results/2026-06-06-combine-8models/sequences/T1159.fasta results/2026-06-06-combine-8models/predictions/T1159/chai1 1,,Check,Check,multiple equivalent chains match,1.000000,1.000000,1.000000,160,160,high,mapped from mmCIF atom_site CA records,All groups,A1,TecA tgat PDB code 7pzt,,,,,,,,,,,,,459.2100140900002,6.52041219255714,0.01372718356327819,459.2100140900002,6.52041219255714,0.01372718356327819,,,,runner CodeCarbon output: results/2026-06-06-combine-8models/predictions/T1159/chai1/carbon/T1159_chai1_inference_emissions.csv,,,,,,,,,,,
T1159,T1159,CASP15,7PZT,A,1,160,1,160,160,160,esmfold,1,results/2026-06-06-combine-8models/sequences/T1159.fasta,results/2026-06-06-combine-8models/predictions/T1159/esmfold,results/2026-06-06-combine-8models/predictions/T1159/esmfold/rank_001.pdb,results/2026-06-06-combine-8models/predictions/T1159/esmfold/rank_001.pdb,true,0,2026-06-02T03:46:57+02:00,2026-06-02T03:48:21+02:00,84,results/2026-06-06-combine-8models/logs/T1159_esmfold.log,bash runners/run_esmfold.sh results/2026-06-06-combine-8models/sequences/T1159.fasta results/2026-06-06-combine-8models/predictions/T1159/esmfold 1,,Check,Check,multiple equivalent chains match,1.000000,1.000000,1.000000,160,160,high,mapped from mmCIF atom_site CA records,All groups,A1,TecA tgat PDB code 7pzt,,,,,,,,,,,,,84.03430513298372,1.166519375612398,0.0024558302644471534,84.03430513298372,1.166519375612398,0.0024558302644471534,,,,runner CodeCarbon output: results/2026-06-06-combine-8models/predictions/T1159/esmfold/carbon/T1159_esmfold_inference_emissions.csv,,,,,,,,,,,
T1159,T1159,CASP15,7PZT,A,1,160,1,160,160,160,omegafold,1,results/2026-06-06-combine-8models/sequences/T1159.fasta,results/2026-06-06-combine-8models/predictions/T1159/omegafold,results/2026-06-06-combine-8models/predictions/T1159/omegafold/rank_001.pdb,results/2026-06-06-combine-8models/predictions/T1159/omegafold/rank_001.pdb,true,0,2026-06-02T03:48:21+02:00,2026-06-02T03:48:49+02:00,28,results/2026-06-06-combine-8models/logs/T1159_omegafold.log,bash runners/run_omegafold.sh results/2026-06-06-combine-8models/sequences/T1159.fasta results/2026-06-06-combine-8models/predictions/T1159/omegafold 1,,Check,Check,multiple equivalent chains match,1.000000,1.000000,1.000000,160,160,high,mapped from mmCIF atom_site CA records,All groups,A1,TecA tgat PDB code 7pzt,,,,,,,,,,,,,27.867882177000865,0.7053717089073585,0.0014849930713839124,27.867882177000865,0.7053717089073585,0.0014849930713839124,,,,runner CodeCarbon output: results/2026-06-06-combine-8models/predictions/T1159/omegafold/carbon/T1159_omegafold_inference_emissions.csv,,,,,,,,,,,
T1159,T1159,CASP15,7PZT,A,1,160,1,160,160,160,colabfold,1,results/2026-06-06-combine-8models/sequences/T1159.fasta,results/2026-06-06-combine-8models/predictions/T1159/colabfold,results/2026-06-06-combine-8models/predictions/T1159/colabfold/rank_001.pdb,results/2026-06-06-combine-8models/predictions/T1159/colabfold/rank_001.pdb,true,0,2026-06-04T02:42:21+02:00,2026-06-04T02:52:36+02:00,615,results/2026-06-06-combine-8models/logs/T1159_colabfold.log,bash runners/run_colabfold.sh results/2026-06-06-combine-8models/sequences/T1159.fasta results/2026-06-06-combine-8models/predictions/T1159/colabfold 1,,Check,Check,multiple equivalent chains match,1.000000,1.000000,1.000000,160,160,high,mapped from mmCIF atom_site CA records,All groups,A1,TecA tgat PDB code 7pzt,true,colabfold_mmseqs2,mmseqs2_uniref_env,colabfold,/data/chen/protein_folding_databases/colabfold,results/2026-06-06-combine-8models/predictions/T1159/colabfold/tmp_colabfold_msa_search/T1159_qc_Check_CASP15_7PZT_A_residue_1-160_seq_1-160_coverage_1.000000.a3m,505,7.89810711090337,0.016627593917691304,true,true,false,109,2.4091224154194446,0.005071836664040936,614.0,10.307229526322814,0.02169943058173224,,,,ColabFold local MMseqs2 MSA search measured separately from colabfold_batch inference.,,,,,,,,,,,
T1159,T1159,CASP15,7PZT,A,1,160,1,160,160,160,boltz2,1,results/2026-06-06-combine-8models/sequences/T1159.fasta,results/2026-06-06-combine-8models/predictions/T1159/boltz2,results/2026-06-06-combine-8models/predictions/T1159/boltz2/rank_001.pdb,results/2026-06-06-combine-8models/predictions/T1159/boltz2/rank_001.pdb,true,0,2026-06-04T02:52:36+02:00,2026-06-04T02:54:52+02:00,136,results/2026-06-06-combine-8models/logs/T1159_boltz2.log,SHARED_MSA_A3M_FILE=results/2026-06-06-combine-8models/predictions/T1159/colabfold/tmp_colabfold/T1159_qc_Check_CASP15_7PZT_A_residue_1-160_seq_1-160_coverage_1.000000.a3m SHARED_MSA_DIR=results/2026-06-06-combine-8models/predictions/T1159/colabfold/tmp_colabfold SHARED_MSA_METADATA_FILE=results/2026-06-06-combine-8models/metadata/prediction_manifest.csv bash runners/run_boltz2.sh results/2026-06-06-combine-8models/sequences/T1159.fasta results/2026-06-06-combine-8models/predictions/T1159/boltz2 1,,Check,Check,multiple equivalent chains match,1.000000,1.000000,1.000000,160,160,high,mapped from mmCIF atom_site CA records,All groups,A1,TecA tgat PDB code 7pzt,true,colabfold_mmseqs2,mmseqs2_uniref_env,colabfold,/data/chen/protein_folding_databases/colabfold,results/2026-06-06-combine-8models/predictions/T1159/colabfold/tmp_colabfold_msa_search/T1159_qc_Check_CASP15_7PZT_A_residue_1-160_seq_1-160_coverage_1.000000.a3m,505,7.89810711090337,0.016627593917691304,false,false,true,135.74596839991864,2.06434102189949,0.004345981098735768,640.7459683999186,9.962448132802859,0.020973575016427073,colabfold,results/2026-06-06-combine-8models/predictions/T1159/colabfold/tmp_colabfold_msa_search/T1159_qc_Check_CASP15_7PZT_A_residue_1-160_seq_1-160_coverage_1.000000.a3m,results/2026-06-06-combine-8models/predictions/T1159/colabfold/tmp_colabfold,runner CodeCarbon output: results/2026-06-06-combine-8models/predictions/T1159/boltz2/carbon/T1159_boltz2_inference_emissions.csv; Boltz-2 reused the ColabFold A3M; MSA build time/carbon copied from the colabfold row.,,,,,,,,,,,
T1159,T1159,CASP15,7PZT,A,1,160,1,160,160,160,openfold,1,results/2026-06-06-combine-8models/sequences/T1159.fasta,results/2026-06-06-combine-8models/predictions/T1159/openfold,results/2026-06-06-combine-8models/predictions/T1159/openfold/rank_001.pdb,results/2026-06-06-combine-8models/predictions/T1159/openfold/rank_001.pdb,true,0,2026-06-04T02:54:52+02:00,2026-06-04T02:55:19+02:00,27,results/2026-06-06-combine-8models/logs/T1159_openfold.log,SHARED_MSA_A3M_FILE=results/2026-06-06-combine-8models/predictions/T1159/colabfold/tmp_colabfold/T1159_qc_Check_CASP15_7PZT_A_residue_1-160_seq_1-160_coverage_1.000000.a3m SHARED_MSA_DIR=results/2026-06-06-combine-8models/predictions/T1159/colabfold/tmp_colabfold SHARED_MSA_METADATA_FILE=results/2026-06-06-combine-8models/metadata/prediction_manifest.csv bash runners/run_openfold_shared_msa.sh results/2026-06-06-combine-8models/sequences/T1159.fasta results/2026-06-06-combine-8models/predictions/T1159/openfold 1,,Check,Check,multiple equivalent chains match,1.000000,1.000000,1.000000,160,160,high,mapped from mmCIF atom_site CA records,All groups,A1,TecA tgat PDB code 7pzt,true,colabfold_mmseqs2,mmseqs2_uniref_env,colabfold,/data/chen/protein_folding_databases/colabfold,results/2026-06-06-combine-8models/predictions/T1159/colabfold/tmp_colabfold_msa_search/T1159_qc_Check_CASP15_7PZT_A_residue_1-160_seq_1-160_coverage_1.000000.a3m,505,7.89810711090337,0.016627593917691304,false,false,true,26.031810884014703,0.6844735678911402,0.0014409969850339795,531.0318108840147,8.58258067879451,0.018068590902725282,colabfold,results/2026-06-06-combine-8models/predictions/T1159/colabfold/tmp_colabfold_msa_search/T1159_qc_Check_CASP15_7PZT_A_residue_1-160_seq_1-160_coverage_1.000000.a3m,results/2026-06-06-combine-8models/predictions/T1159/colabfold/tmp_colabfold,runner CodeCarbon output: results/2026-06-06-combine-8models/predictions/T1159/openfold/carbon/T1159_openfold_inference_emissions.csv; OpenFold reused the ColabFold A3M; MSA build time/carbon copied from the colabfold row.,,,,,,,,,,,
T1159,T1159,CASP15,7PZT,A,1,160,1,160,160,160,protenix,1,results/2026-06-06-combine-8models/sequences/T1159.fasta,results/2026-06-06-combine-8models/predictions/T1159/protenix,results/2026-06-06-combine-8models/predictions/T1159/protenix/rank_001.pdb,results/2026-06-06-combine-8models/predictions/T1159/protenix/rank_001.pdb,true,0,2026-06-04T02:55:19+02:00,2026-06-04T02:56:40+02:00,81,results/2026-06-06-combine-8models/logs/T1159_protenix.log,SHARED_MSA_A3M_FILE=results/2026-06-06-combine-8models/predictions/T1159/colabfold/tmp_colabfold/T1159_qc_Check_CASP15_7PZT_A_residue_1-160_seq_1-160_coverage_1.000000.a3m SHARED_MSA_DIR=results/2026-06-06-combine-8models/predictions/T1159/colabfold/tmp_colabfold SHARED_MSA_METADATA_FILE=results/2026-06-06-combine-8models/metadata/prediction_manifest.csv bash runners/run_protenix_shared_msa.sh results/2026-06-06-combine-8models/sequences/T1159.fasta results/2026-06-06-combine-8models/predictions/T1159/protenix 1,,Check,Check,multiple equivalent chains match,1.000000,1.000000,1.000000,160,160,high,mapped from mmCIF atom_site CA records,All groups,A1,TecA tgat PDB code 7pzt,true,colabfold_mmseqs2,mmseqs2_uniref_env,colabfold,/data/chen/protein_folding_databases/colabfold,results/2026-06-06-combine-8models/predictions/T1159/colabfold/tmp_colabfold_msa_search/T1159_qc_Check_CASP15_7PZT_A_residue_1-160_seq_1-160_coverage_1.000000.a3m,505,7.89810711090337,0.016627593917691304,false,false,true,81.59585086605512,1.255890291824664,0.0026439795617361345,586.5958508660551,9.153997402728034,0.01927157347942744,colabfold,results/2026-06-06-combine-8models/predictions/T1159/colabfold/tmp_colabfold_msa_search/T1159_qc_Check_CASP15_7PZT_A_residue_1-160_seq_1-160_coverage_1.000000.a3m,results/2026-06-06-combine-8models/predictions/T1159/colabfold/tmp_colabfold,runner CodeCarbon output: results/2026-06-06-combine-8models/predictions/T1159/protenix/carbon/T1159_protenix_inference_emissions.csv; Protenix reused the ColabFold A3M; MSA build time/carbon copied from the colabfold row.,,,,,,,,,,,
T1159,T1159,CASP15,7PZT,A,1,160,1,160,160,160,af2,1,results/2026-06-06-combine-8models/sequences/T1159.fasta,results/2026-06-06-combine-8models/predictions/T1159/af2,results/2026-06-06-combine-8models/predictions/T1159/af2/rank_001.pdb,results/2026-06-06-combine-8models/predictions/T1159/af2/rank_001.pdb,true,0,,,,results/2026-06-06-combine-8models/logs/T1159_af2.log,bash runners/run_af2.sh results/2026-06-06-combine-8models/sequences/T1159.fasta results/2026-06-06-combine-8models/predictions/T1159/af2 1,skipped existing success,Check,Check,multiple equivalent chains match,1.000000,1.000000,1.000000,160,160,high,mapped from mmCIF atom_site CA records,All groups,A1,TecA tgat PDB code 7pzt,true,alphafold2_default,official_af2_database_search,alphafold,/data/chen/protein_folding_databases/alphafold,,1029.194291,27.007875428849644,0.056858685113367675,true,true,false,99.327662,3.1637673244668987,0.006660562788351366,1128.521953,30.171642753316544,0.06351924790171905,,,,,1029.194291,27.007875428849644,0.056858685113367675,99.327662,3.1637673244668987,0.006660562788351366,full_dbs,monomer,/data/chen/protein_folding_databases/alphafold/params,/data/chen/protein_folding_databases/alphafold,results/2026-06-06-combine-8models/predictions/T1159/af2/af2_features
T1183,T1183,CASP15,8IFX,B,1,195,1,200,200,200,chai1,1,results/2026-06-06-combine-8models/sequences/T1183.fasta,results/2026-06-06-combine-8models/predictions/T1183/chai1,results/2026-06-06-combine-8models/predictions/T1183/chai1/rank_001.pdb,results/2026-06-06-combine-8models/predictions/T1183/chai1/rank_001.pdb,true,0,2026-06-02T03:48:49+02:00,2026-06-02T03:56:26+02:00,457,results/2026-06-06-combine-8models/logs/T1183_chai1.log,bash runners/run_chai1.sh results/2026-06-06-combine-8models/sequences/T1183.fasta results/2026-06-06-combine-8models/predictions/T1183/chai1 1,,Yes,Yes,prefiltered A1 protein target with mapped residue range,1.000000,1.000000,0.975000,195,200,high,mapped from mmCIF atom_site CA records; 5 aligned positions lack resolved CA atoms,All groups,A1,TsaB PDB code 8ifx,,,,,,,,,,,,,456.6913687560009,6.477080919315136,0.013635959830137129,456.6913687560009,6.477080919315136,0.013635959830137129,,,,runner CodeCarbon output: results/2026-06-06-combine-8models/predictions/T1183/chai1/carbon/T1183_chai1_inference_emissions.csv,,,,,,,,,,,
T1183,T1183,CASP15,8IFX,B,1,195,1,200,200,200,esmfold,1,results/2026-06-06-combine-8models/sequences/T1183.fasta,results/2026-06-06-combine-8models/predictions/T1183/esmfold,results/2026-06-06-combine-8models/predictions/T1183/esmfold/rank_001.pdb,results/2026-06-06-combine-8models/predictions/T1183/esmfold/rank_001.pdb,true,0,2026-06-02T03:56:26+02:00,2026-06-02T03:58:08+02:00,102,results/2026-06-06-combine-8models/logs/T1183_esmfold.log,bash runners/run_esmfold.sh results/2026-06-06-combine-8models/sequences/T1183.fasta results/2026-06-06-combine-8models/predictions/T1183/esmfold 1,,Yes,Yes,prefiltered A1 protein target with mapped residue range,1.000000,1.000000,0.975000,195,200,high,mapped from mmCIF atom_site CA records; 5 aligned positions lack resolved CA atoms,All groups,A1,TsaB PDB code 8ifx,,,,,,,,,,,,,101.9692473729956,1.4343420487255634,0.003019667471001186,101.9692473729956,1.4343420487255634,0.003019667471001186,,,,runner CodeCarbon output: results/2026-06-06-combine-8models/predictions/T1183/esmfold/carbon/T1183_esmfold_inference_emissions.csv,,,,,,,,,,,
T1183,T1183,CASP15,8IFX,B,1,195,1,200,200,200,omegafold,1,results/2026-06-06-combine-8models/sequences/T1183.fasta,results/2026-06-06-combine-8models/predictions/T1183/omegafold,results/2026-06-06-combine-8models/predictions/T1183/omegafold/rank_001.pdb,results/2026-06-06-combine-8models/predictions/T1183/omegafold/rank_001.pdb,true,0,2026-06-02T03:58:08+02:00,2026-06-02T03:58:44+02:00,36,results/2026-06-06-combine-8models/logs/T1183_omegafold.log,bash runners/run_omegafold.sh results/2026-06-06-combine-8models/sequences/T1183.fasta results/2026-06-06-combine-8models/predictions/T1183/omegafold 1,,Yes,Yes,prefiltered A1 protein target with mapped residue range,1.000000,1.000000,0.975000,195,200,high,mapped from mmCIF atom_site CA records; 5 aligned positions lack resolved CA atoms,All groups,A1,TsaB PDB code 8ifx,,,,,,,,,,,,,35.37807371199597,0.9869489234070337,0.0020777872071727024,35.37807371199597,0.9869489234070337,0.0020777872071727024,,,,runner CodeCarbon output: results/2026-06-06-combine-8models/predictions/T1183/omegafold/carbon/T1183_omegafold_inference_emissions.csv,,,,,,,,,,,
T1183,T1183,CASP15,8IFX,B,1,195,1,200,200,200,colabfold,1,results/2026-06-06-combine-8models/sequences/T1183.fasta,results/2026-06-06-combine-8models/predictions/T1183/colabfold,results/2026-06-06-combine-8models/predictions/T1183/colabfold/rank_001.pdb,results/2026-06-06-combine-8models/predictions/T1183/colabfold/rank_001.pdb,true,0,2026-06-04T02:56:40+02:00,2026-06-04T03:07:26+02:00,646,results/2026-06-06-combine-8models/logs/T1183_colabfold.log,bash runners/run_colabfold.sh results/2026-06-06-combine-8models/sequences/T1183.fasta results/2026-06-06-combine-8models/predictions/T1183/colabfold 1,,Yes,Yes,prefiltered A1 protein target with mapped residue range,1.000000,1.000000,0.975000,195,200,high,mapped from mmCIF atom_site CA records; 5 aligned positions lack resolved CA atoms,All groups,A1,TsaB PDB code 8ifx,true,colabfold_mmseqs2,mmseqs2_uniref_env,colabfold,/data/chen/protein_folding_databases/colabfold,results/2026-06-06-combine-8models/predictions/T1183/colabfold/tmp_colabfold_msa_search/T1183_qc_Yes_CASP15_8IFX_B_residue_1-195_seq_1-200_coverage_0.975000.a3m,521,8.131117050689086,0.017118141159345446,true,true,false,124,2.7413335396281697,0.0057712285044803574,645.0,10.872450590317257,0.022889369663825803,,,,ColabFold local MMseqs2 MSA search measured separately from colabfold_batch inference.,,,,,,,,,,,
T1183,T1183,CASP15,8IFX,B,1,195,1,200,200,200,boltz2,1,results/2026-06-06-combine-8models/sequences/T1183.fasta,results/2026-06-06-combine-8models/predictions/T1183/boltz2,results/2026-06-06-combine-8models/predictions/T1183/boltz2/rank_001.pdb,results/2026-06-06-combine-8models/predictions/T1183/boltz2/rank_001.pdb,true,0,2026-06-04T03:07:26+02:00,2026-06-04T03:10:37+02:00,191,results/2026-06-06-combine-8models/logs/T1183_boltz2.log,SHARED_MSA_A3M_FILE=results/2026-06-06-combine-8models/predictions/T1183/colabfold/tmp_colabfold/T1183_qc_Yes_CASP15_8IFX_B_residue_1-195_seq_1-200_coverage_0.975000.a3m SHARED_MSA_DIR=results/2026-06-06-combine-8models/predictions/T1183/colabfold/tmp_colabfold SHARED_MSA_METADATA_FILE=results/2026-06-06-combine-8models/metadata/prediction_manifest.csv bash runners/run_boltz2.sh results/2026-06-06-combine-8models/sequences/T1183.fasta results/2026-06-06-combine-8models/predictions/T1183/boltz2 1,,Yes,Yes,prefiltered A1 protein target with mapped residue range,1.000000,1.000000,0.975000,195,200,high,mapped from mmCIF atom_site CA records; 5 aligned positions lack resolved CA atoms,All groups,A1,TsaB PDB code 8ifx,true,colabfold_mmseqs2,mmseqs2_uniref_env,colabfold,/data/chen/protein_folding_databases/colabfold,results/2026-06-06-combine-8models/predictions/T1183/colabfold/tmp_colabfold_msa_search/T1183_qc_Yes_CASP15_8IFX_B_residue_1-195_seq_1-200_coverage_0.975000.a3m,521,8.131117050689086,0.017118141159345446,false,false,true,190.01365170709323,2.8545344204635663,0.00600954614834435,711.0136517070932,10.985651471152654,0.023127687307689798,colabfold,results/2026-06-06-combine-8models/predictions/T1183/colabfold/tmp_colabfold_msa_search/T1183_qc_Yes_CASP15_8IFX_B_residue_1-195_seq_1-200_coverage_0.975000.a3m,results/2026-06-06-combine-8models/predictions/T1183/colabfold/tmp_colabfold,runner CodeCarbon output: results/2026-06-06-combine-8models/predictions/T1183/boltz2/carbon/T1183_boltz2_inference_emissions.csv; Boltz-2 reused the ColabFold A3M; MSA build time/carbon copied from the colabfold row.,,,,,,,,,,,
T1183,T1183,CASP15,8IFX,B,1,195,1,200,200,200,openfold,1,results/2026-06-06-combine-8models/sequences/T1183.fasta,results/2026-06-06-combine-8models/predictions/T1183/openfold,results/2026-06-06-combine-8models/predictions/T1183/openfold/rank_001.pdb,results/2026-06-06-combine-8models/predictions/T1183/openfold/rank_001.pdb,true,0,2026-06-04T03:10:37+02:00,2026-06-04T03:11:08+02:00,31,results/2026-06-06-combine-8models/logs/T1183_openfold.log,SHARED_MSA_A3M_FILE=results/2026-06-06-combine-8models/predictions/T1183/colabfold/tmp_colabfold/T1183_qc_Yes_CASP15_8IFX_B_residue_1-195_seq_1-200_coverage_0.975000.a3m SHARED_MSA_DIR=results/2026-06-06-combine-8models/predictions/T1183/colabfold/tmp_colabfold SHARED_MSA_METADATA_FILE=results/2026-06-06-combine-8models/metadata/prediction_manifest.csv bash runners/run_openfold_shared_msa.sh results/2026-06-06-combine-8models/sequences/T1183.fasta results/2026-06-06-combine-8models/predictions/T1183/openfold 1,,Yes,Yes,prefiltered A1 protein target with mapped residue range,1.000000,1.000000,0.975000,195,200,high,mapped from mmCIF atom_site CA records; 5 aligned positions lack resolved CA atoms,All groups,A1,TsaB PDB code 8ifx,true,colabfold_mmseqs2,mmseqs2_uniref_env,colabfold,/data/chen/protein_folding_databases/colabfold,results/2026-06-06-combine-8models/predictions/T1183/colabfold/tmp_colabfold_msa_search/T1183_qc_Yes_CASP15_8IFX_B_residue_1-195_seq_1-200_coverage_0.975000.a3m,521,8.131117050689086,0.017118141159345446,false,false,true,31.415731474990025,0.8900068555787786,0.0018736986433237443,552.41573147499,9.021123906267865,0.01899183980266919,colabfold,results/2026-06-06-combine-8models/predictions/T1183/colabfold/tmp_colabfold_msa_search/T1183_qc_Yes_CASP15_8IFX_B_residue_1-195_seq_1-200_coverage_0.975000.a3m,results/2026-06-06-combine-8models/predictions/T1183/colabfold/tmp_colabfold,runner CodeCarbon output: results/2026-06-06-combine-8models/predictions/T1183/openfold/carbon/T1183_openfold_inference_emissions.csv; OpenFold reused the ColabFold A3M; MSA build time/carbon copied from the colabfold row.,,,,,,,,,,,
T1183,T1183,CASP15,8IFX,B,1,195,1,200,200,200,protenix,1,results/2026-06-06-combine-8models/sequences/T1183.fasta,results/2026-06-06-combine-8models/predictions/T1183/protenix,results/2026-06-06-combine-8models/predictions/T1183/protenix/rank_001.pdb,results/2026-06-06-combine-8models/predictions/T1183/protenix/rank_001.pdb,true,0,2026-06-04T03:11:08+02:00,2026-06-04T03:12:30+02:00,82,results/2026-06-06-combine-8models/logs/T1183_protenix.log,SHARED_MSA_A3M_FILE=results/2026-06-06-combine-8models/predictions/T1183/colabfold/tmp_colabfold/T1183_qc_Yes_CASP15_8IFX_B_residue_1-195_seq_1-200_coverage_0.975000.a3m SHARED_MSA_DIR=results/2026-06-06-combine-8models/predictions/T1183/colabfold/tmp_colabfold SHARED_MSA_METADATA_FILE=results/2026-06-06-combine-8models/metadata/prediction_manifest.csv bash runners/run_protenix_shared_msa.sh results/2026-06-06-combine-8models/sequences/T1183.fasta results/2026-06-06-combine-8models/predictions/T1183/protenix 1,,Yes,Yes,prefiltered A1 protein target with mapped residue range,1.000000,1.000000,0.975000,195,200,high,mapped from mmCIF atom_site CA records; 5 aligned positions lack resolved CA atoms,All groups,A1,TsaB PDB code 8ifx,true,colabfold_mmseqs2,mmseqs2_uniref_env,colabfold,/data/chen/protein_folding_databases/colabfold,results/2026-06-06-combine-8models/predictions/T1183/colabfold/tmp_colabfold_msa_search/T1183_qc_Yes_CASP15_8IFX_B_residue_1-195_seq_1-200_coverage_0.975000.a3m,521,8.131117050689086,0.017118141159345446,false,false,true,81.8270315049449,1.2656022156519957,0.0026644257171620964,602.8270315049449,9.396719266341082,0.01978256687650754,colabfold,results/2026-06-06-combine-8models/predictions/T1183/colabfold/tmp_colabfold_msa_search/T1183_qc_Yes_CASP15_8IFX_B_residue_1-195_seq_1-200_coverage_0.975000.a3m,results/2026-06-06-combine-8models/predictions/T1183/colabfold/tmp_colabfold,runner CodeCarbon output: results/2026-06-06-combine-8models/predictions/T1183/protenix/carbon/T1183_protenix_inference_emissions.csv; Protenix reused the ColabFold A3M; MSA build time/carbon copied from the colabfold row.,,,,,,,,,,,
T1183,T1183,CASP15,8IFX,B,1,195,1,200,200,200,af2,1,results/2026-06-06-combine-8models/sequences/T1183.fasta,results/2026-06-06-combine-8models/predictions/T1183/af2,results/2026-06-06-combine-8models/predictions/T1183/af2/rank_001.pdb,results/2026-06-06-combine-8models/predictions/T1183/af2/rank_001.pdb,true,0,,,,results/2026-06-06-combine-8models/logs/T1183_af2.log,bash runners/run_af2.sh results/2026-06-06-combine-8models/sequences/T1183.fasta results/2026-06-06-combine-8models/predictions/T1183/af2 1,skipped existing success,Yes,Yes,prefiltered A1 protein target with mapped residue range,1.000000,1.000000,0.975000,195,200,high,mapped from mmCIF atom_site CA records; 5 aligned positions lack resolved CA atoms,All groups,A1,TsaB PDB code 8ifx,true,alphafold2_default,official_af2_database_search,alphafold,/data/chen/protein_folding_databases/alphafold,,1083.014001,28.373228947791322,0.05973311357429752,true,true,false,105.338065,3.502569359412075,0.00737383023034121,1188.352066,31.875798307203397,0.06710694380463873,,,,,1083.014001,28.373228947791322,0.05973311357429752,105.338065,3.502569359412075,0.00737383023034121,full_dbs,monomer,/data/chen/protein_folding_databases/alphafold/params,/data/chen/protein_folding_databases/alphafold,results/2026-06-06-combine-8models/predictions/T1183/af2/af2_features
T1185s1,T1185s1,CASP15,8OUY,A,4,73,1,350,350,350,chai1,1,results/2026-06-06-combine-8models/sequences/T1185s1.fasta,results/2026-06-06-combine-8models/predictions/T1185s1/chai1,results/2026-06-06-combine-8models/predictions/T1185s1/chai1/rank_001.pdb,results/2026-06-06-combine-8models/predictions/T1185s1/chai1/rank_001.pdb,true,0,2026-06-02T03:58:44+02:00,2026-06-02T04:16:01+02:00,1037,results/2026-06-06-combine-8models/logs/T1185s1_chai1.log,bash runners/run_chai1.sh results/2026-06-06-combine-8models/sequences/T1185s1.fasta results/2026-06-06-combine-8models/predictions/T1185s1/chai1 1,,Check,Check,reference coverage below threshold 0.200,1.000000,1.000000,0.200000,70,350,high,mapped from mmCIF atom_site CA records; 280 aligned positions lack resolved CA atoms,All groups,A1,BCDX2 PDB code 8ouy,,,,,,,,,,,,,1037.0882695000037,14.566427911942416,0.03066616402514193,1037.0882695000037,14.566427911942416,0.03066616402514193,,,,runner CodeCarbon output: results/2026-06-06-combine-8models/predictions/T1185s1/chai1/carbon/T1185s1_chai1_inference_emissions.csv,,,,,,,,,,,
T1185s1,T1185s1,CASP15,8OUY,A,4,73,1,350,350,350,esmfold,1,results/2026-06-06-combine-8models/sequences/T1185s1.fasta,results/2026-06-06-combine-8models/predictions/T1185s1/esmfold,results/2026-06-06-combine-8models/predictions/T1185s1/esmfold/rank_001.pdb,results/2026-06-06-combine-8models/predictions/T1185s1/esmfold/rank_001.pdb,true,0,2026-06-02T04:16:01+02:00,2026-06-02T04:21:35+02:00,334,results/2026-06-06-combine-8models/logs/T1185s1_esmfold.log,bash runners/run_esmfold.sh results/2026-06-06-combine-8models/sequences/T1185s1.fasta results/2026-06-06-combine-8models/predictions/T1185s1/esmfold 1,,Check,Check,reference coverage below threshold 0.200,1.000000,1.000000,0.200000,70,350,high,mapped from mmCIF atom_site CA records; 280 aligned positions lack resolved CA atoms,All groups,A1,BCDX2 PDB code 8ouy,,,,,,,,,,,,,334.3436248829821,4.862296620969751,0.010236413938883686,334.3436248829821,4.862296620969751,0.010236413938883686,,,,runner CodeCarbon output: results/2026-06-06-combine-8models/predictions/T1185s1/esmfold/carbon/T1185s1_esmfold_inference_emissions.csv,,,,,,,,,,,
T1185s1,T1185s1,CASP15,8OUY,A,4,73,1,350,350,350,omegafold,1,results/2026-06-06-combine-8models/sequences/T1185s1.fasta,results/2026-06-06-combine-8models/predictions/T1185s1/omegafold,results/2026-06-06-combine-8models/predictions/T1185s1/omegafold/rank_001.pdb,results/2026-06-06-combine-8models/predictions/T1185s1/omegafold/rank_001.pdb,true,0,2026-06-02T04:21:35+02:00,2026-06-02T04:23:13+02:00,98,results/2026-06-06-combine-8models/logs/T1185s1_omegafold.log,bash runners/run_omegafold.sh results/2026-06-06-combine-8models/sequences/T1185s1.fasta results/2026-06-06-combine-8models/predictions/T1185s1/omegafold 1,,Check,Check,reference coverage below threshold 0.200,1.000000,1.000000,0.200000,70,350,high,mapped from mmCIF atom_site CA records; 280 aligned positions lack resolved CA atoms,All groups,A1,BCDX2 PDB code 8ouy,,,,,,,,,,,,,97.7251846040017,3.13117029238385,0.00659193745765021,97.7251846040017,3.13117029238385,0.00659193745765021,,,,runner CodeCarbon output: results/2026-06-06-combine-8models/predictions/T1185s1/omegafold/carbon/T1185s1_omegafold_inference_emissions.csv,,,,,,,,,,,
T1185s1,T1185s1,CASP15,8OUY,A,4,73,1,350,350,350,colabfold,1,results/2026-06-06-combine-8models/sequences/T1185s1.fasta,results/2026-06-06-combine-8models/predictions/T1185s1/colabfold,results/2026-06-06-combine-8models/predictions/T1185s1/colabfold/rank_001.pdb,results/2026-06-06-combine-8models/predictions/T1185s1/colabfold/rank_001.pdb,true,0,2026-06-04T03:12:30+02:00,2026-06-04T03:24:01+02:00,691,results/2026-06-06-combine-8models/logs/T1185s1_colabfold.log,bash runners/run_colabfold.sh results/2026-06-06-combine-8models/sequences/T1185s1.fasta results/2026-06-06-combine-8models/predictions/T1185s1/colabfold 1,,Check,Check,reference coverage below threshold 0.200,1.000000,1.000000,0.200000,70,350,high,mapped from mmCIF atom_site CA records; 280 aligned positions lack resolved CA atoms,All groups,A1,BCDX2 PDB code 8ouy,true,colabfold_mmseqs2,mmseqs2_uniref_env,colabfold,/data/chen/protein_folding_databases/colabfold,results/2026-06-06-combine-8models/predictions/T1185s1/colabfold/tmp_colabfold_msa_search/T1185s1_qc_Check_CASP15_8OUY_A_residue_4-73_seq_1-350_coverage_0.200000.a3m,534,8.388926013571812,0.017660896870677498,true,true,false,155,3.501012505399682,0.007370552642946699,689.0,11.889938518971494,0.025031449513624196,,,,ColabFold local MMseqs2 MSA search measured separately from colabfold_batch inference.,,,,,,,,,,,
T1185s1,T1185s1,CASP15,8OUY,A,4,73,1,350,350,350,boltz2,1,results/2026-06-06-combine-8models/sequences/T1185s1.fasta,results/2026-06-06-combine-8models/predictions/T1185s1/boltz2,results/2026-06-06-combine-8models/predictions/T1185s1/boltz2/rank_001.pdb,results/2026-06-06-combine-8models/predictions/T1185s1/boltz2/rank_001.pdb,true,0,2026-06-04T03:24:01+02:00,2026-06-04T03:32:38+02:00,517,results/2026-06-06-combine-8models/logs/T1185s1_boltz2.log,SHARED_MSA_A3M_FILE=results/2026-06-06-combine-8models/predictions/T1185s1/colabfold/tmp_colabfold/T1185s1_qc_Check_CASP15_8OUY_A_residue_4-73_seq_1-350_coverage_0.200000.a3m SHARED_MSA_DIR=results/2026-06-06-combine-8models/predictions/T1185s1/colabfold/tmp_colabfold SHARED_MSA_METADATA_FILE=results/2026-06-06-combine-8models/metadata/prediction_manifest.csv bash runners/run_boltz2.sh results/2026-06-06-combine-8models/sequences/T1185s1.fasta results/2026-06-06-combine-8models/predictions/T1185s1/boltz2 1,,Check,Check,reference coverage below threshold 0.200,1.000000,1.000000,0.200000,70,350,high,mapped from mmCIF atom_site CA records; 280 aligned positions lack resolved CA atoms,All groups,A1,BCDX2 PDB code 8ouy,true,colabfold_mmseqs2,mmseqs2_uniref_env,colabfold,/data/chen/protein_folding_databases/colabfold,results/2026-06-06-combine-8models/predictions/T1185s1/colabfold/tmp_colabfold_msa_search/T1185s1_qc_Check_CASP15_8OUY_A_residue_4-73_seq_1-350_coverage_0.200000.a3m,534,8.388926013571812,0.017660896870677498,false,false,true,517.5359492440475,7.491760277210944,0.01577212689939146,1051.5359492440475,15.880686290782755,0.03343302377006896,colabfold,results/2026-06-06-combine-8models/predictions/T1185s1/colabfold/tmp_colabfold_msa_search/T1185s1_qc_Check_CASP15_8OUY_A_residue_4-73_seq_1-350_coverage_0.200000.a3m,results/2026-06-06-combine-8models/predictions/T1185s1/colabfold/tmp_colabfold,runner CodeCarbon output: results/2026-06-06-combine-8models/predictions/T1185s1/boltz2/carbon/T1185s1_boltz2_inference_emissions.csv; Boltz-2 reused the ColabFold A3M; MSA build time/carbon copied from the colabfold row.,,,,,,,,,,,
T1185s1,T1185s1,CASP15,8OUY,A,4,73,1,350,350,350,openfold,1,results/2026-06-06-combine-8models/sequences/T1185s1.fasta,results/2026-06-06-combine-8models/predictions/T1185s1/openfold,results/2026-06-06-combine-8models/predictions/T1185s1/openfold/rank_001.pdb,results/2026-06-06-combine-8models/predictions/T1185s1/openfold/rank_001.pdb,true,0,2026-06-04T03:32:38+02:00,2026-06-04T03:33:40+02:00,62,results/2026-06-06-combine-8models/logs/T1185s1_openfold.log,SHARED_MSA_A3M_FILE=results/2026-06-06-combine-8models/predictions/T1185s1/colabfold/tmp_colabfold/T1185s1_qc_Check_CASP15_8OUY_A_residue_4-73_seq_1-350_coverage_0.200000.a3m SHARED_MSA_DIR=results/2026-06-06-combine-8models/predictions/T1185s1/colabfold/tmp_colabfold SHARED_MSA_METADATA_FILE=results/2026-06-06-combine-8models/metadata/prediction_manifest.csv bash runners/run_openfold_shared_msa.sh results/2026-06-06-combine-8models/sequences/T1185s1.fasta results/2026-06-06-combine-8models/predictions/T1185s1/openfold 1,,Check,Check,reference coverage below threshold 0.200,1.000000,1.000000,0.200000,70,350,high,mapped from mmCIF atom_site CA records; 280 aligned positions lack resolved CA atoms,All groups,A1,BCDX2 PDB code 8ouy,true,colabfold_mmseqs2,mmseqs2_uniref_env,colabfold,/data/chen/protein_folding_databases/colabfold,results/2026-06-06-combine-8models/predictions/T1185s1/colabfold/tmp_colabfold_msa_search/T1185s1_qc_Check_CASP15_8OUY_A_residue_4-73_seq_1-350_coverage_0.200000.a3m,534,8.388926013571812,0.017660896870677498,false,false,true,61.811412112088874,1.9364726808626176,0.004076784591289721,595.8114121120889,10.32539869443443,0.02173768146196722,colabfold,results/2026-06-06-combine-8models/predictions/T1185s1/colabfold/tmp_colabfold_msa_search/T1185s1_qc_Check_CASP15_8OUY_A_residue_4-73_seq_1-350_coverage_0.200000.a3m,results/2026-06-06-combine-8models/predictions/T1185s1/colabfold/tmp_colabfold,runner CodeCarbon output: results/2026-06-06-combine-8models/predictions/T1185s1/openfold/carbon/T1185s1_openfold_inference_emissions.csv; OpenFold reused the ColabFold A3M; MSA build time/carbon copied from the colabfold row.,,,,,,,,,,,
T1185s1,T1185s1,CASP15,8OUY,A,4,73,1,350,350,350,protenix,1,results/2026-06-06-combine-8models/sequences/T1185s1.fasta,results/2026-06-06-combine-8models/predictions/T1185s1/protenix,results/2026-06-06-combine-8models/predictions/T1185s1/protenix/rank_001.pdb,results/2026-06-06-combine-8models/predictions/T1185s1/protenix/rank_001.pdb,true,0,2026-06-04T03:33:40+02:00,2026-06-04T03:35:09+02:00,89,results/2026-06-06-combine-8models/logs/T1185s1_protenix.log,SHARED_MSA_A3M_FILE=results/2026-06-06-combine-8models/predictions/T1185s1/colabfold/tmp_colabfold/T1185s1_qc_Check_CASP15_8OUY_A_residue_4-73_seq_1-350_coverage_0.200000.a3m SHARED_MSA_DIR=results/2026-06-06-combine-8models/predictions/T1185s1/colabfold/tmp_colabfold SHARED_MSA_METADATA_FILE=results/2026-06-06-combine-8models/metadata/prediction_manifest.csv bash runners/run_protenix_shared_msa.sh results/2026-06-06-combine-8models/sequences/T1185s1.fasta results/2026-06-06-combine-8models/predictions/T1185s1/protenix 1,,Check,Check,reference coverage below threshold 0.200,1.000000,1.000000,0.200000,70,350,high,mapped from mmCIF atom_site CA records; 280 aligned positions lack resolved CA atoms,All groups,A1,BCDX2 PDB code 8ouy,true,colabfold_mmseqs2,mmseqs2_uniref_env,colabfold,/data/chen/protein_folding_databases/colabfold,results/2026-06-06-combine-8models/predictions/T1185s1/colabfold/tmp_colabfold_msa_search/T1185s1_qc_Check_CASP15_8OUY_A_residue_4-73_seq_1-350_coverage_0.200000.a3m,534,8.388926013571812,0.017660896870677498,false,false,true,88.3897415389074,1.5153472843210753,0.0031902048090970006,622.3897415389074,9.904273297892887,0.020851101679774497,colabfold,results/2026-06-06-combine-8models/predictions/T1185s1/colabfold/tmp_colabfold_msa_search/T1185s1_qc_Check_CASP15_8OUY_A_residue_4-73_seq_1-350_coverage_0.200000.a3m,results/2026-06-06-combine-8models/predictions/T1185s1/colabfold/tmp_colabfold,runner CodeCarbon output: results/2026-06-06-combine-8models/predictions/T1185s1/protenix/carbon/T1185s1_protenix_inference_emissions.csv; Protenix reused the ColabFold A3M; MSA build time/carbon copied from the colabfold row.,,,,,,,,,,,
T1185s1,T1185s1,CASP15,8OUY,A,4,73,1,350,350,350,af2,1,results/2026-06-06-combine-8models/sequences/T1185s1.fasta,results/2026-06-06-combine-8models/predictions/T1185s1/af2,results/2026-06-06-combine-8models/predictions/T1185s1/af2/rank_001.pdb,results/2026-06-06-combine-8models/predictions/T1185s1/af2/rank_001.pdb,false,1,2026-06-06T16:34:37+02:00,2026-06-06T16:54:31+02:00,1194,results/2026-06-06-combine-8models/logs/T1185s1_af2.log,bash runners/run_af2.sh results/2026-06-06-combine-8models/sequences/T1185s1.fasta results/2026-06-06-combine-8models/predictions/T1185s1/af2 1,runner failed or rank_001.pdb missing; see results/2026-06-06-combine-8models/logs/T1185s1_af2.log,Check,Check,reference coverage below threshold 0.200,1.000000,1.000000,0.200000,70,350,high,mapped from mmCIF atom_site CA records; 280 aligned positions lack resolved CA atoms,All groups,A1,BCDX2 PDB code 8ouy,,,,,,,,,,,,,1194,,,1194.0,,,,,,,,,,,,,,,,,
T1185s2,T1185s2,CASP15,8OUY,B,10,349,1,376,376,376,chai1,1,results/2026-06-06-combine-8models/sequences/T1185s2.fasta,results/2026-06-06-combine-8models/predictions/T1185s2/chai1,results/2026-06-06-combine-8models/predictions/T1185s2/chai1/rank_001.pdb,results/2026-06-06-combine-8models/predictions/T1185s2/chai1/rank_001.pdb,true,0,2026-06-02T04:23:13+02:00,2026-06-02T04:38:48+02:00,935,results/2026-06-06-combine-8models/logs/T1185s2_chai1.log,bash runners/run_chai1.sh results/2026-06-06-combine-8models/sequences/T1185s2.fasta results/2026-06-06-combine-8models/predictions/T1185s2/chai1 1,,Yes,Yes,prefiltered A1 protein target with mapped residue range,1.000000,1.000000,0.832447,313,376,high,mapped from mmCIF atom_site CA records; 63 aligned positions lack resolved CA atoms,All groups,A1,BCDX2 PDB code 8ouy,,,,,,,,,,,,,934.6739028190495,13.171864790875636,0.027730241665001338,934.6739028190495,13.171864790875636,0.027730241665001338,,,,runner CodeCarbon output: results/2026-06-06-combine-8models/predictions/T1185s2/chai1/carbon/T1185s2_chai1_inference_emissions.csv,,,,,,,,,,,
T1185s2,T1185s2,CASP15,8OUY,B,10,349,1,376,376,376,esmfold,1,results/2026-06-06-combine-8models/sequences/T1185s2.fasta,results/2026-06-06-combine-8models/predictions/T1185s2/esmfold,results/2026-06-06-combine-8models/predictions/T1185s2/esmfold/rank_001.pdb,results/2026-06-06-combine-8models/predictions/T1185s2/esmfold/rank_001.pdb,true,0,2026-06-02T04:38:48+02:00,2026-06-02T04:44:48+02:00,360,results/2026-06-06-combine-8models/logs/T1185s2_esmfold.log,bash runners/run_esmfold.sh results/2026-06-06-combine-8models/sequences/T1185s2.fasta results/2026-06-06-combine-8models/predictions/T1185s2/esmfold 1,,Yes,Yes,prefiltered A1 protein target with mapped residue range,1.000000,1.000000,0.832447,313,376,high,mapped from mmCIF atom_site CA records; 63 aligned positions lack resolved CA atoms,All groups,A1,BCDX2 PDB code 8ouy,,,,,,,,,,,,,359.459076817031,5.218008004721005,0.010985280009938958,359.459076817031,5.218008004721005,0.010985280009938958,,,,runner CodeCarbon output: results/2026-06-06-combine-8models/predictions/T1185s2/esmfold/carbon/T1185s2_esmfold_inference_emissions.csv,,,,,,,,,,,
T1185s2,T1185s2,CASP15,8OUY,B,10,349,1,376,376,376,omegafold,1,results/2026-06-06-combine-8models/sequences/T1185s2.fasta,results/2026-06-06-combine-8models/predictions/T1185s2/omegafold,results/2026-06-06-combine-8models/predictions/T1185s2/omegafold/rank_001.pdb,results/2026-06-06-combine-8models/predictions/T1185s2/omegafold/rank_001.pdb,true,0,2026-06-02T04:44:48+02:00,2026-06-02T04:46:39+02:00,111,results/2026-06-06-combine-8models/logs/T1185s2_omegafold.log,bash runners/run_omegafold.sh results/2026-06-06-combine-8models/sequences/T1185s2.fasta results/2026-06-06-combine-8models/predictions/T1185s2/omegafold 1,,Yes,Yes,prefiltered A1 protein target with mapped residue range,1.000000,1.000000,0.832447,313,376,high,mapped from mmCIF atom_site CA records; 63 aligned positions lack resolved CA atoms,All groups,A1,BCDX2 PDB code 8ouy,,,,,,,,,,,,,111.14000265399227,3.5832412982725725,0.007543665891100153,111.14000265399227,3.5832412982725725,0.007543665891100153,,,,runner CodeCarbon output: results/2026-06-06-combine-8models/predictions/T1185s2/omegafold/carbon/T1185s2_omegafold_inference_emissions.csv,,,,,,,,,,,
T1185s2,T1185s2,CASP15,8OUY,B,10,349,1,376,376,376,colabfold,1,results/2026-06-06-combine-8models/sequences/T1185s2.fasta,results/2026-06-06-combine-8models/predictions/T1185s2/colabfold,results/2026-06-06-combine-8models/predictions/T1185s2/colabfold/rank_001.pdb,results/2026-06-06-combine-8models/predictions/T1185s2/colabfold/rank_001.pdb,true,0,2026-06-04T03:35:09+02:00,2026-06-04T03:46:24+02:00,675,results/2026-06-06-combine-8models/logs/T1185s2_colabfold.log,bash runners/run_colabfold.sh results/2026-06-06-combine-8models/sequences/T1185s2.fasta results/2026-06-06-combine-8models/predictions/T1185s2/colabfold 1,,Yes,Yes,prefiltered A1 protein target with mapped residue range,1.000000,1.000000,0.832447,313,376,high,mapped from mmCIF atom_site CA records; 63 aligned positions lack resolved CA atoms,All groups,A1,BCDX2 PDB code 8ouy,true,colabfold_mmseqs2,mmseqs2_uniref_env,colabfold,/data/chen/protein_folding_databases/colabfold,results/2026-06-06-combine-8models/predictions/T1185s2/colabfold/tmp_colabfold_msa_search/T1185s2_qc_Yes_CASP15_8OUY_B_residue_10-349_seq_1-376_coverage_0.832447.a3m,539,8.50822798175908,0.017912058908966483,true,true,false,135,3.2198822219573042,0.0067786994146469565,674.0,11.728110203716383,0.024690758323613442,,,,ColabFold local MMseqs2 MSA search measured separately from colabfold_batch inference.,,,,,,,,,,,
T1185s2,T1185s2,CASP15,8OUY,B,10,349,1,376,376,376,boltz2,1,results/2026-06-06-combine-8models/sequences/T1185s2.fasta,results/2026-06-06-combine-8models/predictions/T1185s2/boltz2,results/2026-06-06-combine-8models/predictions/T1185s2/boltz2/rank_001.pdb,results/2026-06-06-combine-8models/predictions/T1185s2/boltz2/rank_001.pdb,true,0,2026-06-04T03:46:25+02:00,2026-06-04T03:57:12+02:00,647,results/2026-06-06-combine-8models/logs/T1185s2_boltz2.log,SHARED_MSA_A3M_FILE=results/2026-06-06-combine-8models/predictions/T1185s2/colabfold/tmp_colabfold/T1185s2_qc_Yes_CASP15_8OUY_B_residue_10-349_seq_1-376_coverage_0.832447.a3m SHARED_MSA_DIR=results/2026-06-06-combine-8models/predictions/T1185s2/colabfold/tmp_colabfold SHARED_MSA_METADATA_FILE=results/2026-06-06-combine-8models/metadata/prediction_manifest.csv bash runners/run_boltz2.sh results/2026-06-06-combine-8models/sequences/T1185s2.fasta results/2026-06-06-combine-8models/predictions/T1185s2/boltz2 1,,Yes,Yes,prefiltered A1 protein target with mapped residue range,1.000000,1.000000,0.832447,313,376,high,mapped from mmCIF atom_site CA records; 63 aligned positions lack resolved CA atoms,All groups,A1,BCDX2 PDB code 8ouy,true,colabfold_mmseqs2,mmseqs2_uniref_env,colabfold,/data/chen/protein_folding_databases/colabfold,results/2026-06-06-combine-8models/predictions/T1185s2/colabfold/tmp_colabfold_msa_search/T1185s2_qc_Yes_CASP15_8OUY_B_residue_10-349_seq_1-376_coverage_0.832447.a3m,539,8.50822798175908,0.017912058908966483,false,false,true,647.5668914540438,9.295281421057988,0.019569013518016817,1186.5668914540438,17.803509402817067,0.0374810724269833,colabfold,results/2026-06-06-combine-8models/predictions/T1185s2/colabfold/tmp_colabfold_msa_search/T1185s2_qc_Yes_CASP15_8OUY_B_residue_10-349_seq_1-376_coverage_0.832447.a3m,results/2026-06-06-combine-8models/predictions/T1185s2/colabfold/tmp_colabfold,runner CodeCarbon output: results/2026-06-06-combine-8models/predictions/T1185s2/boltz2/carbon/T1185s2_boltz2_inference_emissions.csv; Boltz-2 reused the ColabFold A3M; MSA build time/carbon copied from the colabfold row.,,,,,,,,,,,
T1185s2,T1185s2,CASP15,8OUY,B,10,349,1,376,376,376,openfold,1,results/2026-06-06-combine-8models/sequences/T1185s2.fasta,results/2026-06-06-combine-8models/predictions/T1185s2/openfold,results/2026-06-06-combine-8models/predictions/T1185s2/openfold/rank_001.pdb,results/2026-06-06-combine-8models/predictions/T1185s2/openfold/rank_001.pdb,true,0,2026-06-04T03:57:12+02:00,2026-06-04T03:58:20+02:00,68,results/2026-06-06-combine-8models/logs/T1185s2_openfold.log,SHARED_MSA_A3M_FILE=results/2026-06-06-combine-8models/predictions/T1185s2/colabfold/tmp_colabfold/T1185s2_qc_Yes_CASP15_8OUY_B_residue_10-349_seq_1-376_coverage_0.832447.a3m SHARED_MSA_DIR=results/2026-06-06-combine-8models/predictions/T1185s2/colabfold/tmp_colabfold SHARED_MSA_METADATA_FILE=results/2026-06-06-combine-8models/metadata/prediction_manifest.csv bash runners/run_openfold_shared_msa.sh results/2026-06-06-combine-8models/sequences/T1185s2.fasta results/2026-06-06-combine-8models/predictions/T1185s2/openfold 1,,Yes,Yes,prefiltered A1 protein target with mapped residue range,1.000000,1.000000,0.832447,313,376,high,mapped from mmCIF atom_site CA records; 63 aligned positions lack resolved CA atoms,All groups,A1,BCDX2 PDB code 8ouy,true,colabfold_mmseqs2,mmseqs2_uniref_env,colabfold,/data/chen/protein_folding_databases/colabfold,results/2026-06-06-combine-8models/predictions/T1185s2/colabfold/tmp_colabfold_msa_search/T1185s2_qc_Yes_CASP15_8OUY_B_residue_10-349_seq_1-376_coverage_0.832447.a3m,539,8.50822798175908,0.017912058908966483,false,false,true,67.7366032799473,2.155823559289068,0.004538575914292775,606.7366032799473,10.664051541048147,0.022450634823259256,colabfold,results/2026-06-06-combine-8models/predictions/T1185s2/colabfold/tmp_colabfold_msa_search/T1185s2_qc_Yes_CASP15_8OUY_B_residue_10-349_seq_1-376_coverage_0.832447.a3m,results/2026-06-06-combine-8models/predictions/T1185s2/colabfold/tmp_colabfold,runner CodeCarbon output: results/2026-06-06-combine-8models/predictions/T1185s2/openfold/carbon/T1185s2_openfold_inference_emissions.csv; OpenFold reused the ColabFold A3M; MSA build time/carbon copied from the colabfold row.,,,,,,,,,,,
T1185s2,T1185s2,CASP15,8OUY,B,10,349,1,376,376,376,protenix,1,results/2026-06-06-combine-8models/sequences/T1185s2.fasta,results/2026-06-06-combine-8models/predictions/T1185s2/protenix,results/2026-06-06-combine-8models/predictions/T1185s2/protenix/rank_001.pdb,results/2026-06-06-combine-8models/predictions/T1185s2/protenix/rank_001.pdb,true,0,2026-06-04T03:58:20+02:00,2026-06-04T03:59:50+02:00,90,results/2026-06-06-combine-8models/logs/T1185s2_protenix.log,SHARED_MSA_A3M_FILE=results/2026-06-06-combine-8models/predictions/T1185s2/colabfold/tmp_colabfold/T1185s2_qc_Yes_CASP15_8OUY_B_residue_10-349_seq_1-376_coverage_0.832447.a3m SHARED_MSA_DIR=results/2026-06-06-combine-8models/predictions/T1185s2/colabfold/tmp_colabfold SHARED_MSA_METADATA_FILE=results/2026-06-06-combine-8models/metadata/prediction_manifest.csv bash runners/run_protenix_shared_msa.sh results/2026-06-06-combine-8models/sequences/T1185s2.fasta results/2026-06-06-combine-8models/predictions/T1185s2/protenix 1,,Yes,Yes,prefiltered A1 protein target with mapped residue range,1.000000,1.000000,0.832447,313,376,high,mapped from mmCIF atom_site CA records; 63 aligned positions lack resolved CA atoms,All groups,A1,BCDX2 PDB code 8ouy,true,colabfold_mmseqs2,mmseqs2_uniref_env,colabfold,/data/chen/protein_folding_databases/colabfold,results/2026-06-06-combine-8models/predictions/T1185s2/colabfold/tmp_colabfold_msa_search/T1185s2_qc_Yes_CASP15_8OUY_B_residue_10-349_seq_1-376_coverage_0.832447.a3m,539,8.50822798175908,0.017912058908966483,false,false,true,89.11400939396117,1.552863765186373,0.003269186874076575,628.1140093939612,10.061091746945452,0.02118124578304306,colabfold,results/2026-06-06-combine-8models/predictions/T1185s2/colabfold/tmp_colabfold_msa_search/T1185s2_qc_Yes_CASP15_8OUY_B_residue_10-349_seq_1-376_coverage_0.832447.a3m,results/2026-06-06-combine-8models/predictions/T1185s2/colabfold/tmp_colabfold,runner CodeCarbon output: results/2026-06-06-combine-8models/predictions/T1185s2/protenix/carbon/T1185s2_protenix_inference_emissions.csv; Protenix reused the ColabFold A3M; MSA build time/carbon copied from the colabfold row.,,,,,,,,,,,
T1185s2,T1185s2,CASP15,8OUY,B,10,349,1,376,376,376,af2,1,results/2026-06-06-combine-8models/sequences/T1185s2.fasta,results/2026-06-06-combine-8models/predictions/T1185s2/af2,results/2026-06-06-combine-8models/predictions/T1185s2/af2/rank_001.pdb,results/2026-06-06-combine-8models/predictions/T1185s2/af2/rank_001.pdb,false,1,2026-06-06T16:54:31+02:00,2026-06-06T17:14:32+02:00,1201,results/2026-06-06-combine-8models/logs/T1185s2_af2.log,bash runners/run_af2.sh results/2026-06-06-combine-8models/sequences/T1185s2.fasta results/2026-06-06-combine-8models/predictions/T1185s2/af2 1,runner failed or rank_001.pdb missing; see results/2026-06-06-combine-8models/logs/T1185s2_af2.log,Yes,Yes,prefiltered A1 protein target with mapped residue range,1.000000,1.000000,0.832447,313,376,high,mapped from mmCIF atom_site CA records; 63 aligned positions lack resolved CA atoms,All groups,A1,BCDX2 PDB code 8ouy,,,,,,,,,,,,,1201,,,1201.0,,,,,,,,,,,,,,,,,
T1185s4,T1185s4,CASP15,8OUY,D,20,280,1,280,280,280,chai1,1,results/2026-06-06-combine-8models/sequences/T1185s4.fasta,results/2026-06-06-combine-8models/predictions/T1185s4/chai1,results/2026-06-06-combine-8models/predictions/T1185s4/chai1/rank_001.pdb,results/2026-06-06-combine-8models/predictions/T1185s4/chai1/rank_001.pdb,true,0,2026-06-02T04:46:39+02:00,2026-06-02T05:03:26+02:00,1007,results/2026-06-06-combine-8models/logs/T1185s4_chai1.log,bash runners/run_chai1.sh results/2026-06-06-combine-8models/sequences/T1185s4.fasta results/2026-06-06-combine-8models/predictions/T1185s4/chai1 1,,Yes,Yes,prefiltered A1 protein target with mapped residue range,1.000000,0.996429,0.838710,234,279,high,mapped from mmCIF atom_site CA records; 45 aligned positions lack resolved CA atoms,All groups,A1,BCDX2 PDB code 8ouy,,,,,,,,,,,,,1006.4540488009807,14.073696968388942,0.029628835722924088,1006.4540488009807,14.073696968388942,0.029628835722924088,,,,runner CodeCarbon output: results/2026-06-06-combine-8models/predictions/T1185s4/chai1/carbon/T1185s4_chai1_inference_emissions.csv,,,,,,,,,,,
T1185s4,T1185s4,CASP15,8OUY,D,20,280,1,280,280,280,esmfold,1,results/2026-06-06-combine-8models/sequences/T1185s4.fasta,results/2026-06-06-combine-8models/predictions/T1185s4/esmfold,results/2026-06-06-combine-8models/predictions/T1185s4/esmfold/rank_001.pdb,results/2026-06-06-combine-8models/predictions/T1185s4/esmfold/rank_001.pdb,true,0,2026-06-02T05:03:26+02:00,2026-06-02T05:06:59+02:00,213,results/2026-06-06-combine-8models/logs/T1185s4_esmfold.log,bash runners/run_esmfold.sh results/2026-06-06-combine-8models/sequences/T1185s4.fasta results/2026-06-06-combine-8models/predictions/T1185s4/esmfold 1,,Yes,Yes,prefiltered A1 protein target with mapped residue range,1.000000,0.996429,0.838710,234,279,high,mapped from mmCIF atom_site CA records; 45 aligned positions lack resolved CA atoms,All groups,A1,BCDX2 PDB code 8ouy,,,,,,,,,,,,,212.38076463202015,3.0210398484119385,0.006360083891393555,212.38076463202015,3.0210398484119385,0.006360083891393555,,,,runner CodeCarbon output: results/2026-06-06-combine-8models/predictions/T1185s4/esmfold/carbon/T1185s4_esmfold_inference_emissions.csv,,,,,,,,,,,
T1185s4,T1185s4,CASP15,8OUY,D,20,280,1,280,280,280,omegafold,1,results/2026-06-06-combine-8models/sequences/T1185s4.fasta,results/2026-06-06-combine-8models/predictions/T1185s4/omegafold,results/2026-06-06-combine-8models/predictions/T1185s4/omegafold/rank_001.pdb,results/2026-06-06-combine-8models/predictions/T1185s4/omegafold/rank_001.pdb,true,0,2026-06-02T05:06:59+02:00,2026-06-02T05:07:58+02:00,59,results/2026-06-06-combine-8models/logs/T1185s4_omegafold.log,bash runners/run_omegafold.sh results/2026-06-06-combine-8models/sequences/T1185s4.fasta results/2026-06-06-combine-8models/predictions/T1185s4/omegafold 1,,Yes,Yes,prefiltered A1 protein target with mapped residue range,1.000000,0.996429,0.838710,234,279,high,mapped from mmCIF atom_site CA records; 45 aligned positions lack resolved CA atoms,All groups,A1,BCDX2 PDB code 8ouy,,,,,,,,,,,,,58.773062638007104,1.8410884626203532,0.003875975710779691,58.773062638007104,1.8410884626203532,0.003875975710779691,,,,runner CodeCarbon output: results/2026-06-06-combine-8models/predictions/T1185s4/omegafold/carbon/T1185s4_omegafold_inference_emissions.csv,,,,,,,,,,,
T1185s4,T1185s4,CASP15,8OUY,D,20,280,1,280,280,280,colabfold,1,results/2026-06-06-combine-8models/sequences/T1185s4.fasta,results/2026-06-06-combine-8models/predictions/T1185s4/colabfold,results/2026-06-06-combine-8models/predictions/T1185s4/colabfold/rank_001.pdb,results/2026-06-06-combine-8models/predictions/T1185s4/colabfold/rank_001.pdb,true,0,2026-06-04T03:59:50+02:00,2026-06-04T04:10:48+02:00,658,results/2026-06-06-combine-8models/logs/T1185s4_colabfold.log,bash runners/run_colabfold.sh results/2026-06-06-combine-8models/sequences/T1185s4.fasta results/2026-06-06-combine-8models/predictions/T1185s4/colabfold 1,,Yes,Yes,prefiltered A1 protein target with mapped residue range,1.000000,0.996429,0.838710,234,279,high,mapped from mmCIF atom_site CA records; 45 aligned positions lack resolved CA atoms,All groups,A1,BCDX2 PDB code 8ouy,true,colabfold_mmseqs2,mmseqs2_uniref_env,colabfold,/data/chen/protein_folding_databases/colabfold,results/2026-06-06-combine-8models/predictions/T1185s4/colabfold/tmp_colabfold_msa_search/T1185s4_qc_Yes_CASP15_8OUY_D_residue_20-280_seq_1-280_coverage_0.838710.a3m,526,8.28631436185731,0.01744487234075223,true,true,false,132,2.938864118062616,0.006187082353816033,658.0,11.225178479919926,0.02363195469456826,,,,ColabFold local MMseqs2 MSA search measured separately from colabfold_batch inference.,,,,,,,,,,,
T1185s4,T1185s4,CASP15,8OUY,D,20,280,1,280,280,280,boltz2,1,results/2026-06-06-combine-8models/sequences/T1185s4.fasta,results/2026-06-06-combine-8models/predictions/T1185s4/boltz2,results/2026-06-06-combine-8models/predictions/T1185s4/boltz2/rank_001.pdb,results/2026-06-06-combine-8models/predictions/T1185s4/boltz2/rank_001.pdb,true,0,2026-06-04T04:10:49+02:00,2026-06-04T04:15:40+02:00,291,results/2026-06-06-combine-8models/logs/T1185s4_boltz2.log,SHARED_MSA_A3M_FILE=results/2026-06-06-combine-8models/predictions/T1185s4/colabfold/tmp_colabfold/T1185s4_qc_Yes_CASP15_8OUY_D_residue_20-280_seq_1-280_coverage_0.838710.a3m SHARED_MSA_DIR=results/2026-06-06-combine-8models/predictions/T1185s4/colabfold/tmp_colabfold SHARED_MSA_METADATA_FILE=results/2026-06-06-combine-8models/metadata/prediction_manifest.csv bash runners/run_boltz2.sh results/2026-06-06-combine-8models/sequences/T1185s4.fasta results/2026-06-06-combine-8models/predictions/T1185s4/boltz2 1,,Yes,Yes,prefiltered A1 protein target with mapped residue range,1.000000,0.996429,0.838710,234,279,high,mapped from mmCIF atom_site CA records; 45 aligned positions lack resolved CA atoms,All groups,A1,BCDX2 PDB code 8ouy,true,colabfold_mmseqs2,mmseqs2_uniref_env,colabfold,/data/chen/protein_folding_databases/colabfold,results/2026-06-06-combine-8models/predictions/T1185s4/colabfold/tmp_colabfold_msa_search/T1185s4_qc_Yes_CASP15_8OUY_D_residue_20-280_seq_1-280_coverage_0.838710.a3m,526,8.28631436185731,0.01744487234075223,false,false,true,290.93774228706025,4.325923067786956,0.009107206458498855,816.9377422870602,12.612237429644265,0.026552078799251082,colabfold,results/2026-06-06-combine-8models/predictions/T1185s4/colabfold/tmp_colabfold_msa_search/T1185s4_qc_Yes_CASP15_8OUY_D_residue_20-280_seq_1-280_coverage_0.838710.a3m,results/2026-06-06-combine-8models/predictions/T1185s4/colabfold/tmp_colabfold,runner CodeCarbon output: results/2026-06-06-combine-8models/predictions/T1185s4/boltz2/carbon/T1185s4_boltz2_inference_emissions.csv; Boltz-2 reused the ColabFold A3M; MSA build time/carbon copied from the colabfold row.,,,,,,,,,,,
T1185s4,T1185s4,CASP15,8OUY,D,20,280,1,280,280,280,openfold,1,results/2026-06-06-combine-8models/sequences/T1185s4.fasta,results/2026-06-06-combine-8models/predictions/T1185s4/openfold,results/2026-06-06-combine-8models/predictions/T1185s4/openfold/rank_001.pdb,results/2026-06-06-combine-8models/predictions/T1185s4/openfold/rank_001.pdb,true,0,2026-06-04T04:15:40+02:00,2026-06-04T04:16:24+02:00,44,results/2026-06-06-combine-8models/logs/T1185s4_openfold.log,SHARED_MSA_A3M_FILE=results/2026-06-06-combine-8models/predictions/T1185s4/colabfold/tmp_colabfold/T1185s4_qc_Yes_CASP15_8OUY_D_residue_20-280_seq_1-280_coverage_0.838710.a3m SHARED_MSA_DIR=results/2026-06-06-combine-8models/predictions/T1185s4/colabfold/tmp_colabfold SHARED_MSA_METADATA_FILE=results/2026-06-06-combine-8models/metadata/prediction_manifest.csv bash runners/run_openfold_shared_msa.sh results/2026-06-06-combine-8models/sequences/T1185s4.fasta results/2026-06-06-combine-8models/predictions/T1185s4/openfold 1,,Yes,Yes,prefiltered A1 protein target with mapped residue range,1.000000,0.996429,0.838710,234,279,high,mapped from mmCIF atom_site CA records; 45 aligned positions lack resolved CA atoms,All groups,A1,BCDX2 PDB code 8ouy,true,colabfold_mmseqs2,mmseqs2_uniref_env,colabfold,/data/chen/protein_folding_databases/colabfold,results/2026-06-06-combine-8models/predictions/T1185s4/colabfold/tmp_colabfold_msa_search/T1185s4_qc_Yes_CASP15_8OUY_D_residue_20-280_seq_1-280_coverage_0.838710.a3m,526,8.28631436185731,0.01744487234075223,false,false,true,44.10064094502013,1.348936254774976,0.002839865799526265,570.1006409450201,9.635250616632286,0.020284738140278494,colabfold,results/2026-06-06-combine-8models/predictions/T1185s4/colabfold/tmp_colabfold_msa_search/T1185s4_qc_Yes_CASP15_8OUY_D_residue_20-280_seq_1-280_coverage_0.838710.a3m,results/2026-06-06-combine-8models/predictions/T1185s4/colabfold/tmp_colabfold,runner CodeCarbon output: results/2026-06-06-combine-8models/predictions/T1185s4/openfold/carbon/T1185s4_openfold_inference_emissions.csv; OpenFold reused the ColabFold A3M; MSA build time/carbon copied from the colabfold row.,,,,,,,,,,,
T1185s4,T1185s4,CASP15,8OUY,D,20,280,1,280,280,280,protenix,1,results/2026-06-06-combine-8models/sequences/T1185s4.fasta,results/2026-06-06-combine-8models/predictions/T1185s4/protenix,results/2026-06-06-combine-8models/predictions/T1185s4/protenix/rank_001.pdb,results/2026-06-06-combine-8models/predictions/T1185s4/protenix/rank_001.pdb,true,0,2026-06-04T04:16:24+02:00,2026-06-04T04:17:48+02:00,84,results/2026-06-06-combine-8models/logs/T1185s4_protenix.log,SHARED_MSA_A3M_FILE=results/2026-06-06-combine-8models/predictions/T1185s4/colabfold/tmp_colabfold/T1185s4_qc_Yes_CASP15_8OUY_D_residue_20-280_seq_1-280_coverage_0.838710.a3m SHARED_MSA_DIR=results/2026-06-06-combine-8models/predictions/T1185s4/colabfold/tmp_colabfold SHARED_MSA_METADATA_FILE=results/2026-06-06-combine-8models/metadata/prediction_manifest.csv bash runners/run_protenix_shared_msa.sh results/2026-06-06-combine-8models/sequences/T1185s4.fasta results/2026-06-06-combine-8models/predictions/T1185s4/protenix 1,,Yes,Yes,prefiltered A1 protein target with mapped residue range,1.000000,0.996429,0.838710,234,279,high,mapped from mmCIF atom_site CA records; 45 aligned positions lack resolved CA atoms,All groups,A1,BCDX2 PDB code 8ouy,true,colabfold_mmseqs2,mmseqs2_uniref_env,colabfold,/data/chen/protein_folding_databases/colabfold,results/2026-06-06-combine-8models/predictions/T1185s4/colabfold/tmp_colabfold_msa_search/T1185s4_qc_Yes_CASP15_8OUY_D_residue_20-280_seq_1-280_coverage_0.838710.a3m,526,8.28631436185731,0.01744487234075223,false,false,true,83.4260421450017,1.3582739555178673,0.0028595241168797208,609.4260421450017,9.644588317375177,0.02030439645763195,colabfold,results/2026-06-06-combine-8models/predictions/T1185s4/colabfold/tmp_colabfold_msa_search/T1185s4_qc_Yes_CASP15_8OUY_D_residue_20-280_seq_1-280_coverage_0.838710.a3m,results/2026-06-06-combine-8models/predictions/T1185s4/colabfold/tmp_colabfold,runner CodeCarbon output: results/2026-06-06-combine-8models/predictions/T1185s4/protenix/carbon/T1185s4_protenix_inference_emissions.csv; Protenix reused the ColabFold A3M; MSA build time/carbon copied from the colabfold row.,,,,,,,,,,,
T1185s4,T1185s4,CASP15,8OUY,D,20,280,1,280,280,280,af2,1,results/2026-06-06-combine-8models/sequences/T1185s4.fasta,results/2026-06-06-combine-8models/predictions/T1185s4/af2,results/2026-06-06-combine-8models/predictions/T1185s4/af2/rank_001.pdb,results/2026-06-06-combine-8models/predictions/T1185s4/af2/rank_001.pdb,true,0,,,,results/2026-06-06-combine-8models/logs/T1185s4_af2.log,bash runners/run_af2.sh results/2026-06-06-combine-8models/sequences/T1185s4.fasta results/2026-06-06-combine-8models/predictions/T1185s4/af2 1,skipped existing success,Yes,Yes,prefiltered A1 protein target with mapped residue range,1.000000,0.996429,0.838710,234,279,high,mapped from mmCIF atom_site CA records; 45 aligned positions lack resolved CA atoms,All groups,A1,BCDX2 PDB code 8ouy,true,alphafold2_default,official_af2_database_search,alphafold,/data/chen/protein_folding_databases/alphafold,,1353.946541,35.516077902389654,0.07477069032082033,true,true,false,119.370156,4.134820093766947,0.008704884407930413,1473.316697,39.6508979961566,0.08347557472875074,,,,,1353.946541,35.516077902389654,0.07477069032082033,119.370156,4.134820093766947,0.008704884407930413,full_dbs,monomer,/data/chen/protein_folding_databases/alphafold/params,/data/chen/protein_folding_databases/alphafold,results/2026-06-06-combine-8models/predictions/T1185s4/af2/af2_features
T1194,T1194,CASP15,8OKH,A,22,185,1,168,168,168,chai1,1,results/2026-06-06-combine-8models/sequences/T1194.fasta,results/2026-06-06-combine-8models/predictions/T1194/chai1,results/2026-06-06-combine-8models/predictions/T1194/chai1/rank_001.pdb,results/2026-06-06-combine-8models/predictions/T1194/chai1/rank_001.pdb,true,0,2026-06-02T05:07:58+02:00,2026-06-02T05:15:36+02:00,458,results/2026-06-06-combine-8models/logs/T1194_chai1.log,bash runners/run_chai1.sh results/2026-06-06-combine-8models/sequences/T1194.fasta results/2026-06-06-combine-8models/predictions/T1194/chai1 1,,Check,Check,multiple equivalent chains match,1.000000,0.994048,0.982036,164,167,high,mapped from mmCIF atom_site CA records; 3 aligned positions lack resolved CA atoms,All groups,A1,Bd1399 PDB code 8okh,,,,,,,,,,,,,457.7215641269577,6.4246360850710476,0.013525549652781153,457.7215641269577,6.4246360850710476,0.013525549652781153,,,,runner CodeCarbon output: results/2026-06-06-combine-8models/predictions/T1194/chai1/carbon/T1194_chai1_inference_emissions.csv,,,,,,,,,,,
T1194,T1194,CASP15,8OKH,A,22,185,1,168,168,168,esmfold,1,results/2026-06-06-combine-8models/sequences/T1194.fasta,results/2026-06-06-combine-8models/predictions/T1194/esmfold,results/2026-06-06-combine-8models/predictions/T1194/esmfold/rank_001.pdb,results/2026-06-06-combine-8models/predictions/T1194/esmfold/rank_001.pdb,true,0,2026-06-02T05:15:36+02:00,2026-06-02T05:17:03+02:00,87,results/2026-06-06-combine-8models/logs/T1194_esmfold.log,bash runners/run_esmfold.sh results/2026-06-06-combine-8models/sequences/T1194.fasta results/2026-06-06-combine-8models/predictions/T1194/esmfold 1,,Check,Check,multiple equivalent chains match,1.000000,0.994048,0.982036,164,167,high,mapped from mmCIF atom_site CA records; 3 aligned positions lack resolved CA atoms,All groups,A1,Bd1399 PDB code 8okh,,,,,,,,,,,,,87.56926133896923,1.2164022078522754,0.0025608467533732113,87.56926133896923,1.2164022078522754,0.0025608467533732113,,,,runner CodeCarbon output: results/2026-06-06-combine-8models/predictions/T1194/esmfold/carbon/T1194_esmfold_inference_emissions.csv,,,,,,,,,,,
T1194,T1194,CASP15,8OKH,A,22,185,1,168,168,168,omegafold,1,results/2026-06-06-combine-8models/sequences/T1194.fasta,results/2026-06-06-combine-8models/predictions/T1194/omegafold,results/2026-06-06-combine-8models/predictions/T1194/omegafold/rank_001.pdb,results/2026-06-06-combine-8models/predictions/T1194/omegafold/rank_001.pdb,true,0,2026-06-02T05:17:03+02:00,2026-06-02T05:17:32+02:00,29,results/2026-06-06-combine-8models/logs/T1194_omegafold.log,bash runners/run_omegafold.sh results/2026-06-06-combine-8models/sequences/T1194.fasta results/2026-06-06-combine-8models/predictions/T1194/omegafold 1,,Check,Check,multiple equivalent chains match,1.000000,0.994048,0.982036,164,167,high,mapped from mmCIF atom_site CA records; 3 aligned positions lack resolved CA atoms,All groups,A1,Bd1399 PDB code 8okh,,,,,,,,,,,,,28.579152759048156,0.7478052978539591,0.00157432694285044,28.579152759048156,0.7478052978539591,0.00157432694285044,,,,runner CodeCarbon output: results/2026-06-06-combine-8models/predictions/T1194/omegafold/carbon/T1194_omegafold_inference_emissions.csv,,,,,,,,,,,
T1194,T1194,CASP15,8OKH,A,22,185,1,168,168,168,colabfold,1,results/2026-06-06-combine-8models/sequences/T1194.fasta,results/2026-06-06-combine-8models/predictions/T1194/colabfold,results/2026-06-06-combine-8models/predictions/T1194/colabfold/rank_001.pdb,results/2026-06-06-combine-8models/predictions/T1194/colabfold/rank_001.pdb,true,0,2026-06-04T04:17:48+02:00,2026-06-04T04:27:58+02:00,610,results/2026-06-06-combine-8models/logs/T1194_colabfold.log,bash runners/run_colabfold.sh results/2026-06-06-combine-8models/sequences/T1194.fasta results/2026-06-06-combine-8models/predictions/T1194/colabfold 1,,Check,Check,multiple equivalent chains match,1.000000,0.994048,0.982036,164,167,high,mapped from mmCIF atom_site CA records; 3 aligned positions lack resolved CA atoms,All groups,A1,Bd1399 PDB code 8okh,true,colabfold_mmseqs2,mmseqs2_uniref_env,colabfold,/data/chen/protein_folding_databases/colabfold,results/2026-06-06-combine-8models/predictions/T1194/colabfold/tmp_colabfold_msa_search/T1194_qc_Check_CASP15_8OKH_A_residue_22-185_seq_1-168_coverage_0.982036.a3m,509,7.979746492456259,0.016799466299907913,true,true,false,101,2.2470196006613357,0.004730567580339654,610.0,10.226766093117595,0.021530033880247566,,,,ColabFold local MMseqs2 MSA search measured separately from colabfold_batch inference.,,,,,,,,,,,
T1194,T1194,CASP15,8OKH,A,22,185,1,168,168,168,boltz2,1,results/2026-06-06-combine-8models/sequences/T1194.fasta,results/2026-06-06-combine-8models/predictions/T1194/boltz2,results/2026-06-06-combine-8models/predictions/T1194/boltz2/rank_001.pdb,results/2026-06-06-combine-8models/predictions/T1194/boltz2/rank_001.pdb,true,0,2026-06-04T04:27:58+02:00,2026-06-04T04:30:20+02:00,142,results/2026-06-06-combine-8models/logs/T1194_boltz2.log,SHARED_MSA_A3M_FILE=results/2026-06-06-combine-8models/predictions/T1194/colabfold/tmp_colabfold/T1194_qc_Check_CASP15_8OKH_A_residue_22-185_seq_1-168_coverage_0.982036.a3m SHARED_MSA_DIR=results/2026-06-06-combine-8models/predictions/T1194/colabfold/tmp_colabfold SHARED_MSA_METADATA_FILE=results/2026-06-06-combine-8models/metadata/prediction_manifest.csv bash runners/run_boltz2.sh results/2026-06-06-combine-8models/sequences/T1194.fasta results/2026-06-06-combine-8models/predictions/T1194/boltz2 1,,Check,Check,multiple equivalent chains match,1.000000,0.994048,0.982036,164,167,high,mapped from mmCIF atom_site CA records; 3 aligned positions lack resolved CA atoms,All groups,A1,Bd1399 PDB code 8okh,true,colabfold_mmseqs2,mmseqs2_uniref_env,colabfold,/data/chen/protein_folding_databases/colabfold,results/2026-06-06-combine-8models/predictions/T1194/colabfold/tmp_colabfold_msa_search/T1194_qc_Check_CASP15_8OKH_A_residue_22-185_seq_1-168_coverage_0.982036.a3m,509,7.979746492456259,0.016799466299907913,false,false,true,141.8758255429566,2.165210467294281,0.004558337825882697,650.8758255429566,10.144956959750541,0.02135780412579061,colabfold,results/2026-06-06-combine-8models/predictions/T1194/colabfold/tmp_colabfold_msa_search/T1194_qc_Check_CASP15_8OKH_A_residue_22-185_seq_1-168_coverage_0.982036.a3m,results/2026-06-06-combine-8models/predictions/T1194/colabfold/tmp_colabfold,runner CodeCarbon output: results/2026-06-06-combine-8models/predictions/T1194/boltz2/carbon/T1194_boltz2_inference_emissions.csv; Boltz-2 reused the ColabFold A3M; MSA build time/carbon copied from the colabfold row.,,,,,,,,,,,
T1194,T1194,CASP15,8OKH,A,22,185,1,168,168,168,openfold,1,results/2026-06-06-combine-8models/sequences/T1194.fasta,results/2026-06-06-combine-8models/predictions/T1194/openfold,results/2026-06-06-combine-8models/predictions/T1194/openfold/rank_001.pdb,results/2026-06-06-combine-8models/predictions/T1194/openfold/rank_001.pdb,true,0,2026-06-04T04:30:20+02:00,2026-06-04T04:30:47+02:00,27,results/2026-06-06-combine-8models/logs/T1194_openfold.log,SHARED_MSA_A3M_FILE=results/2026-06-06-combine-8models/predictions/T1194/colabfold/tmp_colabfold/T1194_qc_Check_CASP15_8OKH_A_residue_22-185_seq_1-168_coverage_0.982036.a3m SHARED_MSA_DIR=results/2026-06-06-combine-8models/predictions/T1194/colabfold/tmp_colabfold SHARED_MSA_METADATA_FILE=results/2026-06-06-combine-8models/metadata/prediction_manifest.csv bash runners/run_openfold_shared_msa.sh results/2026-06-06-combine-8models/sequences/T1194.fasta results/2026-06-06-combine-8models/predictions/T1194/openfold 1,,Check,Check,multiple equivalent chains match,1.000000,0.994048,0.982036,164,167,high,mapped from mmCIF atom_site CA records; 3 aligned positions lack resolved CA atoms,All groups,A1,Bd1399 PDB code 8okh,true,colabfold_mmseqs2,mmseqs2_uniref_env,colabfold,/data/chen/protein_folding_databases/colabfold,results/2026-06-06-combine-8models/predictions/T1194/colabfold/tmp_colabfold_msa_search/T1194_qc_Check_CASP15_8OKH_A_residue_22-185_seq_1-168_coverage_0.982036.a3m,509,7.979746492456259,0.016799466299907913,false,false,true,26.70528843603097,0.7035983280281953,0.0014812596379540955,535.705288436031,8.683344820484455,0.018280725937862008,colabfold,results/2026-06-06-combine-8models/predictions/T1194/colabfold/tmp_colabfold_msa_search/T1194_qc_Check_CASP15_8OKH_A_residue_22-185_seq_1-168_coverage_0.982036.a3m,results/2026-06-06-combine-8models/predictions/T1194/colabfold/tmp_colabfold,runner CodeCarbon output: results/2026-06-06-combine-8models/predictions/T1194/openfold/carbon/T1194_openfold_inference_emissions.csv; OpenFold reused the ColabFold A3M; MSA build time/carbon copied from the colabfold row.,,,,,,,,,,,
T1194,T1194,CASP15,8OKH,A,22,185,1,168,168,168,protenix,1,results/2026-06-06-combine-8models/sequences/T1194.fasta,results/2026-06-06-combine-8models/predictions/T1194/protenix,results/2026-06-06-combine-8models/predictions/T1194/protenix/rank_001.pdb,results/2026-06-06-combine-8models/predictions/T1194/protenix/rank_001.pdb,true,0,2026-06-04T04:30:47+02:00,2026-06-04T04:32:10+02:00,83,results/2026-06-06-combine-8models/logs/T1194_protenix.log,SHARED_MSA_A3M_FILE=results/2026-06-06-combine-8models/predictions/T1194/colabfold/tmp_colabfold/T1194_qc_Check_CASP15_8OKH_A_residue_22-185_seq_1-168_coverage_0.982036.a3m SHARED_MSA_DIR=results/2026-06-06-combine-8models/predictions/T1194/colabfold/tmp_colabfold SHARED_MSA_METADATA_FILE=results/2026-06-06-combine-8models/metadata/prediction_manifest.csv bash runners/run_protenix_shared_msa.sh results/2026-06-06-combine-8models/sequences/T1194.fasta results/2026-06-06-combine-8models/predictions/T1194/protenix 1,,Check,Check,multiple equivalent chains match,1.000000,0.994048,0.982036,164,167,high,mapped from mmCIF atom_site CA records; 3 aligned positions lack resolved CA atoms,All groups,A1,Bd1399 PDB code 8okh,true,colabfold_mmseqs2,mmseqs2_uniref_env,colabfold,/data/chen/protein_folding_databases/colabfold,results/2026-06-06-combine-8models/predictions/T1194/colabfold/tmp_colabfold_msa_search/T1194_qc_Check_CASP15_8OKH_A_residue_22-185_seq_1-168_coverage_0.982036.a3m,509,7.979746492456259,0.016799466299907913,false,false,true,83.03511042299215,1.2740391489129468,0.002682187681921993,592.0351104229921,9.253785641369205,0.019481653981829907,colabfold,results/2026-06-06-combine-8models/predictions/T1194/colabfold/tmp_colabfold_msa_search/T1194_qc_Check_CASP15_8OKH_A_residue_22-185_seq_1-168_coverage_0.982036.a3m,results/2026-06-06-combine-8models/predictions/T1194/colabfold/tmp_colabfold,runner CodeCarbon output: results/2026-06-06-combine-8models/predictions/T1194/protenix/carbon/T1194_protenix_inference_emissions.csv; Protenix reused the ColabFold A3M; MSA build time/carbon copied from the colabfold row.,,,,,,,,,,,
T1194,T1194,CASP15,8OKH,A,22,185,1,168,168,168,af2,1,results/2026-06-06-combine-8models/sequences/T1194.fasta,results/2026-06-06-combine-8models/predictions/T1194/af2,results/2026-06-06-combine-8models/predictions/T1194/af2/rank_001.pdb,results/2026-06-06-combine-8models/predictions/T1194/af2/rank_001.pdb,true,0,,,,results/2026-06-06-combine-8models/logs/T1194_af2.log,bash runners/run_af2.sh results/2026-06-06-combine-8models/sequences/T1194.fasta results/2026-06-06-combine-8models/predictions/T1194/af2 1,skipped existing success,Check,Check,multiple equivalent chains match,1.000000,0.994048,0.982036,164,167,high,mapped from mmCIF atom_site CA records; 3 aligned positions lack resolved CA atoms,All groups,A1,Bd1399 PDB code 8okh,true,alphafold2_default,official_af2_database_search,alphafold,/data/chen/protein_folding_databases/alphafold,,1040.458975,27.236000141153482,0.05733894766558628,true,true,false,100.935586,3.194037105904998,0.006724288644010522,1141.394561,30.43003724705848,0.0640632363095968,,,,,1040.458975,27.236000141153482,0.05733894766558628,100.935586,3.194037105904998,0.006724288644010522,full_dbs,monomer,/data/chen/protein_folding_databases/alphafold/params,/data/chen/protein_folding_databases/alphafold,results/2026-06-06-combine-8models/predictions/T1194/af2/af2_features
T1212,T1212,CASP16,9B0L,P,53,518,1,466,466,466,chai1,1,results/2026-06-06-combine-8models/sequences/T1212.fasta,results/2026-06-06-combine-8models/predictions/T1212/chai1,results/2026-06-06-combine-8models/predictions/T1212/chai1/rank_001.pdb,results/2026-06-06-combine-8models/predictions/T1212/chai1/rank_001.pdb,true,0,2026-06-02T10:47:50+02:00,2026-06-02T11:16:47+02:00,1737,results/2026-06-06-combine-8models/logs/T1212_chai1.log,bash runners/run_chai1.sh results/2026-06-06-combine-8models/sequences/T1212.fasta results/2026-06-06-combine-8models/predictions/T1212/chai1 1,,Check,Check,multiple equivalent chains match,1.000000,1.000000,1.000000,466,466,high,mapped from mmCIF atom_site CA records,Prot,A1,Fanzor2 ternary structure PDB code 9b0l protein subunit of M1212,,,,,,,,,,,,,1737.236558744975,23.81537846969546,0.05013763888356939,1737.236558744975,23.81537846969546,0.05013763888356939,,,,runner CodeCarbon output: results/2026-06-06-combine-8models/predictions/T1212/chai1/carbon/T1212_chai1_inference_emissions.csv,,,,,,,,,,,
T1212,T1212,CASP16,9B0L,P,53,518,1,466,466,466,esmfold,1,results/2026-06-06-combine-8models/sequences/T1212.fasta,results/2026-06-06-combine-8models/predictions/T1212/esmfold,results/2026-06-06-combine-8models/predictions/T1212/esmfold/rank_001.pdb,results/2026-06-06-combine-8models/predictions/T1212/esmfold/rank_001.pdb,true,0,2026-06-02T11:16:47+02:00,2026-06-02T11:26:04+02:00,557,results/2026-06-06-combine-8models/logs/T1212_esmfold.log,bash runners/run_esmfold.sh results/2026-06-06-combine-8models/sequences/T1212.fasta results/2026-06-06-combine-8models/predictions/T1212/esmfold 1,,Check,Check,multiple equivalent chains match,1.000000,1.000000,1.000000,466,466,high,mapped from mmCIF atom_site CA records,Prot,A1,Fanzor2 ternary structure PDB code 9b0l protein subunit of M1212,,,,,,,,,,,,,556.4596268219757,7.953931013428499,0.016745117923007365,556.4596268219757,7.953931013428499,0.016745117923007365,,,,runner CodeCarbon output: results/2026-06-06-combine-8models/predictions/T1212/esmfold/carbon/T1212_esmfold_inference_emissions.csv,,,,,,,,,,,
T1212,T1212,CASP16,9B0L,P,53,518,1,466,466,466,omegafold,1,results/2026-06-06-combine-8models/sequences/T1212.fasta,results/2026-06-06-combine-8models/predictions/T1212/omegafold,results/2026-06-06-combine-8models/predictions/T1212/omegafold/rank_001.pdb,results/2026-06-06-combine-8models/predictions/T1212/omegafold/rank_001.pdb,true,0,2026-06-02T11:26:04+02:00,2026-06-02T11:28:58+02:00,174,results/2026-06-06-combine-8models/logs/T1212_omegafold.log,bash runners/run_omegafold.sh results/2026-06-06-combine-8models/sequences/T1212.fasta results/2026-06-06-combine-8models/predictions/T1212/omegafold 1,,Check,Check,multiple equivalent chains match,1.000000,1.000000,1.000000,466,466,high,mapped from mmCIF atom_site CA records,Prot,A1,Fanzor2 ternary structure PDB code 9b0l protein subunit of M1212,,,,,,,,,,,,,173.681527252018,5.92222138014741,0.012467834484520863,173.681527252018,5.92222138014741,0.012467834484520863,,,,runner CodeCarbon output: results/2026-06-06-combine-8models/predictions/T1212/omegafold/carbon/T1212_omegafold_inference_emissions.csv,,,,,,,,,,,
T1212,T1212,CASP16,9B0L,P,53,518,1,466,466,466,colabfold,1,results/2026-06-06-combine-8models/sequences/T1212.fasta,results/2026-06-06-combine-8models/predictions/T1212/colabfold,results/2026-06-06-combine-8models/predictions/T1212/colabfold/rank_001.pdb,results/2026-06-06-combine-8models/predictions/T1212/colabfold/rank_001.pdb,true,0,2026-06-04T04:32:10+02:00,2026-06-04T04:43:56+02:00,706,results/2026-06-06-combine-8models/logs/T1212_colabfold.log,bash runners/run_colabfold.sh results/2026-06-06-combine-8models/sequences/T1212.fasta results/2026-06-06-combine-8models/predictions/T1212/colabfold 1,,Check,Check,multiple equivalent chains match,1.000000,1.000000,1.000000,466,466,high,mapped from mmCIF atom_site CA records,Prot,A1,Fanzor2 ternary structure PDB code 9b0l protein subunit of M1212,true,colabfold_mmseqs2,mmseqs2_uniref_env,colabfold,/data/chen/protein_folding_databases/colabfold,results/2026-06-06-combine-8models/predictions/T1212/colabfold/tmp_colabfold_msa_search/T1212_qc_Check_CASP16_9B0L_P_residue_53-518_seq_1-466_coverage_1.000000.a3m,531,8.435638057219712,0.017759238015199394,true,true,false,174,4.039650061164599,0.00850452644455705,705.0,12.475288118384311,0.026263764459756443,,,,ColabFold local MMseqs2 MSA search measured separately from colabfold_batch inference.,,,,,,,,,,,
T1212,T1212,CASP16,9B0L,P,53,518,1,466,466,466,boltz2,1,results/2026-06-06-combine-8models/sequences/T1212.fasta,results/2026-06-06-combine-8models/predictions/T1212/boltz2,results/2026-06-06-combine-8models/predictions/T1212/boltz2/rank_001.pdb,results/2026-06-06-combine-8models/predictions/T1212/boltz2/rank_001.pdb,true,0,2026-06-04T04:43:56+02:00,2026-06-04T05:00:06+02:00,970,results/2026-06-06-combine-8models/logs/T1212_boltz2.log,SHARED_MSA_A3M_FILE=results/2026-06-06-combine-8models/predictions/T1212/colabfold/tmp_colabfold/T1212_qc_Check_CASP16_9B0L_P_residue_53-518_seq_1-466_coverage_1.000000.a3m SHARED_MSA_DIR=results/2026-06-06-combine-8models/predictions/T1212/colabfold/tmp_colabfold SHARED_MSA_METADATA_FILE=results/2026-06-06-combine-8models/metadata/prediction_manifest.csv bash runners/run_boltz2.sh results/2026-06-06-combine-8models/sequences/T1212.fasta results/2026-06-06-combine-8models/predictions/T1212/boltz2 1,,Check,Check,multiple equivalent chains match,1.000000,1.000000,1.000000,466,466,high,mapped from mmCIF atom_site CA records,Prot,A1,Fanzor2 ternary structure PDB code 9b0l protein subunit of M1212,true,colabfold_mmseqs2,mmseqs2_uniref_env,colabfold,/data/chen/protein_folding_databases/colabfold,results/2026-06-06-combine-8models/predictions/T1212/colabfold/tmp_colabfold_msa_search/T1212_qc_Check_CASP16_9B0L_P_residue_53-518_seq_1-466_coverage_1.000000.a3m,531,8.435638057219712,0.017759238015199394,false,false,true,969.8461075950181,14.119257376954565,0.029724752372535926,1500.846107595018,22.554895434174277,0.04748399038773532,colabfold,results/2026-06-06-combine-8models/predictions/T1212/colabfold/tmp_colabfold_msa_search/T1212_qc_Check_CASP16_9B0L_P_residue_53-518_seq_1-466_coverage_1.000000.a3m,results/2026-06-06-combine-8models/predictions/T1212/colabfold/tmp_colabfold,runner CodeCarbon output: results/2026-06-06-combine-8models/predictions/T1212/boltz2/carbon/T1212_boltz2_inference_emissions.csv; Boltz-2 reused the ColabFold A3M; MSA build time/carbon copied from the colabfold row.,,,,,,,,,,,
T1212,T1212,CASP16,9B0L,P,53,518,1,466,466,466,openfold,1,results/2026-06-06-combine-8models/sequences/T1212.fasta,results/2026-06-06-combine-8models/predictions/T1212/openfold,results/2026-06-06-combine-8models/predictions/T1212/openfold/rank_001.pdb,results/2026-06-06-combine-8models/predictions/T1212/openfold/rank_001.pdb,true,0,2026-06-04T05:00:06+02:00,2026-06-04T05:02:00+02:00,114,results/2026-06-06-combine-8models/logs/T1212_openfold.log,SHARED_MSA_A3M_FILE=results/2026-06-06-combine-8models/predictions/T1212/colabfold/tmp_colabfold/T1212_qc_Check_CASP16_9B0L_P_residue_53-518_seq_1-466_coverage_1.000000.a3m SHARED_MSA_DIR=results/2026-06-06-combine-8models/predictions/T1212/colabfold/tmp_colabfold SHARED_MSA_METADATA_FILE=results/2026-06-06-combine-8models/metadata/prediction_manifest.csv bash runners/run_openfold_shared_msa.sh results/2026-06-06-combine-8models/sequences/T1212.fasta results/2026-06-06-combine-8models/predictions/T1212/openfold 1,,Check,Check,multiple equivalent chains match,1.000000,1.000000,1.000000,466,466,high,mapped from mmCIF atom_site CA records,Prot,A1,Fanzor2 ternary structure PDB code 9b0l protein subunit of M1212,true,colabfold_mmseqs2,mmseqs2_uniref_env,colabfold,/data/chen/protein_folding_databases/colabfold,results/2026-06-06-combine-8models/predictions/T1212/colabfold/tmp_colabfold_msa_search/T1212_qc_Check_CASP16_9B0L_P_residue_53-518_seq_1-466_coverage_1.000000.a3m,531,8.435638057219712,0.017759238015199394,false,false,true,113.8536024360219,3.647040522747995,0.007677980047890516,644.8536024360219,12.082678579967707,0.02543721806308991,colabfold,results/2026-06-06-combine-8models/predictions/T1212/colabfold/tmp_colabfold_msa_search/T1212_qc_Check_CASP16_9B0L_P_residue_53-518_seq_1-466_coverage_1.000000.a3m,results/2026-06-06-combine-8models/predictions/T1212/colabfold/tmp_colabfold,runner CodeCarbon output: results/2026-06-06-combine-8models/predictions/T1212/openfold/carbon/T1212_openfold_inference_emissions.csv; OpenFold reused the ColabFold A3M; MSA build time/carbon copied from the colabfold row.,,,,,,,,,,,
T1212,T1212,CASP16,9B0L,P,53,518,1,466,466,466,protenix,1,results/2026-06-06-combine-8models/sequences/T1212.fasta,results/2026-06-06-combine-8models/predictions/T1212/protenix,results/2026-06-06-combine-8models/predictions/T1212/protenix/rank_001.pdb,results/2026-06-06-combine-8models/predictions/T1212/protenix/rank_001.pdb,true,0,2026-06-04T05:02:00+02:00,2026-06-04T05:03:39+02:00,99,results/2026-06-06-combine-8models/logs/T1212_protenix.log,SHARED_MSA_A3M_FILE=results/2026-06-06-combine-8models/predictions/T1212/colabfold/tmp_colabfold/T1212_qc_Check_CASP16_9B0L_P_residue_53-518_seq_1-466_coverage_1.000000.a3m SHARED_MSA_DIR=results/2026-06-06-combine-8models/predictions/T1212/colabfold/tmp_colabfold SHARED_MSA_METADATA_FILE=results/2026-06-06-combine-8models/metadata/prediction_manifest.csv bash runners/run_protenix_shared_msa.sh results/2026-06-06-combine-8models/sequences/T1212.fasta results/2026-06-06-combine-8models/predictions/T1212/protenix 1,,Check,Check,multiple equivalent chains match,1.000000,1.000000,1.000000,466,466,high,mapped from mmCIF atom_site CA records,Prot,A1,Fanzor2 ternary structure PDB code 9b0l protein subunit of M1212,true,colabfold_mmseqs2,mmseqs2_uniref_env,colabfold,/data/chen/protein_folding_databases/colabfold,results/2026-06-06-combine-8models/predictions/T1212/colabfold/tmp_colabfold_msa_search/T1212_qc_Check_CASP16_9B0L_P_residue_53-518_seq_1-466_coverage_1.000000.a3m,531,8.435638057219712,0.017759238015199394,false,false,true,98.14422930998262,1.8611224031388711,0.003918152427660781,629.1442293099826,10.296760460358584,0.021677390442860177,colabfold,results/2026-06-06-combine-8models/predictions/T1212/colabfold/tmp_colabfold_msa_search/T1212_qc_Check_CASP16_9B0L_P_residue_53-518_seq_1-466_coverage_1.000000.a3m,results/2026-06-06-combine-8models/predictions/T1212/colabfold/tmp_colabfold,runner CodeCarbon output: results/2026-06-06-combine-8models/predictions/T1212/protenix/carbon/T1212_protenix_inference_emissions.csv; Protenix reused the ColabFold A3M; MSA build time/carbon copied from the colabfold row.,,,,,,,,,,,
T1212,T1212,CASP16,9B0L,P,53,518,1,466,466,466,af2,1,results/2026-06-06-combine-8models/sequences/T1212.fasta,results/2026-06-06-combine-8models/predictions/T1212/af2,results/2026-06-06-combine-8models/predictions/T1212/af2/rank_001.pdb,results/2026-06-06-combine-8models/predictions/T1212/af2/rank_001.pdb,true,0,,,,results/2026-06-06-combine-8models/logs/T1212_af2.log,bash runners/run_af2.sh results/2026-06-06-combine-8models/sequences/T1212.fasta results/2026-06-06-combine-8models/predictions/T1212/af2 1,skipped existing success,Check,Check,multiple equivalent chains match,1.000000,1.000000,1.000000,466,466,high,mapped from mmCIF atom_site CA records,Prot,A1,Fanzor2 ternary structure PDB code 9b0l protein subunit of M1212,true,alphafold2_default,official_af2_database_search,alphafold,/data/chen/protein_folding_databases/alphafold,,1368.750749,35.84029988225594,0.0754532629100125,true,true,false,168.927914,6.3528330874641865,0.013374385447293025,1537.6786630000001,42.193132969720125,0.08882764835730553,,,,,1368.750749,35.84029988225594,0.0754532629100125,168.927914,6.3528330874641865,0.013374385447293025,full_dbs,monomer,/data/chen/protein_folding_databases/alphafold/params,/data/chen/protein_folding_databases/alphafold,results/2026-06-06-combine-8models/predictions/T1212/af2/af2_features
T1227s1,T1227s1,CASP16,9N8W,A,27,418,1,427,427,427,chai1,1,results/2026-06-06-combine-8models/sequences/T1227s1.fasta,results/2026-06-06-combine-8models/predictions/T1227s1/chai1,results/2026-06-06-combine-8models/predictions/T1227s1/chai1/rank_001.pdb,results/2026-06-06-combine-8models/predictions/T1227s1/chai1/rank_001.pdb,true,0,2026-06-02T11:28:58+02:00,2026-06-02T11:58:42+02:00,1784,results/2026-06-06-combine-8models/logs/T1227s1_chai1.log,bash runners/run_chai1.sh results/2026-06-06-combine-8models/sequences/T1227s1.fasta results/2026-06-06-combine-8models/predictions/T1227s1/chai1 1,,Yes,Yes,prefiltered A1 protein target with mapped residue range,1.000000,1.000000,0.918033,392,427,high,mapped from mmCIF atom_site CA records; 35 aligned positions lack resolved CA atoms,Prot,A1,LetA (P0AD03) and LetB (P76272) PDB code 9n8w,,,,,,,,,,,,,1783.736018791038,24.371191800685114,0.05130777221196866,1783.736018791038,24.371191800685114,0.05130777221196866,,,,runner CodeCarbon output: results/2026-06-06-combine-8models/predictions/T1227s1/chai1/carbon/T1227s1_chai1_inference_emissions.csv,,,,,,,,,,,
T1227s1,T1227s1,CASP16,9N8W,A,27,418,1,427,427,427,esmfold,1,results/2026-06-06-combine-8models/sequences/T1227s1.fasta,results/2026-06-06-combine-8models/predictions/T1227s1/esmfold,results/2026-06-06-combine-8models/predictions/T1227s1/esmfold/rank_001.pdb,results/2026-06-06-combine-8models/predictions/T1227s1/esmfold/rank_001.pdb,true,0,2026-06-02T11:58:42+02:00,2026-06-02T12:06:35+02:00,473,results/2026-06-06-combine-8models/logs/T1227s1_esmfold.log,bash runners/run_esmfold.sh results/2026-06-06-combine-8models/sequences/T1227s1.fasta results/2026-06-06-combine-8models/predictions/T1227s1/esmfold 1,,Yes,Yes,prefiltered A1 protein target with mapped residue range,1.000000,1.000000,0.918033,392,427,high,mapped from mmCIF atom_site CA records; 35 aligned positions lack resolved CA atoms,Prot,A1,LetA (P0AD03) and LetB (P76272) PDB code 9n8w,,,,,,,,,,,,,472.8308420520043,6.746362831264071,0.014202869118450676,472.8308420520043,6.746362831264071,0.014202869118450676,,,,runner CodeCarbon output: results/2026-06-06-combine-8models/predictions/T1227s1/esmfold/carbon/T1227s1_esmfold_inference_emissions.csv,,,,,,,,,,,
T1227s1,T1227s1,CASP16,9N8W,A,27,418,1,427,427,427,omegafold,1,results/2026-06-06-combine-8models/sequences/T1227s1.fasta,results/2026-06-06-combine-8models/predictions/T1227s1/omegafold,results/2026-06-06-combine-8models/predictions/T1227s1/omegafold/rank_001.pdb,results/2026-06-06-combine-8models/predictions/T1227s1/omegafold/rank_001.pdb,true,0,2026-06-02T12:06:35+02:00,2026-06-02T12:09:00+02:00,145,results/2026-06-06-combine-8models/logs/T1227s1_omegafold.log,bash runners/run_omegafold.sh results/2026-06-06-combine-8models/sequences/T1227s1.fasta results/2026-06-06-combine-8models/predictions/T1227s1/omegafold 1,,Yes,Yes,prefiltered A1 protein target with mapped residue range,1.000000,1.000000,0.918033,392,427,high,mapped from mmCIF atom_site CA records; 35 aligned positions lack resolved CA atoms,Prot,A1,LetA (P0AD03) and LetB (P76272) PDB code 9n8w,,,,,,,,,,,,,144.5852174879983,4.90033332509925,0.010316491210735263,144.5852174879983,4.90033332509925,0.010316491210735263,,,,runner CodeCarbon output: results/2026-06-06-combine-8models/predictions/T1227s1/omegafold/carbon/T1227s1_omegafold_inference_emissions.csv,,,,,,,,,,,
T1227s1,T1227s1,CASP16,9N8W,A,27,418,1,427,427,427,colabfold,1,results/2026-06-06-combine-8models/sequences/T1227s1.fasta,results/2026-06-06-combine-8models/predictions/T1227s1/colabfold,results/2026-06-06-combine-8models/predictions/T1227s1/colabfold/rank_001.pdb,results/2026-06-06-combine-8models/predictions/T1227s1/colabfold/rank_001.pdb,true,0,2026-06-04T05:03:39+02:00,2026-06-04T05:14:59+02:00,680,results/2026-06-06-combine-8models/logs/T1227s1_colabfold.log,bash runners/run_colabfold.sh results/2026-06-06-combine-8models/sequences/T1227s1.fasta results/2026-06-06-combine-8models/predictions/T1227s1/colabfold 1,,Yes,Yes,prefiltered A1 protein target with mapped residue range,1.000000,1.000000,0.918033,392,427,high,mapped from mmCIF atom_site CA records; 35 aligned positions lack resolved CA atoms,Prot,A1,LetA (P0AD03) and LetB (P76272) PDB code 9n8w,true,colabfold_mmseqs2,mmseqs2_uniref_env,colabfold,/data/chen/protein_folding_databases/colabfold,results/2026-06-06-combine-8models/predictions/T1227s1/colabfold/tmp_colabfold_msa_search/T1227s1_qc_Yes_CASP16_9N8W_A_residue_27-418_seq_1-427_coverage_0.918033.a3m,508,8.139007376423903,0.017134752371418743,true,true,false,172,3.967237040327189,0.008352077979636188,680.0,12.106244416751093,0.02548683035105493,,,,ColabFold local MMseqs2 MSA search measured separately from colabfold_batch inference.,,,,,,,,,,,
T1227s1,T1227s1,CASP16,9N8W,A,27,418,1,427,427,427,boltz2,1,results/2026-06-06-combine-8models/sequences/T1227s1.fasta,results/2026-06-06-combine-8models/predictions/T1227s1/boltz2,results/2026-06-06-combine-8models/predictions/T1227s1/boltz2/rank_001.pdb,results/2026-06-06-combine-8models/predictions/T1227s1/boltz2/rank_001.pdb,true,0,2026-06-04T05:14:59+02:00,2026-06-04T05:27:33+02:00,754,results/2026-06-06-combine-8models/logs/T1227s1_boltz2.log,SHARED_MSA_A3M_FILE=results/2026-06-06-combine-8models/predictions/T1227s1/colabfold/tmp_colabfold/T1227s1_qc_Yes_CASP16_9N8W_A_residue_27-418_seq_1-427_coverage_0.918033.a3m SHARED_MSA_DIR=results/2026-06-06-combine-8models/predictions/T1227s1/colabfold/tmp_colabfold SHARED_MSA_METADATA_FILE=results/2026-06-06-combine-8models/metadata/prediction_manifest.csv bash runners/run_boltz2.sh results/2026-06-06-combine-8models/sequences/T1227s1.fasta results/2026-06-06-combine-8models/predictions/T1227s1/boltz2 1,,Yes,Yes,prefiltered A1 protein target with mapped residue range,1.000000,1.000000,0.918033,392,427,high,mapped from mmCIF atom_site CA records; 35 aligned positions lack resolved CA atoms,Prot,A1,LetA (P0AD03) and LetB (P76272) PDB code 9n8w,true,colabfold_mmseqs2,mmseqs2_uniref_env,colabfold,/data/chen/protein_folding_databases/colabfold,results/2026-06-06-combine-8models/predictions/T1227s1/colabfold/tmp_colabfold_msa_search/T1227s1_qc_Yes_CASP16_9N8W_A_residue_27-418_seq_1-427_coverage_0.918033.a3m,508,8.139007376423903,0.017134752371418743,false,false,true,754.3726651269244,10.983785744739563,0.023123759462609608,1262.3726651269244,19.12279312116347,0.04025851183402835,colabfold,results/2026-06-06-combine-8models/predictions/T1227s1/colabfold/tmp_colabfold_msa_search/T1227s1_qc_Yes_CASP16_9N8W_A_residue_27-418_seq_1-427_coverage_0.918033.a3m,results/2026-06-06-combine-8models/predictions/T1227s1/colabfold/tmp_colabfold,runner CodeCarbon output: results/2026-06-06-combine-8models/predictions/T1227s1/boltz2/carbon/T1227s1_boltz2_inference_emissions.csv; Boltz-2 reused the ColabFold A3M; MSA build time/carbon copied from the colabfold row.,,,,,,,,,,,
T1227s1,T1227s1,CASP16,9N8W,A,27,418,1,427,427,427,openfold,1,results/2026-06-06-combine-8models/sequences/T1227s1.fasta,results/2026-06-06-combine-8models/predictions/T1227s1/openfold,results/2026-06-06-combine-8models/predictions/T1227s1/openfold/rank_001.pdb,results/2026-06-06-combine-8models/predictions/T1227s1/openfold/rank_001.pdb,true,0,2026-06-04T05:27:34+02:00,2026-06-04T05:29:05+02:00,91,results/2026-06-06-combine-8models/logs/T1227s1_openfold.log,SHARED_MSA_A3M_FILE=results/2026-06-06-combine-8models/predictions/T1227s1/colabfold/tmp_colabfold/T1227s1_qc_Yes_CASP16_9N8W_A_residue_27-418_seq_1-427_coverage_0.918033.a3m SHARED_MSA_DIR=results/2026-06-06-combine-8models/predictions/T1227s1/colabfold/tmp_colabfold SHARED_MSA_METADATA_FILE=results/2026-06-06-combine-8models/metadata/prediction_manifest.csv bash runners/run_openfold_shared_msa.sh results/2026-06-06-combine-8models/sequences/T1227s1.fasta results/2026-06-06-combine-8models/predictions/T1227s1/openfold 1,,Yes,Yes,prefiltered A1 protein target with mapped residue range,1.000000,1.000000,0.918033,392,427,high,mapped from mmCIF atom_site CA records; 35 aligned positions lack resolved CA atoms,Prot,A1,LetA (P0AD03) and LetB (P76272) PDB code 9n8w,true,colabfold_mmseqs2,mmseqs2_uniref_env,colabfold,/data/chen/protein_folding_databases/colabfold,results/2026-06-06-combine-8models/predictions/T1227s1/colabfold/tmp_colabfold_msa_search/T1227s1_qc_Yes_CASP16_9N8W_A_residue_27-418_seq_1-427_coverage_0.918033.a3m,508,8.139007376423903,0.017134752371418743,false,false,true,91.63347373600118,2.9732537895905957,0.006259481662295991,599.6334737360012,11.112261166014498,0.023394234033714732,colabfold,results/2026-06-06-combine-8models/predictions/T1227s1/colabfold/tmp_colabfold_msa_search/T1227s1_qc_Yes_CASP16_9N8W_A_residue_27-418_seq_1-427_coverage_0.918033.a3m,results/2026-06-06-combine-8models/predictions/T1227s1/colabfold/tmp_colabfold,runner CodeCarbon output: results/2026-06-06-combine-8models/predictions/T1227s1/openfold/carbon/T1227s1_openfold_inference_emissions.csv; OpenFold reused the ColabFold A3M; MSA build time/carbon copied from the colabfold row.,,,,,,,,,,,
T1227s1,T1227s1,CASP16,9N8W,A,27,418,1,427,427,427,protenix,1,results/2026-06-06-combine-8models/sequences/T1227s1.fasta,results/2026-06-06-combine-8models/predictions/T1227s1/protenix,results/2026-06-06-combine-8models/predictions/T1227s1/protenix/rank_001.pdb,results/2026-06-06-combine-8models/predictions/T1227s1/protenix/rank_001.pdb,true,0,2026-06-04T05:29:05+02:00,2026-06-04T05:30:38+02:00,93,results/2026-06-06-combine-8models/logs/T1227s1_protenix.log,SHARED_MSA_A3M_FILE=results/2026-06-06-combine-8models/predictions/T1227s1/colabfold/tmp_colabfold/T1227s1_qc_Yes_CASP16_9N8W_A_residue_27-418_seq_1-427_coverage_0.918033.a3m SHARED_MSA_DIR=results/2026-06-06-combine-8models/predictions/T1227s1/colabfold/tmp_colabfold SHARED_MSA_METADATA_FILE=results/2026-06-06-combine-8models/metadata/prediction_manifest.csv bash runners/run_protenix_shared_msa.sh results/2026-06-06-combine-8models/sequences/T1227s1.fasta results/2026-06-06-combine-8models/predictions/T1227s1/protenix 1,,Yes,Yes,prefiltered A1 protein target with mapped residue range,1.000000,1.000000,0.918033,392,427,high,mapped from mmCIF atom_site CA records; 35 aligned positions lack resolved CA atoms,Prot,A1,LetA (P0AD03) and LetB (P76272) PDB code 9n8w,true,colabfold_mmseqs2,mmseqs2_uniref_env,colabfold,/data/chen/protein_folding_databases/colabfold,results/2026-06-06-combine-8models/predictions/T1227s1/colabfold/tmp_colabfold_msa_search/T1227s1_qc_Yes_CASP16_9N8W_A_residue_27-418_seq_1-427_coverage_0.918033.a3m,508,8.139007376423903,0.017134752371418743,false,false,true,92.56986814702395,1.7030522865272855,0.0035853732347942853,600.569868147024,9.842059662951188,0.020720125606213027,colabfold,results/2026-06-06-combine-8models/predictions/T1227s1/colabfold/tmp_colabfold_msa_search/T1227s1_qc_Yes_CASP16_9N8W_A_residue_27-418_seq_1-427_coverage_0.918033.a3m,results/2026-06-06-combine-8models/predictions/T1227s1/colabfold/tmp_colabfold,runner CodeCarbon output: results/2026-06-06-combine-8models/predictions/T1227s1/protenix/carbon/T1227s1_protenix_inference_emissions.csv; Protenix reused the ColabFold A3M; MSA build time/carbon copied from the colabfold row.,,,,,,,,,,,
T1227s1,T1227s1,CASP16,9N8W,A,27,418,1,427,427,427,af2,1,results/2026-06-06-combine-8models/sequences/T1227s1.fasta,results/2026-06-06-combine-8models/predictions/T1227s1/af2,results/2026-06-06-combine-8models/predictions/T1227s1/af2/rank_001.pdb,results/2026-06-06-combine-8models/predictions/T1227s1/af2/rank_001.pdb,true,0,,,,results/2026-06-06-combine-8models/logs/T1227s1_af2.log,bash runners/run_af2.sh results/2026-06-06-combine-8models/sequences/T1227s1.fasta results/2026-06-06-combine-8models/predictions/T1227s1/af2 1,skipped existing success,Yes,Yes,prefiltered A1 protein target with mapped residue range,1.000000,1.000000,0.918033,392,427,high,mapped from mmCIF atom_site CA records; 35 aligned positions lack resolved CA atoms,Prot,A1,LetA (P0AD03) and LetB (P76272) PDB code 9n8w,true,alphafold2_default,official_af2_database_search,alphafold,/data/chen/protein_folding_databases/alphafold,,1268.619721,33.12287902737981,0.06973237689974697,true,true,false,162.210758,5.9885585678966455,0.012607491721887675,1430.830479,39.111437595276456,0.08233986862163464,,,,,1268.619721,33.12287902737981,0.06973237689974697,162.210758,5.9885585678966455,0.012607491721887675,full_dbs,monomer,/data/chen/protein_folding_databases/alphafold/params,/data/chen/protein_folding_databases/alphafold,results/2026-06-06-combine-8models/predictions/T1227s1/af2/af2_features
T1266,T1266,CASP16,8QFB,A,563,860,1,336,336,336,chai1,1,results/2026-06-06-combine-8models/sequences/T1266.fasta,results/2026-06-06-combine-8models/predictions/T1266/chai1,results/2026-06-06-combine-8models/predictions/T1266/chai1/rank_001.pdb,results/2026-06-06-combine-8models/predictions/T1266/chai1/rank_001.pdb,true,0,2026-06-02T12:09:00+02:00,2026-06-02T12:24:24+02:00,924,results/2026-06-06-combine-8models/logs/T1266_chai1.log,bash runners/run_chai1.sh results/2026-06-06-combine-8models/sequences/T1266.fasta results/2026-06-06-combine-8models/predictions/T1266/chai1 1,,Check,Check,multiple equivalent chains match,1.000000,1.000000,0.886905,298,336,high,mapped from mmCIF atom_site CA records; 38 aligned positions lack resolved CA atoms,Prot,A1,Q99549 PDB code 8qfb,,,,,,,,,,,,,923.971889892011,12.819684840207357,0.026988810189910225,923.971889892011,12.819684840207357,0.026988810189910225,,,,runner CodeCarbon output: results/2026-06-06-combine-8models/predictions/T1266/chai1/carbon/T1266_chai1_inference_emissions.csv,,,,,,,,,,,
T1266,T1266,CASP16,8QFB,A,563,860,1,336,336,336,esmfold,1,results/2026-06-06-combine-8models/sequences/T1266.fasta,results/2026-06-06-combine-8models/predictions/T1266/esmfold,results/2026-06-06-combine-8models/predictions/T1266/esmfold/rank_001.pdb,results/2026-06-06-combine-8models/predictions/T1266/esmfold/rank_001.pdb,true,0,2026-06-02T12:24:24+02:00,2026-06-02T12:29:34+02:00,310,results/2026-06-06-combine-8models/logs/T1266_esmfold.log,bash runners/run_esmfold.sh results/2026-06-06-combine-8models/sequences/T1266.fasta results/2026-06-06-combine-8models/predictions/T1266/esmfold 1,,Check,Check,multiple equivalent chains match,1.000000,1.000000,0.886905,298,336,high,mapped from mmCIF atom_site CA records; 38 aligned positions lack resolved CA atoms,Prot,A1,Q99549 PDB code 8qfb,,,,,,,,,,,,,309.6328679830185,4.419703649955761,0.009304639263064761,309.6328679830185,4.419703649955761,0.009304639263064761,,,,runner CodeCarbon output: results/2026-06-06-combine-8models/predictions/T1266/esmfold/carbon/T1266_esmfold_inference_emissions.csv,,,,,,,,,,,
T1266,T1266,CASP16,8QFB,A,563,860,1,336,336,336,omegafold,1,results/2026-06-06-combine-8models/sequences/T1266.fasta,results/2026-06-06-combine-8models/predictions/T1266/omegafold,results/2026-06-06-combine-8models/predictions/T1266/omegafold/rank_001.pdb,results/2026-06-06-combine-8models/predictions/T1266/omegafold/rank_001.pdb,true,0,2026-06-02T12:29:34+02:00,2026-06-02T12:30:58+02:00,84,results/2026-06-06-combine-8models/logs/T1266_omegafold.log,bash runners/run_omegafold.sh results/2026-06-06-combine-8models/sequences/T1266.fasta results/2026-06-06-combine-8models/predictions/T1266/omegafold 1,,Check,Check,multiple equivalent chains match,1.000000,1.000000,0.886905,298,336,high,mapped from mmCIF atom_site CA records; 38 aligned positions lack resolved CA atoms,Prot,A1,Q99549 PDB code 8qfb,,,,,,,,,,,,,83.98645612300606,2.7454144718441205,0.005779819940724464,83.98645612300606,2.7454144718441205,0.005779819940724464,,,,runner CodeCarbon output: results/2026-06-06-combine-8models/predictions/T1266/omegafold/carbon/T1266_omegafold_inference_emissions.csv,,,,,,,,,,,
T1266,T1266,CASP16,8QFB,A,563,860,1,336,336,336,colabfold,1,results/2026-06-06-combine-8models/sequences/T1266.fasta,results/2026-06-06-combine-8models/predictions/T1266/colabfold,results/2026-06-06-combine-8models/predictions/T1266/colabfold/rank_001.pdb,results/2026-06-06-combine-8models/predictions/T1266/colabfold/rank_001.pdb,true,0,2026-06-04T05:30:38+02:00,2026-06-04T05:41:46+02:00,668,results/2026-06-06-combine-8models/logs/T1266_colabfold.log,bash runners/run_colabfold.sh results/2026-06-06-combine-8models/sequences/T1266.fasta results/2026-06-06-combine-8models/predictions/T1266/colabfold 1,,Check,Check,multiple equivalent chains match,1.000000,1.000000,0.886905,298,336,high,mapped from mmCIF atom_site CA records; 38 aligned positions lack resolved CA atoms,Prot,A1,Q99549 PDB code 8qfb,true,colabfold_mmseqs2,mmseqs2_uniref_env,colabfold,/data/chen/protein_folding_databases/colabfold,results/2026-06-06-combine-8models/predictions/T1266/colabfold/tmp_colabfold_msa_search/T1266_qc_Check_CASP16_8QFB_A_residue_563-860_seq_1-336_coverage_0.886905.a3m,539,8.506983475778876,0.01790943889637658,true,true,false,128,3.0082222714673645,0.006333099518878662,667.0,11.51520574724624,0.02424253841525524,,,,ColabFold local MMseqs2 MSA search measured separately from colabfold_batch inference.,,,,,,,,,,,
T1266,T1266,CASP16,8QFB,A,563,860,1,336,336,336,boltz2,1,results/2026-06-06-combine-8models/sequences/T1266.fasta,results/2026-06-06-combine-8models/predictions/T1266/boltz2,results/2026-06-06-combine-8models/predictions/T1266/boltz2/rank_001.pdb,results/2026-06-06-combine-8models/predictions/T1266/boltz2/rank_001.pdb,true,0,2026-06-04T05:41:47+02:00,2026-06-04T05:49:00+02:00,433,results/2026-06-06-combine-8models/logs/T1266_boltz2.log,SHARED_MSA_A3M_FILE=results/2026-06-06-combine-8models/predictions/T1266/colabfold/tmp_colabfold/T1266_qc_Check_CASP16_8QFB_A_residue_563-860_seq_1-336_coverage_0.886905.a3m SHARED_MSA_DIR=results/2026-06-06-combine-8models/predictions/T1266/colabfold/tmp_colabfold SHARED_MSA_METADATA_FILE=results/2026-06-06-combine-8models/metadata/prediction_manifest.csv bash runners/run_boltz2.sh results/2026-06-06-combine-8models/sequences/T1266.fasta results/2026-06-06-combine-8models/predictions/T1266/boltz2 1,,Check,Check,multiple equivalent chains match,1.000000,1.000000,0.886905,298,336,high,mapped from mmCIF atom_site CA records; 38 aligned positions lack resolved CA atoms,Prot,A1,Q99549 PDB code 8qfb,true,colabfold_mmseqs2,mmseqs2_uniref_env,colabfold,/data/chen/protein_folding_databases/colabfold,results/2026-06-06-combine-8models/predictions/T1266/colabfold/tmp_colabfold_msa_search/T1266_qc_Check_CASP16_8QFB_A_residue_563-860_seq_1-336_coverage_0.886905.a3m,539,8.506983475778876,0.01790943889637658,false,false,true,433.684855774045,6.34206194668389,0.013351709361439767,972.684855774045,14.849045422462765,0.03126114825781635,colabfold,results/2026-06-06-combine-8models/predictions/T1266/colabfold/tmp_colabfold_msa_search/T1266_qc_Check_CASP16_8QFB_A_residue_563-860_seq_1-336_coverage_0.886905.a3m,results/2026-06-06-combine-8models/predictions/T1266/colabfold/tmp_colabfold,runner CodeCarbon output: results/2026-06-06-combine-8models/predictions/T1266/boltz2/carbon/T1266_boltz2_inference_emissions.csv; Boltz-2 reused the ColabFold A3M; MSA build time/carbon copied from the colabfold row.,,,,,,,,,,,
T1266,T1266,CASP16,8QFB,A,563,860,1,336,336,336,openfold,1,results/2026-06-06-combine-8models/sequences/T1266.fasta,results/2026-06-06-combine-8models/predictions/T1266/openfold,results/2026-06-06-combine-8models/predictions/T1266/openfold/rank_001.pdb,results/2026-06-06-combine-8models/predictions/T1266/openfold/rank_001.pdb,true,0,2026-06-04T05:49:00+02:00,2026-06-04T05:49:57+02:00,57,results/2026-06-06-combine-8models/logs/T1266_openfold.log,SHARED_MSA_A3M_FILE=results/2026-06-06-combine-8models/predictions/T1266/colabfold/tmp_colabfold/T1266_qc_Check_CASP16_8QFB_A_residue_563-860_seq_1-336_coverage_0.886905.a3m SHARED_MSA_DIR=results/2026-06-06-combine-8models/predictions/T1266/colabfold/tmp_colabfold SHARED_MSA_METADATA_FILE=results/2026-06-06-combine-8models/metadata/prediction_manifest.csv bash runners/run_openfold_shared_msa.sh results/2026-06-06-combine-8models/sequences/T1266.fasta results/2026-06-06-combine-8models/predictions/T1266/openfold 1,,Check,Check,multiple equivalent chains match,1.000000,1.000000,0.886905,298,336,high,mapped from mmCIF atom_site CA records; 38 aligned positions lack resolved CA atoms,Prot,A1,Q99549 PDB code 8qfb,true,colabfold_mmseqs2,mmseqs2_uniref_env,colabfold,/data/chen/protein_folding_databases/colabfold,results/2026-06-06-combine-8models/predictions/T1266/colabfold/tmp_colabfold_msa_search/T1266_qc_Check_CASP16_8QFB_A_residue_563-860_seq_1-336_coverage_0.886905.a3m,539,8.506983475778876,0.01790943889637658,false,false,true,56.646590612013824,1.786067381578376,0.003760141855954476,595.6465906120138,10.293050857357251,0.021669580752331056,colabfold,results/2026-06-06-combine-8models/predictions/T1266/colabfold/tmp_colabfold_msa_search/T1266_qc_Check_CASP16_8QFB_A_residue_563-860_seq_1-336_coverage_0.886905.a3m,results/2026-06-06-combine-8models/predictions/T1266/colabfold/tmp_colabfold,runner CodeCarbon output: results/2026-06-06-combine-8models/predictions/T1266/openfold/carbon/T1266_openfold_inference_emissions.csv; OpenFold reused the ColabFold A3M; MSA build time/carbon copied from the colabfold row.,,,,,,,,,,,
T1266,T1266,CASP16,8QFB,A,563,860,1,336,336,336,protenix,1,results/2026-06-06-combine-8models/sequences/T1266.fasta,results/2026-06-06-combine-8models/predictions/T1266/protenix,results/2026-06-06-combine-8models/predictions/T1266/protenix/rank_001.pdb,results/2026-06-06-combine-8models/predictions/T1266/protenix/rank_001.pdb,true,0,2026-06-04T05:49:57+02:00,2026-06-04T05:51:25+02:00,88,results/2026-06-06-combine-8models/logs/T1266_protenix.log,SHARED_MSA_A3M_FILE=results/2026-06-06-combine-8models/predictions/T1266/colabfold/tmp_colabfold/T1266_qc_Check_CASP16_8QFB_A_residue_563-860_seq_1-336_coverage_0.886905.a3m SHARED_MSA_DIR=results/2026-06-06-combine-8models/predictions/T1266/colabfold/tmp_colabfold SHARED_MSA_METADATA_FILE=results/2026-06-06-combine-8models/metadata/prediction_manifest.csv bash runners/run_protenix_shared_msa.sh results/2026-06-06-combine-8models/sequences/T1266.fasta results/2026-06-06-combine-8models/predictions/T1266/protenix 1,,Check,Check,multiple equivalent chains match,1.000000,1.000000,0.886905,298,336,high,mapped from mmCIF atom_site CA records; 38 aligned positions lack resolved CA atoms,Prot,A1,Q99549 PDB code 8qfb,true,colabfold_mmseqs2,mmseqs2_uniref_env,colabfold,/data/chen/protein_folding_databases/colabfold,results/2026-06-06-combine-8models/predictions/T1266/colabfold/tmp_colabfold_msa_search/T1266_qc_Check_CASP16_8QFB_A_residue_563-860_seq_1-336_coverage_0.886905.a3m,539,8.506983475778876,0.01790943889637658,false,false,true,87.28069665294606,1.4730732952924557,0.0031012069374578015,626.2806966529461,9.980056771071332,0.02101064583383438,colabfold,results/2026-06-06-combine-8models/predictions/T1266/colabfold/tmp_colabfold_msa_search/T1266_qc_Check_CASP16_8QFB_A_residue_563-860_seq_1-336_coverage_0.886905.a3m,results/2026-06-06-combine-8models/predictions/T1266/colabfold/tmp_colabfold,runner CodeCarbon output: results/2026-06-06-combine-8models/predictions/T1266/protenix/carbon/T1266_protenix_inference_emissions.csv; Protenix reused the ColabFold A3M; MSA build time/carbon copied from the colabfold row.,,,,,,,,,,,
T1266,T1266,CASP16,8QFB,A,563,860,1,336,336,336,af2,1,results/2026-06-06-combine-8models/sequences/T1266.fasta,results/2026-06-06-combine-8models/predictions/T1266/af2,results/2026-06-06-combine-8models/predictions/T1266/af2/rank_001.pdb,results/2026-06-06-combine-8models/predictions/T1266/af2/rank_001.pdb,true,0,,,,results/2026-06-06-combine-8models/logs/T1266_af2.log,bash runners/run_af2.sh results/2026-06-06-combine-8models/sequences/T1266.fasta results/2026-06-06-combine-8models/predictions/T1266/af2 1,skipped existing success,Check,Check,multiple equivalent chains match,1.000000,1.000000,0.886905,298,336,high,mapped from mmCIF atom_site CA records; 38 aligned positions lack resolved CA atoms,Prot,A1,Q99549 PDB code 8qfb,true,alphafold2_default,official_af2_database_search,alphafold,/data/chen/protein_folding_databases/alphafold,,3319.203990,87.41928512385202,0.1840406002607411,true,true,false,125.973391,4.460744389659158,0.00939104082033507,3445.177381,91.88002951351118,0.19343164108107616,,,,,3319.203990,87.41928512385202,0.1840406002607411,125.973391,4.460744389659158,0.00939104082033507,full_dbs,monomer,/data/chen/protein_folding_databases/alphafold/params,/data/chen/protein_folding_databases/alphafold,results/2026-06-06-combine-8models/predictions/T1266/af2/af2_features
T1272s2,T1272s2,CASP16,9C3C,a,25,350,1,363,363,363,chai1,1,results/2026-06-06-combine-8models/sequences/T1272s2.fasta,results/2026-06-06-combine-8models/predictions/T1272s2/chai1,results/2026-06-06-combine-8models/predictions/T1272s2/chai1/rank_001.pdb,results/2026-06-06-combine-8models/predictions/T1272s2/chai1/rank_001.pdb,true,0,2026-06-02T12:30:58+02:00,2026-06-02T12:47:53+02:00,1015,results/2026-06-06-combine-8models/logs/T1272s2_chai1.log,bash runners/run_chai1.sh results/2026-06-06-combine-8models/sequences/T1272s2.fasta results/2026-06-06-combine-8models/predictions/T1272s2/chai1 1,,Check,Check,multiple equivalent chains match,1.000000,0.898072,0.972393,317,326,medium,mapped from mmCIF atom_site CA records; 9 aligned positions lack resolved CA atoms,Prot,A1,dystrophin-glycoprotein complex (DGC) PDB code 9c3c,,,,,,,,,,,,,1014.6944345429656,14.032404845157268,0.029541904937173197,1014.6944345429656,14.032404845157268,0.029541904937173197,,,,runner CodeCarbon output: results/2026-06-06-combine-8models/predictions/T1272s2/chai1/carbon/T1272s2_chai1_inference_emissions.csv,,,,,,,,,,,
T1272s2,T1272s2,CASP16,9C3C,a,25,350,1,363,363,363,esmfold,1,results/2026-06-06-combine-8models/sequences/T1272s2.fasta,results/2026-06-06-combine-8models/predictions/T1272s2/esmfold,results/2026-06-06-combine-8models/predictions/T1272s2/esmfold/rank_001.pdb,results/2026-06-06-combine-8models/predictions/T1272s2/esmfold/rank_001.pdb,true,0,2026-06-02T12:47:53+02:00,2026-06-02T12:53:33+02:00,340,results/2026-06-06-combine-8models/logs/T1272s2_esmfold.log,bash runners/run_esmfold.sh results/2026-06-06-combine-8models/sequences/T1272s2.fasta results/2026-06-06-combine-8models/predictions/T1272s2/esmfold 1,,Check,Check,multiple equivalent chains match,1.000000,0.898072,0.972393,317,326,medium,mapped from mmCIF atom_site CA records; 9 aligned positions lack resolved CA atoms,Prot,A1,dystrophin-glycoprotein complex (DGC) PDB code 9c3c,,,,,,,,,,,,,340.3923289459781,4.852463584822638,0.01021571281015292,340.3923289459781,4.852463584822638,0.01021571281015292,,,,runner CodeCarbon output: results/2026-06-06-combine-8models/predictions/T1272s2/esmfold/carbon/T1272s2_esmfold_inference_emissions.csv,,,,,,,,,,,
T1272s2,T1272s2,CASP16,9C3C,a,25,350,1,363,363,363,omegafold,1,results/2026-06-06-combine-8models/sequences/T1272s2.fasta,results/2026-06-06-combine-8models/predictions/T1272s2/omegafold,results/2026-06-06-combine-8models/predictions/T1272s2/omegafold/rank_001.pdb,results/2026-06-06-combine-8models/predictions/T1272s2/omegafold/rank_001.pdb,true,0,2026-06-02T12:53:33+02:00,2026-06-02T12:55:13+02:00,100,results/2026-06-06-combine-8models/logs/T1272s2_omegafold.log,bash runners/run_omegafold.sh results/2026-06-06-combine-8models/sequences/T1272s2.fasta results/2026-06-06-combine-8models/predictions/T1272s2/omegafold 1,,Check,Check,multiple equivalent chains match,1.000000,0.898072,0.972393,317,326,medium,mapped from mmCIF atom_site CA records; 9 aligned positions lack resolved CA atoms,Prot,A1,dystrophin-glycoprotein complex (DGC) PDB code 9c3c,,,,,,,,,,,,,99.29752249794547,3.290570348045841,0.00692751652220177,99.29752249794547,3.290570348045841,0.00692751652220177,,,,runner CodeCarbon output: results/2026-06-06-combine-8models/predictions/T1272s2/omegafold/carbon/T1272s2_omegafold_inference_emissions.csv,,,,,,,,,,,
T1272s2,T1272s2,CASP16,9C3C,a,25,350,1,363,363,363,colabfold,1,results/2026-06-06-combine-8models/sequences/T1272s2.fasta,results/2026-06-06-combine-8models/predictions/T1272s2/colabfold,results/2026-06-06-combine-8models/predictions/T1272s2/colabfold/rank_001.pdb,results/2026-06-06-combine-8models/predictions/T1272s2/colabfold/rank_001.pdb,true,0,2026-06-04T05:51:25+02:00,2026-06-04T06:02:36+02:00,671,results/2026-06-06-combine-8models/logs/T1272s2_colabfold.log,bash runners/run_colabfold.sh results/2026-06-06-combine-8models/sequences/T1272s2.fasta results/2026-06-06-combine-8models/predictions/T1272s2/colabfold 1,,Check,Check,multiple equivalent chains match,1.000000,0.898072,0.972393,317,326,medium,mapped from mmCIF atom_site CA records; 9 aligned positions lack resolved CA atoms,Prot,A1,dystrophin-glycoprotein complex (DGC) PDB code 9c3c,true,colabfold_mmseqs2,mmseqs2_uniref_env,colabfold,/data/chen/protein_folding_databases/colabfold,results/2026-06-06-combine-8models/predictions/T1272s2/colabfold/tmp_colabfold_msa_search/T1272s2_qc_Check_CASP16_9C3C_a_residue_25-350_seq_1-363_coverage_0.972393.a3m,510,8.093888528963328,0.017039765324133323,true,true,false,161,3.5175814005135506,0.007405434527396949,671.0,11.611469929476879,0.02444519985153027,,,,ColabFold local MMseqs2 MSA search measured separately from colabfold_batch inference.,,,,,,,,,,,
T1272s2,T1272s2,CASP16,9C3C,a,25,350,1,363,363,363,boltz2,1,results/2026-06-06-combine-8models/sequences/T1272s2.fasta,results/2026-06-06-combine-8models/predictions/T1272s2/boltz2,results/2026-06-06-combine-8models/predictions/T1272s2/boltz2/rank_001.pdb,results/2026-06-06-combine-8models/predictions/T1272s2/boltz2/rank_001.pdb,true,0,2026-06-04T06:02:36+02:00,2026-06-04T06:13:44+02:00,668,results/2026-06-06-combine-8models/logs/T1272s2_boltz2.log,SHARED_MSA_A3M_FILE=results/2026-06-06-combine-8models/predictions/T1272s2/colabfold/tmp_colabfold/T1272s2_qc_Check_CASP16_9C3C_a_residue_25-350_seq_1-363_coverage_0.972393.a3m SHARED_MSA_DIR=results/2026-06-06-combine-8models/predictions/T1272s2/colabfold/tmp_colabfold SHARED_MSA_METADATA_FILE=results/2026-06-06-combine-8models/metadata/prediction_manifest.csv bash runners/run_boltz2.sh results/2026-06-06-combine-8models/sequences/T1272s2.fasta results/2026-06-06-combine-8models/predictions/T1272s2/boltz2 1,,Check,Check,multiple equivalent chains match,1.000000,0.898072,0.972393,317,326,medium,mapped from mmCIF atom_site CA records; 9 aligned positions lack resolved CA atoms,Prot,A1,dystrophin-glycoprotein complex (DGC) PDB code 9c3c,true,colabfold_mmseqs2,mmseqs2_uniref_env,colabfold,/data/chen/protein_folding_databases/colabfold,results/2026-06-06-combine-8models/predictions/T1272s2/colabfold/tmp_colabfold_msa_search/T1272s2_qc_Check_CASP16_9C3C_a_residue_25-350_seq_1-363_coverage_0.972393.a3m,510,8.093888528963328,0.017039765324133323,false,false,true,668.3293939370196,9.448456210730404,0.01989148675943243,1178.3293939370196,17.542344739693732,0.03693125208356575,colabfold,results/2026-06-06-combine-8models/predictions/T1272s2/colabfold/tmp_colabfold_msa_search/T1272s2_qc_Check_CASP16_9C3C_a_residue_25-350_seq_1-363_coverage_0.972393.a3m,results/2026-06-06-combine-8models/predictions/T1272s2/colabfold/tmp_colabfold,runner CodeCarbon output: results/2026-06-06-combine-8models/predictions/T1272s2/boltz2/carbon/T1272s2_boltz2_inference_emissions.csv; Boltz-2 reused the ColabFold A3M; MSA build time/carbon copied from the colabfold row.,,,,,,,,,,,
T1272s2,T1272s2,CASP16,9C3C,a,25,350,1,363,363,363,openfold,1,results/2026-06-06-combine-8models/sequences/T1272s2.fasta,results/2026-06-06-combine-8models/predictions/T1272s2/openfold,results/2026-06-06-combine-8models/predictions/T1272s2/openfold/rank_001.pdb,results/2026-06-06-combine-8models/predictions/T1272s2/openfold/rank_001.pdb,true,0,2026-06-04T06:13:44+02:00,2026-06-04T06:14:47+02:00,63,results/2026-06-06-combine-8models/logs/T1272s2_openfold.log,SHARED_MSA_A3M_FILE=results/2026-06-06-combine-8models/predictions/T1272s2/colabfold/tmp_colabfold/T1272s2_qc_Check_CASP16_9C3C_a_residue_25-350_seq_1-363_coverage_0.972393.a3m SHARED_MSA_DIR=results/2026-06-06-combine-8models/predictions/T1272s2/colabfold/tmp_colabfold SHARED_MSA_METADATA_FILE=results/2026-06-06-combine-8models/metadata/prediction_manifest.csv bash runners/run_openfold_shared_msa.sh results/2026-06-06-combine-8models/sequences/T1272s2.fasta results/2026-06-06-combine-8models/predictions/T1272s2/openfold 1,,Check,Check,multiple equivalent chains match,1.000000,0.898072,0.972393,317,326,medium,mapped from mmCIF atom_site CA records; 9 aligned positions lack resolved CA atoms,Prot,A1,dystrophin-glycoprotein complex (DGC) PDB code 9c3c,true,colabfold_mmseqs2,mmseqs2_uniref_env,colabfold,/data/chen/protein_folding_databases/colabfold,results/2026-06-06-combine-8models/predictions/T1272s2/colabfold/tmp_colabfold_msa_search/T1272s2_qc_Check_CASP16_9C3C_a_residue_25-350_seq_1-363_coverage_0.972393.a3m,510,8.093888528963328,0.017039765324133323,false,false,true,62.57255149201956,2.016216363927552,0.004244666029321162,572.5725514920196,10.110104892890881,0.021284431353454484,colabfold,results/2026-06-06-combine-8models/predictions/T1272s2/colabfold/tmp_colabfold_msa_search/T1272s2_qc_Check_CASP16_9C3C_a_residue_25-350_seq_1-363_coverage_0.972393.a3m,results/2026-06-06-combine-8models/predictions/T1272s2/colabfold/tmp_colabfold,runner CodeCarbon output: results/2026-06-06-combine-8models/predictions/T1272s2/openfold/carbon/T1272s2_openfold_inference_emissions.csv; OpenFold reused the ColabFold A3M; MSA build time/carbon copied from the colabfold row.,,,,,,,,,,,
T1272s2,T1272s2,CASP16,9C3C,a,25,350,1,363,363,363,protenix,1,results/2026-06-06-combine-8models/sequences/T1272s2.fasta,results/2026-06-06-combine-8models/predictions/T1272s2/protenix,results/2026-06-06-combine-8models/predictions/T1272s2/protenix/rank_001.pdb,results/2026-06-06-combine-8models/predictions/T1272s2/protenix/rank_001.pdb,true,0,2026-06-04T06:14:47+02:00,2026-06-04T06:16:15+02:00,88,results/2026-06-06-combine-8models/logs/T1272s2_protenix.log,SHARED_MSA_A3M_FILE=results/2026-06-06-combine-8models/predictions/T1272s2/colabfold/tmp_colabfold/T1272s2_qc_Check_CASP16_9C3C_a_residue_25-350_seq_1-363_coverage_0.972393.a3m SHARED_MSA_DIR=results/2026-06-06-combine-8models/predictions/T1272s2/colabfold/tmp_colabfold SHARED_MSA_METADATA_FILE=results/2026-06-06-combine-8models/metadata/prediction_manifest.csv bash runners/run_protenix_shared_msa.sh results/2026-06-06-combine-8models/sequences/T1272s2.fasta results/2026-06-06-combine-8models/predictions/T1272s2/protenix 1,,Check,Check,multiple equivalent chains match,1.000000,0.898072,0.972393,317,326,medium,mapped from mmCIF atom_site CA records; 9 aligned positions lack resolved CA atoms,Prot,A1,dystrophin-glycoprotein complex (DGC) PDB code 9c3c,true,colabfold_mmseqs2,mmseqs2_uniref_env,colabfold,/data/chen/protein_folding_databases/colabfold,results/2026-06-06-combine-8models/predictions/T1272s2/colabfold/tmp_colabfold_msa_search/T1272s2_qc_Check_CASP16_9C3C_a_residue_25-350_seq_1-363_coverage_0.972393.a3m,510,8.093888528963328,0.017039765324133323,false,false,true,88.02971630496904,1.5116650411497128,0.0031824527182099218,598.029716304969,9.605553570113042,0.020222218042343244,colabfold,results/2026-06-06-combine-8models/predictions/T1272s2/colabfold/tmp_colabfold_msa_search/T1272s2_qc_Check_CASP16_9C3C_a_residue_25-350_seq_1-363_coverage_0.972393.a3m,results/2026-06-06-combine-8models/predictions/T1272s2/colabfold/tmp_colabfold,runner CodeCarbon output: results/2026-06-06-combine-8models/predictions/T1272s2/protenix/carbon/T1272s2_protenix_inference_emissions.csv; Protenix reused the ColabFold A3M; MSA build time/carbon copied from the colabfold row.,,,,,,,,,,,
T1272s2,T1272s2,CASP16,9C3C,a,25,350,1,363,363,363,af2,1,results/2026-06-06-combine-8models/sequences/T1272s2.fasta,results/2026-06-06-combine-8models/predictions/T1272s2/af2,results/2026-06-06-combine-8models/predictions/T1272s2/af2/rank_001.pdb,results/2026-06-06-combine-8models/predictions/T1272s2/af2/rank_001.pdb,true,0,,,,results/2026-06-06-combine-8models/logs/T1272s2_af2.log,bash runners/run_af2.sh results/2026-06-06-combine-8models/sequences/T1272s2.fasta results/2026-06-06-combine-8models/predictions/T1272s2/af2 1,skipped existing success,Check,Check,multiple equivalent chains match,1.000000,0.898072,0.972393,317,326,medium,mapped from mmCIF atom_site CA records; 9 aligned positions lack resolved CA atoms,Prot,A1,dystrophin-glycoprotein complex (DGC) PDB code 9c3c,true,alphafold2_default,official_af2_database_search,alphafold,/data/chen/protein_folding_databases/alphafold,,1182.115565,30.896293593978154,0.06504482861890137,true,true,false,144.359712,5.119568663395864,0.010778039291359714,1326.475277,36.01586225737402,0.07582286791026109,,,,,1182.115565,30.896293593978154,0.06504482861890137,144.359712,5.119568663395864,0.010778039291359714,full_dbs,monomer,/data/chen/protein_folding_databases/alphafold/params,/data/chen/protein_folding_databases/alphafold,results/2026-06-06-combine-8models/predictions/T1272s2/af2/af2_features
T1272s3,T1272s3,CASP16,9C3C,b,57,318,1,318,318,318,chai1,1,results/2026-06-06-combine-8models/sequences/T1272s3.fasta,results/2026-06-06-combine-8models/predictions/T1272s3/chai1,results/2026-06-06-combine-8models/predictions/T1272s3/chai1/rank_001.pdb,results/2026-06-06-combine-8models/predictions/T1272s3/chai1/rank_001.pdb,true,0,2026-06-02T12:55:13+02:00,2026-06-02T13:10:34+02:00,921,results/2026-06-06-combine-8models/logs/T1272s3_chai1.log,bash runners/run_chai1.sh results/2026-06-06-combine-8models/sequences/T1272s3.fasta results/2026-06-06-combine-8models/predictions/T1272s3/chai1 1,,Check,Check,multiple equivalent chains match,1.000000,1.000000,0.823899,262,318,high,mapped from mmCIF atom_site CA records; 56 aligned positions lack resolved CA atoms,Prot,A1,dystrophin-glycoprotein complex (DGC) PDB code 9c3c,,,,,,,,,,,,,921.0034126660321,12.81577278325814,0.026980574280543453,921.0034126660321,12.81577278325814,0.026980574280543453,,,,runner CodeCarbon output: results/2026-06-06-combine-8models/predictions/T1272s3/chai1/carbon/T1272s3_chai1_inference_emissions.csv,,,,,,,,,,,
T1272s3,T1272s3,CASP16,9C3C,b,57,318,1,318,318,318,esmfold,1,results/2026-06-06-combine-8models/sequences/T1272s3.fasta,results/2026-06-06-combine-8models/predictions/T1272s3/esmfold,results/2026-06-06-combine-8models/predictions/T1272s3/esmfold/rank_001.pdb,results/2026-06-06-combine-8models/predictions/T1272s3/esmfold/rank_001.pdb,true,0,2026-06-02T13:10:34+02:00,2026-06-02T13:14:55+02:00,261,results/2026-06-06-combine-8models/logs/T1272s3_esmfold.log,bash runners/run_esmfold.sh results/2026-06-06-combine-8models/sequences/T1272s3.fasta results/2026-06-06-combine-8models/predictions/T1272s3/esmfold 1,,Check,Check,multiple equivalent chains match,1.000000,1.000000,0.823899,262,318,high,mapped from mmCIF atom_site CA records; 56 aligned positions lack resolved CA atoms,Prot,A1,dystrophin-glycoprotein complex (DGC) PDB code 9c3c,,,,,,,,,,,,,260.1040145980078,3.6976680281220413,0.007784564269730614,260.1040145980078,3.6976680281220413,0.007784564269730614,,,,runner CodeCarbon output: results/2026-06-06-combine-8models/predictions/T1272s3/esmfold/carbon/T1272s3_esmfold_inference_emissions.csv,,,,,,,,,,,
T1272s3,T1272s3,CASP16,9C3C,b,57,318,1,318,318,318,omegafold,1,results/2026-06-06-combine-8models/sequences/T1272s3.fasta,results/2026-06-06-combine-8models/predictions/T1272s3/omegafold,results/2026-06-06-combine-8models/predictions/T1272s3/omegafold/rank_001.pdb,results/2026-06-06-combine-8models/predictions/T1272s3/omegafold/rank_001.pdb,true,0,2026-06-02T13:14:55+02:00,2026-06-02T13:16:11+02:00,76,results/2026-06-06-combine-8models/logs/T1272s3_omegafold.log,bash runners/run_omegafold.sh results/2026-06-06-combine-8models/sequences/T1272s3.fasta results/2026-06-06-combine-8models/predictions/T1272s3/omegafold 1,,Check,Check,multiple equivalent chains match,1.000000,1.000000,0.823899,262,318,high,mapped from mmCIF atom_site CA records; 56 aligned positions lack resolved CA atoms,Prot,A1,dystrophin-glycoprotein complex (DGC) PDB code 9c3c,,,,,,,,,,,,,76.51352045603562,2.494229980700576,0.005251010485685424,76.51352045603562,2.494229980700576,0.005251010485685424,,,,runner CodeCarbon output: results/2026-06-06-combine-8models/predictions/T1272s3/omegafold/carbon/T1272s3_omegafold_inference_emissions.csv,,,,,,,,,,,
T1272s3,T1272s3,CASP16,9C3C,b,57,318,1,318,318,318,colabfold,1,results/2026-06-06-combine-8models/sequences/T1272s3.fasta,results/2026-06-06-combine-8models/predictions/T1272s3/colabfold,results/2026-06-06-combine-8models/predictions/T1272s3/colabfold/rank_001.pdb,results/2026-06-06-combine-8models/predictions/T1272s3/colabfold/rank_001.pdb,true,0,2026-06-04T06:16:15+02:00,2026-06-04T06:27:06+02:00,651,results/2026-06-06-combine-8models/logs/T1272s3_colabfold.log,bash runners/run_colabfold.sh results/2026-06-06-combine-8models/sequences/T1272s3.fasta results/2026-06-06-combine-8models/predictions/T1272s3/colabfold 1,,Check,Check,multiple equivalent chains match,1.000000,1.000000,0.823899,262,318,high,mapped from mmCIF atom_site CA records; 56 aligned positions lack resolved CA atoms,Prot,A1,dystrophin-glycoprotein complex (DGC) PDB code 9c3c,true,colabfold_mmseqs2,mmseqs2_uniref_env,colabfold,/data/chen/protein_folding_databases/colabfold,results/2026-06-06-combine-8models/predictions/T1272s3/colabfold/tmp_colabfold_msa_search/T1272s3_qc_Check_CASP16_9C3C_b_residue_57-318_seq_1-318_coverage_0.823899.a3m,502,7.983690470977788,0.016807769412584817,true,true,false,148,3.2629772849248497,0.006869425862999684,650.0,11.246667755902637,0.0236771952755845,,,,ColabFold local MMseqs2 MSA search measured separately from colabfold_batch inference.,,,,,,,,,,,
T1272s3,T1272s3,CASP16,9C3C,b,57,318,1,318,318,318,boltz2,1,results/2026-06-06-combine-8models/sequences/T1272s3.fasta,results/2026-06-06-combine-8models/predictions/T1272s3/boltz2,results/2026-06-06-combine-8models/predictions/T1272s3/boltz2/rank_001.pdb,results/2026-06-06-combine-8models/predictions/T1272s3/boltz2/rank_001.pdb,true,0,2026-06-04T06:27:07+02:00,2026-06-04T06:35:07+02:00,480,results/2026-06-06-combine-8models/logs/T1272s3_boltz2.log,SHARED_MSA_A3M_FILE=results/2026-06-06-combine-8models/predictions/T1272s3/colabfold/tmp_colabfold/T1272s3_qc_Check_CASP16_9C3C_b_residue_57-318_seq_1-318_coverage_0.823899.a3m SHARED_MSA_DIR=results/2026-06-06-combine-8models/predictions/T1272s3/colabfold/tmp_colabfold SHARED_MSA_METADATA_FILE=results/2026-06-06-combine-8models/metadata/prediction_manifest.csv bash runners/run_boltz2.sh results/2026-06-06-combine-8models/sequences/T1272s3.fasta results/2026-06-06-combine-8models/predictions/T1272s3/boltz2 1,,Check,Check,multiple equivalent chains match,1.000000,1.000000,0.823899,262,318,high,mapped from mmCIF atom_site CA records; 56 aligned positions lack resolved CA atoms,Prot,A1,dystrophin-glycoprotein complex (DGC) PDB code 9c3c,true,colabfold_mmseqs2,mmseqs2_uniref_env,colabfold,/data/chen/protein_folding_databases/colabfold,results/2026-06-06-combine-8models/predictions/T1272s3/colabfold/tmp_colabfold_msa_search/T1272s3_qc_Check_CASP16_9C3C_b_residue_57-318_seq_1-318_coverage_0.823899.a3m,502,7.983690470977788,0.016807769412584817,false,false,true,480.6383972649928,6.872765788220114,0.014468980606779189,982.6383972649928,14.856456259197902,0.031276750019364,colabfold,results/2026-06-06-combine-8models/predictions/T1272s3/colabfold/tmp_colabfold_msa_search/T1272s3_qc_Check_CASP16_9C3C_b_residue_57-318_seq_1-318_coverage_0.823899.a3m,results/2026-06-06-combine-8models/predictions/T1272s3/colabfold/tmp_colabfold,runner CodeCarbon output: results/2026-06-06-combine-8models/predictions/T1272s3/boltz2/carbon/T1272s3_boltz2_inference_emissions.csv; Boltz-2 reused the ColabFold A3M; MSA build time/carbon copied from the colabfold row.,,,,,,,,,,,
T1272s3,T1272s3,CASP16,9C3C,b,57,318,1,318,318,318,openfold,1,results/2026-06-06-combine-8models/sequences/T1272s3.fasta,results/2026-06-06-combine-8models/predictions/T1272s3/openfold,results/2026-06-06-combine-8models/predictions/T1272s3/openfold/rank_001.pdb,results/2026-06-06-combine-8models/predictions/T1272s3/openfold/rank_001.pdb,true,0,2026-06-04T06:35:07+02:00,2026-06-04T06:35:59+02:00,52,results/2026-06-06-combine-8models/logs/T1272s3_openfold.log,SHARED_MSA_A3M_FILE=results/2026-06-06-combine-8models/predictions/T1272s3/colabfold/tmp_colabfold/T1272s3_qc_Check_CASP16_9C3C_b_residue_57-318_seq_1-318_coverage_0.823899.a3m SHARED_MSA_DIR=results/2026-06-06-combine-8models/predictions/T1272s3/colabfold/tmp_colabfold SHARED_MSA_METADATA_FILE=results/2026-06-06-combine-8models/metadata/prediction_manifest.csv bash runners/run_openfold_shared_msa.sh results/2026-06-06-combine-8models/sequences/T1272s3.fasta results/2026-06-06-combine-8models/predictions/T1272s3/openfold 1,,Check,Check,multiple equivalent chains match,1.000000,1.000000,0.823899,262,318,high,mapped from mmCIF atom_site CA records; 56 aligned positions lack resolved CA atoms,Prot,A1,dystrophin-glycoprotein complex (DGC) PDB code 9c3c,true,colabfold_mmseqs2,mmseqs2_uniref_env,colabfold,/data/chen/protein_folding_databases/colabfold,results/2026-06-06-combine-8models/predictions/T1272s3/colabfold/tmp_colabfold_msa_search/T1272s3_qc_Check_CASP16_9C3C_b_residue_57-318_seq_1-318_coverage_0.823899.a3m,502,7.983690470977788,0.016807769412584817,false,false,true,51.65915359801147,1.636072605509563,0.0034443633800201323,553.6591535980115,9.61976307648735,0.02025213279260495,colabfold,results/2026-06-06-combine-8models/predictions/T1272s3/colabfold/tmp_colabfold_msa_search/T1272s3_qc_Check_CASP16_9C3C_b_residue_57-318_seq_1-318_coverage_0.823899.a3m,results/2026-06-06-combine-8models/predictions/T1272s3/colabfold/tmp_colabfold,runner CodeCarbon output: results/2026-06-06-combine-8models/predictions/T1272s3/openfold/carbon/T1272s3_openfold_inference_emissions.csv; OpenFold reused the ColabFold A3M; MSA build time/carbon copied from the colabfold row.,,,,,,,,,,,
T1272s3,T1272s3,CASP16,9C3C,b,57,318,1,318,318,318,protenix,1,results/2026-06-06-combine-8models/sequences/T1272s3.fasta,results/2026-06-06-combine-8models/predictions/T1272s3/protenix,results/2026-06-06-combine-8models/predictions/T1272s3/protenix/rank_001.pdb,results/2026-06-06-combine-8models/predictions/T1272s3/protenix/rank_001.pdb,true,0,2026-06-04T06:35:59+02:00,2026-06-04T06:37:27+02:00,88,results/2026-06-06-combine-8models/logs/T1272s3_protenix.log,SHARED_MSA_A3M_FILE=results/2026-06-06-combine-8models/predictions/T1272s3/colabfold/tmp_colabfold/T1272s3_qc_Check_CASP16_9C3C_b_residue_57-318_seq_1-318_coverage_0.823899.a3m SHARED_MSA_DIR=results/2026-06-06-combine-8models/predictions/T1272s3/colabfold/tmp_colabfold SHARED_MSA_METADATA_FILE=results/2026-06-06-combine-8models/metadata/prediction_manifest.csv bash runners/run_protenix_shared_msa.sh results/2026-06-06-combine-8models/sequences/T1272s3.fasta results/2026-06-06-combine-8models/predictions/T1272s3/protenix 1,,Check,Check,multiple equivalent chains match,1.000000,1.000000,0.823899,262,318,high,mapped from mmCIF atom_site CA records; 56 aligned positions lack resolved CA atoms,Prot,A1,dystrophin-glycoprotein complex (DGC) PDB code 9c3c,true,colabfold_mmseqs2,mmseqs2_uniref_env,colabfold,/data/chen/protein_folding_databases/colabfold,results/2026-06-06-combine-8models/predictions/T1272s3/colabfold/tmp_colabfold_msa_search/T1272s3_qc_Check_CASP16_9C3C_b_residue_57-318_seq_1-318_coverage_0.823899.a3m,502,7.983690470977788,0.016807769412584817,false,false,true,86.9946009729756,1.4397309168517538,0.003031012456530008,588.9946009729756,9.423421387829542,0.019838781869114825,colabfold,results/2026-06-06-combine-8models/predictions/T1272s3/colabfold/tmp_colabfold_msa_search/T1272s3_qc_Check_CASP16_9C3C_b_residue_57-318_seq_1-318_coverage_0.823899.a3m,results/2026-06-06-combine-8models/predictions/T1272s3/colabfold/tmp_colabfold,runner CodeCarbon output: results/2026-06-06-combine-8models/predictions/T1272s3/protenix/carbon/T1272s3_protenix_inference_emissions.csv; Protenix reused the ColabFold A3M; MSA build time/carbon copied from the colabfold row.,,,,,,,,,,,
T1272s3,T1272s3,CASP16,9C3C,b,57,318,1,318,318,318,af2,1,results/2026-06-06-combine-8models/sequences/T1272s3.fasta,results/2026-06-06-combine-8models/predictions/T1272s3/af2,results/2026-06-06-combine-8models/predictions/T1272s3/af2/rank_001.pdb,results/2026-06-06-combine-8models/predictions/T1272s3/af2/rank_001.pdb,true,0,,,,results/2026-06-06-combine-8models/logs/T1272s3_af2.log,bash runners/run_af2.sh results/2026-06-06-combine-8models/sequences/T1272s3.fasta results/2026-06-06-combine-8models/predictions/T1272s3/af2 1,skipped existing success,Check,Check,multiple equivalent chains match,1.000000,1.000000,0.823899,262,318,high,mapped from mmCIF atom_site CA records; 56 aligned positions lack resolved CA atoms,Prot,A1,dystrophin-glycoprotein complex (DGC) PDB code 9c3c,true,alphafold2_default,official_af2_database_search,alphafold,/data/chen/protein_folding_databases/alphafold,,1113.344034,29.218645653196546,0.06151293821725589,true,true,false,131.452944,4.3896710889860975,0.0092414128189181,1244.7969779999999,33.608316742182645,0.07075435103617399,,,,,1113.344034,29.218645653196546,0.06151293821725589,131.452944,4.3896710889860975,0.0092414128189181,full_dbs,monomer,/data/chen/protein_folding_databases/alphafold/params,/data/chen/protein_folding_databases/alphafold,results/2026-06-06-combine-8models/predictions/T1272s3/af2/af2_features
T1272s4,T1272s4,CASP16,9C3C,d,21,289,1,289,289,289,chai1,1,results/2026-06-06-combine-8models/sequences/T1272s4.fasta,results/2026-06-06-combine-8models/predictions/T1272s4/chai1,results/2026-06-06-combine-8models/predictions/T1272s4/chai1/rank_001.pdb,results/2026-06-06-combine-8models/predictions/T1272s4/chai1/rank_001.pdb,true,0,2026-06-02T13:16:11+02:00,2026-06-02T13:31:50+02:00,939,results/2026-06-06-combine-8models/logs/T1272s4_chai1.log,bash runners/run_chai1.sh results/2026-06-06-combine-8models/sequences/T1272s4.fasta results/2026-06-06-combine-8models/predictions/T1272s4/chai1 1,,Check,Check,multiple equivalent chains match,1.000000,1.000000,0.930796,269,289,high,mapped from mmCIF atom_site CA records; 20 aligned positions lack resolved CA atoms,Prot,A1,dystrophin-glycoprotein complex (DGC) PDB code 9c3c,,,,,,,,,,,,,938.9623383189901,13.031864700602664,0.027435504632847715,938.9623383189901,13.031864700602664,0.027435504632847715,,,,runner CodeCarbon output: results/2026-06-06-combine-8models/predictions/T1272s4/chai1/carbon/T1272s4_chai1_inference_emissions.csv,,,,,,,,,,,
T1272s4,T1272s4,CASP16,9C3C,d,21,289,1,289,289,289,esmfold,1,results/2026-06-06-combine-8models/sequences/T1272s4.fasta,results/2026-06-06-combine-8models/predictions/T1272s4/esmfold,results/2026-06-06-combine-8models/predictions/T1272s4/esmfold/rank_001.pdb,results/2026-06-06-combine-8models/predictions/T1272s4/esmfold/rank_001.pdb,true,0,2026-06-02T13:31:50+02:00,2026-06-02T13:35:34+02:00,224,results/2026-06-06-combine-8models/logs/T1272s4_esmfold.log,bash runners/run_esmfold.sh results/2026-06-06-combine-8models/sequences/T1272s4.fasta results/2026-06-06-combine-8models/predictions/T1272s4/esmfold 1,,Check,Check,multiple equivalent chains match,1.000000,1.000000,0.930796,269,289,high,mapped from mmCIF atom_site CA records; 20 aligned positions lack resolved CA atoms,Prot,A1,dystrophin-glycoprotein complex (DGC) PDB code 9c3c,,,,,,,,,,,,,223.40656780300196,3.193208679582322,0.006722544588594362,223.40656780300196,3.193208679582322,0.006722544588594362,,,,runner CodeCarbon output: results/2026-06-06-combine-8models/predictions/T1272s4/esmfold/carbon/T1272s4_esmfold_inference_emissions.csv,,,,,,,,,,,
T1272s4,T1272s4,CASP16,9C3C,d,21,289,1,289,289,289,omegafold,1,results/2026-06-06-combine-8models/sequences/T1272s4.fasta,results/2026-06-06-combine-8models/predictions/T1272s4/omegafold,results/2026-06-06-combine-8models/predictions/T1272s4/omegafold/rank_001.pdb,results/2026-06-06-combine-8models/predictions/T1272s4/omegafold/rank_001.pdb,true,0,2026-06-02T13:35:34+02:00,2026-06-02T13:36:39+02:00,65,results/2026-06-06-combine-8models/logs/T1272s4_omegafold.log,bash runners/run_omegafold.sh results/2026-06-06-combine-8models/sequences/T1272s4.fasta results/2026-06-06-combine-8models/predictions/T1272s4/omegafold 1,,Check,Check,multiple equivalent chains match,1.000000,1.000000,0.930796,269,289,high,mapped from mmCIF atom_site CA records; 20 aligned positions lack resolved CA atoms,Prot,A1,dystrophin-glycoprotein complex (DGC) PDB code 9c3c,,,,,,,,,,,,,65.14010813098866,2.039933388701425,0.004294596607792473,65.14010813098866,2.039933388701425,0.004294596607792473,,,,runner CodeCarbon output: results/2026-06-06-combine-8models/predictions/T1272s4/omegafold/carbon/T1272s4_omegafold_inference_emissions.csv,,,,,,,,,,,
T1272s4,T1272s4,CASP16,9C3C,d,21,289,1,289,289,289,colabfold,1,results/2026-06-06-combine-8models/sequences/T1272s4.fasta,results/2026-06-06-combine-8models/predictions/T1272s4/colabfold,results/2026-06-06-combine-8models/predictions/T1272s4/colabfold/rank_001.pdb,results/2026-06-06-combine-8models/predictions/T1272s4/colabfold/rank_001.pdb,true,0,2026-06-04T06:37:27+02:00,2026-06-04T06:48:26+02:00,659,results/2026-06-06-combine-8models/logs/T1272s4_colabfold.log,bash runners/run_colabfold.sh results/2026-06-06-combine-8models/sequences/T1272s4.fasta results/2026-06-06-combine-8models/predictions/T1272s4/colabfold 1,,Check,Check,multiple equivalent chains match,1.000000,1.000000,0.930796,269,289,high,mapped from mmCIF atom_site CA records; 20 aligned positions lack resolved CA atoms,Prot,A1,dystrophin-glycoprotein complex (DGC) PDB code 9c3c,true,colabfold_mmseqs2,mmseqs2_uniref_env,colabfold,/data/chen/protein_folding_databases/colabfold,results/2026-06-06-combine-8models/predictions/T1272s4/colabfold/tmp_colabfold_msa_search/T1272s4_qc_Check_CASP16_9C3C_d_residue_21-289_seq_1-289_coverage_0.930796.a3m,508,8.003784313647538,0.016850072239257975,true,true,false,151,3.2966140869473843,0.006940240183047125,659.0,11.300398400594922,0.0237903124223051,,,,ColabFold local MMseqs2 MSA search measured separately from colabfold_batch inference.,,,,,,,,,,,
T1272s4,T1272s4,CASP16,9C3C,d,21,289,1,289,289,289,boltz2,1,results/2026-06-06-combine-8models/sequences/T1272s4.fasta,results/2026-06-06-combine-8models/predictions/T1272s4/boltz2,results/2026-06-06-combine-8models/predictions/T1272s4/boltz2/rank_001.pdb,results/2026-06-06-combine-8models/predictions/T1272s4/boltz2/rank_001.pdb,true,0,2026-06-04T06:48:27+02:00,2026-06-04T06:53:32+02:00,305,results/2026-06-06-combine-8models/logs/T1272s4_boltz2.log,SHARED_MSA_A3M_FILE=results/2026-06-06-combine-8models/predictions/T1272s4/colabfold/tmp_colabfold/T1272s4_qc_Check_CASP16_9C3C_d_residue_21-289_seq_1-289_coverage_0.930796.a3m SHARED_MSA_DIR=results/2026-06-06-combine-8models/predictions/T1272s4/colabfold/tmp_colabfold SHARED_MSA_METADATA_FILE=results/2026-06-06-combine-8models/metadata/prediction_manifest.csv bash runners/run_boltz2.sh results/2026-06-06-combine-8models/sequences/T1272s4.fasta results/2026-06-06-combine-8models/predictions/T1272s4/boltz2 1,,Check,Check,multiple equivalent chains match,1.000000,1.000000,0.930796,269,289,high,mapped from mmCIF atom_site CA records; 20 aligned positions lack resolved CA atoms,Prot,A1,dystrophin-glycoprotein complex (DGC) PDB code 9c3c,true,colabfold_mmseqs2,mmseqs2_uniref_env,colabfold,/data/chen/protein_folding_databases/colabfold,results/2026-06-06-combine-8models/predictions/T1272s4/colabfold/tmp_colabfold_msa_search/T1272s4_qc_Check_CASP16_9C3C_d_residue_21-289_seq_1-289_coverage_0.930796.a3m,508,8.003784313647538,0.016850072239257975,false,false,true,305.563028683071,4.4915283332437035,0.009455849122618324,813.563028683071,12.495312646891241,0.0263059213618763,colabfold,results/2026-06-06-combine-8models/predictions/T1272s4/colabfold/tmp_colabfold_msa_search/T1272s4_qc_Check_CASP16_9C3C_d_residue_21-289_seq_1-289_coverage_0.930796.a3m,results/2026-06-06-combine-8models/predictions/T1272s4/colabfold/tmp_colabfold,runner CodeCarbon output: results/2026-06-06-combine-8models/predictions/T1272s4/boltz2/carbon/T1272s4_boltz2_inference_emissions.csv; Boltz-2 reused the ColabFold A3M; MSA build time/carbon copied from the colabfold row.,,,,,,,,,,,
T1272s4,T1272s4,CASP16,9C3C,d,21,289,1,289,289,289,openfold,1,results/2026-06-06-combine-8models/sequences/T1272s4.fasta,results/2026-06-06-combine-8models/predictions/T1272s4/openfold,results/2026-06-06-combine-8models/predictions/T1272s4/openfold/rank_001.pdb,results/2026-06-06-combine-8models/predictions/T1272s4/openfold/rank_001.pdb,true,0,2026-06-04T06:53:32+02:00,2026-06-04T06:54:20+02:00,48,results/2026-06-06-combine-8models/logs/T1272s4_openfold.log,SHARED_MSA_A3M_FILE=results/2026-06-06-combine-8models/predictions/T1272s4/colabfold/tmp_colabfold/T1272s4_qc_Check_CASP16_9C3C_d_residue_21-289_seq_1-289_coverage_0.930796.a3m SHARED_MSA_DIR=results/2026-06-06-combine-8models/predictions/T1272s4/colabfold/tmp_colabfold SHARED_MSA_METADATA_FILE=results/2026-06-06-combine-8models/metadata/prediction_manifest.csv bash runners/run_openfold_shared_msa.sh results/2026-06-06-combine-8models/sequences/T1272s4.fasta results/2026-06-06-combine-8models/predictions/T1272s4/openfold 1,,Check,Check,multiple equivalent chains match,1.000000,1.000000,0.930796,269,289,high,mapped from mmCIF atom_site CA records; 20 aligned positions lack resolved CA atoms,Prot,A1,dystrophin-glycoprotein complex (DGC) PDB code 9c3c,true,colabfold_mmseqs2,mmseqs2_uniref_env,colabfold,/data/chen/protein_folding_databases/colabfold,results/2026-06-06-combine-8models/predictions/T1272s4/colabfold/tmp_colabfold_msa_search/T1272s4_qc_Check_CASP16_9C3C_d_residue_21-289_seq_1-289_coverage_0.930796.a3m,508,8.003784313647538,0.016850072239257975,false,false,true,46.99368206807412,1.4302670077168806,0.0030110884372986963,554.9936820680741,9.434051321364418,0.01986116067655667,colabfold,results/2026-06-06-combine-8models/predictions/T1272s4/colabfold/tmp_colabfold_msa_search/T1272s4_qc_Check_CASP16_9C3C_d_residue_21-289_seq_1-289_coverage_0.930796.a3m,results/2026-06-06-combine-8models/predictions/T1272s4/colabfold/tmp_colabfold,runner CodeCarbon output: results/2026-06-06-combine-8models/predictions/T1272s4/openfold/carbon/T1272s4_openfold_inference_emissions.csv; OpenFold reused the ColabFold A3M; MSA build time/carbon copied from the colabfold row.,,,,,,,,,,,
T1272s4,T1272s4,CASP16,9C3C,d,21,289,1,289,289,289,protenix,1,results/2026-06-06-combine-8models/sequences/T1272s4.fasta,results/2026-06-06-combine-8models/predictions/T1272s4/protenix,results/2026-06-06-combine-8models/predictions/T1272s4/protenix/rank_001.pdb,results/2026-06-06-combine-8models/predictions/T1272s4/protenix/rank_001.pdb,true,0,2026-06-04T06:54:20+02:00,2026-06-04T06:55:43+02:00,83,results/2026-06-06-combine-8models/logs/T1272s4_protenix.log,SHARED_MSA_A3M_FILE=results/2026-06-06-combine-8models/predictions/T1272s4/colabfold/tmp_colabfold/T1272s4_qc_Check_CASP16_9C3C_d_residue_21-289_seq_1-289_coverage_0.930796.a3m SHARED_MSA_DIR=results/2026-06-06-combine-8models/predictions/T1272s4/colabfold/tmp_colabfold SHARED_MSA_METADATA_FILE=results/2026-06-06-combine-8models/metadata/prediction_manifest.csv bash runners/run_protenix_shared_msa.sh results/2026-06-06-combine-8models/sequences/T1272s4.fasta results/2026-06-06-combine-8models/predictions/T1272s4/protenix 1,,Check,Check,multiple equivalent chains match,1.000000,1.000000,0.930796,269,289,high,mapped from mmCIF atom_site CA records; 20 aligned positions lack resolved CA atoms,Prot,A1,dystrophin-glycoprotein complex (DGC) PDB code 9c3c,true,colabfold_mmseqs2,mmseqs2_uniref_env,colabfold,/data/chen/protein_folding_databases/colabfold,results/2026-06-06-combine-8models/predictions/T1272s4/colabfold/tmp_colabfold_msa_search/T1272s4_qc_Check_CASP16_9C3C_d_residue_21-289_seq_1-289_coverage_0.930796.a3m,508,8.003784313647538,0.016850072239257975,false,false,true,83.404880492948,1.3660290247376108,0.00287585057839497,591.404880492948,9.369813338385148,0.019725922817652945,colabfold,results/2026-06-06-combine-8models/predictions/T1272s4/colabfold/tmp_colabfold_msa_search/T1272s4_qc_Check_CASP16_9C3C_d_residue_21-289_seq_1-289_coverage_0.930796.a3m,results/2026-06-06-combine-8models/predictions/T1272s4/colabfold/tmp_colabfold,runner CodeCarbon output: results/2026-06-06-combine-8models/predictions/T1272s4/protenix/carbon/T1272s4_protenix_inference_emissions.csv; Protenix reused the ColabFold A3M; MSA build time/carbon copied from the colabfold row.,,,,,,,,,,,
T1272s4,T1272s4,CASP16,9C3C,d,21,289,1,289,289,289,af2,1,results/2026-06-06-combine-8models/sequences/T1272s4.fasta,results/2026-06-06-combine-8models/predictions/T1272s4/af2,results/2026-06-06-combine-8models/predictions/T1272s4/af2/rank_001.pdb,results/2026-06-06-combine-8models/predictions/T1272s4/af2/rank_001.pdb,true,0,,,,results/2026-06-06-combine-8models/logs/T1272s4_af2.log,bash runners/run_af2.sh results/2026-06-06-combine-8models/sequences/T1272s4.fasta results/2026-06-06-combine-8models/predictions/T1272s4/af2 1,skipped existing success,Check,Check,multiple equivalent chains match,1.000000,1.000000,0.930796,269,289,high,mapped from mmCIF atom_site CA records; 20 aligned positions lack resolved CA atoms,Prot,A1,dystrophin-glycoprotein complex (DGC) PDB code 9c3c,true,alphafold2_default,official_af2_database_search,alphafold,/data/chen/protein_folding_databases/alphafold,,1107.442452,29.088683446997468,0.061239333572626245,true,true,false,129.087369,4.315395549429762,0.009085043261957393,1236.529821,33.40407899642723,0.07032437683458363,,,,,1107.442452,29.088683446997468,0.061239333572626245,129.087369,4.315395549429762,0.009085043261957393,full_dbs,monomer,/data/chen/protein_folding_databases/alphafold/params,/data/chen/protein_folding_databases/alphafold,results/2026-06-06-combine-8models/predictions/T1272s4/af2/af2_features
T1272s5,T1272s5,CASP16,9C3C,g,28,291,1,291,291,291,chai1,1,results/2026-06-06-combine-8models/sequences/T1272s5.fasta,results/2026-06-06-combine-8models/predictions/T1272s5/chai1,results/2026-06-06-combine-8models/predictions/T1272s5/chai1/rank_001.pdb,results/2026-06-06-combine-8models/predictions/T1272s5/chai1/rank_001.pdb,true,0,2026-06-02T13:36:39+02:00,2026-06-02T13:54:06+02:00,1047,results/2026-06-06-combine-8models/logs/T1272s5_chai1.log,bash runners/run_chai1.sh results/2026-06-06-combine-8models/sequences/T1272s5.fasta results/2026-06-06-combine-8models/predictions/T1272s5/chai1 1,,Check,Check,multiple equivalent chains match,1.000000,1.000000,0.907216,264,291,high,mapped from mmCIF atom_site CA records; 27 aligned positions lack resolved CA atoms,Prot,A1,dystrophin-glycoprotein complex (DGC) PDB code 9c3c,,,,,,,,,,,,,1045.9156909729936,14.624833190563285,0.03078912250644902,1045.9156909729936,14.624833190563285,0.03078912250644902,,,,runner CodeCarbon output: results/2026-06-06-combine-8models/predictions/T1272s5/chai1/carbon/T1272s5_chai1_inference_emissions.csv,,,,,,,,,,,
T1272s5,T1272s5,CASP16,9C3C,g,28,291,1,291,291,291,esmfold,1,results/2026-06-06-combine-8models/sequences/T1272s5.fasta,results/2026-06-06-combine-8models/predictions/T1272s5/esmfold,results/2026-06-06-combine-8models/predictions/T1272s5/esmfold/rank_001.pdb,results/2026-06-06-combine-8models/predictions/T1272s5/esmfold/rank_001.pdb,true,0,2026-06-02T13:54:06+02:00,2026-06-02T13:57:51+02:00,225,results/2026-06-06-combine-8models/logs/T1272s5_esmfold.log,bash runners/run_esmfold.sh results/2026-06-06-combine-8models/sequences/T1272s5.fasta results/2026-06-06-combine-8models/predictions/T1272s5/esmfold 1,,Check,Check,multiple equivalent chains match,1.000000,1.000000,0.907216,264,291,high,mapped from mmCIF atom_site CA records; 27 aligned positions lack resolved CA atoms,Prot,A1,dystrophin-glycoprotein complex (DGC) PDB code 9c3c,,,,,,,,,,,,,225.02074677799828,3.2416841020347804,0.0068245981095469066,225.02074677799828,3.2416841020347804,0.0068245981095469066,,,,runner CodeCarbon output: results/2026-06-06-combine-8models/predictions/T1272s5/esmfold/carbon/T1272s5_esmfold_inference_emissions.csv,,,,,,,,,,,
T1272s5,T1272s5,CASP16,9C3C,g,28,291,1,291,291,291,omegafold,1,results/2026-06-06-combine-8models/sequences/T1272s5.fasta,results/2026-06-06-combine-8models/predictions/T1272s5/omegafold,results/2026-06-06-combine-8models/predictions/T1272s5/omegafold/rank_001.pdb,results/2026-06-06-combine-8models/predictions/T1272s5/omegafold/rank_001.pdb,true,0,2026-06-02T13:57:51+02:00,2026-06-02T13:58:58+02:00,67,results/2026-06-06-combine-8models/logs/T1272s5_omegafold.log,bash runners/run_omegafold.sh results/2026-06-06-combine-8models/sequences/T1272s5.fasta results/2026-06-06-combine-8models/predictions/T1272s5/omegafold 1,,Check,Check,multiple equivalent chains match,1.000000,1.000000,0.907216,264,291,high,mapped from mmCIF atom_site CA records; 27 aligned positions lack resolved CA atoms,Prot,A1,dystrophin-glycoprotein complex (DGC) PDB code 9c3c,,,,,,,,,,,,,67.07173394504935,2.098678401998387,0.004418270319996604,67.07173394504935,2.098678401998387,0.004418270319996604,,,,runner CodeCarbon output: results/2026-06-06-combine-8models/predictions/T1272s5/omegafold/carbon/T1272s5_omegafold_inference_emissions.csv,,,,,,,,,,,
T1272s5,T1272s5,CASP16,9C3C,g,28,291,1,291,291,291,colabfold,1,results/2026-06-06-combine-8models/sequences/T1272s5.fasta,results/2026-06-06-combine-8models/predictions/T1272s5/colabfold,results/2026-06-06-combine-8models/predictions/T1272s5/colabfold/rank_001.pdb,results/2026-06-06-combine-8models/predictions/T1272s5/colabfold/rank_001.pdb,true,0,2026-06-04T06:55:43+02:00,2026-06-04T07:06:53+02:00,670,results/2026-06-06-combine-8models/logs/T1272s5_colabfold.log,bash runners/run_colabfold.sh results/2026-06-06-combine-8models/sequences/T1272s5.fasta results/2026-06-06-combine-8models/predictions/T1272s5/colabfold 1,,Check,Check,multiple equivalent chains match,1.000000,1.000000,0.907216,264,291,high,mapped from mmCIF atom_site CA records; 27 aligned positions lack resolved CA atoms,Prot,A1,dystrophin-glycoprotein complex (DGC) PDB code 9c3c,true,colabfold_mmseqs2,mmseqs2_uniref_env,colabfold,/data/chen/protein_folding_databases/colabfold,results/2026-06-06-combine-8models/predictions/T1272s5/colabfold/tmp_colabfold_msa_search/T1272s5_qc_Check_CASP16_9C3C_g_residue_28-291_seq_1-291_coverage_0.907216.a3m,510,8.06280811519442,0.016974332874093515,true,true,false,159,3.4002609992297614,0.007158444208904761,669.0,11.463069114424181,0.024132777082998276,,,,ColabFold local MMseqs2 MSA search measured separately from colabfold_batch inference.,,,,,,,,,,,
T1272s5,T1272s5,CASP16,9C3C,g,28,291,1,291,291,291,boltz2,1,results/2026-06-06-combine-8models/sequences/T1272s5.fasta,results/2026-06-06-combine-8models/predictions/T1272s5/boltz2,results/2026-06-06-combine-8models/predictions/T1272s5/boltz2/rank_001.pdb,results/2026-06-06-combine-8models/predictions/T1272s5/boltz2/rank_001.pdb,true,0,2026-06-04T07:06:53+02:00,2026-06-04T07:12:04+02:00,311,results/2026-06-06-combine-8models/logs/T1272s5_boltz2.log,SHARED_MSA_A3M_FILE=results/2026-06-06-combine-8models/predictions/T1272s5/colabfold/tmp_colabfold/T1272s5_qc_Check_CASP16_9C3C_g_residue_28-291_seq_1-291_coverage_0.907216.a3m SHARED_MSA_DIR=results/2026-06-06-combine-8models/predictions/T1272s5/colabfold/tmp_colabfold SHARED_MSA_METADATA_FILE=results/2026-06-06-combine-8models/metadata/prediction_manifest.csv bash runners/run_boltz2.sh results/2026-06-06-combine-8models/sequences/T1272s5.fasta results/2026-06-06-combine-8models/predictions/T1272s5/boltz2 1,,Check,Check,multiple equivalent chains match,1.000000,1.000000,0.907216,264,291,high,mapped from mmCIF atom_site CA records; 27 aligned positions lack resolved CA atoms,Prot,A1,dystrophin-glycoprotein complex (DGC) PDB code 9c3c,true,colabfold_mmseqs2,mmseqs2_uniref_env,colabfold,/data/chen/protein_folding_databases/colabfold,results/2026-06-06-combine-8models/predictions/T1272s5/colabfold/tmp_colabfold_msa_search/T1272s5_qc_Check_CASP16_9C3C_g_residue_28-291_seq_1-291_coverage_0.907216.a3m,510,8.06280811519442,0.016974332874093515,false,false,true,310.94075468799565,4.6012235371263825,0.00968678639395028,820.9407546879956,12.664031652320801,0.026661119268043793,colabfold,results/2026-06-06-combine-8models/predictions/T1272s5/colabfold/tmp_colabfold_msa_search/T1272s5_qc_Check_CASP16_9C3C_g_residue_28-291_seq_1-291_coverage_0.907216.a3m,results/2026-06-06-combine-8models/predictions/T1272s5/colabfold/tmp_colabfold,runner CodeCarbon output: results/2026-06-06-combine-8models/predictions/T1272s5/boltz2/carbon/T1272s5_boltz2_inference_emissions.csv; Boltz-2 reused the ColabFold A3M; MSA build time/carbon copied from the colabfold row.,,,,,,,,,,,
T1272s5,T1272s5,CASP16,9C3C,g,28,291,1,291,291,291,openfold,1,results/2026-06-06-combine-8models/sequences/T1272s5.fasta,results/2026-06-06-combine-8models/predictions/T1272s5/openfold,results/2026-06-06-combine-8models/predictions/T1272s5/openfold/rank_001.pdb,results/2026-06-06-combine-8models/predictions/T1272s5/openfold/rank_001.pdb,true,0,2026-06-04T07:12:04+02:00,2026-06-04T07:12:52+02:00,48,results/2026-06-06-combine-8models/logs/T1272s5_openfold.log,SHARED_MSA_A3M_FILE=results/2026-06-06-combine-8models/predictions/T1272s5/colabfold/tmp_colabfold/T1272s5_qc_Check_CASP16_9C3C_g_residue_28-291_seq_1-291_coverage_0.907216.a3m SHARED_MSA_DIR=results/2026-06-06-combine-8models/predictions/T1272s5/colabfold/tmp_colabfold SHARED_MSA_METADATA_FILE=results/2026-06-06-combine-8models/metadata/prediction_manifest.csv bash runners/run_openfold_shared_msa.sh results/2026-06-06-combine-8models/sequences/T1272s5.fasta results/2026-06-06-combine-8models/predictions/T1272s5/openfold 1,,Check,Check,multiple equivalent chains match,1.000000,1.000000,0.907216,264,291,high,mapped from mmCIF atom_site CA records; 27 aligned positions lack resolved CA atoms,Prot,A1,dystrophin-glycoprotein complex (DGC) PDB code 9c3c,true,colabfold_mmseqs2,mmseqs2_uniref_env,colabfold,/data/chen/protein_folding_databases/colabfold,results/2026-06-06-combine-8models/predictions/T1272s5/colabfold/tmp_colabfold_msa_search/T1272s5_qc_Check_CASP16_9C3C_g_residue_28-291_seq_1-291_coverage_0.907216.a3m,510,8.06280811519442,0.016974332874093515,false,false,true,47.35274493205361,1.466816350311863,0.0030880344217091853,557.3527449320536,9.529624465506283,0.0200623672958027,colabfold,results/2026-06-06-combine-8models/predictions/T1272s5/colabfold/tmp_colabfold_msa_search/T1272s5_qc_Check_CASP16_9C3C_g_residue_28-291_seq_1-291_coverage_0.907216.a3m,results/2026-06-06-combine-8models/predictions/T1272s5/colabfold/tmp_colabfold,runner CodeCarbon output: results/2026-06-06-combine-8models/predictions/T1272s5/openfold/carbon/T1272s5_openfold_inference_emissions.csv; OpenFold reused the ColabFold A3M; MSA build time/carbon copied from the colabfold row.,,,,,,,,,,,
T1272s5,T1272s5,CASP16,9C3C,g,28,291,1,291,291,291,protenix,1,results/2026-06-06-combine-8models/sequences/T1272s5.fasta,results/2026-06-06-combine-8models/predictions/T1272s5/protenix,results/2026-06-06-combine-8models/predictions/T1272s5/protenix/rank_001.pdb,results/2026-06-06-combine-8models/predictions/T1272s5/protenix/rank_001.pdb,true,0,2026-06-04T07:12:52+02:00,2026-06-04T07:14:17+02:00,85,results/2026-06-06-combine-8models/logs/T1272s5_protenix.log,SHARED_MSA_A3M_FILE=results/2026-06-06-combine-8models/predictions/T1272s5/colabfold/tmp_colabfold/T1272s5_qc_Check_CASP16_9C3C_g_residue_28-291_seq_1-291_coverage_0.907216.a3m SHARED_MSA_DIR=results/2026-06-06-combine-8models/predictions/T1272s5/colabfold/tmp_colabfold SHARED_MSA_METADATA_FILE=results/2026-06-06-combine-8models/metadata/prediction_manifest.csv bash runners/run_protenix_shared_msa.sh results/2026-06-06-combine-8models/sequences/T1272s5.fasta results/2026-06-06-combine-8models/predictions/T1272s5/protenix 1,,Check,Check,multiple equivalent chains match,1.000000,1.000000,0.907216,264,291,high,mapped from mmCIF atom_site CA records; 27 aligned positions lack resolved CA atoms,Prot,A1,dystrophin-glycoprotein complex (DGC) PDB code 9c3c,true,colabfold_mmseqs2,mmseqs2_uniref_env,colabfold,/data/chen/protein_folding_databases/colabfold,results/2026-06-06-combine-8models/predictions/T1272s5/colabfold/tmp_colabfold_msa_search/T1272s5_qc_Check_CASP16_9C3C_g_residue_28-291_seq_1-291_coverage_0.907216.a3m,510,8.06280811519442,0.016974332874093515,false,false,true,85.25572486803867,1.3965865399737503,0.0029401821894184214,595.2557248680387,9.45939465516817,0.019914515063511936,colabfold,results/2026-06-06-combine-8models/predictions/T1272s5/colabfold/tmp_colabfold_msa_search/T1272s5_qc_Check_CASP16_9C3C_g_residue_28-291_seq_1-291_coverage_0.907216.a3m,results/2026-06-06-combine-8models/predictions/T1272s5/colabfold/tmp_colabfold,runner CodeCarbon output: results/2026-06-06-combine-8models/predictions/T1272s5/protenix/carbon/T1272s5_protenix_inference_emissions.csv; Protenix reused the ColabFold A3M; MSA build time/carbon copied from the colabfold row.,,,,,,,,,,,
T1272s5,T1272s5,CASP16,9C3C,g,28,291,1,291,291,291,af2,1,results/2026-06-06-combine-8models/sequences/T1272s5.fasta,results/2026-06-06-combine-8models/predictions/T1272s5/af2,results/2026-06-06-combine-8models/predictions/T1272s5/af2/rank_001.pdb,results/2026-06-06-combine-8models/predictions/T1272s5/af2/rank_001.pdb,true,0,,,,results/2026-06-06-combine-8models/logs/T1272s5_af2.log,bash runners/run_af2.sh results/2026-06-06-combine-8models/sequences/T1272s5.fasta results/2026-06-06-combine-8models/predictions/T1272s5/af2 1,skipped existing success,Check,Check,multiple equivalent chains match,1.000000,1.000000,0.907216,264,291,high,mapped from mmCIF atom_site CA records; 27 aligned positions lack resolved CA atoms,Prot,A1,dystrophin-glycoprotein complex (DGC) PDB code 9c3c,true,alphafold2_default,official_af2_database_search,alphafold,/data/chen/protein_folding_databases/alphafold,,1105.656933,29.025677044204944,0.06110668851411567,true,true,false,128.254675,4.247793910626903,0.008942724022372428,1233.911608,33.27347095483185,0.0700494125364881,,,,,1105.656933,29.025677044204944,0.06110668851411567,128.254675,4.247793910626903,0.008942724022372428,full_dbs,monomer,/data/chen/protein_folding_databases/alphafold/params,/data/chen/protein_folding_databases/alphafold,results/2026-06-06-combine-8models/predictions/T1272s5/af2/af2_features
T1272s6,T1272s6,CASP16,9C3C,A,63,653,1,624,624,624,chai1,1,results/2026-06-06-combine-8models/sequences/T1272s6.fasta,results/2026-06-06-combine-8models/predictions/T1272s6/chai1,results/2026-06-06-combine-8models/predictions/T1272s6/chai1/rank_001.pdb,results/2026-06-06-combine-8models/predictions/T1272s6/chai1/rank_001.pdb,true,0,2026-06-02T13:58:58+02:00,2026-06-02T14:59:51+02:00,3653,results/2026-06-06-combine-8models/logs/T1272s6_chai1.log,bash runners/run_chai1.sh results/2026-06-06-combine-8models/sequences/T1272s6.fasta results/2026-06-06-combine-8models/predictions/T1272s6/chai1 1,,Check,Check,reference coverage below threshold 0.641,1.000000,1.000000,0.641026,400,624,high,mapped from mmCIF atom_site CA records; 224 aligned positions lack resolved CA atoms,Prot,A1,dystrophin-glycoprotein complex (DGC) PDB code 9c3c,,,,,,,,,,,,,3652.326589364966,51.08927665621511,0.10755637190782129,3652.326589364966,51.08927665621511,0.10755637190782129,,,,runner CodeCarbon output: results/2026-06-06-combine-8models/predictions/T1272s6/chai1/carbon/T1272s6_chai1_inference_emissions.csv,,,,,,,,,,,
T1272s6,T1272s6,CASP16,9C3C,A,63,653,1,624,624,624,esmfold,1,results/2026-06-06-combine-8models/sequences/T1272s6.fasta,results/2026-06-06-combine-8models/predictions/T1272s6/esmfold,results/2026-06-06-combine-8models/predictions/T1272s6/esmfold/rank_001.pdb,results/2026-06-06-combine-8models/predictions/T1272s6/esmfold/rank_001.pdb,true,0,2026-06-02T14:59:51+02:00,2026-06-02T15:17:12+02:00,1041,results/2026-06-06-combine-8models/logs/T1272s6_esmfold.log,bash runners/run_esmfold.sh results/2026-06-06-combine-8models/sequences/T1272s6.fasta results/2026-06-06-combine-8models/predictions/T1272s6/esmfold 1,,Check,Check,reference coverage below threshold 0.641,1.000000,1.000000,0.641026,400,624,high,mapped from mmCIF atom_site CA records; 224 aligned positions lack resolved CA atoms,Prot,A1,dystrophin-glycoprotein complex (DGC) PDB code 9c3c,,,,,,,,,,,,,1041.332300162001,14.99862100214702,0.03157604421504636,1041.332300162001,14.99862100214702,0.03157604421504636,,,,runner CodeCarbon output: results/2026-06-06-combine-8models/predictions/T1272s6/esmfold/carbon/T1272s6_esmfold_inference_emissions.csv,,,,,,,,,,,
T1272s6,T1272s6,CASP16,9C3C,A,63,653,1,624,624,624,omegafold,1,results/2026-06-06-combine-8models/sequences/T1272s6.fasta,results/2026-06-06-combine-8models/predictions/T1272s6/omegafold,results/2026-06-06-combine-8models/predictions/T1272s6/omegafold/rank_001.pdb,results/2026-06-06-combine-8models/predictions/T1272s6/omegafold/rank_001.pdb,true,0,2026-06-02T15:17:12+02:00,2026-06-02T15:22:50+02:00,338,results/2026-06-06-combine-8models/logs/T1272s6_omegafold.log,bash runners/run_omegafold.sh results/2026-06-06-combine-8models/sequences/T1272s6.fasta results/2026-06-06-combine-8models/predictions/T1272s6/omegafold 1,,Check,Check,reference coverage below threshold 0.641,1.000000,1.000000,0.641026,400,624,high,mapped from mmCIF atom_site CA records; 224 aligned positions lack resolved CA atoms,Prot,A1,dystrophin-glycoprotein complex (DGC) PDB code 9c3c,,,,,,,,,,,,,337.09834020998096,11.583102124440728,0.024385478156717322,337.09834020998096,11.583102124440728,0.024385478156717322,,,,runner CodeCarbon output: results/2026-06-06-combine-8models/predictions/T1272s6/omegafold/carbon/T1272s6_omegafold_inference_emissions.csv,,,,,,,,,,,
T1272s6,T1272s6,CASP16,9C3C,A,63,653,1,624,624,624,colabfold,1,results/2026-06-06-combine-8models/sequences/T1272s6.fasta,results/2026-06-06-combine-8models/predictions/T1272s6/colabfold,results/2026-06-06-combine-8models/predictions/T1272s6/colabfold/rank_001.pdb,results/2026-06-06-combine-8models/predictions/T1272s6/colabfold/rank_001.pdb,true,0,2026-06-04T07:14:17+02:00,2026-06-04T07:26:18+02:00,721,results/2026-06-06-combine-8models/logs/T1272s6_colabfold.log,bash runners/run_colabfold.sh results/2026-06-06-combine-8models/sequences/T1272s6.fasta results/2026-06-06-combine-8models/predictions/T1272s6/colabfold 1,,Check,Check,reference coverage below threshold 0.641,1.000000,1.000000,0.641026,400,624,high,mapped from mmCIF atom_site CA records; 224 aligned positions lack resolved CA atoms,Prot,A1,dystrophin-glycoprotein complex (DGC) PDB code 9c3c,true,colabfold_mmseqs2,mmseqs2_uniref_env,colabfold,/data/chen/protein_folding_databases/colabfold,results/2026-06-06-combine-8models/predictions/T1272s6/colabfold/tmp_colabfold_msa_search/T1272s6_qc_Check_CASP16_9C3C_A_residue_63-653_seq_1-624_coverage_0.641026.a3m,554,8.76354056421374,0.01844955908255524,true,true,false,166,4.2380630387505445,0.008922237976316937,720.0,13.001603602964284,0.027371797058872178,,,,ColabFold local MMseqs2 MSA search measured separately from colabfold_batch inference.,,,,,,,,,,,
T1272s6,T1272s6,CASP16,9C3C,A,63,653,1,624,624,624,boltz2,1,results/2026-06-06-combine-8models/sequences/T1272s6.fasta,results/2026-06-06-combine-8models/predictions/T1272s6/boltz2,results/2026-06-06-combine-8models/predictions/T1272s6/boltz2/rank_001.pdb,results/2026-06-06-combine-8models/predictions/T1272s6/boltz2/rank_001.pdb,true,0,2026-06-04T07:26:18+02:00,2026-06-04T07:57:43+02:00,1885,results/2026-06-06-combine-8models/logs/T1272s6_boltz2.log,SHARED_MSA_A3M_FILE=results/2026-06-06-combine-8models/predictions/T1272s6/colabfold/tmp_colabfold/T1272s6_qc_Check_CASP16_9C3C_A_residue_63-653_seq_1-624_coverage_0.641026.a3m SHARED_MSA_DIR=results/2026-06-06-combine-8models/predictions/T1272s6/colabfold/tmp_colabfold SHARED_MSA_METADATA_FILE=results/2026-06-06-combine-8models/metadata/prediction_manifest.csv bash runners/run_boltz2.sh results/2026-06-06-combine-8models/sequences/T1272s6.fasta results/2026-06-06-combine-8models/predictions/T1272s6/boltz2 1,,Check,Check,reference coverage below threshold 0.641,1.000000,1.000000,0.641026,400,624,high,mapped from mmCIF atom_site CA records; 224 aligned positions lack resolved CA atoms,Prot,A1,dystrophin-glycoprotein complex (DGC) PDB code 9c3c,true,colabfold_mmseqs2,mmseqs2_uniref_env,colabfold,/data/chen/protein_folding_databases/colabfold,results/2026-06-06-combine-8models/predictions/T1272s6/colabfold/tmp_colabfold_msa_search/T1272s6_qc_Check_CASP16_9C3C_A_residue_63-653_seq_1-624_coverage_0.641026.a3m,554,8.76354056421374,0.01844955908255524,false,false,true,1884.6592214870034,26.697921368687158,0.0562061502498677,2438.6592214870034,35.461461932900896,0.07465570933242294,colabfold,results/2026-06-06-combine-8models/predictions/T1272s6/colabfold/tmp_colabfold_msa_search/T1272s6_qc_Check_CASP16_9C3C_A_residue_63-653_seq_1-624_coverage_0.641026.a3m,results/2026-06-06-combine-8models/predictions/T1272s6/colabfold/tmp_colabfold,runner CodeCarbon output: results/2026-06-06-combine-8models/predictions/T1272s6/boltz2/carbon/T1272s6_boltz2_inference_emissions.csv; Boltz-2 reused the ColabFold A3M; MSA build time/carbon copied from the colabfold row.,,,,,,,,,,,
T1272s6,T1272s6,CASP16,9C3C,A,63,653,1,624,624,624,openfold,1,results/2026-06-06-combine-8models/sequences/T1272s6.fasta,results/2026-06-06-combine-8models/predictions/T1272s6/openfold,results/2026-06-06-combine-8models/predictions/T1272s6/openfold/rank_001.pdb,results/2026-06-06-combine-8models/predictions/T1272s6/openfold/rank_001.pdb,true,0,2026-06-04T07:57:43+02:00,2026-06-04T08:00:56+02:00,193,results/2026-06-06-combine-8models/logs/T1272s6_openfold.log,SHARED_MSA_A3M_FILE=results/2026-06-06-combine-8models/predictions/T1272s6/colabfold/tmp_colabfold/T1272s6_qc_Check_CASP16_9C3C_A_residue_63-653_seq_1-624_coverage_0.641026.a3m SHARED_MSA_DIR=results/2026-06-06-combine-8models/predictions/T1272s6/colabfold/tmp_colabfold SHARED_MSA_METADATA_FILE=results/2026-06-06-combine-8models/metadata/prediction_manifest.csv bash runners/run_openfold_shared_msa.sh results/2026-06-06-combine-8models/sequences/T1272s6.fasta results/2026-06-06-combine-8models/predictions/T1272s6/openfold 1,,Check,Check,reference coverage below threshold 0.641,1.000000,1.000000,0.641026,400,624,high,mapped from mmCIF atom_site CA records; 224 aligned positions lack resolved CA atoms,Prot,A1,dystrophin-glycoprotein complex (DGC) PDB code 9c3c,true,colabfold_mmseqs2,mmseqs2_uniref_env,colabfold,/data/chen/protein_folding_databases/colabfold,results/2026-06-06-combine-8models/predictions/T1272s6/colabfold/tmp_colabfold_msa_search/T1272s6_qc_Check_CASP16_9C3C_A_residue_63-653_seq_1-624_coverage_0.641026.a3m,554,8.76354056421374,0.01844955908255524,false,false,true,193.09741554805078,6.458831276695132,0.013597539529884487,747.0974155480508,15.22237184090887,0.03204709861243973,colabfold,results/2026-06-06-combine-8models/predictions/T1272s6/colabfold/tmp_colabfold_msa_search/T1272s6_qc_Check_CASP16_9C3C_A_residue_63-653_seq_1-624_coverage_0.641026.a3m,results/2026-06-06-combine-8models/predictions/T1272s6/colabfold/tmp_colabfold,runner CodeCarbon output: results/2026-06-06-combine-8models/predictions/T1272s6/openfold/carbon/T1272s6_openfold_inference_emissions.csv; OpenFold reused the ColabFold A3M; MSA build time/carbon copied from the colabfold row.,,,,,,,,,,,
T1272s6,T1272s6,CASP16,9C3C,A,63,653,1,624,624,624,protenix,1,results/2026-06-06-combine-8models/sequences/T1272s6.fasta,results/2026-06-06-combine-8models/predictions/T1272s6/protenix,results/2026-06-06-combine-8models/predictions/T1272s6/protenix/rank_001.pdb,results/2026-06-06-combine-8models/predictions/T1272s6/protenix/rank_001.pdb,true,0,2026-06-04T08:00:56+02:00,2026-06-04T08:02:53+02:00,117,results/2026-06-06-combine-8models/logs/T1272s6_protenix.log,SHARED_MSA_A3M_FILE=results/2026-06-06-combine-8models/predictions/T1272s6/colabfold/tmp_colabfold/T1272s6_qc_Check_CASP16_9C3C_A_residue_63-653_seq_1-624_coverage_0.641026.a3m SHARED_MSA_DIR=results/2026-06-06-combine-8models/predictions/T1272s6/colabfold/tmp_colabfold SHARED_MSA_METADATA_FILE=results/2026-06-06-combine-8models/metadata/prediction_manifest.csv bash runners/run_protenix_shared_msa.sh results/2026-06-06-combine-8models/sequences/T1272s6.fasta results/2026-06-06-combine-8models/predictions/T1272s6/protenix 1,,Check,Check,reference coverage below threshold 0.641,1.000000,1.000000,0.641026,400,624,high,mapped from mmCIF atom_site CA records; 224 aligned positions lack resolved CA atoms,Prot,A1,dystrophin-glycoprotein complex (DGC) PDB code 9c3c,true,colabfold_mmseqs2,mmseqs2_uniref_env,colabfold,/data/chen/protein_folding_databases/colabfold,results/2026-06-06-combine-8models/predictions/T1272s6/colabfold/tmp_colabfold_msa_search/T1272s6_qc_Check_CASP16_9C3C_A_residue_63-653_seq_1-624_coverage_0.641026.a3m,554,8.76354056421374,0.01844955908255524,false,false,true,116.41430995799601,2.534585188889641,0.005335968818715034,670.414309957996,11.298125753103381,0.023785527901270274,colabfold,results/2026-06-06-combine-8models/predictions/T1272s6/colabfold/tmp_colabfold_msa_search/T1272s6_qc_Check_CASP16_9C3C_A_residue_63-653_seq_1-624_coverage_0.641026.a3m,results/2026-06-06-combine-8models/predictions/T1272s6/colabfold/tmp_colabfold,runner CodeCarbon output: results/2026-06-06-combine-8models/predictions/T1272s6/protenix/carbon/T1272s6_protenix_inference_emissions.csv; Protenix reused the ColabFold A3M; MSA build time/carbon copied from the colabfold row.,,,,,,,,,,,
T1272s6,T1272s6,CASP16,9C3C,A,63,653,1,624,624,624,af2,1,results/2026-06-06-combine-8models/sequences/T1272s6.fasta,results/2026-06-06-combine-8models/predictions/T1272s6/af2,results/2026-06-06-combine-8models/predictions/T1272s6/af2/rank_001.pdb,results/2026-06-06-combine-8models/predictions/T1272s6/af2/rank_001.pdb,true,0,,,,results/2026-06-06-combine-8models/logs/T1272s6_af2.log,bash runners/run_af2.sh results/2026-06-06-combine-8models/sequences/T1272s6.fasta results/2026-06-06-combine-8models/predictions/T1272s6/af2 1,skipped existing success,Check,Check,reference coverage below threshold 0.641,1.000000,1.000000,0.641026,400,624,high,mapped from mmCIF atom_site CA records; 224 aligned positions lack resolved CA atoms,Prot,A1,dystrophin-glycoprotein complex (DGC) PDB code 9c3c,true,alphafold2_default,official_af2_database_search,alphafold,/data/chen/protein_folding_databases/alphafold,,1468.894615,38.64894724991445,0.08136620473666199,true,true,false,210.631367,8.469146734575041,0.01782978259910535,1679.5259819999999,47.11809398448949,0.09919598733576734,,,,,1468.894615,38.64894724991445,0.08136620473666199,210.631367,8.469146734575041,0.01782978259910535,full_dbs,monomer,/data/chen/protein_folding_databases/alphafold/params,/data/chen/protein_folding_databases/alphafold,results/2026-06-06-combine-8models/predictions/T1272s6/af2/af2_features
T1272s7,T1272s7,CASP16,9C3C,B,654,798,1,242,242,242,chai1,1,results/2026-06-06-combine-8models/sequences/T1272s7.fasta,results/2026-06-06-combine-8models/predictions/T1272s7/chai1,results/2026-06-06-combine-8models/predictions/T1272s7/chai1/rank_001.pdb,results/2026-06-06-combine-8models/predictions/T1272s7/chai1/rank_001.pdb,true,0,2026-06-02T15:22:50+02:00,2026-06-02T15:31:00+02:00,490,results/2026-06-06-combine-8models/logs/T1272s7_chai1.log,bash runners/run_chai1.sh results/2026-06-06-combine-8models/sequences/T1272s7.fasta results/2026-06-06-combine-8models/predictions/T1272s7/chai1 1,,No,No,chain mapping below threshold identity=1.000 coverage=0.599,1.000000,0.599174,1.000000,145,145,low,mapped from mmCIF atom_site CA records,Prot,A1,dystrophin-glycoprotein complex (DGC) PDB code 9c3c,,,,,,,,,,,,,490.03152378601953,6.842413406264555,0.0144050808552938,490.03152378601953,6.842413406264555,0.0144050808552938,,,,runner CodeCarbon output: results/2026-06-06-combine-8models/predictions/T1272s7/chai1/carbon/T1272s7_chai1_inference_emissions.csv,,,,,,,,,,,
T1272s7,T1272s7,CASP16,9C3C,B,654,798,1,242,242,242,esmfold,1,results/2026-06-06-combine-8models/sequences/T1272s7.fasta,results/2026-06-06-combine-8models/predictions/T1272s7/esmfold,results/2026-06-06-combine-8models/predictions/T1272s7/esmfold/rank_001.pdb,results/2026-06-06-combine-8models/predictions/T1272s7/esmfold/rank_001.pdb,true,0,2026-06-02T15:31:00+02:00,2026-06-02T15:33:21+02:00,141,results/2026-06-06-combine-8models/logs/T1272s7_esmfold.log,bash runners/run_esmfold.sh results/2026-06-06-combine-8models/sequences/T1272s7.fasta results/2026-06-06-combine-8models/predictions/T1272s7/esmfold 1,,No,No,chain mapping below threshold identity=1.000 coverage=0.599,1.000000,0.599174,1.000000,145,145,low,mapped from mmCIF atom_site CA records,Prot,A1,dystrophin-glycoprotein complex (DGC) PDB code 9c3c,,,,,,,,,,,,,140.56283939897548,1.9900073719824412,0.00418948920417356,140.56283939897548,1.9900073719824412,0.00418948920417356,,,,runner CodeCarbon output: results/2026-06-06-combine-8models/predictions/T1272s7/esmfold/carbon/T1272s7_esmfold_inference_emissions.csv,,,,,,,,,,,
T1272s7,T1272s7,CASP16,9C3C,B,654,798,1,242,242,242,omegafold,1,results/2026-06-06-combine-8models/sequences/T1272s7.fasta,results/2026-06-06-combine-8models/predictions/T1272s7/omegafold,results/2026-06-06-combine-8models/predictions/T1272s7/omegafold/rank_001.pdb,results/2026-06-06-combine-8models/predictions/T1272s7/omegafold/rank_001.pdb,true,0,2026-06-02T15:33:21+02:00,2026-06-02T15:34:07+02:00,46,results/2026-06-06-combine-8models/logs/T1272s7_omegafold.log,bash runners/run_omegafold.sh results/2026-06-06-combine-8models/sequences/T1272s7.fasta results/2026-06-06-combine-8models/predictions/T1272s7/omegafold 1,,No,No,chain mapping below threshold identity=1.000 coverage=0.599,1.000000,0.599174,1.000000,145,145,low,mapped from mmCIF atom_site CA records,Prot,A1,dystrophin-glycoprotein complex (DGC) PDB code 9c3c,,,,,,,,,,,,,45.697644043015316,1.3849643435172567,0.002915714407404751,45.697644043015316,1.3849643435172567,0.002915714407404751,,,,runner CodeCarbon output: results/2026-06-06-combine-8models/predictions/T1272s7/omegafold/carbon/T1272s7_omegafold_inference_emissions.csv,,,,,,,,,,,
T1272s7,T1272s7,CASP16,9C3C,B,654,798,1,242,242,242,colabfold,1,results/2026-06-06-combine-8models/sequences/T1272s7.fasta,results/2026-06-06-combine-8models/predictions/T1272s7/colabfold,results/2026-06-06-combine-8models/predictions/T1272s7/colabfold/rank_001.pdb,results/2026-06-06-combine-8models/predictions/T1272s7/colabfold/rank_001.pdb,true,0,2026-06-04T08:02:53+02:00,2026-06-04T08:13:54+02:00,661,results/2026-06-06-combine-8models/logs/T1272s7_colabfold.log,bash runners/run_colabfold.sh results/2026-06-06-combine-8models/sequences/T1272s7.fasta results/2026-06-06-combine-8models/predictions/T1272s7/colabfold 1,,No,No,chain mapping below threshold identity=1.000 coverage=0.599,1.000000,0.599174,1.000000,145,145,low,mapped from mmCIF atom_site CA records,Prot,A1,dystrophin-glycoprotein complex (DGC) PDB code 9c3c,true,colabfold_mmseqs2,mmseqs2_uniref_env,colabfold,/data/chen/protein_folding_databases/colabfold,results/2026-06-06-combine-8models/predictions/T1272s7/colabfold/tmp_colabfold_msa_search/T1272s7_qc_No_CASP16_9C3C_B_residue_654-798_seq_1-242_coverage_1.000000.a3m,512,8.041406234300116,0.016929276282737087,true,true,false,148,3.145591398876068,0.0066222976818443545,660.0,11.186997633176183,0.023551573964581442,,,,ColabFold local MMseqs2 MSA search measured separately from colabfold_batch inference.,,,,,,,,,,,
T1272s7,T1272s7,CASP16,9C3C,B,654,798,1,242,242,242,boltz2,1,results/2026-06-06-combine-8models/sequences/T1272s7.fasta,results/2026-06-06-combine-8models/predictions/T1272s7/boltz2,results/2026-06-06-combine-8models/predictions/T1272s7/boltz2/rank_001.pdb,results/2026-06-06-combine-8models/predictions/T1272s7/boltz2/rank_001.pdb,true,0,2026-06-04T08:13:54+02:00,2026-06-04T08:18:17+02:00,263,results/2026-06-06-combine-8models/logs/T1272s7_boltz2.log,SHARED_MSA_A3M_FILE=results/2026-06-06-combine-8models/predictions/T1272s7/colabfold/tmp_colabfold/T1272s7_qc_No_CASP16_9C3C_B_residue_654-798_seq_1-242_coverage_1.000000.a3m SHARED_MSA_DIR=results/2026-06-06-combine-8models/predictions/T1272s7/colabfold/tmp_colabfold SHARED_MSA_METADATA_FILE=results/2026-06-06-combine-8models/metadata/prediction_manifest.csv bash runners/run_boltz2.sh results/2026-06-06-combine-8models/sequences/T1272s7.fasta results/2026-06-06-combine-8models/predictions/T1272s7/boltz2 1,,No,No,chain mapping below threshold identity=1.000 coverage=0.599,1.000000,0.599174,1.000000,145,145,low,mapped from mmCIF atom_site CA records,Prot,A1,dystrophin-glycoprotein complex (DGC) PDB code 9c3c,true,colabfold_mmseqs2,mmseqs2_uniref_env,colabfold,/data/chen/protein_folding_databases/colabfold,results/2026-06-06-combine-8models/predictions/T1272s7/colabfold/tmp_colabfold_msa_search/T1272s7_qc_No_CASP16_9C3C_B_residue_654-798_seq_1-242_coverage_1.000000.a3m,512,8.041406234300116,0.016929276282737087,false,false,true,262.49769463797566,3.8483765872894438,0.008101845446925144,774.4976946379757,11.88978282158956,0.02503112172966223,colabfold,results/2026-06-06-combine-8models/predictions/T1272s7/colabfold/tmp_colabfold_msa_search/T1272s7_qc_No_CASP16_9C3C_B_residue_654-798_seq_1-242_coverage_1.000000.a3m,results/2026-06-06-combine-8models/predictions/T1272s7/colabfold/tmp_colabfold,runner CodeCarbon output: results/2026-06-06-combine-8models/predictions/T1272s7/boltz2/carbon/T1272s7_boltz2_inference_emissions.csv; Boltz-2 reused the ColabFold A3M; MSA build time/carbon copied from the colabfold row.,,,,,,,,,,,
T1272s7,T1272s7,CASP16,9C3C,B,654,798,1,242,242,242,openfold,1,results/2026-06-06-combine-8models/sequences/T1272s7.fasta,results/2026-06-06-combine-8models/predictions/T1272s7/openfold,results/2026-06-06-combine-8models/predictions/T1272s7/openfold/rank_001.pdb,results/2026-06-06-combine-8models/predictions/T1272s7/openfold/rank_001.pdb,true,0,2026-06-04T08:18:17+02:00,2026-06-04T08:18:55+02:00,38,results/2026-06-06-combine-8models/logs/T1272s7_openfold.log,SHARED_MSA_A3M_FILE=results/2026-06-06-combine-8models/predictions/T1272s7/colabfold/tmp_colabfold/T1272s7_qc_No_CASP16_9C3C_B_residue_654-798_seq_1-242_coverage_1.000000.a3m SHARED_MSA_DIR=results/2026-06-06-combine-8models/predictions/T1272s7/colabfold/tmp_colabfold SHARED_MSA_METADATA_FILE=results/2026-06-06-combine-8models/metadata/prediction_manifest.csv bash runners/run_openfold_shared_msa.sh results/2026-06-06-combine-8models/sequences/T1272s7.fasta results/2026-06-06-combine-8models/predictions/T1272s7/openfold 1,,No,No,chain mapping below threshold identity=1.000 coverage=0.599,1.000000,0.599174,1.000000,145,145,low,mapped from mmCIF atom_site CA records,Prot,A1,dystrophin-glycoprotein complex (DGC) PDB code 9c3c,true,colabfold_mmseqs2,mmseqs2_uniref_env,colabfold,/data/chen/protein_folding_databases/colabfold,results/2026-06-06-combine-8models/predictions/T1272s7/colabfold/tmp_colabfold_msa_search/T1272s7_qc_No_CASP16_9C3C_B_residue_654-798_seq_1-242_coverage_1.000000.a3m,512,8.041406234300116,0.016929276282737087,false,false,true,37.63912644702941,1.1080815588982493,0.0023328032818910513,549.6391264470294,9.149487793198364,0.019262079564628137,colabfold,results/2026-06-06-combine-8models/predictions/T1272s7/colabfold/tmp_colabfold_msa_search/T1272s7_qc_No_CASP16_9C3C_B_residue_654-798_seq_1-242_coverage_1.000000.a3m,results/2026-06-06-combine-8models/predictions/T1272s7/colabfold/tmp_colabfold,runner CodeCarbon output: results/2026-06-06-combine-8models/predictions/T1272s7/openfold/carbon/T1272s7_openfold_inference_emissions.csv; OpenFold reused the ColabFold A3M; MSA build time/carbon copied from the colabfold row.,,,,,,,,,,,
T1272s7,T1272s7,CASP16,9C3C,B,654,798,1,242,242,242,protenix,1,results/2026-06-06-combine-8models/sequences/T1272s7.fasta,results/2026-06-06-combine-8models/predictions/T1272s7/protenix,results/2026-06-06-combine-8models/predictions/T1272s7/protenix/rank_001.pdb,results/2026-06-06-combine-8models/predictions/T1272s7/protenix/rank_001.pdb,true,0,2026-06-04T08:18:55+02:00,2026-06-04T08:20:19+02:00,84,results/2026-06-06-combine-8models/logs/T1272s7_protenix.log,SHARED_MSA_A3M_FILE=results/2026-06-06-combine-8models/predictions/T1272s7/colabfold/tmp_colabfold/T1272s7_qc_No_CASP16_9C3C_B_residue_654-798_seq_1-242_coverage_1.000000.a3m SHARED_MSA_DIR=results/2026-06-06-combine-8models/predictions/T1272s7/colabfold/tmp_colabfold SHARED_MSA_METADATA_FILE=results/2026-06-06-combine-8models/metadata/prediction_manifest.csv bash runners/run_protenix_shared_msa.sh results/2026-06-06-combine-8models/sequences/T1272s7.fasta results/2026-06-06-combine-8models/predictions/T1272s7/protenix 1,,No,No,chain mapping below threshold identity=1.000 coverage=0.599,1.000000,0.599174,1.000000,145,145,low,mapped from mmCIF atom_site CA records,Prot,A1,dystrophin-glycoprotein complex (DGC) PDB code 9c3c,true,colabfold_mmseqs2,mmseqs2_uniref_env,colabfold,/data/chen/protein_folding_databases/colabfold,results/2026-06-06-combine-8models/predictions/T1272s7/colabfold/tmp_colabfold_msa_search/T1272s7_qc_No_CASP16_9C3C_B_residue_654-798_seq_1-242_coverage_1.000000.a3m,512,8.041406234300116,0.016929276282737087,false,false,true,84.40618981304578,1.3431341389658582,0.002827650818875491,596.4061898130458,9.384540373265974,0.01975692710161258,colabfold,results/2026-06-06-combine-8models/predictions/T1272s7/colabfold/tmp_colabfold_msa_search/T1272s7_qc_No_CASP16_9C3C_B_residue_654-798_seq_1-242_coverage_1.000000.a3m,results/2026-06-06-combine-8models/predictions/T1272s7/colabfold/tmp_colabfold,runner CodeCarbon output: results/2026-06-06-combine-8models/predictions/T1272s7/protenix/carbon/T1272s7_protenix_inference_emissions.csv; Protenix reused the ColabFold A3M; MSA build time/carbon copied from the colabfold row.,,,,,,,,,,,
T1272s7,T1272s7,CASP16,9C3C,B,654,798,1,242,242,242,af2,1,results/2026-06-06-combine-8models/sequences/T1272s7.fasta,results/2026-06-06-combine-8models/predictions/T1272s7/af2,results/2026-06-06-combine-8models/predictions/T1272s7/af2/rank_001.pdb,results/2026-06-06-combine-8models/predictions/T1272s7/af2/rank_001.pdb,true,0,,,,results/2026-06-06-combine-8models/logs/T1272s7_af2.log,bash runners/run_af2.sh results/2026-06-06-combine-8models/sequences/T1272s7.fasta results/2026-06-06-combine-8models/predictions/T1272s7/af2 1,skipped existing success,No,No,chain mapping below threshold identity=1.000 coverage=0.599,1.000000,0.599174,1.000000,145,145,low,mapped from mmCIF atom_site CA records,Prot,A1,dystrophin-glycoprotein complex (DGC) PDB code 9c3c,true,alphafold2_default,official_af2_database_search,alphafold,/data/chen/protein_folding_databases/alphafold,,1159.520757,30.201622012050173,0.06358236213063194,true,true,false,119.624213,3.9488209480124232,0.008313307258973524,1279.14497,34.1504429600626,0.07189566938960547,,,,,1159.520757,30.201622012050173,0.06358236213063194,119.624213,3.9488209480124232,0.008313307258973524,full_dbs,monomer,/data/chen/protein_folding_databases/alphafold/params,/data/chen/protein_folding_databases/alphafold,results/2026-06-06-combine-8models/predictions/T1272s7/af2/af2_features
T1272s9,T1272s9,CASP16,9C3C,n,42,216,1,238,238,238,chai1,1,results/2026-06-06-combine-8models/sequences/T1272s9.fasta,results/2026-06-06-combine-8models/predictions/T1272s9/chai1,results/2026-06-06-combine-8models/predictions/T1272s9/chai1/rank_001.pdb,results/2026-06-06-combine-8models/predictions/T1272s9/chai1/rank_001.pdb,true,0,2026-06-02T17:50:48+02:00,2026-06-02T17:58:33+02:00,465,results/2026-06-06-combine-8models/logs/T1272s9_chai1.log,bash runners/run_chai1.sh results/2026-06-06-combine-8models/sequences/T1272s9.fasta results/2026-06-06-combine-8models/predictions/T1272s9/chai1 1,,Check,Check,reference coverage below threshold 0.735; multiple equivalent chains match,1.000000,1.000000,0.735294,175,238,high,mapped from mmCIF atom_site CA records; 63 aligned positions lack resolved CA atoms,Prot,A1,dystrophin-glycoprotein complex (DGC) PDB code 9c3c,,,,,,,,,,,,,464.3503633500077,6.523133021823462,0.013732911624891498,464.3503633500077,6.523133021823462,0.013732911624891498,,,,runner CodeCarbon output: results/2026-06-06-combine-8models/predictions/T1272s9/chai1/carbon/T1272s9_chai1_inference_emissions.csv,,,,,,,,,,,
T1272s9,T1272s9,CASP16,9C3C,n,42,216,1,238,238,238,esmfold,1,results/2026-06-06-combine-8models/sequences/T1272s9.fasta,results/2026-06-06-combine-8models/predictions/T1272s9/esmfold,results/2026-06-06-combine-8models/predictions/T1272s9/esmfold/rank_001.pdb,results/2026-06-06-combine-8models/predictions/T1272s9/esmfold/rank_001.pdb,true,0,2026-06-02T17:58:33+02:00,2026-06-02T18:00:48+02:00,135,results/2026-06-06-combine-8models/logs/T1272s9_esmfold.log,bash runners/run_esmfold.sh results/2026-06-06-combine-8models/sequences/T1272s9.fasta results/2026-06-06-combine-8models/predictions/T1272s9/esmfold 1,,Check,Check,reference coverage below threshold 0.735; multiple equivalent chains match,1.000000,1.000000,0.735294,175,238,high,mapped from mmCIF atom_site CA records; 63 aligned positions lack resolved CA atoms,Prot,A1,dystrophin-glycoprotein complex (DGC) PDB code 9c3c,,,,,,,,,,,,,135.2153275019955,1.9006954306777222,0.0040014640645846785,135.2153275019955,1.9006954306777222,0.0040014640645846785,,,,runner CodeCarbon output: results/2026-06-06-combine-8models/predictions/T1272s9/esmfold/carbon/T1272s9_esmfold_inference_emissions.csv,,,,,,,,,,,
T1272s9,T1272s9,CASP16,9C3C,n,42,216,1,238,238,238,omegafold,1,results/2026-06-06-combine-8models/sequences/T1272s9.fasta,results/2026-06-06-combine-8models/predictions/T1272s9/omegafold,results/2026-06-06-combine-8models/predictions/T1272s9/omegafold/rank_001.pdb,results/2026-06-06-combine-8models/predictions/T1272s9/omegafold/rank_001.pdb,true,0,2026-06-02T18:00:48+02:00,2026-06-02T18:01:33+02:00,45,results/2026-06-06-combine-8models/logs/T1272s9_omegafold.log,bash runners/run_omegafold.sh results/2026-06-06-combine-8models/sequences/T1272s9.fasta results/2026-06-06-combine-8models/predictions/T1272s9/omegafold 1,,Check,Check,reference coverage below threshold 0.735; multiple equivalent chains match,1.000000,1.000000,0.735294,175,238,high,mapped from mmCIF atom_site CA records; 63 aligned positions lack resolved CA atoms,Prot,A1,dystrophin-glycoprotein complex (DGC) PDB code 9c3c,,,,,,,,,,,,,44.479096842056606,1.3301992392306383,0.00280041945101187,44.479096842056606,1.3301992392306383,0.00280041945101187,,,,runner CodeCarbon output: results/2026-06-06-combine-8models/predictions/T1272s9/omegafold/carbon/T1272s9_omegafold_inference_emissions.csv,,,,,,,,,,,
T1272s9,T1272s9,CASP16,9C3C,n,42,216,1,238,238,238,colabfold,1,results/2026-06-06-combine-8models/sequences/T1272s9.fasta,results/2026-06-06-combine-8models/predictions/T1272s9/colabfold,results/2026-06-06-combine-8models/predictions/T1272s9/colabfold/rank_001.pdb,results/2026-06-06-combine-8models/predictions/T1272s9/colabfold/rank_001.pdb,true,0,2026-06-04T08:20:19+02:00,2026-06-04T08:31:09+02:00,650,results/2026-06-06-combine-8models/logs/T1272s9_colabfold.log,bash runners/run_colabfold.sh results/2026-06-06-combine-8models/sequences/T1272s9.fasta results/2026-06-06-combine-8models/predictions/T1272s9/colabfold 1,,Check,Check,reference coverage below threshold 0.735; multiple equivalent chains match,1.000000,1.000000,0.735294,175,238,high,mapped from mmCIF atom_site CA records; 63 aligned positions lack resolved CA atoms,Prot,A1,dystrophin-glycoprotein complex (DGC) PDB code 9c3c,true,colabfold_mmseqs2,mmseqs2_uniref_env,colabfold,/data/chen/protein_folding_databases/colabfold,results/2026-06-06-combine-8models/predictions/T1272s9/colabfold/tmp_colabfold_msa_search/T1272s9_qc_Check_CASP16_9C3C_n_residue_42-216_seq_1-238_coverage_0.735294.a3m,507,7.999213748677339,0.01684044999721545,true,true,false,142,3.0303045988074677,0.006379588629068353,649.0,11.029518347484807,0.0232200386262838,,,,ColabFold local MMseqs2 MSA search measured separately from colabfold_batch inference.,,,,,,,,,,,
T1272s9,T1272s9,CASP16,9C3C,n,42,216,1,238,238,238,boltz2,1,results/2026-06-06-combine-8models/sequences/T1272s9.fasta,results/2026-06-06-combine-8models/predictions/T1272s9/boltz2,results/2026-06-06-combine-8models/predictions/T1272s9/boltz2/rank_001.pdb,results/2026-06-06-combine-8models/predictions/T1272s9/boltz2/rank_001.pdb,true,0,2026-06-04T08:31:09+02:00,2026-06-04T08:35:31+02:00,262,results/2026-06-06-combine-8models/logs/T1272s9_boltz2.log,SHARED_MSA_A3M_FILE=results/2026-06-06-combine-8models/predictions/T1272s9/colabfold/tmp_colabfold/T1272s9_qc_Check_CASP16_9C3C_n_residue_42-216_seq_1-238_coverage_0.735294.a3m SHARED_MSA_DIR=results/2026-06-06-combine-8models/predictions/T1272s9/colabfold/tmp_colabfold SHARED_MSA_METADATA_FILE=results/2026-06-06-combine-8models/metadata/prediction_manifest.csv bash runners/run_boltz2.sh results/2026-06-06-combine-8models/sequences/T1272s9.fasta results/2026-06-06-combine-8models/predictions/T1272s9/boltz2 1,,Check,Check,reference coverage below threshold 0.735; multiple equivalent chains match,1.000000,1.000000,0.735294,175,238,high,mapped from mmCIF atom_site CA records; 63 aligned positions lack resolved CA atoms,Prot,A1,dystrophin-glycoprotein complex (DGC) PDB code 9c3c,true,colabfold_mmseqs2,mmseqs2_uniref_env,colabfold,/data/chen/protein_folding_databases/colabfold,results/2026-06-06-combine-8models/predictions/T1272s9/colabfold/tmp_colabfold_msa_search/T1272s9_qc_Check_CASP16_9C3C_n_residue_42-216_seq_1-238_coverage_0.735294.a3m,507,7.999213748677339,0.01684044999721545,false,false,true,262.02145946596283,3.8511918342019644,0.008107772282530451,769.0214594659628,11.850405582879304,0.0249482222797459,colabfold,results/2026-06-06-combine-8models/predictions/T1272s9/colabfold/tmp_colabfold_msa_search/T1272s9_qc_Check_CASP16_9C3C_n_residue_42-216_seq_1-238_coverage_0.735294.a3m,results/2026-06-06-combine-8models/predictions/T1272s9/colabfold/tmp_colabfold,runner CodeCarbon output: results/2026-06-06-combine-8models/predictions/T1272s9/boltz2/carbon/T1272s9_boltz2_inference_emissions.csv; Boltz-2 reused the ColabFold A3M; MSA build time/carbon copied from the colabfold row.,,,,,,,,,,,
T1272s9,T1272s9,CASP16,9C3C,n,42,216,1,238,238,238,openfold,1,results/2026-06-06-combine-8models/sequences/T1272s9.fasta,results/2026-06-06-combine-8models/predictions/T1272s9/openfold,results/2026-06-06-combine-8models/predictions/T1272s9/openfold/rank_001.pdb,results/2026-06-06-combine-8models/predictions/T1272s9/openfold/rank_001.pdb,true,0,2026-06-04T08:35:31+02:00,2026-06-04T08:36:09+02:00,38,results/2026-06-06-combine-8models/logs/T1272s9_openfold.log,SHARED_MSA_A3M_FILE=results/2026-06-06-combine-8models/predictions/T1272s9/colabfold/tmp_colabfold/T1272s9_qc_Check_CASP16_9C3C_n_residue_42-216_seq_1-238_coverage_0.735294.a3m SHARED_MSA_DIR=results/2026-06-06-combine-8models/predictions/T1272s9/colabfold/tmp_colabfold SHARED_MSA_METADATA_FILE=results/2026-06-06-combine-8models/metadata/prediction_manifest.csv bash runners/run_openfold_shared_msa.sh results/2026-06-06-combine-8models/sequences/T1272s9.fasta results/2026-06-06-combine-8models/predictions/T1272s9/openfold 1,,Check,Check,reference coverage below threshold 0.735; multiple equivalent chains match,1.000000,1.000000,0.735294,175,238,high,mapped from mmCIF atom_site CA records; 63 aligned positions lack resolved CA atoms,Prot,A1,dystrophin-glycoprotein complex (DGC) PDB code 9c3c,true,colabfold_mmseqs2,mmseqs2_uniref_env,colabfold,/data/chen/protein_folding_databases/colabfold,results/2026-06-06-combine-8models/predictions/T1272s9/colabfold/tmp_colabfold_msa_search/T1272s9_qc_Check_CASP16_9C3C_n_residue_42-216_seq_1-238_coverage_0.735294.a3m,507,7.999213748677339,0.01684044999721545,false,false,true,37.14713814295828,1.089206760780211,0.0022930668648004442,544.1471381429583,9.08842050945755,0.019133516862015892,colabfold,results/2026-06-06-combine-8models/predictions/T1272s9/colabfold/tmp_colabfold_msa_search/T1272s9_qc_Check_CASP16_9C3C_n_residue_42-216_seq_1-238_coverage_0.735294.a3m,results/2026-06-06-combine-8models/predictions/T1272s9/colabfold/tmp_colabfold,runner CodeCarbon output: results/2026-06-06-combine-8models/predictions/T1272s9/openfold/carbon/T1272s9_openfold_inference_emissions.csv; OpenFold reused the ColabFold A3M; MSA build time/carbon copied from the colabfold row.,,,,,,,,,,,
T1272s9,T1272s9,CASP16,9C3C,n,42,216,1,238,238,238,protenix,1,results/2026-06-06-combine-8models/sequences/T1272s9.fasta,results/2026-06-06-combine-8models/predictions/T1272s9/protenix,results/2026-06-06-combine-8models/predictions/T1272s9/protenix/rank_001.pdb,results/2026-06-06-combine-8models/predictions/T1272s9/protenix/rank_001.pdb,true,0,2026-06-04T08:36:09+02:00,2026-06-04T08:37:33+02:00,84,results/2026-06-06-combine-8models/logs/T1272s9_protenix.log,SHARED_MSA_A3M_FILE=results/2026-06-06-combine-8models/predictions/T1272s9/colabfold/tmp_colabfold/T1272s9_qc_Check_CASP16_9C3C_n_residue_42-216_seq_1-238_coverage_0.735294.a3m SHARED_MSA_DIR=results/2026-06-06-combine-8models/predictions/T1272s9/colabfold/tmp_colabfold SHARED_MSA_METADATA_FILE=results/2026-06-06-combine-8models/metadata/prediction_manifest.csv bash runners/run_protenix_shared_msa.sh results/2026-06-06-combine-8models/sequences/T1272s9.fasta results/2026-06-06-combine-8models/predictions/T1272s9/protenix 1,,Check,Check,reference coverage below threshold 0.735; multiple equivalent chains match,1.000000,1.000000,0.735294,175,238,high,mapped from mmCIF atom_site CA records; 63 aligned positions lack resolved CA atoms,Prot,A1,dystrophin-glycoprotein complex (DGC) PDB code 9c3c,true,colabfold_mmseqs2,mmseqs2_uniref_env,colabfold,/data/chen/protein_folding_databases/colabfold,results/2026-06-06-combine-8models/predictions/T1272s9/colabfold/tmp_colabfold_msa_search/T1272s9_qc_Check_CASP16_9C3C_n_residue_42-216_seq_1-238_coverage_0.735294.a3m,507,7.999213748677339,0.01684044999721545,false,false,true,83.81034135597292,1.3242583029247506,0.0027879122166836853,590.8103413559729,9.323472051602089,0.019628362213899134,colabfold,results/2026-06-06-combine-8models/predictions/T1272s9/colabfold/tmp_colabfold_msa_search/T1272s9_qc_Check_CASP16_9C3C_n_residue_42-216_seq_1-238_coverage_0.735294.a3m,results/2026-06-06-combine-8models/predictions/T1272s9/colabfold/tmp_colabfold,runner CodeCarbon output: results/2026-06-06-combine-8models/predictions/T1272s9/protenix/carbon/T1272s9_protenix_inference_emissions.csv; Protenix reused the ColabFold A3M; MSA build time/carbon copied from the colabfold row.,,,,,,,,,,,
T1272s9,T1272s9,CASP16,9C3C,n,42,216,1,238,238,238,af2,1,results/2026-06-06-combine-8models/sequences/T1272s9.fasta,results/2026-06-06-combine-8models/predictions/T1272s9/af2,results/2026-06-06-combine-8models/predictions/T1272s9/af2/rank_001.pdb,results/2026-06-06-combine-8models/predictions/T1272s9/af2/rank_001.pdb,true,0,,,,results/2026-06-06-combine-8models/logs/T1272s9_af2.log,bash runners/run_af2.sh results/2026-06-06-combine-8models/sequences/T1272s9.fasta results/2026-06-06-combine-8models/predictions/T1272s9/af2 1,skipped existing success,Check,Check,reference coverage below threshold 0.735; multiple equivalent chains match,1.000000,1.000000,0.735294,175,238,high,mapped from mmCIF atom_site CA records; 63 aligned positions lack resolved CA atoms,Prot,A1,dystrophin-glycoprotein complex (DGC) PDB code 9c3c,true,alphafold2_default,official_af2_database_search,alphafold,/data/chen/protein_folding_databases/alphafold,,1165.687333,30.539874191055453,0.06429447198116937,true,true,false,117.600953,3.93696373985423,0.00828834471548259,1283.288286,34.47683793090968,0.07258281669665197,,,,,1165.687333,30.539874191055453,0.06429447198116937,117.600953,3.93696373985423,0.00828834471548259,full_dbs,monomer,/data/chen/protein_folding_databases/alphafold/params,/data/chen/protein_folding_databases/alphafold,results/2026-06-06-combine-8models/predictions/T1272s9/af2/af2_features
T1280,T1280,CASP16,9F5M,AAA,615,848,1,237,237,237,chai1,1,results/2026-06-06-combine-8models/sequences/T1280.fasta,results/2026-06-06-combine-8models/predictions/T1280/chai1,results/2026-06-06-combine-8models/predictions/T1280/chai1/rank_001.pdb,results/2026-06-06-combine-8models/predictions/T1280/chai1/rank_001.pdb,true,0,2026-06-02T18:01:33+02:00,2026-06-02T18:09:19+02:00,466,results/2026-06-06-combine-8models/logs/T1280_chai1.log,bash runners/run_chai1.sh results/2026-06-06-combine-8models/sequences/T1280.fasta results/2026-06-06-combine-8models/predictions/T1280/chai1 1,,Check,Check,multiple equivalent chains match,1.000000,0.991561,0.995745,234,235,high,mapped from mmCIF atom_site CA records; 1 aligned positions lack resolved CA atoms,Prot,A1,C-terminal domain of bacteriophage K gp155 PDB code 9f5m,,,,,,,,,,,,,466.08988921396667,6.542071201256539,0.013772781476329557,466.08988921396667,6.542071201256539,0.013772781476329557,,,,runner CodeCarbon output: results/2026-06-06-combine-8models/predictions/T1280/chai1/carbon/T1280_chai1_inference_emissions.csv,,,,,,,,,,,
T1280,T1280,CASP16,9F5M,AAA,615,848,1,237,237,237,esmfold,1,results/2026-06-06-combine-8models/sequences/T1280.fasta,results/2026-06-06-combine-8models/predictions/T1280/esmfold,results/2026-06-06-combine-8models/predictions/T1280/esmfold/rank_001.pdb,results/2026-06-06-combine-8models/predictions/T1280/esmfold/rank_001.pdb,true,0,2026-06-02T18:09:19+02:00,2026-06-02T18:11:34+02:00,135,results/2026-06-06-combine-8models/logs/T1280_esmfold.log,bash runners/run_esmfold.sh results/2026-06-06-combine-8models/sequences/T1280.fasta results/2026-06-06-combine-8models/predictions/T1280/esmfold 1,,Check,Check,multiple equivalent chains match,1.000000,0.991561,0.995745,234,235,high,mapped from mmCIF atom_site CA records; 1 aligned positions lack resolved CA atoms,Prot,A1,C-terminal domain of bacteriophage K gp155 PDB code 9f5m,,,,,,,,,,,,,134.35423245001584,1.8865417017118966,0.003971666740446098,134.35423245001584,1.8865417017118966,0.003971666740446098,,,,runner CodeCarbon output: results/2026-06-06-combine-8models/predictions/T1280/esmfold/carbon/T1280_esmfold_inference_emissions.csv,,,,,,,,,,,
T1280,T1280,CASP16,9F5M,AAA,615,848,1,237,237,237,omegafold,1,results/2026-06-06-combine-8models/sequences/T1280.fasta,results/2026-06-06-combine-8models/predictions/T1280/omegafold,results/2026-06-06-combine-8models/predictions/T1280/omegafold/rank_001.pdb,results/2026-06-06-combine-8models/predictions/T1280/omegafold/rank_001.pdb,true,0,2026-06-02T18:11:34+02:00,2026-06-02T18:12:18+02:00,44,results/2026-06-06-combine-8models/logs/T1280_omegafold.log,bash runners/run_omegafold.sh results/2026-06-06-combine-8models/sequences/T1280.fasta results/2026-06-06-combine-8models/predictions/T1280/omegafold 1,,Check,Check,multiple equivalent chains match,1.000000,0.991561,0.995745,234,235,high,mapped from mmCIF atom_site CA records; 1 aligned positions lack resolved CA atoms,Prot,A1,C-terminal domain of bacteriophage K gp155 PDB code 9f5m,,,,,,,,,,,,,44.513044092047494,1.335650664634784,0.00281189613607323,44.513044092047494,1.335650664634784,0.00281189613607323,,,,runner CodeCarbon output: results/2026-06-06-combine-8models/predictions/T1280/omegafold/carbon/T1280_omegafold_inference_emissions.csv,,,,,,,,,,,
T1280,T1280,CASP16,9F5M,AAA,615,848,1,237,237,237,colabfold,1,results/2026-06-06-combine-8models/sequences/T1280.fasta,results/2026-06-06-combine-8models/predictions/T1280/colabfold,results/2026-06-06-combine-8models/predictions/T1280/colabfold/rank_001.pdb,results/2026-06-06-combine-8models/predictions/T1280/colabfold/rank_001.pdb,true,0,2026-06-04T08:37:33+02:00,2026-06-04T08:49:04+02:00,691,results/2026-06-06-combine-8models/logs/T1280_colabfold.log,bash runners/run_colabfold.sh results/2026-06-06-combine-8models/sequences/T1280.fasta results/2026-06-06-combine-8models/predictions/T1280/colabfold 1,,Check,Check,multiple equivalent chains match,1.000000,0.991561,0.995745,234,235,high,mapped from mmCIF atom_site CA records; 1 aligned positions lack resolved CA atoms,Prot,A1,C-terminal domain of bacteriophage K gp155 PDB code 9f5m,true,colabfold_mmseqs2,mmseqs2_uniref_env,colabfold,/data/chen/protein_folding_databases/colabfold,results/2026-06-06-combine-8models/predictions/T1280/colabfold/tmp_colabfold_msa_search/T1280_qc_Check_CASP16_9F5M_AAA_residue_615-848_seq_1-237_coverage_0.995745.a3m,536,8.39781342980597,0.017679607220644145,true,true,false,155,3.4684149425053503,0.007301926194748106,691.0,11.866228372311319,0.024981533415392252,,,,ColabFold local MMseqs2 MSA search measured separately from colabfold_batch inference.,,,,,,,,,,,
T1280,T1280,CASP16,9F5M,AAA,615,848,1,237,237,237,boltz2,1,results/2026-06-06-combine-8models/sequences/T1280.fasta,results/2026-06-06-combine-8models/predictions/T1280/boltz2,results/2026-06-06-combine-8models/predictions/T1280/boltz2/rank_001.pdb,results/2026-06-06-combine-8models/predictions/T1280/boltz2/rank_001.pdb,true,0,2026-06-04T08:49:04+02:00,2026-06-04T08:54:04+02:00,300,results/2026-06-06-combine-8models/logs/T1280_boltz2.log,SHARED_MSA_A3M_FILE=results/2026-06-06-combine-8models/predictions/T1280/colabfold/tmp_colabfold/T1280_qc_Check_CASP16_9F5M_AAA_residue_615-848_seq_1-237_coverage_0.995745.a3m SHARED_MSA_DIR=results/2026-06-06-combine-8models/predictions/T1280/colabfold/tmp_colabfold SHARED_MSA_METADATA_FILE=results/2026-06-06-combine-8models/metadata/prediction_manifest.csv bash runners/run_boltz2.sh results/2026-06-06-combine-8models/sequences/T1280.fasta results/2026-06-06-combine-8models/predictions/T1280/boltz2 1,,Check,Check,multiple equivalent chains match,1.000000,0.991561,0.995745,234,235,high,mapped from mmCIF atom_site CA records; 1 aligned positions lack resolved CA atoms,Prot,A1,C-terminal domain of bacteriophage K gp155 PDB code 9f5m,true,colabfold_mmseqs2,mmseqs2_uniref_env,colabfold,/data/chen/protein_folding_databases/colabfold,results/2026-06-06-combine-8models/predictions/T1280/colabfold/tmp_colabfold_msa_search/T1280_qc_Check_CASP16_9F5M_AAA_residue_615-848_seq_1-237_coverage_0.995745.a3m,536,8.39781342980597,0.017679607220644145,false,false,true,299.5475691779284,4.429046545058593,0.009324308515912828,835.5475691779284,12.826859974864563,0.02700391573655697,colabfold,results/2026-06-06-combine-8models/predictions/T1280/colabfold/tmp_colabfold_msa_search/T1280_qc_Check_CASP16_9F5M_AAA_residue_615-848_seq_1-237_coverage_0.995745.a3m,results/2026-06-06-combine-8models/predictions/T1280/colabfold/tmp_colabfold,runner CodeCarbon output: results/2026-06-06-combine-8models/predictions/T1280/boltz2/carbon/T1280_boltz2_inference_emissions.csv; Boltz-2 reused the ColabFold A3M; MSA build time/carbon copied from the colabfold row.,,,,,,,,,,,
T1280,T1280,CASP16,9F5M,AAA,615,848,1,237,237,237,openfold,1,results/2026-06-06-combine-8models/sequences/T1280.fasta,results/2026-06-06-combine-8models/predictions/T1280/openfold,results/2026-06-06-combine-8models/predictions/T1280/openfold/rank_001.pdb,results/2026-06-06-combine-8models/predictions/T1280/openfold/rank_001.pdb,true,0,2026-06-04T08:54:04+02:00,2026-06-04T08:54:43+02:00,39,results/2026-06-06-combine-8models/logs/T1280_openfold.log,SHARED_MSA_A3M_FILE=results/2026-06-06-combine-8models/predictions/T1280/colabfold/tmp_colabfold/T1280_qc_Check_CASP16_9F5M_AAA_residue_615-848_seq_1-237_coverage_0.995745.a3m SHARED_MSA_DIR=results/2026-06-06-combine-8models/predictions/T1280/colabfold/tmp_colabfold SHARED_MSA_METADATA_FILE=results/2026-06-06-combine-8models/metadata/prediction_manifest.csv bash runners/run_openfold_shared_msa.sh results/2026-06-06-combine-8models/sequences/T1280.fasta results/2026-06-06-combine-8models/predictions/T1280/openfold 1,,Check,Check,multiple equivalent chains match,1.000000,0.991561,0.995745,234,235,high,mapped from mmCIF atom_site CA records; 1 aligned positions lack resolved CA atoms,Prot,A1,C-terminal domain of bacteriophage K gp155 PDB code 9f5m,true,colabfold_mmseqs2,mmseqs2_uniref_env,colabfold,/data/chen/protein_folding_databases/colabfold,results/2026-06-06-combine-8models/predictions/T1280/colabfold/tmp_colabfold_msa_search/T1280_qc_Check_CASP16_9F5M_AAA_residue_615-848_seq_1-237_coverage_0.995745.a3m,536,8.39781342980597,0.017679607220644145,false,false,true,38.777008082019165,1.1199061007298707,0.002357697054168149,574.7770080820192,9.51771953053584,0.020037304274812293,colabfold,results/2026-06-06-combine-8models/predictions/T1280/colabfold/tmp_colabfold_msa_search/T1280_qc_Check_CASP16_9F5M_AAA_residue_615-848_seq_1-237_coverage_0.995745.a3m,results/2026-06-06-combine-8models/predictions/T1280/colabfold/tmp_colabfold,runner CodeCarbon output: results/2026-06-06-combine-8models/predictions/T1280/openfold/carbon/T1280_openfold_inference_emissions.csv; OpenFold reused the ColabFold A3M; MSA build time/carbon copied from the colabfold row.,,,,,,,,,,,
T1280,T1280,CASP16,9F5M,AAA,615,848,1,237,237,237,protenix,1,results/2026-06-06-combine-8models/sequences/T1280.fasta,results/2026-06-06-combine-8models/predictions/T1280/protenix,results/2026-06-06-combine-8models/predictions/T1280/protenix/rank_001.pdb,results/2026-06-06-combine-8models/predictions/T1280/protenix/rank_001.pdb,true,0,2026-06-04T08:54:43+02:00,2026-06-04T08:56:06+02:00,83,results/2026-06-06-combine-8models/logs/T1280_protenix.log,SHARED_MSA_A3M_FILE=results/2026-06-06-combine-8models/predictions/T1280/colabfold/tmp_colabfold/T1280_qc_Check_CASP16_9F5M_AAA_residue_615-848_seq_1-237_coverage_0.995745.a3m SHARED_MSA_DIR=results/2026-06-06-combine-8models/predictions/T1280/colabfold/tmp_colabfold SHARED_MSA_METADATA_FILE=results/2026-06-06-combine-8models/metadata/prediction_manifest.csv bash runners/run_protenix_shared_msa.sh results/2026-06-06-combine-8models/sequences/T1280.fasta results/2026-06-06-combine-8models/predictions/T1280/protenix 1,,Check,Check,multiple equivalent chains match,1.000000,0.991561,0.995745,234,235,high,mapped from mmCIF atom_site CA records; 1 aligned positions lack resolved CA atoms,Prot,A1,C-terminal domain of bacteriophage K gp155 PDB code 9f5m,true,colabfold_mmseqs2,mmseqs2_uniref_env,colabfold,/data/chen/protein_folding_databases/colabfold,results/2026-06-06-combine-8models/predictions/T1280/colabfold/tmp_colabfold_msa_search/T1280_qc_Check_CASP16_9F5M_AAA_residue_615-848_seq_1-237_coverage_0.995745.a3m,536,8.39781342980597,0.017679607220644145,false,false,true,83.2101903569419,1.3361310948862917,0.0028129075681816666,619.2101903569419,9.733944524692262,0.020492514788825814,colabfold,results/2026-06-06-combine-8models/predictions/T1280/colabfold/tmp_colabfold_msa_search/T1280_qc_Check_CASP16_9F5M_AAA_residue_615-848_seq_1-237_coverage_0.995745.a3m,results/2026-06-06-combine-8models/predictions/T1280/colabfold/tmp_colabfold,runner CodeCarbon output: results/2026-06-06-combine-8models/predictions/T1280/protenix/carbon/T1280_protenix_inference_emissions.csv; Protenix reused the ColabFold A3M; MSA build time/carbon copied from the colabfold row.,,,,,,,,,,,
T1280,T1280,CASP16,9F5M,AAA,615,848,1,237,237,237,af2,1,results/2026-06-06-combine-8models/sequences/T1280.fasta,results/2026-06-06-combine-8models/predictions/T1280/af2,results/2026-06-06-combine-8models/predictions/T1280/af2/rank_001.pdb,results/2026-06-06-combine-8models/predictions/T1280/af2/rank_001.pdb,true,0,,,,results/2026-06-06-combine-8models/logs/T1280_af2.log,bash runners/run_af2.sh results/2026-06-06-combine-8models/sequences/T1280.fasta results/2026-06-06-combine-8models/predictions/T1280/af2 1,skipped existing success,Check,Check,multiple equivalent chains match,1.000000,0.991561,0.995745,234,235,high,mapped from mmCIF atom_site CA records; 1 aligned positions lack resolved CA atoms,Prot,A1,C-terminal domain of bacteriophage K gp155 PDB code 9f5m,true,alphafold2_default,official_af2_database_search,alphafold,/data/chen/protein_folding_databases/alphafold,,1133.862199,29.686911991484592,0.062498762087335985,true,true,false,119.558567,3.9850188455094053,0.00838951335896717,1253.420766,33.671930836994,0.07088827544630316,,,,,1133.862199,29.686911991484592,0.062498762087335985,119.558567,3.9850188455094053,0.00838951335896717,full_dbs,monomer,/data/chen/protein_folding_databases/alphafold/params,/data/chen/protein_folding_databases/alphafold,results/2026-06-06-combine-8models/predictions/T1280/af2/af2_features
T1299,T1299,CASP16,9FJL,A,1,168,1,168,168,168,chai1,1,results/2026-06-06-combine-8models/sequences/T1299.fasta,results/2026-06-06-combine-8models/predictions/T1299/chai1,results/2026-06-06-combine-8models/predictions/T1299/chai1/rank_001.pdb,results/2026-06-06-combine-8models/predictions/T1299/chai1/rank_001.pdb,true,0,2026-06-02T18:12:18+02:00,2026-06-02T18:20:02+02:00,464,results/2026-06-06-combine-8models/logs/T1299_chai1.log,bash runners/run_chai1.sh results/2026-06-06-combine-8models/sequences/T1299.fasta results/2026-06-06-combine-8models/predictions/T1299/chai1 1,,Yes,Yes,prefiltered A1 protein target with mapped residue range,1.000000,1.000000,1.000000,168,168,high,mapped from mmCIF atom_site CA records,Prot,A1,9FJL PDB code 9fjl,,,,,,,,,,,,,463.4233136140392,6.484163153615808,0.01365086979708591,463.4233136140392,6.484163153615808,0.01365086979708591,,,,runner CodeCarbon output: results/2026-06-06-combine-8models/predictions/T1299/chai1/carbon/T1299_chai1_inference_emissions.csv,,,,,,,,,,,
T1299,T1299,CASP16,9FJL,A,1,168,1,168,168,168,esmfold,1,results/2026-06-06-combine-8models/sequences/T1299.fasta,results/2026-06-06-combine-8models/predictions/T1299/esmfold,results/2026-06-06-combine-8models/predictions/T1299/esmfold/rank_001.pdb,results/2026-06-06-combine-8models/predictions/T1299/esmfold/rank_001.pdb,true,0,2026-06-02T18:20:02+02:00,2026-06-02T18:21:31+02:00,89,results/2026-06-06-combine-8models/logs/T1299_esmfold.log,bash runners/run_esmfold.sh results/2026-06-06-combine-8models/sequences/T1299.fasta results/2026-06-06-combine-8models/predictions/T1299/esmfold 1,,Yes,Yes,prefiltered A1 protein target with mapped residue range,1.000000,1.000000,1.000000,168,168,high,mapped from mmCIF atom_site CA records,Prot,A1,9FJL PDB code 9fjl,,,,,,,,,,,,,88.8067519760225,1.2227961121711968,0.0025743076045709407,88.8067519760225,1.2227961121711968,0.0025743076045709407,,,,runner CodeCarbon output: results/2026-06-06-combine-8models/predictions/T1299/esmfold/carbon/T1299_esmfold_inference_emissions.csv,,,,,,,,,,,
T1299,T1299,CASP16,9FJL,A,1,168,1,168,168,168,omegafold,1,results/2026-06-06-combine-8models/sequences/T1299.fasta,results/2026-06-06-combine-8models/predictions/T1299/omegafold,results/2026-06-06-combine-8models/predictions/T1299/omegafold/rank_001.pdb,results/2026-06-06-combine-8models/predictions/T1299/omegafold/rank_001.pdb,true,0,2026-06-02T18:21:31+02:00,2026-06-02T18:22:00+02:00,29,results/2026-06-06-combine-8models/logs/T1299_omegafold.log,bash runners/run_omegafold.sh results/2026-06-06-combine-8models/sequences/T1299.fasta results/2026-06-06-combine-8models/predictions/T1299/omegafold 1,,Yes,Yes,prefiltered A1 protein target with mapped residue range,1.000000,1.000000,1.000000,168,168,high,mapped from mmCIF atom_site CA records,Prot,A1,9FJL PDB code 9fjl,,,,,,,,,,,,,28.761822373024188,0.7445809808310383,0.0015675389070127122,28.761822373024188,0.7445809808310383,0.0015675389070127122,,,,runner CodeCarbon output: results/2026-06-06-combine-8models/predictions/T1299/omegafold/carbon/T1299_omegafold_inference_emissions.csv,,,,,,,,,,,
T1299,T1299,CASP16,9FJL,A,1,168,1,168,168,168,colabfold,1,results/2026-06-06-combine-8models/sequences/T1299.fasta,results/2026-06-06-combine-8models/predictions/T1299/colabfold,results/2026-06-06-combine-8models/predictions/T1299/colabfold/rank_001.pdb,results/2026-06-06-combine-8models/predictions/T1299/colabfold/rank_001.pdb,true,0,2026-06-04T08:56:07+02:00,2026-06-04T09:06:25+02:00,618,results/2026-06-06-combine-8models/logs/T1299_colabfold.log,bash runners/run_colabfold.sh results/2026-06-06-combine-8models/sequences/T1299.fasta results/2026-06-06-combine-8models/predictions/T1299/colabfold 1,,Yes,Yes,prefiltered A1 protein target with mapped residue range,1.000000,1.000000,1.000000,168,168,high,mapped from mmCIF atom_site CA records,Prot,A1,9FJL PDB code 9fjl,true,colabfold_mmseqs2,mmseqs2_uniref_env,colabfold,/data/chen/protein_folding_databases/colabfold,results/2026-06-06-combine-8models/predictions/T1299/colabfold/tmp_colabfold_msa_search/T1299_qc_Yes_CASP16_9FJL_A_residue_1-168_seq_1-168_coverage_1.000000.a3m,498,7.888950611772016,0.01660831707741477,true,true,false,120,2.658188264019689,0.0055961858189888195,618.0,10.547138875791704,0.02220450289640359,,,,ColabFold local MMseqs2 MSA search measured separately from colabfold_batch inference.,,,,,,,,,,,
T1299,T1299,CASP16,9FJL,A,1,168,1,168,168,168,boltz2,1,results/2026-06-06-combine-8models/sequences/T1299.fasta,results/2026-06-06-combine-8models/predictions/T1299/boltz2,results/2026-06-06-combine-8models/predictions/T1299/boltz2/rank_001.pdb,results/2026-06-06-combine-8models/predictions/T1299/boltz2/rank_001.pdb,true,0,2026-06-04T09:06:25+02:00,2026-06-04T09:08:52+02:00,147,results/2026-06-06-combine-8models/logs/T1299_boltz2.log,SHARED_MSA_A3M_FILE=results/2026-06-06-combine-8models/predictions/T1299/colabfold/tmp_colabfold/T1299_qc_Yes_CASP16_9FJL_A_residue_1-168_seq_1-168_coverage_1.000000.a3m SHARED_MSA_DIR=results/2026-06-06-combine-8models/predictions/T1299/colabfold/tmp_colabfold SHARED_MSA_METADATA_FILE=results/2026-06-06-combine-8models/metadata/prediction_manifest.csv bash runners/run_boltz2.sh results/2026-06-06-combine-8models/sequences/T1299.fasta results/2026-06-06-combine-8models/predictions/T1299/boltz2 1,,Yes,Yes,prefiltered A1 protein target with mapped residue range,1.000000,1.000000,1.000000,168,168,high,mapped from mmCIF atom_site CA records,Prot,A1,9FJL PDB code 9fjl,true,colabfold_mmseqs2,mmseqs2_uniref_env,colabfold,/data/chen/protein_folding_databases/colabfold,results/2026-06-06-combine-8models/predictions/T1299/colabfold/tmp_colabfold_msa_search/T1299_qc_Yes_CASP16_9FJL_A_residue_1-168_seq_1-168_coverage_1.000000.a3m,498,7.888950611772016,0.01660831707741477,false,false,true,146.24922916002106,2.223831031836829,0.004681749540709114,644.2492291600211,10.112781643608844,0.021290066618123882,colabfold,results/2026-06-06-combine-8models/predictions/T1299/colabfold/tmp_colabfold_msa_search/T1299_qc_Yes_CASP16_9FJL_A_residue_1-168_seq_1-168_coverage_1.000000.a3m,results/2026-06-06-combine-8models/predictions/T1299/colabfold/tmp_colabfold,runner CodeCarbon output: results/2026-06-06-combine-8models/predictions/T1299/boltz2/carbon/T1299_boltz2_inference_emissions.csv; Boltz-2 reused the ColabFold A3M; MSA build time/carbon copied from the colabfold row.,,,,,,,,,,,
T1299,T1299,CASP16,9FJL,A,1,168,1,168,168,168,openfold,1,results/2026-06-06-combine-8models/sequences/T1299.fasta,results/2026-06-06-combine-8models/predictions/T1299/openfold,results/2026-06-06-combine-8models/predictions/T1299/openfold/rank_001.pdb,results/2026-06-06-combine-8models/predictions/T1299/openfold/rank_001.pdb,true,0,2026-06-04T09:08:52+02:00,2026-06-04T09:09:19+02:00,27,results/2026-06-06-combine-8models/logs/T1299_openfold.log,SHARED_MSA_A3M_FILE=results/2026-06-06-combine-8models/predictions/T1299/colabfold/tmp_colabfold/T1299_qc_Yes_CASP16_9FJL_A_residue_1-168_seq_1-168_coverage_1.000000.a3m SHARED_MSA_DIR=results/2026-06-06-combine-8models/predictions/T1299/colabfold/tmp_colabfold SHARED_MSA_METADATA_FILE=results/2026-06-06-combine-8models/metadata/prediction_manifest.csv bash runners/run_openfold_shared_msa.sh results/2026-06-06-combine-8models/sequences/T1299.fasta results/2026-06-06-combine-8models/predictions/T1299/openfold 1,,Yes,Yes,prefiltered A1 protein target with mapped residue range,1.000000,1.000000,1.000000,168,168,high,mapped from mmCIF atom_site CA records,Prot,A1,9FJL PDB code 9fjl,true,colabfold_mmseqs2,mmseqs2_uniref_env,colabfold,/data/chen/protein_folding_databases/colabfold,results/2026-06-06-combine-8models/predictions/T1299/colabfold/tmp_colabfold_msa_search/T1299_qc_Yes_CASP16_9FJL_A_residue_1-168_seq_1-168_coverage_1.000000.a3m,498,7.888950611772016,0.01660831707741477,false,false,true,27.16268241009675,0.7326862871561565,0.00154249744664454,525.1626824100967,8.621636898928172,0.01815081452405931,colabfold,results/2026-06-06-combine-8models/predictions/T1299/colabfold/tmp_colabfold_msa_search/T1299_qc_Yes_CASP16_9FJL_A_residue_1-168_seq_1-168_coverage_1.000000.a3m,results/2026-06-06-combine-8models/predictions/T1299/colabfold/tmp_colabfold,runner CodeCarbon output: results/2026-06-06-combine-8models/predictions/T1299/openfold/carbon/T1299_openfold_inference_emissions.csv; OpenFold reused the ColabFold A3M; MSA build time/carbon copied from the colabfold row.,,,,,,,,,,,
T1299,T1299,CASP16,9FJL,A,1,168,1,168,168,168,protenix,1,results/2026-06-06-combine-8models/sequences/T1299.fasta,results/2026-06-06-combine-8models/predictions/T1299/protenix,results/2026-06-06-combine-8models/predictions/T1299/protenix/rank_001.pdb,results/2026-06-06-combine-8models/predictions/T1299/protenix/rank_001.pdb,true,0,2026-06-04T09:09:19+02:00,2026-06-04T09:10:43+02:00,84,results/2026-06-06-combine-8models/logs/T1299_protenix.log,SHARED_MSA_A3M_FILE=results/2026-06-06-combine-8models/predictions/T1299/colabfold/tmp_colabfold/T1299_qc_Yes_CASP16_9FJL_A_residue_1-168_seq_1-168_coverage_1.000000.a3m SHARED_MSA_DIR=results/2026-06-06-combine-8models/predictions/T1299/colabfold/tmp_colabfold SHARED_MSA_METADATA_FILE=results/2026-06-06-combine-8models/metadata/prediction_manifest.csv bash runners/run_protenix_shared_msa.sh results/2026-06-06-combine-8models/sequences/T1299.fasta results/2026-06-06-combine-8models/predictions/T1299/protenix 1,,Yes,Yes,prefiltered A1 protein target with mapped residue range,1.000000,1.000000,1.000000,168,168,high,mapped from mmCIF atom_site CA records,Prot,A1,9FJL PDB code 9fjl,true,colabfold_mmseqs2,mmseqs2_uniref_env,colabfold,/data/chen/protein_folding_databases/colabfold,results/2026-06-06-combine-8models/predictions/T1299/colabfold/tmp_colabfold_msa_search/T1299_qc_Yes_CASP16_9FJL_A_residue_1-168_seq_1-168_coverage_1.000000.a3m,498,7.888950611772016,0.01660831707741477,false,false,true,83.49166978197172,1.2904100519047912,0.002716652740852192,581.4916697819717,9.179360663676807,0.019324969818266962,colabfold,results/2026-06-06-combine-8models/predictions/T1299/colabfold/tmp_colabfold_msa_search/T1299_qc_Yes_CASP16_9FJL_A_residue_1-168_seq_1-168_coverage_1.000000.a3m,results/2026-06-06-combine-8models/predictions/T1299/colabfold/tmp_colabfold,runner CodeCarbon output: results/2026-06-06-combine-8models/predictions/T1299/protenix/carbon/T1299_protenix_inference_emissions.csv; Protenix reused the ColabFold A3M; MSA build time/carbon copied from the colabfold row.,,,,,,,,,,,
T1299,T1299,CASP16,9FJL,A,1,168,1,168,168,168,af2,1,results/2026-06-06-combine-8models/sequences/T1299.fasta,results/2026-06-06-combine-8models/predictions/T1299/af2,results/2026-06-06-combine-8models/predictions/T1299/af2/rank_001.pdb,results/2026-06-06-combine-8models/predictions/T1299/af2/rank_001.pdb,true,0,,,,results/2026-06-06-combine-8models/logs/T1299_af2.log,bash runners/run_af2.sh results/2026-06-06-combine-8models/sequences/T1299.fasta results/2026-06-06-combine-8models/predictions/T1299/af2 1,skipped existing success,Yes,Yes,prefiltered A1 protein target with mapped residue range,1.000000,1.000000,1.000000,168,168,high,mapped from mmCIF atom_site CA records,Prot,A1,9FJL PDB code 9fjl,true,alphafold2_default,official_af2_database_search,alphafold,/data/chen/protein_folding_databases/alphafold,,1187.231218,30.153096963839396,0.06348020413439873,true,true,false,101.743525,3.5166292887117434,0.007403430081498407,1288.974743,33.669726252551136,0.07088363421589713,,,,,1187.231218,30.153096963839396,0.06348020413439873,101.743525,3.5166292887117434,0.007403430081498407,full_dbs,monomer,/data/chen/protein_folding_databases/alphafold/params,/data/chen/protein_folding_databases/alphafold,results/2026-06-06-combine-8models/predictions/T1299/af2/af2_features
