model,domain_id,target_id,casp_round,pdb_id,chain_id,should_use,target_qc_status,qc_reason,reference_coverage,mapping_identity,mapping_coverage,resolved_ca_count,expected_mapped_residue_count,chain_assignment_confidence,target_length,residue_start,residue_end,sequence_start,sequence_end,success,score_success,gdt_ts,lddt_ca,tm_score,rmsd_ca,gdc_sc,global_lddt,molprobity,runtime_sec,carbon_emissions_g,energy_consumed_kwh,input_fasta,output_structure,log_file,error_message,score_error
chai1,T1104,T1104,CASP15,7ROA,A,Yes,Yes,prefiltered A1 protein target with mapped residue range,0.871212,1.000000,1.000000,115,132,high,117,58,189,1,117,true,,0.3760869565217391,0.5405764125900645,,,,,,487,6.762715161189591,0.014237295076188611,results/20260601_104732_casp15_casp16_unique_lt1000_all_default_msa-free/sequences/T1104.fasta,results/20260601_104732_casp15_casp16_unique_lt1000_all_default_msa-free/predictions/T1104/chai1/rank_001.pdb,results/20260601_104732_casp15_casp16_unique_lt1000_all_default_msa-free/logs/T1104_chai1.log,,missing score
chai1,T1106s1,T1106s1,CASP15,7QIH,B,No,No,chain mapping below threshold identity=1.000 coverage=0.615; multiple equivalent chains match,0.946667,1.000000,0.614754,71,75,low,122,50,120,1,122,true,,0.2957746478873239,0.7548143053645118,,,,,,475,6.6838727617808,0.014071311077433264,results/20260601_104732_casp15_casp16_unique_lt1000_all_default_msa-free/sequences/T1106s1.fasta,results/20260601_104732_casp15_casp16_unique_lt1000_all_default_msa-free/predictions/T1106s1/chai1/rank_001.pdb,results/20260601_104732_casp15_casp16_unique_lt1000_all_default_msa-free/logs/T1106s1_chai1.log,,missing score
chai1,T1106s2,T1106s2,CASP15,7QIH,A,Check,Check,multiple equivalent chains match,0.909836,1.000000,1.000000,111,122,high,114,2,112,1,114,true,,0.9436936936936936,0.9593763724198509,,,,,,454,6.417132675952586,0.013509753002005444,results/20260601_104732_casp15_casp16_unique_lt1000_all_default_msa-free/sequences/T1106s2.fasta,results/20260601_104732_casp15_casp16_unique_lt1000_all_default_msa-free/predictions/T1106s2/chai1/rank_001.pdb,results/20260601_104732_casp15_casp16_unique_lt1000_all_default_msa-free/logs/T1106s2_chai1.log,,missing score
chai1,T1112,T1112,CASP15,8ORK,AAA,Check,Check,multiple equivalent chains match,0.973913,1.000000,1.000000,448,460,high,460,2,460,1,460,true,,,,,,,,,1734,24.000708980840958,0.050527808380717805,results/20260601_104732_casp15_casp16_unique_lt1000_all_default_msa-free/sequences/T1112.fasta,results/20260601_104732_casp15_casp16_unique_lt1000_all_default_msa-free/predictions/T1112/chai1/rank_001.pdb,results/20260601_104732_casp15_casp16_unique_lt1000_all_default_msa-free/logs/T1112_chai1.log,,missing score
chai1,T1114s1,T1114s1,CASP15,7UTD,Q,No,No,chain mapping below threshold identity=1.000 coverage=0.317; multiple equivalent chains match,0.983333,1.000000,0.317460,59,60,low,189,20,78,1,189,true,,0.1991525423728813,0.7461538461538462,,,,,,477,6.681815479669834,0.01406697995719965,results/20260601_104732_casp15_casp16_unique_lt1000_all_default_msa-free/sequences/T1114s1.fasta,results/20260601_104732_casp15_casp16_unique_lt1000_all_default_msa-free/predictions/T1114s1/chai1/rank_001.pdb,results/20260601_104732_casp15_casp16_unique_lt1000_all_default_msa-free/logs/T1114s1_chai1.log,,missing score
chai1,T1114s2,T1114s2,CASP15,7UTD,B,Check,Check,multiple equivalent chains match,0.872629,1.000000,1.000000,322,369,high,369,2,323,1,369,true,,0.5706521739130435,0.7451174079927749,,,,,,1062,14.580215751855253,0.030695191056537372,results/20260601_104732_casp15_casp16_unique_lt1000_all_default_msa-free/sequences/T1114s2.fasta,results/20260601_104732_casp15_casp16_unique_lt1000_all_default_msa-free/predictions/T1114s2/chai1/rank_001.pdb,results/20260601_104732_casp15_casp16_unique_lt1000_all_default_msa-free/logs/T1114s2_chai1.log,,missing score
chai1,T1114s3,T1114s3,CASP15,7UTD,A,Check,Check,multiple equivalent chains match,0.998051,1.000000,0.958879,512,513,high,535,4,516,1,535,true,,0.90380859375,0.8728362381773839,,,,,,3678,50.38522604418304,0.10607416009301693,results/20260601_104732_casp15_casp16_unique_lt1000_all_default_msa-free/sequences/T1114s3.fasta,results/20260601_104732_casp15_casp16_unique_lt1000_all_default_msa-free/predictions/T1114s3/chai1/rank_001.pdb,results/20260601_104732_casp15_casp16_unique_lt1000_all_default_msa-free/logs/T1114s3_chai1.log,,missing score
chai1,T1120,T1120,CASP15,7QVB,B,Check,Check,multiple equivalent chains match,0.970213,1.000000,1.000000,228,235,high,235,4,231,1,235,true,,0.1622807017543859,0.8484060984060984,,,,,,461,6.4865522139147656,0.013655899397715296,results/20260601_104732_casp15_casp16_unique_lt1000_all_default_msa-free/sequences/T1120.fasta,results/20260601_104732_casp15_casp16_unique_lt1000_all_default_msa-free/predictions/T1120/chai1/rank_001.pdb,results/20260601_104732_casp15_casp16_unique_lt1000_all_default_msa-free/logs/T1120_chai1.log,,missing score
chai1,T1122,T1122,CASP15,8BBT,A,Yes,Yes,prefiltered A1 protein target with mapped residue range,0.954357,1.000000,1.000000,230,241,high,241,4,237,1,241,true,,0.2108695652173913,0.509841628959276,,,,,,465,6.536715380400748,0.013761506064001575,results/20260601_104732_casp15_casp16_unique_lt1000_all_default_msa-free/sequences/T1122.fasta,results/20260601_104732_casp15_casp16_unique_lt1000_all_default_msa-free/predictions/T1122/chai1/rank_001.pdb,results/20260601_104732_casp15_casp16_unique_lt1000_all_default_msa-free/logs/T1122_chai1.log,,missing score
chai1,T1129s2,T1129s2,CASP15,8A8C,B,Yes,Yes,prefiltered A1 protein target with mapped residue range,0.825000,1.000000,1.000000,528,640,high,640,41,640,1,640,true,,0.0195121951219512,0.1636045886359562,,,,,,3592,50.309810454367266,0.10591539043024688,results/20260601_104732_casp15_casp16_unique_lt1000_all_default_msa-free/sequences/T1129s2.fasta,results/20260601_104732_casp15_casp16_unique_lt1000_all_default_msa-free/predictions/T1129s2/chai1/rank_001.pdb,results/20260601_104732_casp15_casp16_unique_lt1000_all_default_msa-free/logs/T1129s2_chai1.log,,missing score
chai1,T1133,T1133,CASP15,8DYS,A,Check,Check,reference coverage below threshold 0.699,0.699145,1.000000,1.000000,409,585,high,585,4,427,1,585,true,,0.9156479217603912,0.915641355247452,,,,,,3583,50.41598997842563,0.10613892627036975,results/20260601_104732_casp15_casp16_unique_lt1000_all_default_msa-free/sequences/T1133.fasta,results/20260601_104732_casp15_casp16_unique_lt1000_all_default_msa-free/predictions/T1133/chai1/rank_001.pdb,results/20260601_104732_casp15_casp16_unique_lt1000_all_default_msa-free/logs/T1133_chai1.log,,missing score
chai1,T1134s1,T1134s1,CASP15,7UBZ,A,Check,Check,multiple equivalent chains match,1.000000,1.000000,1.000000,230,230,high,230,1,230,1,230,true,,0.9163043478260868,0.9209575030858757,,,,,,477,6.745679102360857,0.01420142968918075,results/20260601_104732_casp15_casp16_unique_lt1000_all_default_msa-free/sequences/T1134s1.fasta,results/20260601_104732_casp15_casp16_unique_lt1000_all_default_msa-free/predictions/T1134s1/chai1/rank_001.pdb,results/20260601_104732_casp15_casp16_unique_lt1000_all_default_msa-free/logs/T1134s1_chai1.log,,missing score
chai1,T1134s2,T1134s2,CASP15,7UBZ,D,Check,Check,reference coverage below threshold 0.645; multiple equivalent chains match,0.645367,1.000000,1.000000,202,313,high,313,168,472,1,313,true,,0.0416666666666666,0.2051144492131616,,,,,,1035,14.603117971362115,0.03074340625549919,results/20260601_104732_casp15_casp16_unique_lt1000_all_default_msa-free/sequences/T1134s2.fasta,results/20260601_104732_casp15_casp16_unique_lt1000_all_default_msa-free/predictions/T1134s2/chai1/rank_001.pdb,results/20260601_104732_casp15_casp16_unique_lt1000_all_default_msa-free/logs/T1134s2_chai1.log,,missing score
chai1,T1137s1,T1137s1,CASP15,8FEF,A,Yes,Yes,prefiltered A1 protein target with mapped residue range,0.958435,1.000000,1.000000,392,409,high,409,18,409,1,409,true,,0.0,0.7950710900473934,,,,,,1700,24.070443927257628,0.050674618794226585,results/20260601_104732_casp15_casp16_unique_lt1000_all_default_msa-free/sequences/T1137s1.fasta,results/20260601_104732_casp15_casp16_unique_lt1000_all_default_msa-free/predictions/T1137s1/chai1/rank_001.pdb,results/20260601_104732_casp15_casp16_unique_lt1000_all_default_msa-free/logs/T1137s1_chai1.log,,missing score
chai1,T1137s2,T1137s2,CASP15,8FEF,B,Yes,Yes,prefiltered A1 protein target with mapped residue range,0.976676,1.000000,1.000000,335,343,high,343,2,343,1,343,true,,0.0,0.4989748846745259,,,,,,1002,14.138408105340504,0.029765069695453693,results/20260601_104732_casp15_casp16_unique_lt1000_all_default_msa-free/sequences/T1137s2.fasta,results/20260601_104732_casp15_casp16_unique_lt1000_all_default_msa-free/predictions/T1137s2/chai1/rank_001.pdb,results/20260601_104732_casp15_casp16_unique_lt1000_all_default_msa-free/logs/T1137s2_chai1.log,,missing score
chai1,T1137s3,T1137s3,CASP15,8FEF,C,Check,Check,reference coverage below threshold 0.592,0.591603,1.000000,1.000000,310,524,high,524,1,310,1,524,true,,0.0,0.2938862559241706,,,,,,3577,50.28929911434591,0.10587220866178086,results/20260601_104732_casp15_casp16_unique_lt1000_all_default_msa-free/sequences/T1137s3.fasta,results/20260601_104732_casp15_casp16_unique_lt1000_all_default_msa-free/predictions/T1137s3/chai1/rank_001.pdb,results/20260601_104732_casp15_casp16_unique_lt1000_all_default_msa-free/logs/T1137s3_chai1.log,,missing score
chai1,T1137s4,T1137s4,CASP15,8FEF,D,Check,Check,reference coverage below threshold 0.704,0.703839,1.000000,1.000000,385,547,high,547,42,468,1,547,true,,0.0,0.3133870349060222,,,,,,3591,50.270254833831146,0.10583211543964452,results/20260601_104732_casp15_casp16_unique_lt1000_all_default_msa-free/sequences/T1137s4.fasta,results/20260601_104732_casp15_casp16_unique_lt1000_all_default_msa-free/predictions/T1137s4/chai1/rank_001.pdb,results/20260601_104732_casp15_casp16_unique_lt1000_all_default_msa-free/logs/T1137s4_chai1.log,,missing score
chai1,T1137s5,T1137s5,CASP15,8FEF,E,Yes,Yes,prefiltered A1 protein target with mapped residue range,0.917949,1.000000,1.000000,358,390,high,390,33,390,1,390,true,,0.0,0.4390095280301351,,,,,,1718,23.95347131812855,0.050428360669744314,results/20260601_104732_casp15_casp16_unique_lt1000_all_default_msa-free/sequences/T1137s5.fasta,results/20260601_104732_casp15_casp16_unique_lt1000_all_default_msa-free/predictions/T1137s5/chai1/rank_001.pdb,results/20260601_104732_casp15_casp16_unique_lt1000_all_default_msa-free/logs/T1137s5_chai1.log,,missing score
chai1,T1137s6,T1137s6,CASP15,8FEF,F,Check,Check,reference coverage below threshold 0.770,0.770270,1.000000,1.000000,399,518,high,518,1,399,1,518,true,,0.0,0.3482647296206618,,,,,,3695,51.86154395327638,0.10918219779637132,results/20260601_104732_casp15_casp16_unique_lt1000_all_default_msa-free/sequences/T1137s6.fasta,results/20260601_104732_casp15_casp16_unique_lt1000_all_default_msa-free/predictions/T1137s6/chai1/rank_001.pdb,results/20260601_104732_casp15_casp16_unique_lt1000_all_default_msa-free/logs/T1137s6_chai1.log,,missing score
chai1,T1137s7,T1137s7,CASP15,8FEF,G,Check,Check,reference coverage below threshold 0.458; multiple equivalent chains match,0.457887,1.000000,1.000000,299,653,high,653,2,325,1,653,true,,0.0070153061224489,0.2090047393364928,,,,,,3584,50.325973424942646,0.10594941773672135,results/20260601_104732_casp15_casp16_unique_lt1000_all_default_msa-free/sequences/T1137s7.fasta,results/20260601_104732_casp15_casp16_unique_lt1000_all_default_msa-free/predictions/T1137s7/chai1/rank_001.pdb,results/20260601_104732_casp15_casp16_unique_lt1000_all_default_msa-free/logs/T1137s7_chai1.log,,missing score
chai1,T1137s8,T1137s8,CASP15,8FEF,I,Yes,Yes,prefiltered A1 protein target with mapped residue range,0.951128,1.000000,1.000000,253,266,high,266,14,266,1,266,true,,0.0,0.3255129179331307,,,,,,1008,14.157933020006519,0.02980617477896109,results/20260601_104732_casp15_casp16_unique_lt1000_all_default_msa-free/sequences/T1137s8.fasta,results/20260601_104732_casp15_casp16_unique_lt1000_all_default_msa-free/predictions/T1137s8/chai1/rank_001.pdb,results/20260601_104732_casp15_casp16_unique_lt1000_all_default_msa-free/logs/T1137s8_chai1.log,,missing score
chai1,T1137s9,T1137s9,CASP15,8FEF,J,Yes,Yes,prefiltered A1 protein target with mapped residue range,0.910035,1.000000,1.000000,263,289,high,289,27,289,1,289,true,,0.0309187279151943,0.3113192182410423,,,,,,916,13.095392295569507,0.027569246938041067,results/20260601_104732_casp15_casp16_unique_lt1000_all_default_msa-free/sequences/T1137s9.fasta,results/20260601_104732_casp15_casp16_unique_lt1000_all_default_msa-free/predictions/T1137s9/chai1/rank_001.pdb,results/20260601_104732_casp15_casp16_unique_lt1000_all_default_msa-free/logs/T1137s9_chai1.log,,missing score
chai1,T1145,T1145,CASP15,7UWW,A,Check,Check,multiple equivalent chains match,0.995276,1.000000,1.000000,632,635,high,635,34,665,1,635,true,,0.0419303797468354,0.6050158091405576,,,,,,3596,50.90934508314729,0.10717756859609955,results/20260601_104732_casp15_casp16_unique_lt1000_all_default_msa-free/sequences/T1145.fasta,results/20260601_104732_casp15_casp16_unique_lt1000_all_default_msa-free/predictions/T1145/chai1/rank_001.pdb,results/20260601_104732_casp15_casp16_unique_lt1000_all_default_msa-free/logs/T1145_chai1.log,,missing score
chai1,T1147,T1147,CASP15,8EM5,A,Check,Check,multiple equivalent chains match,0.893204,1.000000,1.000000,92,103,high,103,12,103,1,103,true,,0.9538043478260868,0.926200204290092,,,,,,458,6.499408833251429,0.01368296596473985,results/20260601_104732_casp15_casp16_unique_lt1000_all_default_msa-free/sequences/T1147.fasta,results/20260601_104732_casp15_casp16_unique_lt1000_all_default_msa-free/predictions/T1147/chai1/rank_001.pdb,results/20260601_104732_casp15_casp16_unique_lt1000_all_default_msa-free/logs/T1147_chai1.log,,missing score
chai1,T1151s2,T1151s2,CASP15,8D5V,A,Check,Check,reference coverage below threshold 0.724; multiple equivalent chains match,0.724138,1.000000,1.000000,84,116,high,116,8,91,1,116,true,,0.8630952380952381,0.8276774595267746,,,,,,460,6.5472374179196455,0.013783657721936095,results/20260601_104732_casp15_casp16_unique_lt1000_all_default_msa-free/sequences/T1151s2.fasta,results/20260601_104732_casp15_casp16_unique_lt1000_all_default_msa-free/predictions/T1151s2/chai1/rank_001.pdb,results/20260601_104732_casp15_casp16_unique_lt1000_all_default_msa-free/logs/T1151s2_chai1.log,,missing score
chai1,T1155,T1155,CASP15,8PBV,A,Yes,Yes,prefiltered A1 protein target with mapped residue range,1.000000,1.000000,1.000000,116,116,high,116,1,116,1,116,true,,0.5086206896551724,0.6063392470791865,,,,,,451,6.465127448463135,0.013610794628343442,results/20260601_104732_casp15_casp16_unique_lt1000_all_default_msa-free/sequences/T1155.fasta,results/20260601_104732_casp15_casp16_unique_lt1000_all_default_msa-free/predictions/T1155/chai1/rank_001.pdb,results/20260601_104732_casp15_casp16_unique_lt1000_all_default_msa-free/logs/T1155_chai1.log,,missing score
chai1,T1157s2,T1157s2,CASP15,8PKO,B,Yes,Yes,prefiltered A1 protein target with mapped residue range,0.937374,1.000000,1.000000,464,495,high,495,21,484,1,495,true,,0.0111111111111111,0.2340804356933389,,,,,,1759,24.95451644215714,0.052535824088751876,results/20260601_104732_casp15_casp16_unique_lt1000_all_default_msa-free/sequences/T1157s2.fasta,results/20260601_104732_casp15_casp16_unique_lt1000_all_default_msa-free/predictions/T1157s2/chai1/rank_001.pdb,results/20260601_104732_casp15_casp16_unique_lt1000_all_default_msa-free/logs/T1157s2_chai1.log,,missing score
chai1,T1159,T1159,CASP15,7PZT,A,Check,Check,multiple equivalent chains match,1.000000,1.000000,1.000000,160,160,high,160,1,160,1,160,true,,0.503125,0.6560173697270472,,,,,,459,6.52041219255714,0.01372718356327819,results/20260601_104732_casp15_casp16_unique_lt1000_all_default_msa-free/sequences/T1159.fasta,results/20260601_104732_casp15_casp16_unique_lt1000_all_default_msa-free/predictions/T1159/chai1/rank_001.pdb,results/20260601_104732_casp15_casp16_unique_lt1000_all_default_msa-free/logs/T1159_chai1.log,,missing score
chai1,T1183,T1183,CASP15,8IFX,B,Yes,Yes,prefiltered A1 protein target with mapped residue range,0.975000,1.000000,1.000000,195,200,high,200,1,195,1,200,true,,0.1767676767676767,0.4359443631039532,,,,,,457,6.477080919315136,0.013635959830137129,results/20260601_104732_casp15_casp16_unique_lt1000_all_default_msa-free/sequences/T1183.fasta,results/20260601_104732_casp15_casp16_unique_lt1000_all_default_msa-free/predictions/T1183/chai1/rank_001.pdb,results/20260601_104732_casp15_casp16_unique_lt1000_all_default_msa-free/logs/T1183_chai1.log,,missing score
chai1,T1185s1,T1185s1,CASP15,8OUY,A,Check,Check,reference coverage below threshold 0.200,0.200000,1.000000,1.000000,70,350,high,350,4,73,1,350,true,,0.4392857142857143,0.843809980806142,,,,,,1037,14.566427911942416,0.03066616402514193,results/20260601_104732_casp15_casp16_unique_lt1000_all_default_msa-free/sequences/T1185s1.fasta,results/20260601_104732_casp15_casp16_unique_lt1000_all_default_msa-free/predictions/T1185s1/chai1/rank_001.pdb,results/20260601_104732_casp15_casp16_unique_lt1000_all_default_msa-free/logs/T1185s1_chai1.log,,missing score
chai1,T1185s2,T1185s2,CASP15,8OUY,B,Yes,Yes,prefiltered A1 protein target with mapped residue range,0.832447,1.000000,1.000000,313,376,high,376,10,349,1,376,true,,0.0107142857142857,0.1029270633397312,,,,,,935,13.171864790875636,0.027730241665001338,results/20260601_104732_casp15_casp16_unique_lt1000_all_default_msa-free/sequences/T1185s2.fasta,results/20260601_104732_casp15_casp16_unique_lt1000_all_default_msa-free/predictions/T1185s2/chai1/rank_001.pdb,results/20260601_104732_casp15_casp16_unique_lt1000_all_default_msa-free/logs/T1185s2_chai1.log,,missing score
chai1,T1185s4,T1185s4,CASP15,8OUY,D,Yes,Yes,prefiltered A1 protein target with mapped residue range,0.838710,1.000000,0.996429,234,279,high,280,20,280,1,280,true,,0.0535714285714285,0.161468330134357,,,,,,1007,14.073696968388942,0.029628835722924088,results/20260601_104732_casp15_casp16_unique_lt1000_all_default_msa-free/sequences/T1185s4.fasta,results/20260601_104732_casp15_casp16_unique_lt1000_all_default_msa-free/predictions/T1185s4/chai1/rank_001.pdb,results/20260601_104732_casp15_casp16_unique_lt1000_all_default_msa-free/logs/T1185s4_chai1.log,,missing score
chai1,T1194,T1194,CASP15,8OKH,A,Check,Check,multiple equivalent chains match,0.982036,1.000000,0.994048,164,167,high,168,22,185,1,168,true,,0.8185975609756098,0.8385069266290406,,,,,,458,6.4246360850710476,0.013525549652781153,results/20260601_104732_casp15_casp16_unique_lt1000_all_default_msa-free/sequences/T1194.fasta,results/20260601_104732_casp15_casp16_unique_lt1000_all_default_msa-free/predictions/T1194/chai1/rank_001.pdb,results/20260601_104732_casp15_casp16_unique_lt1000_all_default_msa-free/logs/T1194_chai1.log,,missing score
chai1,T0272s2,T0272s2,CASP16,9C3C,a,Check,Check,multiple equivalent chains match,0.972393,1.000000,0.898072,317,326,medium,363,25,350,1,363,true,,0.0269121813031161,0.218677662037037,,,,,,1008,13.875479896114612,0.029211536623399183,results/20260601_104732_casp15_casp16_unique_lt1000_all_default_msa-free/sequences/T0272s2.fasta,results/20260601_104732_casp15_casp16_unique_lt1000_all_default_msa-free/predictions/T0272s2/chai1/rank_001.pdb,results/20260601_104732_casp15_casp16_unique_lt1000_all_default_msa-free/logs/T0272s2_chai1.log,,missing score
chai1,T0272s3,T0272s3,CASP16,9C3C,b,Check,Check,multiple equivalent chains match,0.823899,1.000000,1.000000,262,318,high,318,57,318,1,318,true,,0.0272435897435897,0.1811053738764582,,,,,,1031,14.23821257431905,0.029975184366987474,results/20260601_104732_casp15_casp16_unique_lt1000_all_default_msa-free/sequences/T0272s3.fasta,results/20260601_104732_casp15_casp16_unique_lt1000_all_default_msa-free/predictions/T0272s3/chai1/rank_001.pdb,results/20260601_104732_casp15_casp16_unique_lt1000_all_default_msa-free/logs/T0272s3_chai1.log,,missing score
chai1,T0272s4,T0272s4,CASP16,9C3C,d,Check,Check,multiple equivalent chains match,0.930796,1.000000,1.000000,269,289,high,289,21,289,1,289,true,,0.0088028169014084,0.1765206295193534,,,,,,1023,14.095571266381755,0.02967488687659317,results/20260601_104732_casp15_casp16_unique_lt1000_all_default_msa-free/sequences/T0272s4.fasta,results/20260601_104732_casp15_casp16_unique_lt1000_all_default_msa-free/predictions/T0272s4/chai1/rank_001.pdb,results/20260601_104732_casp15_casp16_unique_lt1000_all_default_msa-free/logs/T0272s4_chai1.log,,missing score
chai1,T0272s5,T0272s5,CASP16,9C3C,g,Check,Check,multiple equivalent chains match,0.907216,1.000000,1.000000,264,291,high,291,28,291,1,291,true,,0.0120274914089347,0.188908974904296,,,,,,911,12.64672268080455,0.026624679328009576,results/20260601_104732_casp15_casp16_unique_lt1000_all_default_msa-free/sequences/T0272s5.fasta,results/20260601_104732_casp15_casp16_unique_lt1000_all_default_msa-free/predictions/T0272s5/chai1/rank_001.pdb,results/20260601_104732_casp15_casp16_unique_lt1000_all_default_msa-free/logs/T0272s5_chai1.log,,missing score
chai1,T0272s6,T0272s6,CASP16,9C3C,A,Check,Check,reference coverage below threshold 0.641,0.641026,1.000000,1.000000,400,624,high,624,63,653,1,624,true,,0.141875,0.804076819407008,,,,,,3593,49.237679643689496,0.10365827293408315,results/20260601_104732_casp15_casp16_unique_lt1000_all_default_msa-free/sequences/T0272s6.fasta,results/20260601_104732_casp15_casp16_unique_lt1000_all_default_msa-free/predictions/T0272s6/chai1/rank_001.pdb,results/20260601_104732_casp15_casp16_unique_lt1000_all_default_msa-free/logs/T0272s6_chai1.log,,missing score
chai1,T0272s7,T0272s7,CASP16,9C3C,B,No,No,chain mapping below threshold identity=1.000 coverage=0.599,1.000000,1.000000,0.599174,145,145,low,242,654,798,1,242,true,,0.0020661157024793,0.2269034724434533,,,,,,477,6.654604052550932,0.014009692742212488,results/20260601_104732_casp15_casp16_unique_lt1000_all_default_msa-free/sequences/T0272s7.fasta,results/20260601_104732_casp15_casp16_unique_lt1000_all_default_msa-free/predictions/T0272s7/chai1/rank_001.pdb,results/20260601_104732_casp15_casp16_unique_lt1000_all_default_msa-free/logs/T0272s7_chai1.log,,missing score
chai1,T0272s8,T0272s8,CASP16,9C3C,V,Check,Check,reference coverage below threshold 0.356; multiple equivalent chains match,0.355746,1.000000,1.000000,291,818,high,818,1,291,1,818,true,,0.0144836272040302,0.1410154021677125,,,,,,6192,86.03506902372105,0.18112646110257064,results/20260601_104732_casp15_casp16_unique_lt1000_all_default_msa-free/sequences/T0272s8.fasta,results/20260601_104732_casp15_casp16_unique_lt1000_all_default_msa-free/predictions/T0272s8/chai1/rank_001.pdb,results/20260601_104732_casp15_casp16_unique_lt1000_all_default_msa-free/logs/T0272s8_chai1.log,,missing score
chai1,T0272s9,T0272s9,CASP16,9C3C,n,Check,Check,reference coverage below threshold 0.735; multiple equivalent chains match,0.735294,1.000000,1.000000,175,238,high,238,42,216,1,238,true,,0.0,0.2005431675242996,,,,,,466,6.532728015452919,0.013753111611479829,results/20260601_104732_casp15_casp16_unique_lt1000_all_default_msa-free/sequences/T0272s9.fasta,results/20260601_104732_casp15_casp16_unique_lt1000_all_default_msa-free/predictions/T0272s9/chai1/rank_001.pdb,results/20260601_104732_casp15_casp16_unique_lt1000_all_default_msa-free/logs/T0272s9_chai1.log,,missing score
chai1,T1212,T1212,CASP16,9B0L,P,Check,Check,multiple equivalent chains match,1.000000,1.000000,1.000000,466,466,high,466,53,518,1,466,true,,0.4120171673819742,0.7468637579559081,,,,,,1737,23.81537846969546,0.05013763888356939,results/20260601_104732_casp15_casp16_unique_lt1000_all_default_msa-free/sequences/T1212.fasta,results/20260601_104732_casp15_casp16_unique_lt1000_all_default_msa-free/predictions/T1212/chai1/rank_001.pdb,results/20260601_104732_casp15_casp16_unique_lt1000_all_default_msa-free/logs/T1212_chai1.log,,missing score
chai1,T1227s1,T1227s1,CASP16,9N8W,A,Yes,Yes,prefiltered A1 protein target with mapped residue range,0.918033,1.000000,1.000000,392,427,high,427,27,418,1,427,true,,0.8246173469387754,0.8912942751235585,,,,,,1784,24.371191800685114,0.05130777221196866,results/20260601_104732_casp15_casp16_unique_lt1000_all_default_msa-free/sequences/T1227s1.fasta,results/20260601_104732_casp15_casp16_unique_lt1000_all_default_msa-free/predictions/T1227s1/chai1/rank_001.pdb,results/20260601_104732_casp15_casp16_unique_lt1000_all_default_msa-free/logs/T1227s1_chai1.log,,missing score
chai1,T1266,T1266,CASP16,8QFB,A,Check,Check,multiple equivalent chains match,0.886905,1.000000,1.000000,298,336,high,336,563,860,1,336,true,,0.5369127516778524,0.7106355470876429,,,,,,924,12.819684840207357,0.026988810189910225,results/20260601_104732_casp15_casp16_unique_lt1000_all_default_msa-free/sequences/T1266.fasta,results/20260601_104732_casp15_casp16_unique_lt1000_all_default_msa-free/predictions/T1266/chai1/rank_001.pdb,results/20260601_104732_casp15_casp16_unique_lt1000_all_default_msa-free/logs/T1266_chai1.log,,missing score
chai1,T1272s2,T1272s2,CASP16,9C3C,a,Check,Check,multiple equivalent chains match,0.972393,1.000000,0.898072,317,326,medium,363,25,350,1,363,true,,0.0254957507082153,0.2162905092592592,,,,,,1015,14.032404845157268,0.029541904937173197,results/20260601_104732_casp15_casp16_unique_lt1000_all_default_msa-free/sequences/T1272s2.fasta,results/20260601_104732_casp15_casp16_unique_lt1000_all_default_msa-free/predictions/T1272s2/chai1/rank_001.pdb,results/20260601_104732_casp15_casp16_unique_lt1000_all_default_msa-free/logs/T1272s2_chai1.log,,missing score
chai1,T1272s3,T1272s3,CASP16,9C3C,b,Check,Check,multiple equivalent chains match,0.823899,1.000000,1.000000,262,318,high,318,57,318,1,318,true,,0.0240384615384615,0.1759418626888506,,,,,,921,12.81577278325814,0.026980574280543453,results/20260601_104732_casp15_casp16_unique_lt1000_all_default_msa-free/sequences/T1272s3.fasta,results/20260601_104732_casp15_casp16_unique_lt1000_all_default_msa-free/predictions/T1272s3/chai1/rank_001.pdb,results/20260601_104732_casp15_casp16_unique_lt1000_all_default_msa-free/logs/T1272s3_chai1.log,,missing score
chai1,T1272s4,T1272s4,CASP16,9C3C,d,Check,Check,multiple equivalent chains match,0.930796,1.000000,1.000000,269,289,high,289,21,289,1,289,true,,0.0,0.1839642705231816,,,,,,939,13.031864700602664,0.027435504632847715,results/20260601_104732_casp15_casp16_unique_lt1000_all_default_msa-free/sequences/T1272s4.fasta,results/20260601_104732_casp15_casp16_unique_lt1000_all_default_msa-free/predictions/T1272s4/chai1/rank_001.pdb,results/20260601_104732_casp15_casp16_unique_lt1000_all_default_msa-free/logs/T1272s4_chai1.log,,missing score
chai1,T1272s5,T1272s5,CASP16,9C3C,g,Check,Check,multiple equivalent chains match,0.907216,1.000000,1.000000,264,291,high,291,28,291,1,291,true,,0.0103092783505154,0.1935346660995321,,,,,,1047,14.624833190563285,0.03078912250644902,results/20260601_104732_casp15_casp16_unique_lt1000_all_default_msa-free/sequences/T1272s5.fasta,results/20260601_104732_casp15_casp16_unique_lt1000_all_default_msa-free/predictions/T1272s5/chai1/rank_001.pdb,results/20260601_104732_casp15_casp16_unique_lt1000_all_default_msa-free/logs/T1272s5_chai1.log,,missing score
chai1,T1272s6,T1272s6,CASP16,9C3C,A,Check,Check,reference coverage below threshold 0.641,0.641026,1.000000,1.000000,400,624,high,624,63,653,1,624,true,,0.1556249999999999,0.817722371967655,,,,,,3653,51.08927665621511,0.10755637190782129,results/20260601_104732_casp15_casp16_unique_lt1000_all_default_msa-free/sequences/T1272s6.fasta,results/20260601_104732_casp15_casp16_unique_lt1000_all_default_msa-free/predictions/T1272s6/chai1/rank_001.pdb,results/20260601_104732_casp15_casp16_unique_lt1000_all_default_msa-free/logs/T1272s6_chai1.log,,missing score
chai1,T1272s7,T1272s7,CASP16,9C3C,B,No,No,chain mapping below threshold identity=1.000 coverage=0.599,1.000000,1.000000,0.599174,145,145,low,242,654,798,1,242,true,,0.012396694214876,0.2354252946798343,,,,,,490,6.842413406264555,0.0144050808552938,results/20260601_104732_casp15_casp16_unique_lt1000_all_default_msa-free/sequences/T1272s7.fasta,results/20260601_104732_casp15_casp16_unique_lt1000_all_default_msa-free/predictions/T1272s7/chai1/rank_001.pdb,results/20260601_104732_casp15_casp16_unique_lt1000_all_default_msa-free/logs/T1272s7_chai1.log,,missing score
chai1,T1272s8,T1272s8,CASP16,9C3C,V,Check,Check,reference coverage below threshold 0.356; multiple equivalent chains match,0.355746,1.000000,1.000000,291,818,high,818,1,291,1,818,true,,0.0163727959697733,0.1435539075869937,,,,,,6297,88.04571478112882,0.18535939953921857,results/20260601_104732_casp15_casp16_unique_lt1000_all_default_msa-free/sequences/T1272s8.fasta,results/20260601_104732_casp15_casp16_unique_lt1000_all_default_msa-free/predictions/T1272s8/chai1/rank_001.pdb,results/20260601_104732_casp15_casp16_unique_lt1000_all_default_msa-free/logs/T1272s8_chai1.log,,missing score
chai1,T1272s9,T1272s9,CASP16,9C3C,n,Check,Check,reference coverage below threshold 0.735; multiple equivalent chains match,0.735294,1.000000,1.000000,175,238,high,238,42,216,1,238,true,,0.0010548523206751,0.2071183533447684,,,,,,465,6.523133021823462,0.013732911624891498,results/20260601_104732_casp15_casp16_unique_lt1000_all_default_msa-free/sequences/T1272s9.fasta,results/20260601_104732_casp15_casp16_unique_lt1000_all_default_msa-free/predictions/T1272s9/chai1/rank_001.pdb,results/20260601_104732_casp15_casp16_unique_lt1000_all_default_msa-free/logs/T1272s9_chai1.log,,missing score
chai1,T1280,T1280,CASP16,9F5M,AAA,Check,Check,multiple equivalent chains match,0.995745,1.000000,0.991561,234,235,high,237,615,848,1,237,true,,0.9604700854700856,0.9584893374572684,,,,,,466,6.542071201256539,0.013772781476329557,results/20260601_104732_casp15_casp16_unique_lt1000_all_default_msa-free/sequences/T1280.fasta,results/20260601_104732_casp15_casp16_unique_lt1000_all_default_msa-free/predictions/T1280/chai1/rank_001.pdb,results/20260601_104732_casp15_casp16_unique_lt1000_all_default_msa-free/logs/T1280_chai1.log,,missing score
chai1,T1299,T1299,CASP16,9FJL,A,Yes,Yes,prefiltered A1 protein target with mapped residue range,1.000000,1.000000,1.000000,168,168,high,168,1,168,1,168,true,,0.9508928571428572,0.9487317862924988,,,,,,464,6.484163153615808,0.01365086979708591,results/20260601_104732_casp15_casp16_unique_lt1000_all_default_msa-free/sequences/T1299.fasta,results/20260601_104732_casp15_casp16_unique_lt1000_all_default_msa-free/predictions/T1299/chai1/rank_001.pdb,results/20260601_104732_casp15_casp16_unique_lt1000_all_default_msa-free/logs/T1299_chai1.log,,missing score
chai1,T2272s2,T2272s2,CASP16,9C3C,a,Check,Check,multiple equivalent chains match,0.972393,1.000000,0.898072,317,326,medium,363,25,350,1,363,true,,0.0212464589235127,0.2106843171296296,,,,,,1051,14.489462317495684,0.030504131194727755,results/20260601_104732_casp15_casp16_unique_lt1000_all_default_msa-free/sequences/T2272s2.fasta,results/20260601_104732_casp15_casp16_unique_lt1000_all_default_msa-free/predictions/T2272s2/chai1/rank_001.pdb,results/20260601_104732_casp15_casp16_unique_lt1000_all_default_msa-free/logs/T2272s2_chai1.log,,missing score
chai1,T2272s3,T2272s3,CASP16,9C3C,b,Check,Check,multiple equivalent chains match,0.823899,1.000000,1.000000,262,318,high,318,57,318,1,318,true,,0.0016025641025641,0.1945400650219927,,,,,,936,13.053826465667955,0.02748173992772201,results/20260601_104732_casp15_casp16_unique_lt1000_all_default_msa-free/sequences/T2272s3.fasta,results/20260601_104732_casp15_casp16_unique_lt1000_all_default_msa-free/predictions/T2272s3/chai1/rank_001.pdb,results/20260601_104732_casp15_casp16_unique_lt1000_all_default_msa-free/logs/T2272s3_chai1.log,,missing score
chai1,T2272s4,T2272s4,CASP16,9C3C,d,Check,Check,multiple equivalent chains match,0.930796,1.000000,1.000000,269,289,high,289,21,289,1,289,true,,0.0096830985915492,0.1811994895789026,,,,,,1045,14.72586560466447,0.031001822325609413,results/20260601_104732_casp15_casp16_unique_lt1000_all_default_msa-free/sequences/T2272s4.fasta,results/20260601_104732_casp15_casp16_unique_lt1000_all_default_msa-free/predictions/T2272s4/chai1/rank_001.pdb,results/20260601_104732_casp15_casp16_unique_lt1000_all_default_msa-free/logs/T2272s4_chai1.log,,missing score
chai1,T2272s5,T2272s5,CASP16,9C3C,g,Check,Check,multiple equivalent chains match,0.907216,1.000000,1.000000,264,291,high,291,28,291,1,291,true,,0.011168384879725,0.1942258613356018,,,,,,1042,14.709387372452152,0.030967131310425583,results/20260601_104732_casp15_casp16_unique_lt1000_all_default_msa-free/sequences/T2272s5.fasta,results/20260601_104732_casp15_casp16_unique_lt1000_all_default_msa-free/predictions/T2272s5/chai1/rank_001.pdb,results/20260601_104732_casp15_casp16_unique_lt1000_all_default_msa-free/logs/T2272s5_chai1.log,,missing score
chai1,T2272s6,T2272s6,CASP16,9C3C,A,Check,Check,reference coverage below threshold 0.641,0.641026,1.000000,1.000000,400,624,high,624,63,653,1,624,true,,0.030625,0.7956255615453729,,,,,,3631,51.26407230644766,0.10792436275041613,results/20260601_104732_casp15_casp16_unique_lt1000_all_default_msa-free/sequences/T2272s6.fasta,results/20260601_104732_casp15_casp16_unique_lt1000_all_default_msa-free/predictions/T2272s6/chai1/rank_001.pdb,results/20260601_104732_casp15_casp16_unique_lt1000_all_default_msa-free/logs/T2272s6_chai1.log,,missing score
chai1,T2272s7,T2272s7,CASP16,9C3C,B,No,No,chain mapping below threshold identity=1.000 coverage=0.599,1.000000,1.000000,0.599174,145,145,low,242,654,798,1,242,true,,0.0165289256198347,0.2396463841987894,,,,,,468,6.647326514742582,0.013994371609984384,results/20260601_104732_casp15_casp16_unique_lt1000_all_default_msa-free/sequences/T2272s7.fasta,results/20260601_104732_casp15_casp16_unique_lt1000_all_default_msa-free/predictions/T2272s7/chai1/rank_001.pdb,results/20260601_104732_casp15_casp16_unique_lt1000_all_default_msa-free/logs/T2272s7_chai1.log,,missing score
chai1,T2272s8,T2272s8,CASP16,9C3C,V,Check,Check,reference coverage below threshold 0.356; multiple equivalent chains match,0.355746,1.000000,1.000000,291,818,high,818,1,291,1,818,true,,0.0069269521410579,0.141814033086138,,,,,,6270,88.91294503566883,0.1871851474435133,results/20260601_104732_casp15_casp16_unique_lt1000_all_default_msa-free/sequences/T2272s8.fasta,results/20260601_104732_casp15_casp16_unique_lt1000_all_default_msa-free/predictions/T2272s8/chai1/rank_001.pdb,results/20260601_104732_casp15_casp16_unique_lt1000_all_default_msa-free/logs/T2272s8_chai1.log,,missing score
chai1,T2272s9,T2272s9,CASP16,9C3C,n,Check,Check,reference coverage below threshold 0.735; multiple equivalent chains match,0.735294,1.000000,1.000000,175,238,high,238,42,216,1,238,true,,0.0,0.2026157804459691,,,,,,489,7.020536269909058,0.01478007635770328,results/20260601_104732_casp15_casp16_unique_lt1000_all_default_msa-free/sequences/T2272s9.fasta,results/20260601_104732_casp15_casp16_unique_lt1000_all_default_msa-free/predictions/T2272s9/chai1/rank_001.pdb,results/20260601_104732_casp15_casp16_unique_lt1000_all_default_msa-free/logs/T2272s9_chai1.log,,missing score
chai1,T2280,T2280,CASP16,9F5M,AAA,Check,Check,multiple equivalent chains match,0.995745,1.000000,0.991561,234,235,high,237,615,848,1,237,true,,0.9626068376068376,0.9586114276412177,,,,,,485,6.907286580281601,0.01454165595848758,results/20260601_104732_casp15_casp16_unique_lt1000_all_default_msa-free/sequences/T2280.fasta,results/20260601_104732_casp15_casp16_unique_lt1000_all_default_msa-free/predictions/T2280/chai1/rank_001.pdb,results/20260601_104732_casp15_casp16_unique_lt1000_all_default_msa-free/logs/T2280_chai1.log,,missing score
esmfold,T1104,T1104,CASP15,7ROA,A,Yes,Yes,prefiltered A1 protein target with mapped residue range,0.871212,1.000000,1.000000,115,132,high,117,58,189,1,117,true,,0.8152173913043478,0.8165529010238908,,,,,,55,0.7503540707644031,0.0015796927805566382,results/20260601_104732_casp15_casp16_unique_lt1000_all_default_msa-free/sequences/T1104.fasta,results/20260601_104732_casp15_casp16_unique_lt1000_all_default_msa-free/predictions/T1104/esmfold/rank_001.pdb,results/20260601_104732_casp15_casp16_unique_lt1000_all_default_msa-free/logs/T1104_esmfold.log,,missing score
esmfold,T1106s1,T1106s1,CASP15,7QIH,B,No,No,chain mapping below threshold identity=1.000 coverage=0.615; multiple equivalent chains match,0.946667,1.000000,0.614754,71,75,low,122,50,120,1,122,true,,0.2711267605633802,0.8218707015130674,,,,,,56,0.765211020189882,0.001610970568820804,results/20260601_104732_casp15_casp16_unique_lt1000_all_default_msa-free/sequences/T1106s1.fasta,results/20260601_104732_casp15_casp16_unique_lt1000_all_default_msa-free/predictions/T1106s1/esmfold/rank_001.pdb,results/20260601_104732_casp15_casp16_unique_lt1000_all_default_msa-free/logs/T1106s1_esmfold.log,,missing score
esmfold,T1106s2,T1106s2,CASP15,7QIH,A,Check,Check,multiple equivalent chains match,0.909836,1.000000,1.000000,111,122,high,114,2,112,1,114,true,,0.9436936936936936,0.9575098814229248,,,,,,55,0.7324496060623786,0.0015419991706576393,results/20260601_104732_casp15_casp16_unique_lt1000_all_default_msa-free/sequences/T1106s2.fasta,results/20260601_104732_casp15_casp16_unique_lt1000_all_default_msa-free/predictions/T1106s2/esmfold/rank_001.pdb,results/20260601_104732_casp15_casp16_unique_lt1000_all_default_msa-free/logs/T1106s2_esmfold.log,,missing score
esmfold,T1112,T1112,CASP15,8ORK,AAA,Check,Check,multiple equivalent chains match,0.973913,1.000000,1.000000,448,460,high,460,2,460,1,460,true,,,,,,,,,529,7.60425655430264,0.016008961166952926,results/20260601_104732_casp15_casp16_unique_lt1000_all_default_msa-free/sequences/T1112.fasta,results/20260601_104732_casp15_casp16_unique_lt1000_all_default_msa-free/predictions/T1112/esmfold/rank_001.pdb,results/20260601_104732_casp15_casp16_unique_lt1000_all_default_msa-free/logs/T1112_esmfold.log,,missing score
esmfold,T1114s1,T1114s1,CASP15,7UTD,Q,No,No,chain mapping below threshold identity=1.000 coverage=0.317; multiple equivalent chains match,0.983333,1.000000,0.317460,59,60,low,189,20,78,1,189,true,,0.5423728813559322,0.8495192307692307,,,,,,94,1.296719537547414,0.0027299358685208717,results/20260601_104732_casp15_casp16_unique_lt1000_all_default_msa-free/sequences/T1114s1.fasta,results/20260601_104732_casp15_casp16_unique_lt1000_all_default_msa-free/predictions/T1114s1/esmfold/rank_001.pdb,results/20260601_104732_casp15_casp16_unique_lt1000_all_default_msa-free/logs/T1114s1_esmfold.log,,missing score
esmfold,T1114s2,T1114s2,CASP15,7UTD,B,Check,Check,multiple equivalent chains match,0.872629,1.000000,1.000000,322,369,high,369,2,323,1,369,true,,0.5659937888198758,0.7223696093926394,,,,,,338,4.810900897736658,0.0101282124162877,results/20260601_104732_casp15_casp16_unique_lt1000_all_default_msa-free/sequences/T1114s2.fasta,results/20260601_104732_casp15_casp16_unique_lt1000_all_default_msa-free/predictions/T1114s2/esmfold/rank_001.pdb,results/20260601_104732_casp15_casp16_unique_lt1000_all_default_msa-free/logs/T1114s2_esmfold.log,,missing score
esmfold,T1114s3,T1114s3,CASP15,7UTD,A,Check,Check,multiple equivalent chains match,0.998051,1.000000,0.958879,512,513,high,535,4,516,1,535,true,,0.8828125,0.8611920766165011,,,,,,745,10.681248681120332,0.022486839328674384,results/20260601_104732_casp15_casp16_unique_lt1000_all_default_msa-free/sequences/T1114s3.fasta,results/20260601_104732_casp15_casp16_unique_lt1000_all_default_msa-free/predictions/T1114s3/esmfold/rank_001.pdb,results/20260601_104732_casp15_casp16_unique_lt1000_all_default_msa-free/logs/T1114s3_esmfold.log,,missing score
esmfold,T1120,T1120,CASP15,7QVB,B,Check,Check,multiple equivalent chains match,0.970213,1.000000,1.000000,228,235,high,235,4,231,1,235,true,,0.3355263157894737,0.844998844998845,,,,,,130,1.8221504165785438,0.0038361061401653556,results/20260601_104732_casp15_casp16_unique_lt1000_all_default_msa-free/sequences/T1120.fasta,results/20260601_104732_casp15_casp16_unique_lt1000_all_default_msa-free/predictions/T1120/esmfold/rank_001.pdb,results/20260601_104732_casp15_casp16_unique_lt1000_all_default_msa-free/logs/T1120_esmfold.log,,missing score
esmfold,T1122,T1122,CASP15,8BBT,A,Yes,Yes,prefiltered A1 protein target with mapped residue range,0.954357,1.000000,1.000000,230,241,high,241,4,237,1,241,true,,0.2282608695652174,0.5266968325791855,,,,,,135,1.9172799435444474,0.004036378828514626,results/20260601_104732_casp15_casp16_unique_lt1000_all_default_msa-free/sequences/T1122.fasta,results/20260601_104732_casp15_casp16_unique_lt1000_all_default_msa-free/predictions/T1122/esmfold/rank_001.pdb,results/20260601_104732_casp15_casp16_unique_lt1000_all_default_msa-free/logs/T1122_esmfold.log,,missing score
esmfold,T1129s2,T1129s2,CASP15,8A8C,B,Yes,Yes,prefiltered A1 protein target with mapped residue range,0.825000,1.000000,1.000000,528,640,high,640,41,640,1,640,true,,0.0105691056910569,0.1365686801696839,,,,,,1089,16.130605282589432,0.03395916901597775,results/20260601_104732_casp15_casp16_unique_lt1000_all_default_msa-free/sequences/T1129s2.fasta,results/20260601_104732_casp15_casp16_unique_lt1000_all_default_msa-free/predictions/T1129s2/esmfold/rank_001.pdb,results/20260601_104732_casp15_casp16_unique_lt1000_all_default_msa-free/logs/T1129s2_esmfold.log,,missing score
esmfold,T1133,T1133,CASP15,8DYS,A,Check,Check,reference coverage below threshold 0.699,0.699145,1.000000,1.000000,409,585,high,585,4,427,1,585,true,,0.9119804400977995,0.91571021944725,,,,,,905,13.362299918219085,0.028131157722566493,results/20260601_104732_casp15_casp16_unique_lt1000_all_default_msa-free/sequences/T1133.fasta,results/20260601_104732_casp15_casp16_unique_lt1000_all_default_msa-free/predictions/T1133/esmfold/rank_001.pdb,results/20260601_104732_casp15_casp16_unique_lt1000_all_default_msa-free/logs/T1133_esmfold.log,,missing score
esmfold,T1134s1,T1134s1,CASP15,7UBZ,A,Check,Check,multiple equivalent chains match,1.000000,1.000000,1.000000,230,230,high,230,1,230,1,230,true,,0.8858695652173914,0.90495503438547,,,,,,129,1.8342322717500312,0.003861541624736908,results/20260601_104732_casp15_casp16_unique_lt1000_all_default_msa-free/sequences/T1134s1.fasta,results/20260601_104732_casp15_casp16_unique_lt1000_all_default_msa-free/predictions/T1134s1/esmfold/rank_001.pdb,results/20260601_104732_casp15_casp16_unique_lt1000_all_default_msa-free/logs/T1134s1_esmfold.log,,missing score
esmfold,T1134s2,T1134s2,CASP15,7UBZ,D,Check,Check,reference coverage below threshold 0.645; multiple equivalent chains match,0.645367,1.000000,1.000000,202,313,high,313,168,472,1,313,true,,0.0449561403508771,0.2024767525035765,,,,,,259,3.784649685368855,0.007967683548144958,results/20260601_104732_casp15_casp16_unique_lt1000_all_default_msa-free/sequences/T1134s2.fasta,results/20260601_104732_casp15_casp16_unique_lt1000_all_default_msa-free/predictions/T1134s2/esmfold/rank_001.pdb,results/20260601_104732_casp15_casp16_unique_lt1000_all_default_msa-free/logs/T1134s2_esmfold.log,,missing score
esmfold,T1137s1,T1137s1,CASP15,8FEF,A,Yes,Yes,prefiltered A1 protein target with mapped residue range,0.958435,1.000000,1.000000,392,409,high,409,18,409,1,409,true,,0.0,0.7681042654028436,,,,,,426,6.260060527416713,0.0131790747945615,results/20260601_104732_casp15_casp16_unique_lt1000_all_default_msa-free/sequences/T1137s1.fasta,results/20260601_104732_casp15_casp16_unique_lt1000_all_default_msa-free/predictions/T1137s1/esmfold/rank_001.pdb,results/20260601_104732_casp15_casp16_unique_lt1000_all_default_msa-free/logs/T1137s1_esmfold.log,,missing score
esmfold,T1137s2,T1137s2,CASP15,8FEF,B,Yes,Yes,prefiltered A1 protein target with mapped residue range,0.976676,1.000000,1.000000,335,343,high,343,2,343,1,343,true,,0.0,0.4974372116863147,,,,,,316,4.589960723080757,0.009663075206485803,results/20260601_104732_casp15_casp16_unique_lt1000_all_default_msa-free/sequences/T1137s2.fasta,results/20260601_104732_casp15_casp16_unique_lt1000_all_default_msa-free/predictions/T1137s2/esmfold/rank_001.pdb,results/20260601_104732_casp15_casp16_unique_lt1000_all_default_msa-free/logs/T1137s2_esmfold.log,,missing score
esmfold,T1137s3,T1137s3,CASP15,8FEF,C,Check,Check,reference coverage below threshold 0.592,0.591603,1.000000,1.000000,310,524,high,524,1,310,1,524,true,,0.0,0.2692890995260663,,,,,,709,10.397980729890325,0.021890485747137527,results/20260601_104732_casp15_casp16_unique_lt1000_all_default_msa-free/sequences/T1137s3.fasta,results/20260601_104732_casp15_casp16_unique_lt1000_all_default_msa-free/predictions/T1137s3/esmfold/rank_001.pdb,results/20260601_104732_casp15_casp16_unique_lt1000_all_default_msa-free/logs/T1137s3_esmfold.log,,missing score
esmfold,T1137s4,T1137s4,CASP15,8FEF,D,Check,Check,reference coverage below threshold 0.704,0.703839,1.000000,1.000000,385,547,high,547,42,468,1,547,true,,0.0,0.2942079018028385,,,,,,785,11.508310892398393,0.02422802293136504,results/20260601_104732_casp15_casp16_unique_lt1000_all_default_msa-free/sequences/T1137s4.fasta,results/20260601_104732_casp15_casp16_unique_lt1000_all_default_msa-free/predictions/T1137s4/esmfold/rank_001.pdb,results/20260601_104732_casp15_casp16_unique_lt1000_all_default_msa-free/logs/T1137s4_esmfold.log,,missing score
esmfold,T1137s5,T1137s5,CASP15,8FEF,E,Yes,Yes,prefiltered A1 protein target with mapped residue range,0.917949,1.000000,1.000000,358,390,high,390,33,390,1,390,true,,0.0007042253521126,0.4202304453800133,,,,,,388,5.640466599891687,0.011874666526087763,results/20260601_104732_casp15_casp16_unique_lt1000_all_default_msa-free/sequences/T1137s5.fasta,results/20260601_104732_casp15_casp16_unique_lt1000_all_default_msa-free/predictions/T1137s5/esmfold/rank_001.pdb,results/20260601_104732_casp15_casp16_unique_lt1000_all_default_msa-free/logs/T1137s5_esmfold.log,,missing score
esmfold,T1137s6,T1137s6,CASP15,8FEF,F,Check,Check,reference coverage below threshold 0.770,0.770270,1.000000,1.000000,399,518,high,518,1,399,1,518,true,,0.0,0.3584039548022599,,,,,,692,10.152305514577249,0.02137327476753105,results/20260601_104732_casp15_casp16_unique_lt1000_all_default_msa-free/sequences/T1137s6.fasta,results/20260601_104732_casp15_casp16_unique_lt1000_all_default_msa-free/predictions/T1137s6/esmfold/rank_001.pdb,results/20260601_104732_casp15_casp16_unique_lt1000_all_default_msa-free/logs/T1137s6_esmfold.log,,missing score
esmfold,T1137s7,T1137s7,CASP15,8FEF,G,Check,Check,reference coverage below threshold 0.458; multiple equivalent chains match,0.457887,1.000000,1.000000,299,653,high,653,2,325,1,653,true,,0.0076530612244897,0.1955924170616113,,,,,,1136,16.724854124868706,0.03521021921024991,results/20260601_104732_casp15_casp16_unique_lt1000_all_default_msa-free/sequences/T1137s7.fasta,results/20260601_104732_casp15_casp16_unique_lt1000_all_default_msa-free/predictions/T1137s7/esmfold/rank_001.pdb,results/20260601_104732_casp15_casp16_unique_lt1000_all_default_msa-free/logs/T1137s7_esmfold.log,,missing score
esmfold,T1137s8,T1137s8,CASP15,8FEF,I,Yes,Yes,prefiltered A1 protein target with mapped residue range,0.951128,1.000000,1.000000,253,266,high,266,14,266,1,266,true,,0.0,0.3257978723404255,,,,,,200,2.890328636091611,0.0060849023917718134,results/20260601_104732_casp15_casp16_unique_lt1000_all_default_msa-free/sequences/T1137s8.fasta,results/20260601_104732_casp15_casp16_unique_lt1000_all_default_msa-free/predictions/T1137s8/esmfold/rank_001.pdb,results/20260601_104732_casp15_casp16_unique_lt1000_all_default_msa-free/logs/T1137s8_esmfold.log,,missing score
esmfold,T1137s9,T1137s9,CASP15,8FEF,J,Yes,Yes,prefiltered A1 protein target with mapped residue range,0.910035,1.000000,1.000000,263,289,high,289,27,289,1,289,true,,0.0309187279151943,0.3152280130293159,,,,,,220,3.2282116954105087,0.0067962351482326495,results/20260601_104732_casp15_casp16_unique_lt1000_all_default_msa-free/sequences/T1137s9.fasta,results/20260601_104732_casp15_casp16_unique_lt1000_all_default_msa-free/predictions/T1137s9/esmfold/rank_001.pdb,results/20260601_104732_casp15_casp16_unique_lt1000_all_default_msa-free/logs/T1137s9_esmfold.log,,missing score
esmfold,T1145,T1145,CASP15,7UWW,A,Check,Check,multiple equivalent chains match,0.995276,1.000000,1.000000,632,635,high,635,34,665,1,635,true,,0.117879746835443,0.6117131359586088,,,,,,1066,15.793380847375767,0.033249222836580564,results/20260601_104732_casp15_casp16_unique_lt1000_all_default_msa-free/sequences/T1145.fasta,results/20260601_104732_casp15_casp16_unique_lt1000_all_default_msa-free/predictions/T1145/esmfold/rank_001.pdb,results/20260601_104732_casp15_casp16_unique_lt1000_all_default_msa-free/logs/T1145_esmfold.log,,missing score
esmfold,T1147,T1147,CASP15,8EM5,A,Check,Check,multiple equivalent chains match,0.893204,1.000000,1.000000,92,103,high,103,12,103,1,103,true,,0.9320652173913044,0.9259448416751788,,,,,,51,0.6954798886721758,0.001464168186678265,results/20260601_104732_casp15_casp16_unique_lt1000_all_default_msa-free/sequences/T1147.fasta,results/20260601_104732_casp15_casp16_unique_lt1000_all_default_msa-free/predictions/T1147/esmfold/rank_001.pdb,results/20260601_104732_casp15_casp16_unique_lt1000_all_default_msa-free/logs/T1147_esmfold.log,,missing score
esmfold,T1151s2,T1151s2,CASP15,8D5V,A,Check,Check,reference coverage below threshold 0.724; multiple equivalent chains match,0.724138,1.000000,1.000000,84,116,high,116,8,91,1,116,true,,0.8422619047619048,0.8264321295143213,,,,,,55,0.7541988960792886,0.0015877871496406076,results/20260601_104732_casp15_casp16_unique_lt1000_all_default_msa-free/sequences/T1151s2.fasta,results/20260601_104732_casp15_casp16_unique_lt1000_all_default_msa-free/predictions/T1151s2/esmfold/rank_001.pdb,results/20260601_104732_casp15_casp16_unique_lt1000_all_default_msa-free/logs/T1151s2_esmfold.log,,missing score
esmfold,T1155,T1155,CASP15,8PBV,A,Yes,Yes,prefiltered A1 protein target with mapped residue range,1.000000,1.000000,1.000000,116,116,high,116,1,116,1,116,true,,0.5883620689655173,0.634465599307659,,,,,,55,0.7581887951273893,0.0015961869371102933,results/20260601_104732_casp15_casp16_unique_lt1000_all_default_msa-free/sequences/T1155.fasta,results/20260601_104732_casp15_casp16_unique_lt1000_all_default_msa-free/predictions/T1155/esmfold/rank_001.pdb,results/20260601_104732_casp15_casp16_unique_lt1000_all_default_msa-free/logs/T1155_esmfold.log,,missing score
esmfold,T1157s2,T1157s2,CASP15,8PKO,B,Yes,Yes,prefiltered A1 protein target with mapped residue range,0.937374,1.000000,1.000000,464,495,high,495,21,484,1,495,true,,0.0141414141414141,0.2315319089512638,,,,,,620,9.119113222247439,0.01919813309946829,results/20260601_104732_casp15_casp16_unique_lt1000_all_default_msa-free/sequences/T1157s2.fasta,results/20260601_104732_casp15_casp16_unique_lt1000_all_default_msa-free/predictions/T1157s2/esmfold/rank_001.pdb,results/20260601_104732_casp15_casp16_unique_lt1000_all_default_msa-free/logs/T1157s2_esmfold.log,,missing score
esmfold,T1159,T1159,CASP15,7PZT,A,Check,Check,multiple equivalent chains match,1.000000,1.000000,1.000000,160,160,high,160,1,160,1,160,true,,0.7484375,0.7798387096774193,,,,,,84,1.166519375612398,0.0024558302644471534,results/20260601_104732_casp15_casp16_unique_lt1000_all_default_msa-free/sequences/T1159.fasta,results/20260601_104732_casp15_casp16_unique_lt1000_all_default_msa-free/predictions/T1159/esmfold/rank_001.pdb,results/20260601_104732_casp15_casp16_unique_lt1000_all_default_msa-free/logs/T1159_esmfold.log,,missing score
esmfold,T1183,T1183,CASP15,8IFX,B,Yes,Yes,prefiltered A1 protein target with mapped residue range,0.975000,1.000000,1.000000,195,200,high,200,1,195,1,200,true,,0.1767676767676767,0.4288433382137628,,,,,,102,1.4343420487255634,0.003019667471001186,results/20260601_104732_casp15_casp16_unique_lt1000_all_default_msa-free/sequences/T1183.fasta,results/20260601_104732_casp15_casp16_unique_lt1000_all_default_msa-free/predictions/T1183/esmfold/rank_001.pdb,results/20260601_104732_casp15_casp16_unique_lt1000_all_default_msa-free/logs/T1183_esmfold.log,,missing score
esmfold,T1185s1,T1185s1,CASP15,8OUY,A,Check,Check,reference coverage below threshold 0.200,0.200000,1.000000,1.000000,70,350,high,350,4,73,1,350,true,,0.6464285714285715,0.8615642994241842,,,,,,334,4.862296620969751,0.010236413938883686,results/20260601_104732_casp15_casp16_unique_lt1000_all_default_msa-free/sequences/T1185s1.fasta,results/20260601_104732_casp15_casp16_unique_lt1000_all_default_msa-free/predictions/T1185s1/esmfold/rank_001.pdb,results/20260601_104732_casp15_casp16_unique_lt1000_all_default_msa-free/logs/T1185s1_esmfold.log,,missing score
esmfold,T1185s2,T1185s2,CASP15,8OUY,B,Yes,Yes,prefiltered A1 protein target with mapped residue range,0.832447,1.000000,1.000000,313,376,high,376,10,349,1,376,true,,0.0357142857142857,0.1026871401151631,,,,,,360,5.218008004721005,0.010985280009938958,results/20260601_104732_casp15_casp16_unique_lt1000_all_default_msa-free/sequences/T1185s2.fasta,results/20260601_104732_casp15_casp16_unique_lt1000_all_default_msa-free/predictions/T1185s2/esmfold/rank_001.pdb,results/20260601_104732_casp15_casp16_unique_lt1000_all_default_msa-free/logs/T1185s2_esmfold.log,,missing score
esmfold,T1185s4,T1185s4,CASP15,8OUY,D,Yes,Yes,prefiltered A1 protein target with mapped residue range,0.838710,1.000000,0.996429,234,279,high,280,20,280,1,280,true,,0.0535714285714285,0.1679462571976967,,,,,,213,3.0210398484119385,0.006360083891393555,results/20260601_104732_casp15_casp16_unique_lt1000_all_default_msa-free/sequences/T1185s4.fasta,results/20260601_104732_casp15_casp16_unique_lt1000_all_default_msa-free/predictions/T1185s4/esmfold/rank_001.pdb,results/20260601_104732_casp15_casp16_unique_lt1000_all_default_msa-free/logs/T1185s4_esmfold.log,,missing score
esmfold,T1194,T1194,CASP15,8OKH,A,Check,Check,multiple equivalent chains match,0.982036,1.000000,0.994048,164,167,high,168,22,185,1,168,true,,0.9710365853658536,0.9402898922524372,,,,,,87,1.2164022078522754,0.0025608467533732113,results/20260601_104732_casp15_casp16_unique_lt1000_all_default_msa-free/sequences/T1194.fasta,results/20260601_104732_casp15_casp16_unique_lt1000_all_default_msa-free/predictions/T1194/esmfold/rank_001.pdb,results/20260601_104732_casp15_casp16_unique_lt1000_all_default_msa-free/logs/T1194_esmfold.log,,missing score
esmfold,T0272s2,T0272s2,CASP16,9C3C,a,Check,Check,multiple equivalent chains match,0.972393,1.000000,0.898072,317,326,medium,363,25,350,1,363,true,,0.0276203966005665,0.2172670717592592,,,,,,343,4.875800329837507,0.01026484279965791,results/20260601_104732_casp15_casp16_unique_lt1000_all_default_msa-free/sequences/T0272s2.fasta,results/20260601_104732_casp15_casp16_unique_lt1000_all_default_msa-free/predictions/T0272s2/esmfold/rank_001.pdb,results/20260601_104732_casp15_casp16_unique_lt1000_all_default_msa-free/logs/T0272s2_esmfold.log,,missing score
esmfold,T0272s3,T0272s3,CASP16,9C3C,b,Check,Check,multiple equivalent chains match,0.823899,1.000000,1.000000,262,318,high,318,57,318,1,318,true,,0.0240384615384615,0.175415949512335,,,,,,271,3.8419746937128982,0.00808836777623768,results/20260601_104732_casp15_casp16_unique_lt1000_all_default_msa-free/sequences/T0272s3.fasta,results/20260601_104732_casp15_casp16_unique_lt1000_all_default_msa-free/predictions/T0272s3/esmfold/rank_001.pdb,results/20260601_104732_casp15_casp16_unique_lt1000_all_default_msa-free/logs/T0272s3_esmfold.log,,missing score
esmfold,T0272s4,T0272s4,CASP16,9C3C,d,Check,Check,multiple equivalent chains match,0.930796,1.000000,1.000000,269,289,high,289,21,289,1,289,true,,0.0158450704225352,0.176095278604849,,,,,,222,3.1296705703242873,0.006588780148051131,results/20260601_104732_casp15_casp16_unique_lt1000_all_default_msa-free/sequences/T0272s4.fasta,results/20260601_104732_casp15_casp16_unique_lt1000_all_default_msa-free/predictions/T0272s4/esmfold/rank_001.pdb,results/20260601_104732_casp15_casp16_unique_lt1000_all_default_msa-free/logs/T0272s4_esmfold.log,,missing score
esmfold,T0272s5,T0272s5,CASP16,9C3C,g,Check,Check,multiple equivalent chains match,0.907216,1.000000,1.000000,264,291,high,291,28,291,1,291,true,,0.0163230240549828,0.1960336027222458,,,,,,229,3.241770405802999,0.006824779801690524,results/20260601_104732_casp15_casp16_unique_lt1000_all_default_msa-free/sequences/T0272s5.fasta,results/20260601_104732_casp15_casp16_unique_lt1000_all_default_msa-free/predictions/T0272s5/esmfold/rank_001.pdb,results/20260601_104732_casp15_casp16_unique_lt1000_all_default_msa-free/logs/T0272s5_esmfold.log,,missing score
esmfold,T0272s6,T0272s6,CASP16,9C3C,A,Check,Check,reference coverage below threshold 0.641,0.641026,1.000000,1.000000,400,624,high,624,63,653,1,624,true,,0.285,0.8487196765498652,,,,,,1031,14.75813867794882,0.03106976563778699,results/20260601_104732_casp15_casp16_unique_lt1000_all_default_msa-free/sequences/T0272s6.fasta,results/20260601_104732_casp15_casp16_unique_lt1000_all_default_msa-free/predictions/T0272s6/esmfold/rank_001.pdb,results/20260601_104732_casp15_casp16_unique_lt1000_all_default_msa-free/logs/T0272s6_esmfold.log,,missing score
esmfold,T0272s7,T0272s7,CASP16,9C3C,B,No,No,chain mapping below threshold identity=1.000 coverage=0.599,1.000000,1.000000,0.599174,145,145,low,242,654,798,1,242,true,,0.0165289256198347,0.2005415737496018,,,,,,137,1.9360020953645076,0.004075793884977911,results/20260601_104732_casp15_casp16_unique_lt1000_all_default_msa-free/sequences/T0272s7.fasta,results/20260601_104732_casp15_casp16_unique_lt1000_all_default_msa-free/predictions/T0272s7/esmfold/rank_001.pdb,results/20260601_104732_casp15_casp16_unique_lt1000_all_default_msa-free/logs/T0272s7_esmfold.log,,missing score
esmfold,T0272s8,T0272s8,CASP16,9C3C,V,Check,Check,reference coverage below threshold 0.356; multiple equivalent chains match,0.355746,1.000000,1.000000,291,818,high,818,1,291,1,818,true,,0.0075566750629722,0.1265544780376497,,,,,,1996,28.442256513210385,0.05987843476465344,results/20260601_104732_casp15_casp16_unique_lt1000_all_default_msa-free/sequences/T0272s8.fasta,results/20260601_104732_casp15_casp16_unique_lt1000_all_default_msa-free/predictions/T0272s8/esmfold/rank_001.pdb,results/20260601_104732_casp15_casp16_unique_lt1000_all_default_msa-free/logs/T0272s8_esmfold.log,,missing score
esmfold,T0272s9,T0272s9,CASP16,9C3C,n,Check,Check,reference coverage below threshold 0.735; multiple equivalent chains match,0.735294,1.000000,1.000000,175,238,high,238,42,216,1,238,true,,0.0021097046413502,0.1829616923956546,,,,,,140,1.976119848112962,0.004160252311816762,results/20260601_104732_casp15_casp16_unique_lt1000_all_default_msa-free/sequences/T0272s9.fasta,results/20260601_104732_casp15_casp16_unique_lt1000_all_default_msa-free/predictions/T0272s9/esmfold/rank_001.pdb,results/20260601_104732_casp15_casp16_unique_lt1000_all_default_msa-free/logs/T0272s9_esmfold.log,,missing score
esmfold,T1212,T1212,CASP16,9B0L,P,Check,Check,multiple equivalent chains match,1.000000,1.000000,1.000000,466,466,high,466,53,518,1,466,true,,0.4141630901287554,0.7449958490914123,,,,,,557,7.953931013428499,0.016745117923007365,results/20260601_104732_casp15_casp16_unique_lt1000_all_default_msa-free/sequences/T1212.fasta,results/20260601_104732_casp15_casp16_unique_lt1000_all_default_msa-free/predictions/T1212/esmfold/rank_001.pdb,results/20260601_104732_casp15_casp16_unique_lt1000_all_default_msa-free/logs/T1212_esmfold.log,,missing score
esmfold,T1227s1,T1227s1,CASP16,9N8W,A,Yes,Yes,prefiltered A1 protein target with mapped residue range,0.918033,1.000000,1.000000,392,427,high,427,27,418,1,427,true,,0.8220663265306123,0.8900329489291599,,,,,,473,6.746362831264071,0.014202869118450676,results/20260601_104732_casp15_casp16_unique_lt1000_all_default_msa-free/sequences/T1227s1.fasta,results/20260601_104732_casp15_casp16_unique_lt1000_all_default_msa-free/predictions/T1227s1/esmfold/rank_001.pdb,results/20260601_104732_casp15_casp16_unique_lt1000_all_default_msa-free/logs/T1227s1_esmfold.log,,missing score
esmfold,T1266,T1266,CASP16,8QFB,A,Check,Check,multiple equivalent chains match,0.886905,1.000000,1.000000,298,336,high,336,563,860,1,336,true,,0.5511744966442953,0.6562329885683179,,,,,,310,4.419703649955761,0.009304639263064761,results/20260601_104732_casp15_casp16_unique_lt1000_all_default_msa-free/sequences/T1266.fasta,results/20260601_104732_casp15_casp16_unique_lt1000_all_default_msa-free/predictions/T1266/esmfold/rank_001.pdb,results/20260601_104732_casp15_casp16_unique_lt1000_all_default_msa-free/logs/T1266_esmfold.log,,missing score
esmfold,T1272s2,T1272s2,CASP16,9C3C,a,Check,Check,multiple equivalent chains match,0.972393,1.000000,0.898072,317,326,medium,363,25,350,1,363,true,,0.0276203966005665,0.2172670717592592,,,,,,340,4.852463584822638,0.01021571281015292,results/20260601_104732_casp15_casp16_unique_lt1000_all_default_msa-free/sequences/T1272s2.fasta,results/20260601_104732_casp15_casp16_unique_lt1000_all_default_msa-free/predictions/T1272s2/esmfold/rank_001.pdb,results/20260601_104732_casp15_casp16_unique_lt1000_all_default_msa-free/logs/T1272s2_esmfold.log,,missing score
esmfold,T1272s3,T1272s3,CASP16,9C3C,b,Check,Check,multiple equivalent chains match,0.823899,1.000000,1.000000,262,318,high,318,57,318,1,318,true,,0.0240384615384615,0.175415949512335,,,,,,261,3.6976680281220413,0.007784564269730614,results/20260601_104732_casp15_casp16_unique_lt1000_all_default_msa-free/sequences/T1272s3.fasta,results/20260601_104732_casp15_casp16_unique_lt1000_all_default_msa-free/predictions/T1272s3/esmfold/rank_001.pdb,results/20260601_104732_casp15_casp16_unique_lt1000_all_default_msa-free/logs/T1272s3_esmfold.log,,missing score
esmfold,T1272s4,T1272s4,CASP16,9C3C,d,Check,Check,multiple equivalent chains match,0.930796,1.000000,1.000000,269,289,high,289,21,289,1,289,true,,0.0158450704225352,0.176095278604849,,,,,,224,3.193208679582322,0.006722544588594362,results/20260601_104732_casp15_casp16_unique_lt1000_all_default_msa-free/sequences/T1272s4.fasta,results/20260601_104732_casp15_casp16_unique_lt1000_all_default_msa-free/predictions/T1272s4/esmfold/rank_001.pdb,results/20260601_104732_casp15_casp16_unique_lt1000_all_default_msa-free/logs/T1272s4_esmfold.log,,missing score
esmfold,T1272s5,T1272s5,CASP16,9C3C,g,Check,Check,multiple equivalent chains match,0.907216,1.000000,1.000000,264,291,high,291,28,291,1,291,true,,0.0163230240549828,0.1960336027222458,,,,,,225,3.2416841020347804,0.0068245981095469066,results/20260601_104732_casp15_casp16_unique_lt1000_all_default_msa-free/sequences/T1272s5.fasta,results/20260601_104732_casp15_casp16_unique_lt1000_all_default_msa-free/predictions/T1272s5/esmfold/rank_001.pdb,results/20260601_104732_casp15_casp16_unique_lt1000_all_default_msa-free/logs/T1272s5_esmfold.log,,missing score
esmfold,T1272s6,T1272s6,CASP16,9C3C,A,Check,Check,reference coverage below threshold 0.641,0.641026,1.000000,1.000000,400,624,high,624,63,653,1,624,true,,0.285,0.8487196765498652,,,,,,1041,14.99862100214702,0.03157604421504636,results/20260601_104732_casp15_casp16_unique_lt1000_all_default_msa-free/sequences/T1272s6.fasta,results/20260601_104732_casp15_casp16_unique_lt1000_all_default_msa-free/predictions/T1272s6/esmfold/rank_001.pdb,results/20260601_104732_casp15_casp16_unique_lt1000_all_default_msa-free/logs/T1272s6_esmfold.log,,missing score
esmfold,T1272s7,T1272s7,CASP16,9C3C,B,No,No,chain mapping below threshold identity=1.000 coverage=0.599,1.000000,1.000000,0.599174,145,145,low,242,654,798,1,242,true,,0.0165289256198347,0.2005415737496018,,,,,,141,1.9900073719824412,0.00418948920417356,results/20260601_104732_casp15_casp16_unique_lt1000_all_default_msa-free/sequences/T1272s7.fasta,results/20260601_104732_casp15_casp16_unique_lt1000_all_default_msa-free/predictions/T1272s7/esmfold/rank_001.pdb,results/20260601_104732_casp15_casp16_unique_lt1000_all_default_msa-free/logs/T1272s7_esmfold.log,,missing score
esmfold,T1272s8,T1272s8,CASP16,9C3C,V,Check,Check,reference coverage below threshold 0.356; multiple equivalent chains match,0.355746,1.000000,1.000000,291,818,high,818,1,291,1,818,true,,0.0075566750629722,0.1265544780376497,,,,,,1887,27.001592470643516,0.05684545783293372,results/20260601_104732_casp15_casp16_unique_lt1000_all_default_msa-free/sequences/T1272s8.fasta,results/20260601_104732_casp15_casp16_unique_lt1000_all_default_msa-free/predictions/T1272s8/esmfold/rank_001.pdb,results/20260601_104732_casp15_casp16_unique_lt1000_all_default_msa-free/logs/T1272s8_esmfold.log,,missing score
esmfold,T1272s9,T1272s9,CASP16,9C3C,n,Check,Check,reference coverage below threshold 0.735; multiple equivalent chains match,0.735294,1.000000,1.000000,175,238,high,238,42,216,1,238,true,,0.0021097046413502,0.1829616923956546,,,,,,135,1.9006954306777222,0.0040014640645846785,results/20260601_104732_casp15_casp16_unique_lt1000_all_default_msa-free/sequences/T1272s9.fasta,results/20260601_104732_casp15_casp16_unique_lt1000_all_default_msa-free/predictions/T1272s9/esmfold/rank_001.pdb,results/20260601_104732_casp15_casp16_unique_lt1000_all_default_msa-free/logs/T1272s9_esmfold.log,,missing score
esmfold,T1280,T1280,CASP16,9F5M,AAA,Check,Check,multiple equivalent chains match,0.995745,1.000000,0.991561,234,235,high,237,615,848,1,237,true,,0.9540598290598292,0.9533615497314016,,,,,,135,1.8865417017118966,0.003971666740446098,results/20260601_104732_casp15_casp16_unique_lt1000_all_default_msa-free/sequences/T1280.fasta,results/20260601_104732_casp15_casp16_unique_lt1000_all_default_msa-free/predictions/T1280/esmfold/rank_001.pdb,results/20260601_104732_casp15_casp16_unique_lt1000_all_default_msa-free/logs/T1280_esmfold.log,,missing score
esmfold,T1299,T1299,CASP16,9FJL,A,Yes,Yes,prefiltered A1 protein target with mapped residue range,1.000000,1.000000,1.000000,168,168,high,168,1,168,1,168,true,,0.9449404761904762,0.9417835941716136,,,,,,89,1.2227961121711968,0.0025743076045709407,results/20260601_104732_casp15_casp16_unique_lt1000_all_default_msa-free/sequences/T1299.fasta,results/20260601_104732_casp15_casp16_unique_lt1000_all_default_msa-free/predictions/T1299/esmfold/rank_001.pdb,results/20260601_104732_casp15_casp16_unique_lt1000_all_default_msa-free/logs/T1299_esmfold.log,,missing score
esmfold,T2272s2,T2272s2,CASP16,9C3C,a,Check,Check,multiple equivalent chains match,0.972393,1.000000,0.898072,317,326,medium,363,25,350,1,363,true,,0.0276203966005665,0.2172670717592592,,,,,,349,4.968056024538674,0.010459065314818262,results/20260601_104732_casp15_casp16_unique_lt1000_all_default_msa-free/sequences/T2272s2.fasta,results/20260601_104732_casp15_casp16_unique_lt1000_all_default_msa-free/predictions/T2272s2/esmfold/rank_001.pdb,results/20260601_104732_casp15_casp16_unique_lt1000_all_default_msa-free/logs/T2272s2_esmfold.log,,missing score
esmfold,T2272s3,T2272s3,CASP16,9C3C,b,Check,Check,multiple equivalent chains match,0.823899,1.000000,1.000000,262,318,high,318,57,318,1,318,true,,0.0240384615384615,0.175415949512335,,,,,,261,3.7739032423306815,0.007945059457538277,results/20260601_104732_casp15_casp16_unique_lt1000_all_default_msa-free/sequences/T2272s3.fasta,results/20260601_104732_casp15_casp16_unique_lt1000_all_default_msa-free/predictions/T2272s3/esmfold/rank_001.pdb,results/20260601_104732_casp15_casp16_unique_lt1000_all_default_msa-free/logs/T2272s3_esmfold.log,,missing score
esmfold,T2272s4,T2272s4,CASP16,9C3C,d,Check,Check,multiple equivalent chains match,0.930796,1.000000,1.000000,269,289,high,289,21,289,1,289,true,,0.0158450704225352,0.176095278604849,,,,,,228,3.307717554857598,0.006963615904963364,results/20260601_104732_casp15_casp16_unique_lt1000_all_default_msa-free/sequences/T2272s4.fasta,results/20260601_104732_casp15_casp16_unique_lt1000_all_default_msa-free/predictions/T2272s4/esmfold/rank_001.pdb,results/20260601_104732_casp15_casp16_unique_lt1000_all_default_msa-free/logs/T2272s4_esmfold.log,,missing score
esmfold,T2272s5,T2272s5,CASP16,9C3C,g,Check,Check,multiple equivalent chains match,0.907216,1.000000,1.000000,264,291,high,291,28,291,1,291,true,,0.0163230240549828,0.1960336027222458,,,,,,237,3.441017875247919,0.007244248158416671,results/20260601_104732_casp15_casp16_unique_lt1000_all_default_msa-free/sequences/T2272s5.fasta,results/20260601_104732_casp15_casp16_unique_lt1000_all_default_msa-free/predictions/T2272s5/esmfold/rank_001.pdb,results/20260601_104732_casp15_casp16_unique_lt1000_all_default_msa-free/logs/T2272s5_esmfold.log,,missing score
esmfold,T2272s6,T2272s6,CASP16,9C3C,A,Check,Check,reference coverage below threshold 0.641,0.641026,1.000000,1.000000,400,624,high,624,63,653,1,624,true,,0.285,0.8487196765498652,,,,,,1040,15.335346424219194,0.03228493984046146,results/20260601_104732_casp15_casp16_unique_lt1000_all_default_msa-free/sequences/T2272s6.fasta,results/20260601_104732_casp15_casp16_unique_lt1000_all_default_msa-free/predictions/T2272s6/esmfold/rank_001.pdb,results/20260601_104732_casp15_casp16_unique_lt1000_all_default_msa-free/logs/T2272s6_esmfold.log,,missing score
esmfold,T2272s7,T2272s7,CASP16,9C3C,B,No,No,chain mapping below threshold identity=1.000 coverage=0.599,1.000000,1.000000,0.599174,145,145,low,242,654,798,1,242,true,,0.0165289256198347,0.2005415737496018,,,,,,140,2.010152383348364,0.004231899754417608,results/20260601_104732_casp15_casp16_unique_lt1000_all_default_msa-free/sequences/T2272s7.fasta,results/20260601_104732_casp15_casp16_unique_lt1000_all_default_msa-free/predictions/T2272s7/esmfold/rank_001.pdb,results/20260601_104732_casp15_casp16_unique_lt1000_all_default_msa-free/logs/T2272s7_esmfold.log,,missing score
esmfold,T2272s8,T2272s8,CASP16,9C3C,V,Check,Check,reference coverage below threshold 0.356; multiple equivalent chains match,0.355746,1.000000,1.000000,291,818,high,818,1,291,1,818,true,,0.0075566750629722,0.1265544780376497,,,,,,1882,27.468190245910797,0.05782776893875957,results/20260601_104732_casp15_casp16_unique_lt1000_all_default_msa-free/sequences/T2272s8.fasta,results/20260601_104732_casp15_casp16_unique_lt1000_all_default_msa-free/predictions/T2272s8/esmfold/rank_001.pdb,results/20260601_104732_casp15_casp16_unique_lt1000_all_default_msa-free/logs/T2272s8_esmfold.log,,missing score
esmfold,T2272s9,T2272s9,CASP16,9C3C,n,Check,Check,reference coverage below threshold 0.735; multiple equivalent chains match,0.735294,1.000000,1.000000,175,238,high,238,42,216,1,238,true,,0.0021097046413502,0.1829616923956546,,,,,,139,2.013118092055238,0.004238143351695238,results/20260601_104732_casp15_casp16_unique_lt1000_all_default_msa-free/sequences/T2272s9.fasta,results/20260601_104732_casp15_casp16_unique_lt1000_all_default_msa-free/predictions/T2272s9/esmfold/rank_001.pdb,results/20260601_104732_casp15_casp16_unique_lt1000_all_default_msa-free/logs/T2272s9_esmfold.log,,missing score
esmfold,T2280,T2280,CASP16,9F5M,AAA,Check,Check,multiple equivalent chains match,0.995745,1.000000,0.991561,234,235,high,237,615,848,1,237,true,,0.9540598290598292,0.9533615497314016,,,,,,135,1.9331174178967143,0.0040697208797825565,results/20260601_104732_casp15_casp16_unique_lt1000_all_default_msa-free/sequences/T2280.fasta,results/20260601_104732_casp15_casp16_unique_lt1000_all_default_msa-free/predictions/T2280/esmfold/rank_001.pdb,results/20260601_104732_casp15_casp16_unique_lt1000_all_default_msa-free/logs/T2280_esmfold.log,,missing score
omegafold,T1104,T1104,CASP15,7ROA,A,Yes,Yes,prefiltered A1 protein target with mapped residue range,0.871212,1.000000,1.000000,115,132,high,117,58,189,1,117,true,,0.3586956521739131,0.4949753507773985,,,,,,22,0.5077497323365114,0.0010689468049189714,results/20260601_104732_casp15_casp16_unique_lt1000_all_default_msa-free/sequences/T1104.fasta,results/20260601_104732_casp15_casp16_unique_lt1000_all_default_msa-free/predictions/T1104/omegafold/rank_001.pdb,results/20260601_104732_casp15_casp16_unique_lt1000_all_default_msa-free/logs/T1104_omegafold.log,,missing score
omegafold,T1106s1,T1106s1,CASP15,7QIH,B,No,No,chain mapping below threshold identity=1.000 coverage=0.615; multiple equivalent chains match,0.946667,1.000000,0.614754,71,75,low,122,50,120,1,122,true,,0.2323943661971831,0.8194635488308115,,,,,,23,0.520534958717842,0.0010958630709849305,results/20260601_104732_casp15_casp16_unique_lt1000_all_default_msa-free/sequences/T1106s1.fasta,results/20260601_104732_casp15_casp16_unique_lt1000_all_default_msa-free/predictions/T1106s1/omegafold/rank_001.pdb,results/20260601_104732_casp15_casp16_unique_lt1000_all_default_msa-free/logs/T1106s1_omegafold.log,,missing score
omegafold,T1106s2,T1106s2,CASP15,7QIH,A,Check,Check,multiple equivalent chains match,0.909836,1.000000,1.000000,111,122,high,114,2,112,1,114,true,,0.8941441441441442,0.920838823012736,,,,,,22,0.48857105184577815,0.001028570635464796,results/20260601_104732_casp15_casp16_unique_lt1000_all_default_msa-free/sequences/T1106s2.fasta,results/20260601_104732_casp15_casp16_unique_lt1000_all_default_msa-free/predictions/T1106s2/omegafold/rank_001.pdb,results/20260601_104732_casp15_casp16_unique_lt1000_all_default_msa-free/logs/T1106s2_omegafold.log,,missing score
omegafold,T1112,T1112,CASP15,8ORK,AAA,Check,Check,multiple equivalent chains match,0.973913,1.000000,1.000000,448,460,high,460,2,460,1,460,true,,,,,,,,,170,5.685005056628089,0.011968431698164398,results/20260601_104732_casp15_casp16_unique_lt1000_all_default_msa-free/sequences/T1112.fasta,results/20260601_104732_casp15_casp16_unique_lt1000_all_default_msa-free/predictions/T1112/omegafold/rank_001.pdb,results/20260601_104732_casp15_casp16_unique_lt1000_all_default_msa-free/logs/T1112_omegafold.log,,missing score
omegafold,T1114s1,T1114s1,CASP15,7UTD,Q,No,No,chain mapping below threshold identity=1.000 coverage=0.317; multiple equivalent chains match,0.983333,1.000000,0.317460,59,60,low,189,20,78,1,189,true,,0.385593220338983,0.8254807692307693,,,,,,32,0.9067323110335197,0.0019089101284916203,results/20260601_104732_casp15_casp16_unique_lt1000_all_default_msa-free/sequences/T1114s1.fasta,results/20260601_104732_casp15_casp16_unique_lt1000_all_default_msa-free/predictions/T1114s1/omegafold/rank_001.pdb,results/20260601_104732_casp15_casp16_unique_lt1000_all_default_msa-free/logs/T1114s1_omegafold.log,,missing score
omegafold,T1114s2,T1114s2,CASP15,7UTD,B,Check,Check,multiple equivalent chains match,0.872629,1.000000,1.000000,322,369,high,369,2,323,1,369,true,,0.5458074534161491,0.6369101377286069,,,,,,102,3.3924304489245296,0.007141958839841115,results/20260601_104732_casp15_casp16_unique_lt1000_all_default_msa-free/sequences/T1114s2.fasta,results/20260601_104732_casp15_casp16_unique_lt1000_all_default_msa-free/predictions/T1114s2/omegafold/rank_001.pdb,results/20260601_104732_casp15_casp16_unique_lt1000_all_default_msa-free/logs/T1114s2_omegafold.log,,missing score
omegafold,T1114s3,T1114s3,CASP15,7UTD,A,Check,Check,multiple equivalent chains match,0.998051,1.000000,0.958879,512,513,high,535,4,516,1,535,true,,0.720703125,0.7343406103146749,,,,,,246,8.514118838732237,0.0179244607131205,results/20260601_104732_casp15_casp16_unique_lt1000_all_default_msa-free/sequences/T1114s3.fasta,results/20260601_104732_casp15_casp16_unique_lt1000_all_default_msa-free/predictions/T1114s3/omegafold/rank_001.pdb,results/20260601_104732_casp15_casp16_unique_lt1000_all_default_msa-free/logs/T1114s3_omegafold.log,,missing score
omegafold,T1120,T1120,CASP15,7QVB,B,Check,Check,multiple equivalent chains match,0.970213,1.000000,1.000000,228,235,high,235,4,231,1,235,true,,0.2445175438596491,0.8613421113421114,,,,,,44,1.3062981263152316,0.0027501013185583824,results/20260601_104732_casp15_casp16_unique_lt1000_all_default_msa-free/sequences/T1120.fasta,results/20260601_104732_casp15_casp16_unique_lt1000_all_default_msa-free/predictions/T1120/omegafold/rank_001.pdb,results/20260601_104732_casp15_casp16_unique_lt1000_all_default_msa-free/logs/T1120_omegafold.log,,missing score
omegafold,T1122,T1122,CASP15,8BBT,A,Yes,Yes,prefiltered A1 protein target with mapped residue range,0.954357,1.000000,1.000000,230,241,high,241,4,237,1,241,true,,0.1847826086956521,0.4713800904977375,,,,,,46,1.3687270047098927,0.002881530536231353,results/20260601_104732_casp15_casp16_unique_lt1000_all_default_msa-free/sequences/T1122.fasta,results/20260601_104732_casp15_casp16_unique_lt1000_all_default_msa-free/predictions/T1122/omegafold/rank_001.pdb,results/20260601_104732_casp15_casp16_unique_lt1000_all_default_msa-free/logs/T1122_omegafold.log,,missing score
omegafold,T1129s2,T1129s2,CASP15,8A8C,B,Yes,Yes,prefiltered A1 protein target with mapped residue range,0.825000,1.000000,1.000000,528,640,high,640,41,640,1,640,true,,0.0093495934959349,0.1235436458146621,,,,,,388,12.867693764609783,0.027089881609704807,results/20260601_104732_casp15_casp16_unique_lt1000_all_default_msa-free/sequences/T1129s2.fasta,results/20260601_104732_casp15_casp16_unique_lt1000_all_default_msa-free/predictions/T1129s2/omegafold/rank_001.pdb,results/20260601_104732_casp15_casp16_unique_lt1000_all_default_msa-free/logs/T1129s2_omegafold.log,,missing score
omegafold,T1133,T1133,CASP15,8DYS,A,Check,Check,reference coverage below threshold 0.699,0.699145,1.000000,1.000000,409,585,high,585,4,427,1,585,true,,0.8973105134474328,0.9042098980809844,,,,,,331,11.046800475589121,0.023256422053871833,results/20260601_104732_casp15_casp16_unique_lt1000_all_default_msa-free/sequences/T1133.fasta,results/20260601_104732_casp15_casp16_unique_lt1000_all_default_msa-free/predictions/T1133/omegafold/rank_001.pdb,results/20260601_104732_casp15_casp16_unique_lt1000_all_default_msa-free/logs/T1133_omegafold.log,,missing score
omegafold,T1134s1,T1134s1,CASP15,7UBZ,A,Check,Check,multiple equivalent chains match,1.000000,1.000000,1.000000,230,230,high,230,1,230,1,230,true,,0.8891304347826087,0.900326221125022,,,,,,43,1.2689796394662654,0.0026715360830868746,results/20260601_104732_casp15_casp16_unique_lt1000_all_default_msa-free/sequences/T1134s1.fasta,results/20260601_104732_casp15_casp16_unique_lt1000_all_default_msa-free/predictions/T1134s1/omegafold/rank_001.pdb,results/20260601_104732_casp15_casp16_unique_lt1000_all_default_msa-free/logs/T1134s1_omegafold.log,,missing score
omegafold,T1134s2,T1134s2,CASP15,7UBZ,D,Check,Check,reference coverage below threshold 0.645; multiple equivalent chains match,0.645367,1.000000,1.000000,202,313,high,313,168,472,1,313,true,,0.0350877192982456,0.2004202432045779,,,,,,80,2.4825340988923994,0.005226387576615578,results/20260601_104732_casp15_casp16_unique_lt1000_all_default_msa-free/sequences/T1134s2.fasta,results/20260601_104732_casp15_casp16_unique_lt1000_all_default_msa-free/predictions/T1134s2/omegafold/rank_001.pdb,results/20260601_104732_casp15_casp16_unique_lt1000_all_default_msa-free/logs/T1134s2_omegafold.log,,missing score
omegafold,T1137s1,T1137s1,CASP15,8FEF,A,Yes,Yes,prefiltered A1 protein target with mapped residue range,0.958435,1.000000,1.000000,392,409,high,409,18,409,1,409,true,,0.0369897959183673,0.7733175355450237,,,,,,150,4.805749240764648,0.010117366822662417,results/20260601_104732_casp15_casp16_unique_lt1000_all_default_msa-free/sequences/T1137s1.fasta,results/20260601_104732_casp15_casp16_unique_lt1000_all_default_msa-free/predictions/T1137s1/omegafold/rank_001.pdb,results/20260601_104732_casp15_casp16_unique_lt1000_all_default_msa-free/logs/T1137s1_omegafold.log,,missing score
omegafold,T1137s2,T1137s2,CASP15,8FEF,B,Yes,Yes,prefiltered A1 protein target with mapped residue range,0.976676,1.000000,1.000000,335,343,high,343,2,343,1,343,true,,0.0,0.5056381342901076,,,,,,95,3.0234205421093523,0.006365095878124952,results/20260601_104732_casp15_casp16_unique_lt1000_all_default_msa-free/sequences/T1137s2.fasta,results/20260601_104732_casp15_casp16_unique_lt1000_all_default_msa-free/predictions/T1137s2/omegafold/rank_001.pdb,results/20260601_104732_casp15_casp16_unique_lt1000_all_default_msa-free/logs/T1137s2_omegafold.log,,missing score
omegafold,T1137s3,T1137s3,CASP15,8FEF,C,Check,Check,reference coverage below threshold 0.592,0.591603,1.000000,1.000000,310,524,high,524,1,310,1,524,true,,0.0,0.2749289099526066,,,,,,247,8.124773680033462,0.01710478669480729,results/20260601_104732_casp15_casp16_unique_lt1000_all_default_msa-free/sequences/T1137s3.fasta,results/20260601_104732_casp15_casp16_unique_lt1000_all_default_msa-free/predictions/T1137s3/omegafold/rank_001.pdb,results/20260601_104732_casp15_casp16_unique_lt1000_all_default_msa-free/logs/T1137s3_omegafold.log,,missing score
omegafold,T1137s4,T1137s4,CASP15,8FEF,D,Check,Check,reference coverage below threshold 0.704,0.703839,1.000000,1.000000,385,547,high,547,42,468,1,547,true,,0.0,0.2948791714614499,,,,,,286,9.45267976789537,0.019900378458727094,results/20260601_104732_casp15_casp16_unique_lt1000_all_default_msa-free/sequences/T1137s4.fasta,results/20260601_104732_casp15_casp16_unique_lt1000_all_default_msa-free/predictions/T1137s4/omegafold/rank_001.pdb,results/20260601_104732_casp15_casp16_unique_lt1000_all_default_msa-free/logs/T1137s4_omegafold.log,,missing score
omegafold,T1137s5,T1137s5,CASP15,8FEF,E,Yes,Yes,prefiltered A1 protein target with mapped residue range,0.917949,1.000000,1.000000,358,390,high,390,33,390,1,390,true,,0.0211267605633802,0.4290937292266785,,,,,,127,4.125009046032726,0.008684229570595212,results/20260601_104732_casp15_casp16_unique_lt1000_all_default_msa-free/sequences/T1137s5.fasta,results/20260601_104732_casp15_casp16_unique_lt1000_all_default_msa-free/predictions/T1137s5/omegafold/rank_001.pdb,results/20260601_104732_casp15_casp16_unique_lt1000_all_default_msa-free/logs/T1137s5_omegafold.log,,missing score
omegafold,T1137s6,T1137s6,CASP15,8FEF,F,Check,Check,reference coverage below threshold 0.770,0.770270,1.000000,1.000000,399,518,high,518,1,399,1,518,true,,0.0013123359580052,0.3505851493139629,,,,,,249,8.226136379827933,0.017318181852269333,results/20260601_104732_casp15_casp16_unique_lt1000_all_default_msa-free/sequences/T1137s6.fasta,results/20260601_104732_casp15_casp16_unique_lt1000_all_default_msa-free/predictions/T1137s6/omegafold/rank_001.pdb,results/20260601_104732_casp15_casp16_unique_lt1000_all_default_msa-free/logs/T1137s6_omegafold.log,,missing score
omegafold,T1137s7,T1137s7,CASP15,8FEF,G,Check,Check,reference coverage below threshold 0.458; multiple equivalent chains match,0.457887,1.000000,1.000000,299,653,high,653,2,325,1,653,true,,0.0006377551020408,0.1907109004739336,,,,,,441,14.826081276442338,0.031212802687247028,results/20260601_104732_casp15_casp16_unique_lt1000_all_default_msa-free/sequences/T1137s7.fasta,results/20260601_104732_casp15_casp16_unique_lt1000_all_default_msa-free/predictions/T1137s7/omegafold/rank_001.pdb,results/20260601_104732_casp15_casp16_unique_lt1000_all_default_msa-free/logs/T1137s7_omegafold.log,,missing score
omegafold,T1137s8,T1137s8,CASP15,8FEF,I,Yes,Yes,prefiltered A1 protein target with mapped residue range,0.951128,1.000000,1.000000,253,266,high,266,14,266,1,266,true,,0.0,0.3257978723404255,,,,,,58,1.7475774344715327,0.0036791103883611212,results/20260601_104732_casp15_casp16_unique_lt1000_all_default_msa-free/sequences/T1137s8.fasta,results/20260601_104732_casp15_casp16_unique_lt1000_all_default_msa-free/predictions/T1137s8/omegafold/rank_001.pdb,results/20260601_104732_casp15_casp16_unique_lt1000_all_default_msa-free/logs/T1137s8_omegafold.log,,missing score
omegafold,T1137s9,T1137s9,CASP15,8FEF,J,Yes,Yes,prefiltered A1 protein target with mapped residue range,0.910035,1.000000,1.000000,263,289,high,289,27,289,1,289,true,,0.0326855123674911,0.311400651465798,,,,,,69,2.134959503754919,0.004494651586852461,results/20260601_104732_casp15_casp16_unique_lt1000_all_default_msa-free/sequences/T1137s9.fasta,results/20260601_104732_casp15_casp16_unique_lt1000_all_default_msa-free/predictions/T1137s9/omegafold/rank_001.pdb,results/20260601_104732_casp15_casp16_unique_lt1000_all_default_msa-free/logs/T1137s9_omegafold.log,,missing score
omegafold,T1145,T1145,CASP15,7UWW,A,Check,Check,multiple equivalent chains match,0.995276,1.000000,1.000000,632,635,high,635,34,665,1,635,true,,0.1242088607594936,0.4688991089393504,,,,,,408,13.566512477984547,0.0285610789010201,results/20260601_104732_casp15_casp16_unique_lt1000_all_default_msa-free/sequences/T1145.fasta,results/20260601_104732_casp15_casp16_unique_lt1000_all_default_msa-free/predictions/T1145/omegafold/rank_001.pdb,results/20260601_104732_casp15_casp16_unique_lt1000_all_default_msa-free/logs/T1145_omegafold.log,,missing score
omegafold,T1147,T1147,CASP15,8EM5,A,Check,Check,multiple equivalent chains match,0.893204,1.000000,1.000000,92,103,high,103,12,103,1,103,true,,0.9266304347826086,0.9046220633299284,,,,,,21,0.45659243010704376,0.0009612472212779869,results/20260601_104732_casp15_casp16_unique_lt1000_all_default_msa-free/sequences/T1147.fasta,results/20260601_104732_casp15_casp16_unique_lt1000_all_default_msa-free/predictions/T1147/omegafold/rank_001.pdb,results/20260601_104732_casp15_casp16_unique_lt1000_all_default_msa-free/logs/T1147_omegafold.log,,missing score
omegafold,T1151s2,T1151s2,CASP15,8D5V,A,Check,Check,reference coverage below threshold 0.724; multiple equivalent chains match,0.724138,1.000000,1.000000,84,116,high,116,8,91,1,116,true,,0.8422619047619048,0.8514943960149439,,,,,,22,0.5005398946153073,0.0010537681991901206,results/20260601_104732_casp15_casp16_unique_lt1000_all_default_msa-free/sequences/T1151s2.fasta,results/20260601_104732_casp15_casp16_unique_lt1000_all_default_msa-free/predictions/T1151s2/omegafold/rank_001.pdb,results/20260601_104732_casp15_casp16_unique_lt1000_all_default_msa-free/logs/T1151s2_omegafold.log,,missing score
omegafold,T1155,T1155,CASP15,8PBV,A,Yes,Yes,prefiltered A1 protein target with mapped residue range,1.000000,1.000000,1.000000,116,116,high,116,1,116,1,116,true,,0.5668103448275862,0.6075292081350065,,,,,,23,0.5058601538248118,0.0010649687448943406,results/20260601_104732_casp15_casp16_unique_lt1000_all_default_msa-free/sequences/T1155.fasta,results/20260601_104732_casp15_casp16_unique_lt1000_all_default_msa-free/predictions/T1155/omegafold/rank_001.pdb,results/20260601_104732_casp15_casp16_unique_lt1000_all_default_msa-free/logs/T1155_omegafold.log,,missing score
omegafold,T1157s2,T1157s2,CASP15,8PKO,B,Yes,Yes,prefiltered A1 protein target with mapped residue range,0.937374,1.000000,1.000000,464,495,high,495,21,484,1,495,true,,0.0151515151515151,0.2304845691942466,,,,,,225,7.364724384205451,0.01550468291411674,results/20260601_104732_casp15_casp16_unique_lt1000_all_default_msa-free/sequences/T1157s2.fasta,results/20260601_104732_casp15_casp16_unique_lt1000_all_default_msa-free/predictions/T1157s2/omegafold/rank_001.pdb,results/20260601_104732_casp15_casp16_unique_lt1000_all_default_msa-free/logs/T1157s2_omegafold.log,,missing score
omegafold,T1159,T1159,CASP15,7PZT,A,Check,Check,multiple equivalent chains match,1.000000,1.000000,1.000000,160,160,high,160,1,160,1,160,true,,0.5265625,0.6449131513647642,,,,,,28,0.7053717089073585,0.0014849930713839124,results/20260601_104732_casp15_casp16_unique_lt1000_all_default_msa-free/sequences/T1159.fasta,results/20260601_104732_casp15_casp16_unique_lt1000_all_default_msa-free/predictions/T1159/omegafold/rank_001.pdb,results/20260601_104732_casp15_casp16_unique_lt1000_all_default_msa-free/logs/T1159_omegafold.log,,missing score
omegafold,T1183,T1183,CASP15,8IFX,B,Yes,Yes,prefiltered A1 protein target with mapped residue range,0.975000,1.000000,1.000000,195,200,high,200,1,195,1,200,true,,0.178030303030303,0.4242313323572474,,,,,,36,0.9869489234070337,0.0020777872071727024,results/20260601_104732_casp15_casp16_unique_lt1000_all_default_msa-free/sequences/T1183.fasta,results/20260601_104732_casp15_casp16_unique_lt1000_all_default_msa-free/predictions/T1183/omegafold/rank_001.pdb,results/20260601_104732_casp15_casp16_unique_lt1000_all_default_msa-free/logs/T1183_omegafold.log,,missing score
omegafold,T1185s1,T1185s1,CASP15,8OUY,A,Check,Check,reference coverage below threshold 0.200,0.200000,1.000000,1.000000,70,350,high,350,4,73,1,350,true,,0.6428571428571429,0.8416506717850287,,,,,,98,3.13117029238385,0.00659193745765021,results/20260601_104732_casp15_casp16_unique_lt1000_all_default_msa-free/sequences/T1185s1.fasta,results/20260601_104732_casp15_casp16_unique_lt1000_all_default_msa-free/predictions/T1185s1/omegafold/rank_001.pdb,results/20260601_104732_casp15_casp16_unique_lt1000_all_default_msa-free/logs/T1185s1_omegafold.log,,missing score
omegafold,T1185s2,T1185s2,CASP15,8OUY,B,Yes,Yes,prefiltered A1 protein target with mapped residue range,0.832447,1.000000,1.000000,313,376,high,376,10,349,1,376,true,,0.0357142857142857,0.1106046065259117,,,,,,111,3.5832412982725725,0.007543665891100153,results/20260601_104732_casp15_casp16_unique_lt1000_all_default_msa-free/sequences/T1185s2.fasta,results/20260601_104732_casp15_casp16_unique_lt1000_all_default_msa-free/predictions/T1185s2/omegafold/rank_001.pdb,results/20260601_104732_casp15_casp16_unique_lt1000_all_default_msa-free/logs/T1185s2_omegafold.log,,missing score
omegafold,T1185s4,T1185s4,CASP15,8OUY,D,Yes,Yes,prefiltered A1 protein target with mapped residue range,0.838710,1.000000,0.996429,234,279,high,280,20,280,1,280,true,,0.0535714285714285,0.1662667946257197,,,,,,59,1.8410884626203532,0.003875975710779691,results/20260601_104732_casp15_casp16_unique_lt1000_all_default_msa-free/sequences/T1185s4.fasta,results/20260601_104732_casp15_casp16_unique_lt1000_all_default_msa-free/predictions/T1185s4/omegafold/rank_001.pdb,results/20260601_104732_casp15_casp16_unique_lt1000_all_default_msa-free/logs/T1185s4_omegafold.log,,missing score
omegafold,T1194,T1194,CASP15,8OKH,A,Check,Check,multiple equivalent chains match,0.982036,1.000000,0.994048,164,167,high,168,22,185,1,168,true,,0.8414634146341464,0.8124679322729604,,,,,,29,0.7478052978539591,0.00157432694285044,results/20260601_104732_casp15_casp16_unique_lt1000_all_default_msa-free/sequences/T1194.fasta,results/20260601_104732_casp15_casp16_unique_lt1000_all_default_msa-free/predictions/T1194/omegafold/rank_001.pdb,results/20260601_104732_casp15_casp16_unique_lt1000_all_default_msa-free/logs/T1194_omegafold.log,,missing score
omegafold,T0272s2,T0272s2,CASP16,9C3C,a,Check,Check,multiple equivalent chains match,0.972393,1.000000,0.898072,317,326,medium,363,25,350,1,363,true,,0.0339943342776203,0.2164351851851851,,,,,,100,3.2896250504347497,0.006925526421967894,results/20260601_104732_casp15_casp16_unique_lt1000_all_default_msa-free/sequences/T0272s2.fasta,results/20260601_104732_casp15_casp16_unique_lt1000_all_default_msa-free/predictions/T0272s2/omegafold/rank_001.pdb,results/20260601_104732_casp15_casp16_unique_lt1000_all_default_msa-free/logs/T0272s2_omegafold.log,,missing score
omegafold,T0272s3,T0272s3,CASP16,9C3C,b,Check,Check,multiple equivalent chains match,0.823899,1.000000,1.000000,262,318,high,318,57,318,1,318,true,,0.0088141025641025,0.1721648498756932,,,,,,76,2.4891215418362056,0.005240255877549906,results/20260601_104732_casp15_casp16_unique_lt1000_all_default_msa-free/sequences/T0272s3.fasta,results/20260601_104732_casp15_casp16_unique_lt1000_all_default_msa-free/predictions/T0272s3/omegafold/rank_001.pdb,results/20260601_104732_casp15_casp16_unique_lt1000_all_default_msa-free/logs/T0272s3_omegafold.log,,missing score
omegafold,T0272s4,T0272s4,CASP16,9C3C,d,Check,Check,multiple equivalent chains match,0.930796,1.000000,1.000000,269,289,high,289,21,289,1,289,true,,0.0211267605633802,0.1740748617609527,,,,,,64,2.0363175616742075,0.004286984340366753,results/20260601_104732_casp15_casp16_unique_lt1000_all_default_msa-free/sequences/T0272s4.fasta,results/20260601_104732_casp15_casp16_unique_lt1000_all_default_msa-free/predictions/T0272s4/omegafold/rank_001.pdb,results/20260601_104732_casp15_casp16_unique_lt1000_all_default_msa-free/logs/T0272s4_omegafold.log,,missing score
omegafold,T0272s5,T0272s5,CASP16,9C3C,g,Check,Check,multiple equivalent chains match,0.907216,1.000000,1.000000,264,291,high,291,28,291,1,291,true,,0.0120274914089347,0.1908230540195661,,,,,,65,2.0720319879450755,0.004362172606200159,results/20260601_104732_casp15_casp16_unique_lt1000_all_default_msa-free/sequences/T0272s5.fasta,results/20260601_104732_casp15_casp16_unique_lt1000_all_default_msa-free/predictions/T0272s5/omegafold/rank_001.pdb,results/20260601_104732_casp15_casp16_unique_lt1000_all_default_msa-free/logs/T0272s5_omegafold.log,,missing score
omegafold,T0272s6,T0272s6,CASP16,9C3C,A,Check,Check,reference coverage below threshold 0.641,0.641026,1.000000,1.000000,400,624,high,624,63,653,1,624,true,,0.023125,0.7826538634321654,,,,,,334,11.504164920337406,0.02421929456913138,results/20260601_104732_casp15_casp16_unique_lt1000_all_default_msa-free/sequences/T0272s6.fasta,results/20260601_104732_casp15_casp16_unique_lt1000_all_default_msa-free/predictions/T0272s6/omegafold/rank_001.pdb,results/20260601_104732_casp15_casp16_unique_lt1000_all_default_msa-free/logs/T0272s6_omegafold.log,,missing score
omegafold,T0272s7,T0272s7,CASP16,9C3C,B,No,No,chain mapping below threshold identity=1.000 coverage=0.599,1.000000,1.000000,0.599174,145,145,low,242,654,798,1,242,true,,0.0268595041322314,0.1957629818413507,,,,,,46,1.3763276364962038,0.0028975318663077977,results/20260601_104732_casp15_casp16_unique_lt1000_all_default_msa-free/sequences/T0272s7.fasta,results/20260601_104732_casp15_casp16_unique_lt1000_all_default_msa-free/predictions/T0272s7/omegafold/rank_001.pdb,results/20260601_104732_casp15_casp16_unique_lt1000_all_default_msa-free/logs/T0272s7_omegafold.log,,missing score
omegafold,T0272s8,T0272s8,CASP16,9C3C,V,Check,Check,reference coverage below threshold 0.356; multiple equivalent chains match,0.355746,1.000000,1.000000,291,818,high,818,1,291,1,818,false,,,,,,,,,17,0.28520715846023376,0.0006004361230741764,results/20260601_104732_casp15_casp16_unique_lt1000_all_default_msa-free/sequences/T0272s8.fasta,results/20260601_104732_casp15_casp16_unique_lt1000_all_default_msa-free/predictions/T0272s8/omegafold/rank_001.pdb,results/20260601_104732_casp15_casp16_unique_lt1000_all_default_msa-free/logs/T0272s8_omegafold.log,runner failed or rank_001.pdb missing; see results/20260601_104732_casp15_casp16_unique_lt1000_all_default_msa-free/logs/T0272s8_omegafold.log,
omegafold,T0272s9,T0272s9,CASP16,9C3C,n,Check,Check,reference coverage below threshold 0.735; multiple equivalent chains match,0.735294,1.000000,1.000000,175,238,high,238,42,216,1,238,true,,0.0,0.186249285305889,,,,,,45,1.3365738524944204,0.0028138396894619375,results/20260601_104732_casp15_casp16_unique_lt1000_all_default_msa-free/sequences/T0272s9.fasta,results/20260601_104732_casp15_casp16_unique_lt1000_all_default_msa-free/predictions/T0272s9/omegafold/rank_001.pdb,results/20260601_104732_casp15_casp16_unique_lt1000_all_default_msa-free/logs/T0272s9_omegafold.log,,missing score
omegafold,T1212,T1212,CASP16,9B0L,P,Check,Check,multiple equivalent chains match,1.000000,1.000000,1.000000,466,466,high,466,53,518,1,466,true,,0.3379828326180257,0.6748916151646527,,,,,,174,5.92222138014741,0.012467834484520863,results/20260601_104732_casp15_casp16_unique_lt1000_all_default_msa-free/sequences/T1212.fasta,results/20260601_104732_casp15_casp16_unique_lt1000_all_default_msa-free/predictions/T1212/omegafold/rank_001.pdb,results/20260601_104732_casp15_casp16_unique_lt1000_all_default_msa-free/logs/T1212_omegafold.log,,missing score
omegafold,T1227s1,T1227s1,CASP16,9N8W,A,Yes,Yes,prefiltered A1 protein target with mapped residue range,0.918033,1.000000,1.000000,392,427,high,427,27,418,1,427,true,,0.6224489795918368,0.7497940691927513,,,,,,145,4.90033332509925,0.010316491210735263,results/20260601_104732_casp15_casp16_unique_lt1000_all_default_msa-free/sequences/T1227s1.fasta,results/20260601_104732_casp15_casp16_unique_lt1000_all_default_msa-free/predictions/T1227s1/omegafold/rank_001.pdb,results/20260601_104732_casp15_casp16_unique_lt1000_all_default_msa-free/logs/T1227s1_omegafold.log,,missing score
omegafold,T1266,T1266,CASP16,8QFB,A,Check,Check,multiple equivalent chains match,0.886905,1.000000,1.000000,298,336,high,336,563,860,1,336,true,,0.4370805369127517,0.6492583015786608,,,,,,84,2.7454144718441205,0.005779819940724464,results/20260601_104732_casp15_casp16_unique_lt1000_all_default_msa-free/sequences/T1266.fasta,results/20260601_104732_casp15_casp16_unique_lt1000_all_default_msa-free/predictions/T1266/omegafold/rank_001.pdb,results/20260601_104732_casp15_casp16_unique_lt1000_all_default_msa-free/logs/T1266_omegafold.log,,missing score
omegafold,T1272s2,T1272s2,CASP16,9C3C,a,Check,Check,multiple equivalent chains match,0.972393,1.000000,0.898072,317,326,medium,363,25,350,1,363,true,,0.0339943342776203,0.2164351851851851,,,,,,100,3.290570348045841,0.00692751652220177,results/20260601_104732_casp15_casp16_unique_lt1000_all_default_msa-free/sequences/T1272s2.fasta,results/20260601_104732_casp15_casp16_unique_lt1000_all_default_msa-free/predictions/T1272s2/omegafold/rank_001.pdb,results/20260601_104732_casp15_casp16_unique_lt1000_all_default_msa-free/logs/T1272s2_omegafold.log,,missing score
omegafold,T1272s3,T1272s3,CASP16,9C3C,b,Check,Check,multiple equivalent chains match,0.823899,1.000000,1.000000,262,318,high,318,57,318,1,318,true,,0.0088141025641025,0.1721648498756932,,,,,,76,2.494229980700576,0.005251010485685424,results/20260601_104732_casp15_casp16_unique_lt1000_all_default_msa-free/sequences/T1272s3.fasta,results/20260601_104732_casp15_casp16_unique_lt1000_all_default_msa-free/predictions/T1272s3/omegafold/rank_001.pdb,results/20260601_104732_casp15_casp16_unique_lt1000_all_default_msa-free/logs/T1272s3_omegafold.log,,missing score
omegafold,T1272s4,T1272s4,CASP16,9C3C,d,Check,Check,multiple equivalent chains match,0.930796,1.000000,1.000000,269,289,high,289,21,289,1,289,true,,0.0211267605633802,0.1740748617609527,,,,,,65,2.039933388701425,0.004294596607792473,results/20260601_104732_casp15_casp16_unique_lt1000_all_default_msa-free/sequences/T1272s4.fasta,results/20260601_104732_casp15_casp16_unique_lt1000_all_default_msa-free/predictions/T1272s4/omegafold/rank_001.pdb,results/20260601_104732_casp15_casp16_unique_lt1000_all_default_msa-free/logs/T1272s4_omegafold.log,,missing score
omegafold,T1272s5,T1272s5,CASP16,9C3C,g,Check,Check,multiple equivalent chains match,0.907216,1.000000,1.000000,264,291,high,291,28,291,1,291,true,,0.0120274914089347,0.1908230540195661,,,,,,67,2.098678401998387,0.004418270319996604,results/20260601_104732_casp15_casp16_unique_lt1000_all_default_msa-free/sequences/T1272s5.fasta,results/20260601_104732_casp15_casp16_unique_lt1000_all_default_msa-free/predictions/T1272s5/omegafold/rank_001.pdb,results/20260601_104732_casp15_casp16_unique_lt1000_all_default_msa-free/logs/T1272s5_omegafold.log,,missing score
omegafold,T1272s6,T1272s6,CASP16,9C3C,A,Check,Check,reference coverage below threshold 0.641,0.641026,1.000000,1.000000,400,624,high,624,63,653,1,624,true,,0.023125,0.7826538634321654,,,,,,338,11.583102124440728,0.024385478156717322,results/20260601_104732_casp15_casp16_unique_lt1000_all_default_msa-free/sequences/T1272s6.fasta,results/20260601_104732_casp15_casp16_unique_lt1000_all_default_msa-free/predictions/T1272s6/omegafold/rank_001.pdb,results/20260601_104732_casp15_casp16_unique_lt1000_all_default_msa-free/logs/T1272s6_omegafold.log,,missing score
omegafold,T1272s7,T1272s7,CASP16,9C3C,B,No,No,chain mapping below threshold identity=1.000 coverage=0.599,1.000000,1.000000,0.599174,145,145,low,242,654,798,1,242,true,,0.0268595041322314,0.1957629818413507,,,,,,46,1.3849643435172567,0.002915714407404751,results/20260601_104732_casp15_casp16_unique_lt1000_all_default_msa-free/sequences/T1272s7.fasta,results/20260601_104732_casp15_casp16_unique_lt1000_all_default_msa-free/predictions/T1272s7/omegafold/rank_001.pdb,results/20260601_104732_casp15_casp16_unique_lt1000_all_default_msa-free/logs/T1272s7_omegafold.log,,missing score
omegafold,T1272s8,T1272s8,CASP16,9C3C,V,Check,Check,reference coverage below threshold 0.356; multiple equivalent chains match,0.355746,1.000000,1.000000,291,818,high,818,1,291,1,818,false,,,,,,,,,17,0.2878562937920177,0.0006060132500884584,results/20260601_104732_casp15_casp16_unique_lt1000_all_default_msa-free/sequences/T1272s8.fasta,results/20260601_104732_casp15_casp16_unique_lt1000_all_default_msa-free/predictions/T1272s8/omegafold/rank_001.pdb,results/20260601_104732_casp15_casp16_unique_lt1000_all_default_msa-free/logs/T1272s8_omegafold.log,runner failed or rank_001.pdb missing; see results/20260601_104732_casp15_casp16_unique_lt1000_all_default_msa-free/logs/T1272s8_omegafold.log,
omegafold,T1272s9,T1272s9,CASP16,9C3C,n,Check,Check,reference coverage below threshold 0.735; multiple equivalent chains match,0.735294,1.000000,1.000000,175,238,high,238,42,216,1,238,true,,0.0,0.186249285305889,,,,,,45,1.3301992392306383,0.00280041945101187,results/20260601_104732_casp15_casp16_unique_lt1000_all_default_msa-free/sequences/T1272s9.fasta,results/20260601_104732_casp15_casp16_unique_lt1000_all_default_msa-free/predictions/T1272s9/omegafold/rank_001.pdb,results/20260601_104732_casp15_casp16_unique_lt1000_all_default_msa-free/logs/T1272s9_omegafold.log,,missing score
omegafold,T1280,T1280,CASP16,9F5M,AAA,Check,Check,multiple equivalent chains match,0.995745,1.000000,0.991561,234,235,high,237,615,848,1,237,true,,0.9594017094017094,0.9525476151717402,,,,,,44,1.335650664634784,0.00281189613607323,results/20260601_104732_casp15_casp16_unique_lt1000_all_default_msa-free/sequences/T1280.fasta,results/20260601_104732_casp15_casp16_unique_lt1000_all_default_msa-free/predictions/T1280/omegafold/rank_001.pdb,results/20260601_104732_casp15_casp16_unique_lt1000_all_default_msa-free/logs/T1280_omegafold.log,,missing score
omegafold,T1299,T1299,CASP16,9FJL,A,Yes,Yes,prefiltered A1 protein target with mapped residue range,1.000000,1.000000,1.000000,168,168,high,168,1,168,1,168,true,,0.9598214285714286,0.946505666486778,,,,,,29,0.7445809808310383,0.0015675389070127122,results/20260601_104732_casp15_casp16_unique_lt1000_all_default_msa-free/sequences/T1299.fasta,results/20260601_104732_casp15_casp16_unique_lt1000_all_default_msa-free/predictions/T1299/omegafold/rank_001.pdb,results/20260601_104732_casp15_casp16_unique_lt1000_all_default_msa-free/logs/T1299_omegafold.log,,missing score
omegafold,T2272s2,T2272s2,CASP16,9C3C,a,Check,Check,multiple equivalent chains match,0.972393,1.000000,0.898072,317,326,medium,363,25,350,1,363,true,,0.0339943342776203,0.2164351851851851,,,,,,99,3.281220976829442,0.006907833635430404,results/20260601_104732_casp15_casp16_unique_lt1000_all_default_msa-free/sequences/T2272s2.fasta,results/20260601_104732_casp15_casp16_unique_lt1000_all_default_msa-free/predictions/T2272s2/omegafold/rank_001.pdb,results/20260601_104732_casp15_casp16_unique_lt1000_all_default_msa-free/logs/T2272s2_omegafold.log,,missing score
omegafold,T2272s3,T2272s3,CASP16,9C3C,b,Check,Check,multiple equivalent chains match,0.823899,1.000000,1.000000,262,318,high,318,57,318,1,318,true,,0.0088141025641025,0.1721648498756932,,,,,,79,2.551121724213591,0.005370782577291771,results/20260601_104732_casp15_casp16_unique_lt1000_all_default_msa-free/sequences/T2272s3.fasta,results/20260601_104732_casp15_casp16_unique_lt1000_all_default_msa-free/predictions/T2272s3/omegafold/rank_001.pdb,results/20260601_104732_casp15_casp16_unique_lt1000_all_default_msa-free/logs/T2272s3_omegafold.log,,missing score
omegafold,T2272s4,T2272s4,CASP16,9C3C,d,Check,Check,multiple equivalent chains match,0.930796,1.000000,1.000000,269,289,high,289,21,289,1,289,true,,0.0211267605633802,0.1740748617609527,,,,,,68,2.087431758547688,0.004394593175889869,results/20260601_104732_casp15_casp16_unique_lt1000_all_default_msa-free/sequences/T2272s4.fasta,results/20260601_104732_casp15_casp16_unique_lt1000_all_default_msa-free/predictions/T2272s4/omegafold/rank_001.pdb,results/20260601_104732_casp15_casp16_unique_lt1000_all_default_msa-free/logs/T2272s4_omegafold.log,,missing score
omegafold,T2272s5,T2272s5,CASP16,9C3C,g,Check,Check,multiple equivalent chains match,0.907216,1.000000,1.000000,264,291,high,291,28,291,1,291,true,,0.0120274914089347,0.1908230540195661,,,,,,68,2.1057234655012054,0.004433102032634116,results/20260601_104732_casp15_casp16_unique_lt1000_all_default_msa-free/sequences/T2272s5.fasta,results/20260601_104732_casp15_casp16_unique_lt1000_all_default_msa-free/predictions/T2272s5/omegafold/rank_001.pdb,results/20260601_104732_casp15_casp16_unique_lt1000_all_default_msa-free/logs/T2272s5_omegafold.log,,missing score
omegafold,T2272s6,T2272s6,CASP16,9C3C,A,Check,Check,reference coverage below threshold 0.641,0.641026,1.000000,1.000000,400,624,high,624,63,653,1,624,true,,0.023125,0.7826538634321654,,,,,,356,11.944592744246467,0.02514651104051888,results/20260601_104732_casp15_casp16_unique_lt1000_all_default_msa-free/sequences/T2272s6.fasta,results/20260601_104732_casp15_casp16_unique_lt1000_all_default_msa-free/predictions/T2272s6/omegafold/rank_001.pdb,results/20260601_104732_casp15_casp16_unique_lt1000_all_default_msa-free/logs/T2272s6_omegafold.log,,missing score
omegafold,T2272s7,T2272s7,CASP16,9C3C,B,No,No,chain mapping below threshold identity=1.000 coverage=0.599,1.000000,1.000000,0.599174,145,145,low,242,654,798,1,242,true,,0.0268595041322314,0.1957629818413507,,,,,,47,1.3932666842260193,0.0029331930194231985,results/20260601_104732_casp15_casp16_unique_lt1000_all_default_msa-free/sequences/T2272s7.fasta,results/20260601_104732_casp15_casp16_unique_lt1000_all_default_msa-free/predictions/T2272s7/omegafold/rank_001.pdb,results/20260601_104732_casp15_casp16_unique_lt1000_all_default_msa-free/logs/T2272s7_omegafold.log,,missing score
omegafold,T2272s8,T2272s8,CASP16,9C3C,V,Check,Check,reference coverage below threshold 0.356; multiple equivalent chains match,0.355746,1.000000,1.000000,291,818,high,818,1,291,1,818,false,,,,,,,,,17,0.28873984145458365,0.0006078733504307025,results/20260601_104732_casp15_casp16_unique_lt1000_all_default_msa-free/sequences/T2272s8.fasta,results/20260601_104732_casp15_casp16_unique_lt1000_all_default_msa-free/predictions/T2272s8/omegafold/rank_001.pdb,results/20260601_104732_casp15_casp16_unique_lt1000_all_default_msa-free/logs/T2272s8_omegafold.log,runner failed or rank_001.pdb missing; see results/20260601_104732_casp15_casp16_unique_lt1000_all_default_msa-free/logs/T2272s8_omegafold.log,
omegafold,T2272s9,T2272s9,CASP16,9C3C,n,Check,Check,reference coverage below threshold 0.735; multiple equivalent chains match,0.735294,1.000000,1.000000,175,238,high,238,42,216,1,238,true,,0.0,0.186249285305889,,,,,,46,1.344281416170941,0.0028300661393072446,results/20260601_104732_casp15_casp16_unique_lt1000_all_default_msa-free/sequences/T2272s9.fasta,results/20260601_104732_casp15_casp16_unique_lt1000_all_default_msa-free/predictions/T2272s9/omegafold/rank_001.pdb,results/20260601_104732_casp15_casp16_unique_lt1000_all_default_msa-free/logs/T2272s9_omegafold.log,,missing score
omegafold,T2280,T2280,CASP16,9F5M,AAA,Check,Check,multiple equivalent chains match,0.995745,1.000000,0.991561,234,235,high,237,615,848,1,237,true,,0.9594017094017094,0.9525476151717402,,,,,,46,1.3392493559073138,0.002819472328225924,results/20260601_104732_casp15_casp16_unique_lt1000_all_default_msa-free/sequences/T2280.fasta,results/20260601_104732_casp15_casp16_unique_lt1000_all_default_msa-free/predictions/T2280/omegafold/rank_001.pdb,results/20260601_104732_casp15_casp16_unique_lt1000_all_default_msa-free/logs/T2280_omegafold.log,,missing score
