domain_id,target_id,casp_round,pdb_id,chain_id,residue_start,residue_end,sequence_start,sequence_end,target_length,sequence_length,model,rank,input_fasta,output_dir,output_pdb,output_structure,success,return_code,start_time,end_time,runtime_sec,log_file,command,error_message,should_use,target_qc_status,qc_reason,mapping_identity,mapping_coverage,reference_coverage,resolved_ca_count,expected_mapped_residue_count,chain_assignment_confidence,residue_mapping_note,type,stoichiometry,description
T1104,T1104,CASP15,7ROA,A,58,189,1,117,117,117,boltz,1,results/casp15_casp16_unique_lt1000_all_default_20260529_182536/sequences/T1104.fasta,results/casp15_casp16_unique_lt1000_all_default_20260529_182536/predictions/T1104/boltz,results/casp15_casp16_unique_lt1000_all_default_20260529_182536/predictions/T1104/boltz/rank_001.pdb,results/casp15_casp16_unique_lt1000_all_default_20260529_182536/predictions/T1104/boltz/rank_001.pdb,true,0,,,,results/casp15_casp16_unique_lt1000_all_default_20260529_182536/logs/T1104_boltz.log,,skipped existing success,Yes,Yes,prefiltered A1 protein target with mapped residue range,1.000000,1.000000,0.871212,115,132,high,mapped from mmCIF atom_site CA records; 17 aligned positions lack resolved CA atoms,All groups,A1,EntV136 PDB code 7roa
T1104,T1104,CASP15,7ROA,A,58,189,1,117,117,117,boltz2,1,results/casp15_casp16_unique_lt1000_all_default_20260529_182536/sequences/T1104.fasta,results/casp15_casp16_unique_lt1000_all_default_20260529_182536/predictions/T1104/boltz2,results/casp15_casp16_unique_lt1000_all_default_20260529_182536/predictions/T1104/boltz2/rank_001.pdb,results/casp15_casp16_unique_lt1000_all_default_20260529_182536/predictions/T1104/boltz2/rank_001.pdb,true,0,,,,results/casp15_casp16_unique_lt1000_all_default_20260529_182536/logs/T1104_boltz2.log,,skipped existing success,Yes,Yes,prefiltered A1 protein target with mapped residue range,1.000000,1.000000,0.871212,115,132,high,mapped from mmCIF atom_site CA records; 17 aligned positions lack resolved CA atoms,All groups,A1,EntV136 PDB code 7roa
T1104,T1104,CASP15,7ROA,A,58,189,1,117,117,117,chai1,1,results/casp15_casp16_unique_lt1000_all_default_20260529_182536/sequences/T1104.fasta,results/casp15_casp16_unique_lt1000_all_default_20260529_182536/predictions/T1104/chai1,results/casp15_casp16_unique_lt1000_all_default_20260529_182536/predictions/T1104/chai1/rank_001.pdb,results/casp15_casp16_unique_lt1000_all_default_20260529_182536/predictions/T1104/chai1/rank_001.pdb,true,0,,,,results/casp15_casp16_unique_lt1000_all_default_20260529_182536/logs/T1104_chai1.log,,skipped existing success,Yes,Yes,prefiltered A1 protein target with mapped residue range,1.000000,1.000000,0.871212,115,132,high,mapped from mmCIF atom_site CA records; 17 aligned positions lack resolved CA atoms,All groups,A1,EntV136 PDB code 7roa
T1104,T1104,CASP15,7ROA,A,58,189,1,117,117,117,colabfold,1,results/casp15_casp16_unique_lt1000_all_default_20260529_182536/sequences/T1104.fasta,results/casp15_casp16_unique_lt1000_all_default_20260529_182536/predictions/T1104/colabfold,results/casp15_casp16_unique_lt1000_all_default_20260529_182536/predictions/T1104/colabfold/rank_001.pdb,results/casp15_casp16_unique_lt1000_all_default_20260529_182536/predictions/T1104/colabfold/rank_001.pdb,true,0,,,,results/casp15_casp16_unique_lt1000_all_default_20260529_182536/logs/T1104_colabfold.log,,skipped existing success,Yes,Yes,prefiltered A1 protein target with mapped residue range,1.000000,1.000000,0.871212,115,132,high,mapped from mmCIF atom_site CA records; 17 aligned positions lack resolved CA atoms,All groups,A1,EntV136 PDB code 7roa
T1104,T1104,CASP15,7ROA,A,58,189,1,117,117,117,esmfold,1,results/casp15_casp16_unique_lt1000_all_default_20260529_182536/sequences/T1104.fasta,results/casp15_casp16_unique_lt1000_all_default_20260529_182536/predictions/T1104/esmfold,results/casp15_casp16_unique_lt1000_all_default_20260529_182536/predictions/T1104/esmfold/rank_001.pdb,results/casp15_casp16_unique_lt1000_all_default_20260529_182536/predictions/T1104/esmfold/rank_001.pdb,true,0,,,,results/casp15_casp16_unique_lt1000_all_default_20260529_182536/logs/T1104_esmfold.log,,skipped existing success,Yes,Yes,prefiltered A1 protein target with mapped residue range,1.000000,1.000000,0.871212,115,132,high,mapped from mmCIF atom_site CA records; 17 aligned positions lack resolved CA atoms,All groups,A1,EntV136 PDB code 7roa
T1104,T1104,CASP15,7ROA,A,58,189,1,117,117,117,omegafold,1,results/casp15_casp16_unique_lt1000_all_default_20260529_182536/sequences/T1104.fasta,results/casp15_casp16_unique_lt1000_all_default_20260529_182536/predictions/T1104/omegafold,results/casp15_casp16_unique_lt1000_all_default_20260529_182536/predictions/T1104/omegafold/rank_001.pdb,results/casp15_casp16_unique_lt1000_all_default_20260529_182536/predictions/T1104/omegafold/rank_001.pdb,true,0,,,,results/casp15_casp16_unique_lt1000_all_default_20260529_182536/logs/T1104_omegafold.log,,skipped existing success,Yes,Yes,prefiltered A1 protein target with mapped residue range,1.000000,1.000000,0.871212,115,132,high,mapped from mmCIF atom_site CA records; 17 aligned positions lack resolved CA atoms,All groups,A1,EntV136 PDB code 7roa
T1104,T1104,CASP15,7ROA,A,58,189,1,117,117,117,openfold,1,results/casp15_casp16_unique_lt1000_all_default_20260529_182536/sequences/T1104.fasta,results/casp15_casp16_unique_lt1000_all_default_20260529_182536/predictions/T1104/openfold,results/casp15_casp16_unique_lt1000_all_default_20260529_182536/predictions/T1104/openfold/rank_001.pdb,results/casp15_casp16_unique_lt1000_all_default_20260529_182536/predictions/T1104/openfold/rank_001.pdb,true,0,,,,results/casp15_casp16_unique_lt1000_all_default_20260529_182536/logs/T1104_openfold.log,,skipped existing success,Yes,Yes,prefiltered A1 protein target with mapped residue range,1.000000,1.000000,0.871212,115,132,high,mapped from mmCIF atom_site CA records; 17 aligned positions lack resolved CA atoms,All groups,A1,EntV136 PDB code 7roa
T1106s1,T1106s1,CASP15,7QIH,B,50,120,1,122,122,122,boltz,1,results/casp15_casp16_unique_lt1000_all_default_20260529_182536/sequences/T1106s1.fasta,results/casp15_casp16_unique_lt1000_all_default_20260529_182536/predictions/T1106s1/boltz,results/casp15_casp16_unique_lt1000_all_default_20260529_182536/predictions/T1106s1/boltz/rank_001.pdb,results/casp15_casp16_unique_lt1000_all_default_20260529_182536/predictions/T1106s1/boltz/rank_001.pdb,true,0,,,,results/casp15_casp16_unique_lt1000_all_default_20260529_182536/logs/T1106s1_boltz.log,,skipped existing success,No,No,chain mapping below threshold identity=1.000 coverage=0.615; multiple equivalent chains match,1.000000,0.614754,0.946667,71,75,low,mapped from mmCIF atom_site CA records; 4 aligned positions lack resolved CA atoms,All groups,A1,YscY-YscX PDB code 7qih
T1106s1,T1106s1,CASP15,7QIH,B,50,120,1,122,122,122,boltz2,1,results/casp15_casp16_unique_lt1000_all_default_20260529_182536/sequences/T1106s1.fasta,results/casp15_casp16_unique_lt1000_all_default_20260529_182536/predictions/T1106s1/boltz2,results/casp15_casp16_unique_lt1000_all_default_20260529_182536/predictions/T1106s1/boltz2/rank_001.pdb,results/casp15_casp16_unique_lt1000_all_default_20260529_182536/predictions/T1106s1/boltz2/rank_001.pdb,true,0,,,,results/casp15_casp16_unique_lt1000_all_default_20260529_182536/logs/T1106s1_boltz2.log,,skipped existing success,No,No,chain mapping below threshold identity=1.000 coverage=0.615; multiple equivalent chains match,1.000000,0.614754,0.946667,71,75,low,mapped from mmCIF atom_site CA records; 4 aligned positions lack resolved CA atoms,All groups,A1,YscY-YscX PDB code 7qih
T1106s1,T1106s1,CASP15,7QIH,B,50,120,1,122,122,122,chai1,1,results/casp15_casp16_unique_lt1000_all_default_20260529_182536/sequences/T1106s1.fasta,results/casp15_casp16_unique_lt1000_all_default_20260529_182536/predictions/T1106s1/chai1,results/casp15_casp16_unique_lt1000_all_default_20260529_182536/predictions/T1106s1/chai1/rank_001.pdb,results/casp15_casp16_unique_lt1000_all_default_20260529_182536/predictions/T1106s1/chai1/rank_001.pdb,true,0,,,,results/casp15_casp16_unique_lt1000_all_default_20260529_182536/logs/T1106s1_chai1.log,,skipped existing success,No,No,chain mapping below threshold identity=1.000 coverage=0.615; multiple equivalent chains match,1.000000,0.614754,0.946667,71,75,low,mapped from mmCIF atom_site CA records; 4 aligned positions lack resolved CA atoms,All groups,A1,YscY-YscX PDB code 7qih
T1106s1,T1106s1,CASP15,7QIH,B,50,120,1,122,122,122,colabfold,1,results/casp15_casp16_unique_lt1000_all_default_20260529_182536/sequences/T1106s1.fasta,results/casp15_casp16_unique_lt1000_all_default_20260529_182536/predictions/T1106s1/colabfold,results/casp15_casp16_unique_lt1000_all_default_20260529_182536/predictions/T1106s1/colabfold/rank_001.pdb,results/casp15_casp16_unique_lt1000_all_default_20260529_182536/predictions/T1106s1/colabfold/rank_001.pdb,true,0,,,,results/casp15_casp16_unique_lt1000_all_default_20260529_182536/logs/T1106s1_colabfold.log,,skipped existing success,No,No,chain mapping below threshold identity=1.000 coverage=0.615; multiple equivalent chains match,1.000000,0.614754,0.946667,71,75,low,mapped from mmCIF atom_site CA records; 4 aligned positions lack resolved CA atoms,All groups,A1,YscY-YscX PDB code 7qih
T1106s1,T1106s1,CASP15,7QIH,B,50,120,1,122,122,122,esmfold,1,results/casp15_casp16_unique_lt1000_all_default_20260529_182536/sequences/T1106s1.fasta,results/casp15_casp16_unique_lt1000_all_default_20260529_182536/predictions/T1106s1/esmfold,results/casp15_casp16_unique_lt1000_all_default_20260529_182536/predictions/T1106s1/esmfold/rank_001.pdb,results/casp15_casp16_unique_lt1000_all_default_20260529_182536/predictions/T1106s1/esmfold/rank_001.pdb,true,0,,,,results/casp15_casp16_unique_lt1000_all_default_20260529_182536/logs/T1106s1_esmfold.log,,skipped existing success,No,No,chain mapping below threshold identity=1.000 coverage=0.615; multiple equivalent chains match,1.000000,0.614754,0.946667,71,75,low,mapped from mmCIF atom_site CA records; 4 aligned positions lack resolved CA atoms,All groups,A1,YscY-YscX PDB code 7qih
T1106s1,T1106s1,CASP15,7QIH,B,50,120,1,122,122,122,omegafold,1,results/casp15_casp16_unique_lt1000_all_default_20260529_182536/sequences/T1106s1.fasta,results/casp15_casp16_unique_lt1000_all_default_20260529_182536/predictions/T1106s1/omegafold,results/casp15_casp16_unique_lt1000_all_default_20260529_182536/predictions/T1106s1/omegafold/rank_001.pdb,results/casp15_casp16_unique_lt1000_all_default_20260529_182536/predictions/T1106s1/omegafold/rank_001.pdb,true,0,,,,results/casp15_casp16_unique_lt1000_all_default_20260529_182536/logs/T1106s1_omegafold.log,,skipped existing success,No,No,chain mapping below threshold identity=1.000 coverage=0.615; multiple equivalent chains match,1.000000,0.614754,0.946667,71,75,low,mapped from mmCIF atom_site CA records; 4 aligned positions lack resolved CA atoms,All groups,A1,YscY-YscX PDB code 7qih
T1106s1,T1106s1,CASP15,7QIH,B,50,120,1,122,122,122,openfold,1,results/casp15_casp16_unique_lt1000_all_default_20260529_182536/sequences/T1106s1.fasta,results/casp15_casp16_unique_lt1000_all_default_20260529_182536/predictions/T1106s1/openfold,results/casp15_casp16_unique_lt1000_all_default_20260529_182536/predictions/T1106s1/openfold/rank_001.pdb,results/casp15_casp16_unique_lt1000_all_default_20260529_182536/predictions/T1106s1/openfold/rank_001.pdb,true,0,,,,results/casp15_casp16_unique_lt1000_all_default_20260529_182536/logs/T1106s1_openfold.log,,skipped existing success,No,No,chain mapping below threshold identity=1.000 coverage=0.615; multiple equivalent chains match,1.000000,0.614754,0.946667,71,75,low,mapped from mmCIF atom_site CA records; 4 aligned positions lack resolved CA atoms,All groups,A1,YscY-YscX PDB code 7qih
T1106s2,T1106s2,CASP15,7QIH,A,2,112,1,114,114,114,boltz,1,results/casp15_casp16_unique_lt1000_all_default_20260529_182536/sequences/T1106s2.fasta,results/casp15_casp16_unique_lt1000_all_default_20260529_182536/predictions/T1106s2/boltz,results/casp15_casp16_unique_lt1000_all_default_20260529_182536/predictions/T1106s2/boltz/rank_001.pdb,results/casp15_casp16_unique_lt1000_all_default_20260529_182536/predictions/T1106s2/boltz/rank_001.pdb,true,0,,,,results/casp15_casp16_unique_lt1000_all_default_20260529_182536/logs/T1106s2_boltz.log,,skipped existing success,Check,Check,multiple equivalent chains match,1.000000,1.000000,0.909836,111,122,high,mapped from mmCIF atom_site CA records; 11 aligned positions lack resolved CA atoms,All groups,A1,YscY-YscX PDB code 7qih
T1106s2,T1106s2,CASP15,7QIH,A,2,112,1,114,114,114,boltz2,1,results/casp15_casp16_unique_lt1000_all_default_20260529_182536/sequences/T1106s2.fasta,results/casp15_casp16_unique_lt1000_all_default_20260529_182536/predictions/T1106s2/boltz2,results/casp15_casp16_unique_lt1000_all_default_20260529_182536/predictions/T1106s2/boltz2/rank_001.pdb,results/casp15_casp16_unique_lt1000_all_default_20260529_182536/predictions/T1106s2/boltz2/rank_001.pdb,true,0,,,,results/casp15_casp16_unique_lt1000_all_default_20260529_182536/logs/T1106s2_boltz2.log,,skipped existing success,Check,Check,multiple equivalent chains match,1.000000,1.000000,0.909836,111,122,high,mapped from mmCIF atom_site CA records; 11 aligned positions lack resolved CA atoms,All groups,A1,YscY-YscX PDB code 7qih
T1106s2,T1106s2,CASP15,7QIH,A,2,112,1,114,114,114,chai1,1,results/casp15_casp16_unique_lt1000_all_default_20260529_182536/sequences/T1106s2.fasta,results/casp15_casp16_unique_lt1000_all_default_20260529_182536/predictions/T1106s2/chai1,results/casp15_casp16_unique_lt1000_all_default_20260529_182536/predictions/T1106s2/chai1/rank_001.pdb,results/casp15_casp16_unique_lt1000_all_default_20260529_182536/predictions/T1106s2/chai1/rank_001.pdb,true,0,,,,results/casp15_casp16_unique_lt1000_all_default_20260529_182536/logs/T1106s2_chai1.log,,skipped existing success,Check,Check,multiple equivalent chains match,1.000000,1.000000,0.909836,111,122,high,mapped from mmCIF atom_site CA records; 11 aligned positions lack resolved CA atoms,All groups,A1,YscY-YscX PDB code 7qih
T1106s2,T1106s2,CASP15,7QIH,A,2,112,1,114,114,114,colabfold,1,results/casp15_casp16_unique_lt1000_all_default_20260529_182536/sequences/T1106s2.fasta,results/casp15_casp16_unique_lt1000_all_default_20260529_182536/predictions/T1106s2/colabfold,results/casp15_casp16_unique_lt1000_all_default_20260529_182536/predictions/T1106s2/colabfold/rank_001.pdb,results/casp15_casp16_unique_lt1000_all_default_20260529_182536/predictions/T1106s2/colabfold/rank_001.pdb,true,0,,,,results/casp15_casp16_unique_lt1000_all_default_20260529_182536/logs/T1106s2_colabfold.log,,skipped existing success,Check,Check,multiple equivalent chains match,1.000000,1.000000,0.909836,111,122,high,mapped from mmCIF atom_site CA records; 11 aligned positions lack resolved CA atoms,All groups,A1,YscY-YscX PDB code 7qih
T1106s2,T1106s2,CASP15,7QIH,A,2,112,1,114,114,114,esmfold,1,results/casp15_casp16_unique_lt1000_all_default_20260529_182536/sequences/T1106s2.fasta,results/casp15_casp16_unique_lt1000_all_default_20260529_182536/predictions/T1106s2/esmfold,results/casp15_casp16_unique_lt1000_all_default_20260529_182536/predictions/T1106s2/esmfold/rank_001.pdb,results/casp15_casp16_unique_lt1000_all_default_20260529_182536/predictions/T1106s2/esmfold/rank_001.pdb,true,0,,,,results/casp15_casp16_unique_lt1000_all_default_20260529_182536/logs/T1106s2_esmfold.log,,skipped existing success,Check,Check,multiple equivalent chains match,1.000000,1.000000,0.909836,111,122,high,mapped from mmCIF atom_site CA records; 11 aligned positions lack resolved CA atoms,All groups,A1,YscY-YscX PDB code 7qih
T1106s2,T1106s2,CASP15,7QIH,A,2,112,1,114,114,114,omegafold,1,results/casp15_casp16_unique_lt1000_all_default_20260529_182536/sequences/T1106s2.fasta,results/casp15_casp16_unique_lt1000_all_default_20260529_182536/predictions/T1106s2/omegafold,results/casp15_casp16_unique_lt1000_all_default_20260529_182536/predictions/T1106s2/omegafold/rank_001.pdb,results/casp15_casp16_unique_lt1000_all_default_20260529_182536/predictions/T1106s2/omegafold/rank_001.pdb,true,0,,,,results/casp15_casp16_unique_lt1000_all_default_20260529_182536/logs/T1106s2_omegafold.log,,skipped existing success,Check,Check,multiple equivalent chains match,1.000000,1.000000,0.909836,111,122,high,mapped from mmCIF atom_site CA records; 11 aligned positions lack resolved CA atoms,All groups,A1,YscY-YscX PDB code 7qih
T1106s2,T1106s2,CASP15,7QIH,A,2,112,1,114,114,114,openfold,1,results/casp15_casp16_unique_lt1000_all_default_20260529_182536/sequences/T1106s2.fasta,results/casp15_casp16_unique_lt1000_all_default_20260529_182536/predictions/T1106s2/openfold,results/casp15_casp16_unique_lt1000_all_default_20260529_182536/predictions/T1106s2/openfold/rank_001.pdb,results/casp15_casp16_unique_lt1000_all_default_20260529_182536/predictions/T1106s2/openfold/rank_001.pdb,true,0,,,,results/casp15_casp16_unique_lt1000_all_default_20260529_182536/logs/T1106s2_openfold.log,,skipped existing success,Check,Check,multiple equivalent chains match,1.000000,1.000000,0.909836,111,122,high,mapped from mmCIF atom_site CA records; 11 aligned positions lack resolved CA atoms,All groups,A1,YscY-YscX PDB code 7qih
T1112,T1112,CASP15,8ORK,AAA,2,460,1,460,460,460,boltz,1,results/casp15_casp16_unique_lt1000_all_default_20260529_182536/sequences/T1112.fasta,results/casp15_casp16_unique_lt1000_all_default_20260529_182536/predictions/T1112/boltz,results/casp15_casp16_unique_lt1000_all_default_20260529_182536/predictions/T1112/boltz/rank_001.pdb,results/casp15_casp16_unique_lt1000_all_default_20260529_182536/predictions/T1112/boltz/rank_001.pdb,true,0,,,,results/casp15_casp16_unique_lt1000_all_default_20260529_182536/logs/T1112_boltz.log,,skipped existing success,Check,Check,multiple equivalent chains match,1.000000,1.000000,0.973913,448,460,high,mapped from mmCIF atom_site CA records; 12 aligned positions lack resolved CA atoms,All groups,A1,O93732.1 PDB code 8ork
T1112,T1112,CASP15,8ORK,AAA,2,460,1,460,460,460,boltz2,1,results/casp15_casp16_unique_lt1000_all_default_20260529_182536/sequences/T1112.fasta,results/casp15_casp16_unique_lt1000_all_default_20260529_182536/predictions/T1112/boltz2,results/casp15_casp16_unique_lt1000_all_default_20260529_182536/predictions/T1112/boltz2/rank_001.pdb,results/casp15_casp16_unique_lt1000_all_default_20260529_182536/predictions/T1112/boltz2/rank_001.pdb,true,0,,,,results/casp15_casp16_unique_lt1000_all_default_20260529_182536/logs/T1112_boltz2.log,,skipped existing success,Check,Check,multiple equivalent chains match,1.000000,1.000000,0.973913,448,460,high,mapped from mmCIF atom_site CA records; 12 aligned positions lack resolved CA atoms,All groups,A1,O93732.1 PDB code 8ork
T1112,T1112,CASP15,8ORK,AAA,2,460,1,460,460,460,chai1,1,results/casp15_casp16_unique_lt1000_all_default_20260529_182536/sequences/T1112.fasta,results/casp15_casp16_unique_lt1000_all_default_20260529_182536/predictions/T1112/chai1,results/casp15_casp16_unique_lt1000_all_default_20260529_182536/predictions/T1112/chai1/rank_001.pdb,results/casp15_casp16_unique_lt1000_all_default_20260529_182536/predictions/T1112/chai1/rank_001.pdb,true,0,,,,results/casp15_casp16_unique_lt1000_all_default_20260529_182536/logs/T1112_chai1.log,,skipped existing success,Check,Check,multiple equivalent chains match,1.000000,1.000000,0.973913,448,460,high,mapped from mmCIF atom_site CA records; 12 aligned positions lack resolved CA atoms,All groups,A1,O93732.1 PDB code 8ork
T1112,T1112,CASP15,8ORK,AAA,2,460,1,460,460,460,colabfold,1,results/casp15_casp16_unique_lt1000_all_default_20260529_182536/sequences/T1112.fasta,results/casp15_casp16_unique_lt1000_all_default_20260529_182536/predictions/T1112/colabfold,results/casp15_casp16_unique_lt1000_all_default_20260529_182536/predictions/T1112/colabfold/rank_001.pdb,results/casp15_casp16_unique_lt1000_all_default_20260529_182536/predictions/T1112/colabfold/rank_001.pdb,true,0,,,,results/casp15_casp16_unique_lt1000_all_default_20260529_182536/logs/T1112_colabfold.log,,skipped existing success,Check,Check,multiple equivalent chains match,1.000000,1.000000,0.973913,448,460,high,mapped from mmCIF atom_site CA records; 12 aligned positions lack resolved CA atoms,All groups,A1,O93732.1 PDB code 8ork
T1112,T1112,CASP15,8ORK,AAA,2,460,1,460,460,460,esmfold,1,results/casp15_casp16_unique_lt1000_all_default_20260529_182536/sequences/T1112.fasta,results/casp15_casp16_unique_lt1000_all_default_20260529_182536/predictions/T1112/esmfold,results/casp15_casp16_unique_lt1000_all_default_20260529_182536/predictions/T1112/esmfold/rank_001.pdb,results/casp15_casp16_unique_lt1000_all_default_20260529_182536/predictions/T1112/esmfold/rank_001.pdb,true,0,,,,results/casp15_casp16_unique_lt1000_all_default_20260529_182536/logs/T1112_esmfold.log,,skipped existing success,Check,Check,multiple equivalent chains match,1.000000,1.000000,0.973913,448,460,high,mapped from mmCIF atom_site CA records; 12 aligned positions lack resolved CA atoms,All groups,A1,O93732.1 PDB code 8ork
T1112,T1112,CASP15,8ORK,AAA,2,460,1,460,460,460,omegafold,1,results/casp15_casp16_unique_lt1000_all_default_20260529_182536/sequences/T1112.fasta,results/casp15_casp16_unique_lt1000_all_default_20260529_182536/predictions/T1112/omegafold,results/casp15_casp16_unique_lt1000_all_default_20260529_182536/predictions/T1112/omegafold/rank_001.pdb,results/casp15_casp16_unique_lt1000_all_default_20260529_182536/predictions/T1112/omegafold/rank_001.pdb,true,0,,,,results/casp15_casp16_unique_lt1000_all_default_20260529_182536/logs/T1112_omegafold.log,,skipped existing success,Check,Check,multiple equivalent chains match,1.000000,1.000000,0.973913,448,460,high,mapped from mmCIF atom_site CA records; 12 aligned positions lack resolved CA atoms,All groups,A1,O93732.1 PDB code 8ork
T1112,T1112,CASP15,8ORK,AAA,2,460,1,460,460,460,openfold,1,results/casp15_casp16_unique_lt1000_all_default_20260529_182536/sequences/T1112.fasta,results/casp15_casp16_unique_lt1000_all_default_20260529_182536/predictions/T1112/openfold,results/casp15_casp16_unique_lt1000_all_default_20260529_182536/predictions/T1112/openfold/rank_001.pdb,results/casp15_casp16_unique_lt1000_all_default_20260529_182536/predictions/T1112/openfold/rank_001.pdb,true,0,,,,results/casp15_casp16_unique_lt1000_all_default_20260529_182536/logs/T1112_openfold.log,,skipped existing success,Check,Check,multiple equivalent chains match,1.000000,1.000000,0.973913,448,460,high,mapped from mmCIF atom_site CA records; 12 aligned positions lack resolved CA atoms,All groups,A1,O93732.1 PDB code 8ork
T1114s1,T1114s1,CASP15,7UTD,Q,20,78,1,189,189,189,boltz,1,results/casp15_casp16_unique_lt1000_all_default_20260529_182536/sequences/T1114s1.fasta,results/casp15_casp16_unique_lt1000_all_default_20260529_182536/predictions/T1114s1/boltz,results/casp15_casp16_unique_lt1000_all_default_20260529_182536/predictions/T1114s1/boltz/rank_001.pdb,results/casp15_casp16_unique_lt1000_all_default_20260529_182536/predictions/T1114s1/boltz/rank_001.pdb,true,0,,,,results/casp15_casp16_unique_lt1000_all_default_20260529_182536/logs/T1114s1_boltz.log,,skipped existing success,No,No,chain mapping below threshold identity=1.000 coverage=0.317; multiple equivalent chains match,1.000000,0.317460,0.983333,59,60,low,mapped from mmCIF atom_site CA records; 1 aligned positions lack resolved CA atoms,All groups,A1,"A0QUM5, A0QUM6, A0QUM7 PDB code 7utd"
T1114s1,T1114s1,CASP15,7UTD,Q,20,78,1,189,189,189,boltz2,1,results/casp15_casp16_unique_lt1000_all_default_20260529_182536/sequences/T1114s1.fasta,results/casp15_casp16_unique_lt1000_all_default_20260529_182536/predictions/T1114s1/boltz2,results/casp15_casp16_unique_lt1000_all_default_20260529_182536/predictions/T1114s1/boltz2/rank_001.pdb,results/casp15_casp16_unique_lt1000_all_default_20260529_182536/predictions/T1114s1/boltz2/rank_001.pdb,true,0,,,,results/casp15_casp16_unique_lt1000_all_default_20260529_182536/logs/T1114s1_boltz2.log,,skipped existing success,No,No,chain mapping below threshold identity=1.000 coverage=0.317; multiple equivalent chains match,1.000000,0.317460,0.983333,59,60,low,mapped from mmCIF atom_site CA records; 1 aligned positions lack resolved CA atoms,All groups,A1,"A0QUM5, A0QUM6, A0QUM7 PDB code 7utd"
T1114s1,T1114s1,CASP15,7UTD,Q,20,78,1,189,189,189,chai1,1,results/casp15_casp16_unique_lt1000_all_default_20260529_182536/sequences/T1114s1.fasta,results/casp15_casp16_unique_lt1000_all_default_20260529_182536/predictions/T1114s1/chai1,results/casp15_casp16_unique_lt1000_all_default_20260529_182536/predictions/T1114s1/chai1/rank_001.pdb,results/casp15_casp16_unique_lt1000_all_default_20260529_182536/predictions/T1114s1/chai1/rank_001.pdb,true,0,,,,results/casp15_casp16_unique_lt1000_all_default_20260529_182536/logs/T1114s1_chai1.log,,skipped existing success,No,No,chain mapping below threshold identity=1.000 coverage=0.317; multiple equivalent chains match,1.000000,0.317460,0.983333,59,60,low,mapped from mmCIF atom_site CA records; 1 aligned positions lack resolved CA atoms,All groups,A1,"A0QUM5, A0QUM6, A0QUM7 PDB code 7utd"
T1114s1,T1114s1,CASP15,7UTD,Q,20,78,1,189,189,189,colabfold,1,results/casp15_casp16_unique_lt1000_all_default_20260529_182536/sequences/T1114s1.fasta,results/casp15_casp16_unique_lt1000_all_default_20260529_182536/predictions/T1114s1/colabfold,results/casp15_casp16_unique_lt1000_all_default_20260529_182536/predictions/T1114s1/colabfold/rank_001.pdb,results/casp15_casp16_unique_lt1000_all_default_20260529_182536/predictions/T1114s1/colabfold/rank_001.pdb,true,0,,,,results/casp15_casp16_unique_lt1000_all_default_20260529_182536/logs/T1114s1_colabfold.log,,skipped existing success,No,No,chain mapping below threshold identity=1.000 coverage=0.317; multiple equivalent chains match,1.000000,0.317460,0.983333,59,60,low,mapped from mmCIF atom_site CA records; 1 aligned positions lack resolved CA atoms,All groups,A1,"A0QUM5, A0QUM6, A0QUM7 PDB code 7utd"
T1114s1,T1114s1,CASP15,7UTD,Q,20,78,1,189,189,189,esmfold,1,results/casp15_casp16_unique_lt1000_all_default_20260529_182536/sequences/T1114s1.fasta,results/casp15_casp16_unique_lt1000_all_default_20260529_182536/predictions/T1114s1/esmfold,results/casp15_casp16_unique_lt1000_all_default_20260529_182536/predictions/T1114s1/esmfold/rank_001.pdb,results/casp15_casp16_unique_lt1000_all_default_20260529_182536/predictions/T1114s1/esmfold/rank_001.pdb,true,0,,,,results/casp15_casp16_unique_lt1000_all_default_20260529_182536/logs/T1114s1_esmfold.log,,skipped existing success,No,No,chain mapping below threshold identity=1.000 coverage=0.317; multiple equivalent chains match,1.000000,0.317460,0.983333,59,60,low,mapped from mmCIF atom_site CA records; 1 aligned positions lack resolved CA atoms,All groups,A1,"A0QUM5, A0QUM6, A0QUM7 PDB code 7utd"
T1114s1,T1114s1,CASP15,7UTD,Q,20,78,1,189,189,189,omegafold,1,results/casp15_casp16_unique_lt1000_all_default_20260529_182536/sequences/T1114s1.fasta,results/casp15_casp16_unique_lt1000_all_default_20260529_182536/predictions/T1114s1/omegafold,results/casp15_casp16_unique_lt1000_all_default_20260529_182536/predictions/T1114s1/omegafold/rank_001.pdb,results/casp15_casp16_unique_lt1000_all_default_20260529_182536/predictions/T1114s1/omegafold/rank_001.pdb,true,0,,,,results/casp15_casp16_unique_lt1000_all_default_20260529_182536/logs/T1114s1_omegafold.log,,skipped existing success,No,No,chain mapping below threshold identity=1.000 coverage=0.317; multiple equivalent chains match,1.000000,0.317460,0.983333,59,60,low,mapped from mmCIF atom_site CA records; 1 aligned positions lack resolved CA atoms,All groups,A1,"A0QUM5, A0QUM6, A0QUM7 PDB code 7utd"
T1114s1,T1114s1,CASP15,7UTD,Q,20,78,1,189,189,189,openfold,1,results/casp15_casp16_unique_lt1000_all_default_20260529_182536/sequences/T1114s1.fasta,results/casp15_casp16_unique_lt1000_all_default_20260529_182536/predictions/T1114s1/openfold,results/casp15_casp16_unique_lt1000_all_default_20260529_182536/predictions/T1114s1/openfold/rank_001.pdb,results/casp15_casp16_unique_lt1000_all_default_20260529_182536/predictions/T1114s1/openfold/rank_001.pdb,true,0,,,,results/casp15_casp16_unique_lt1000_all_default_20260529_182536/logs/T1114s1_openfold.log,,skipped existing success,No,No,chain mapping below threshold identity=1.000 coverage=0.317; multiple equivalent chains match,1.000000,0.317460,0.983333,59,60,low,mapped from mmCIF atom_site CA records; 1 aligned positions lack resolved CA atoms,All groups,A1,"A0QUM5, A0QUM6, A0QUM7 PDB code 7utd"
T1114s2,T1114s2,CASP15,7UTD,B,2,323,1,369,369,369,boltz,1,results/casp15_casp16_unique_lt1000_all_default_20260529_182536/sequences/T1114s2.fasta,results/casp15_casp16_unique_lt1000_all_default_20260529_182536/predictions/T1114s2/boltz,results/casp15_casp16_unique_lt1000_all_default_20260529_182536/predictions/T1114s2/boltz/rank_001.pdb,results/casp15_casp16_unique_lt1000_all_default_20260529_182536/predictions/T1114s2/boltz/rank_001.pdb,true,0,,,,results/casp15_casp16_unique_lt1000_all_default_20260529_182536/logs/T1114s2_boltz.log,,skipped existing success,Check,Check,multiple equivalent chains match,1.000000,1.000000,0.872629,322,369,high,mapped from mmCIF atom_site CA records; 47 aligned positions lack resolved CA atoms,All groups,A1,"A0QUM5, A0QUM6, A0QUM7 PDB code 7utd"
T1114s2,T1114s2,CASP15,7UTD,B,2,323,1,369,369,369,boltz2,1,results/casp15_casp16_unique_lt1000_all_default_20260529_182536/sequences/T1114s2.fasta,results/casp15_casp16_unique_lt1000_all_default_20260529_182536/predictions/T1114s2/boltz2,results/casp15_casp16_unique_lt1000_all_default_20260529_182536/predictions/T1114s2/boltz2/rank_001.pdb,results/casp15_casp16_unique_lt1000_all_default_20260529_182536/predictions/T1114s2/boltz2/rank_001.pdb,true,0,,,,results/casp15_casp16_unique_lt1000_all_default_20260529_182536/logs/T1114s2_boltz2.log,,skipped existing success,Check,Check,multiple equivalent chains match,1.000000,1.000000,0.872629,322,369,high,mapped from mmCIF atom_site CA records; 47 aligned positions lack resolved CA atoms,All groups,A1,"A0QUM5, A0QUM6, A0QUM7 PDB code 7utd"
T1114s2,T1114s2,CASP15,7UTD,B,2,323,1,369,369,369,chai1,1,results/casp15_casp16_unique_lt1000_all_default_20260529_182536/sequences/T1114s2.fasta,results/casp15_casp16_unique_lt1000_all_default_20260529_182536/predictions/T1114s2/chai1,results/casp15_casp16_unique_lt1000_all_default_20260529_182536/predictions/T1114s2/chai1/rank_001.pdb,results/casp15_casp16_unique_lt1000_all_default_20260529_182536/predictions/T1114s2/chai1/rank_001.pdb,true,0,,,,results/casp15_casp16_unique_lt1000_all_default_20260529_182536/logs/T1114s2_chai1.log,,skipped existing success,Check,Check,multiple equivalent chains match,1.000000,1.000000,0.872629,322,369,high,mapped from mmCIF atom_site CA records; 47 aligned positions lack resolved CA atoms,All groups,A1,"A0QUM5, A0QUM6, A0QUM7 PDB code 7utd"
T1114s2,T1114s2,CASP15,7UTD,B,2,323,1,369,369,369,colabfold,1,results/casp15_casp16_unique_lt1000_all_default_20260529_182536/sequences/T1114s2.fasta,results/casp15_casp16_unique_lt1000_all_default_20260529_182536/predictions/T1114s2/colabfold,results/casp15_casp16_unique_lt1000_all_default_20260529_182536/predictions/T1114s2/colabfold/rank_001.pdb,results/casp15_casp16_unique_lt1000_all_default_20260529_182536/predictions/T1114s2/colabfold/rank_001.pdb,true,0,,,,results/casp15_casp16_unique_lt1000_all_default_20260529_182536/logs/T1114s2_colabfold.log,,skipped existing success,Check,Check,multiple equivalent chains match,1.000000,1.000000,0.872629,322,369,high,mapped from mmCIF atom_site CA records; 47 aligned positions lack resolved CA atoms,All groups,A1,"A0QUM5, A0QUM6, A0QUM7 PDB code 7utd"
T1114s2,T1114s2,CASP15,7UTD,B,2,323,1,369,369,369,esmfold,1,results/casp15_casp16_unique_lt1000_all_default_20260529_182536/sequences/T1114s2.fasta,results/casp15_casp16_unique_lt1000_all_default_20260529_182536/predictions/T1114s2/esmfold,results/casp15_casp16_unique_lt1000_all_default_20260529_182536/predictions/T1114s2/esmfold/rank_001.pdb,results/casp15_casp16_unique_lt1000_all_default_20260529_182536/predictions/T1114s2/esmfold/rank_001.pdb,true,0,,,,results/casp15_casp16_unique_lt1000_all_default_20260529_182536/logs/T1114s2_esmfold.log,,skipped existing success,Check,Check,multiple equivalent chains match,1.000000,1.000000,0.872629,322,369,high,mapped from mmCIF atom_site CA records; 47 aligned positions lack resolved CA atoms,All groups,A1,"A0QUM5, A0QUM6, A0QUM7 PDB code 7utd"
T1114s2,T1114s2,CASP15,7UTD,B,2,323,1,369,369,369,omegafold,1,results/casp15_casp16_unique_lt1000_all_default_20260529_182536/sequences/T1114s2.fasta,results/casp15_casp16_unique_lt1000_all_default_20260529_182536/predictions/T1114s2/omegafold,results/casp15_casp16_unique_lt1000_all_default_20260529_182536/predictions/T1114s2/omegafold/rank_001.pdb,results/casp15_casp16_unique_lt1000_all_default_20260529_182536/predictions/T1114s2/omegafold/rank_001.pdb,true,0,,,,results/casp15_casp16_unique_lt1000_all_default_20260529_182536/logs/T1114s2_omegafold.log,,skipped existing success,Check,Check,multiple equivalent chains match,1.000000,1.000000,0.872629,322,369,high,mapped from mmCIF atom_site CA records; 47 aligned positions lack resolved CA atoms,All groups,A1,"A0QUM5, A0QUM6, A0QUM7 PDB code 7utd"
T1114s2,T1114s2,CASP15,7UTD,B,2,323,1,369,369,369,openfold,1,results/casp15_casp16_unique_lt1000_all_default_20260529_182536/sequences/T1114s2.fasta,results/casp15_casp16_unique_lt1000_all_default_20260529_182536/predictions/T1114s2/openfold,results/casp15_casp16_unique_lt1000_all_default_20260529_182536/predictions/T1114s2/openfold/rank_001.pdb,results/casp15_casp16_unique_lt1000_all_default_20260529_182536/predictions/T1114s2/openfold/rank_001.pdb,true,0,,,,results/casp15_casp16_unique_lt1000_all_default_20260529_182536/logs/T1114s2_openfold.log,,skipped existing success,Check,Check,multiple equivalent chains match,1.000000,1.000000,0.872629,322,369,high,mapped from mmCIF atom_site CA records; 47 aligned positions lack resolved CA atoms,All groups,A1,"A0QUM5, A0QUM6, A0QUM7 PDB code 7utd"
T1114s3,T1114s3,CASP15,7UTD,A,4,516,1,535,535,535,boltz,1,results/casp15_casp16_unique_lt1000_all_default_20260529_182536/sequences/T1114s3.fasta,results/casp15_casp16_unique_lt1000_all_default_20260529_182536/predictions/T1114s3/boltz,results/casp15_casp16_unique_lt1000_all_default_20260529_182536/predictions/T1114s3/boltz/rank_001.pdb,results/casp15_casp16_unique_lt1000_all_default_20260529_182536/predictions/T1114s3/boltz/rank_001.pdb,true,0,,,,results/casp15_casp16_unique_lt1000_all_default_20260529_182536/logs/T1114s3_boltz.log,,skipped existing success,Check,Check,multiple equivalent chains match,1.000000,0.958879,0.998051,512,513,high,mapped from mmCIF atom_site CA records; 1 aligned positions lack resolved CA atoms,All groups,A1,"A0QUM5, A0QUM6, A0QUM7 PDB code 7utd"
T1114s3,T1114s3,CASP15,7UTD,A,4,516,1,535,535,535,boltz2,1,results/casp15_casp16_unique_lt1000_all_default_20260529_182536/sequences/T1114s3.fasta,results/casp15_casp16_unique_lt1000_all_default_20260529_182536/predictions/T1114s3/boltz2,results/casp15_casp16_unique_lt1000_all_default_20260529_182536/predictions/T1114s3/boltz2/rank_001.pdb,results/casp15_casp16_unique_lt1000_all_default_20260529_182536/predictions/T1114s3/boltz2/rank_001.pdb,true,0,,,,results/casp15_casp16_unique_lt1000_all_default_20260529_182536/logs/T1114s3_boltz2.log,,skipped existing success,Check,Check,multiple equivalent chains match,1.000000,0.958879,0.998051,512,513,high,mapped from mmCIF atom_site CA records; 1 aligned positions lack resolved CA atoms,All groups,A1,"A0QUM5, A0QUM6, A0QUM7 PDB code 7utd"
T1114s3,T1114s3,CASP15,7UTD,A,4,516,1,535,535,535,chai1,1,results/casp15_casp16_unique_lt1000_all_default_20260529_182536/sequences/T1114s3.fasta,results/casp15_casp16_unique_lt1000_all_default_20260529_182536/predictions/T1114s3/chai1,results/casp15_casp16_unique_lt1000_all_default_20260529_182536/predictions/T1114s3/chai1/rank_001.pdb,results/casp15_casp16_unique_lt1000_all_default_20260529_182536/predictions/T1114s3/chai1/rank_001.pdb,true,0,,,,results/casp15_casp16_unique_lt1000_all_default_20260529_182536/logs/T1114s3_chai1.log,,skipped existing success,Check,Check,multiple equivalent chains match,1.000000,0.958879,0.998051,512,513,high,mapped from mmCIF atom_site CA records; 1 aligned positions lack resolved CA atoms,All groups,A1,"A0QUM5, A0QUM6, A0QUM7 PDB code 7utd"
T1114s3,T1114s3,CASP15,7UTD,A,4,516,1,535,535,535,colabfold,1,results/casp15_casp16_unique_lt1000_all_default_20260529_182536/sequences/T1114s3.fasta,results/casp15_casp16_unique_lt1000_all_default_20260529_182536/predictions/T1114s3/colabfold,results/casp15_casp16_unique_lt1000_all_default_20260529_182536/predictions/T1114s3/colabfold/rank_001.pdb,results/casp15_casp16_unique_lt1000_all_default_20260529_182536/predictions/T1114s3/colabfold/rank_001.pdb,true,0,,,,results/casp15_casp16_unique_lt1000_all_default_20260529_182536/logs/T1114s3_colabfold.log,,skipped existing success,Check,Check,multiple equivalent chains match,1.000000,0.958879,0.998051,512,513,high,mapped from mmCIF atom_site CA records; 1 aligned positions lack resolved CA atoms,All groups,A1,"A0QUM5, A0QUM6, A0QUM7 PDB code 7utd"
T1114s3,T1114s3,CASP15,7UTD,A,4,516,1,535,535,535,esmfold,1,results/casp15_casp16_unique_lt1000_all_default_20260529_182536/sequences/T1114s3.fasta,results/casp15_casp16_unique_lt1000_all_default_20260529_182536/predictions/T1114s3/esmfold,results/casp15_casp16_unique_lt1000_all_default_20260529_182536/predictions/T1114s3/esmfold/rank_001.pdb,results/casp15_casp16_unique_lt1000_all_default_20260529_182536/predictions/T1114s3/esmfold/rank_001.pdb,true,0,,,,results/casp15_casp16_unique_lt1000_all_default_20260529_182536/logs/T1114s3_esmfold.log,,skipped existing success,Check,Check,multiple equivalent chains match,1.000000,0.958879,0.998051,512,513,high,mapped from mmCIF atom_site CA records; 1 aligned positions lack resolved CA atoms,All groups,A1,"A0QUM5, A0QUM6, A0QUM7 PDB code 7utd"
T1114s3,T1114s3,CASP15,7UTD,A,4,516,1,535,535,535,omegafold,1,results/casp15_casp16_unique_lt1000_all_default_20260529_182536/sequences/T1114s3.fasta,results/casp15_casp16_unique_lt1000_all_default_20260529_182536/predictions/T1114s3/omegafold,results/casp15_casp16_unique_lt1000_all_default_20260529_182536/predictions/T1114s3/omegafold/rank_001.pdb,results/casp15_casp16_unique_lt1000_all_default_20260529_182536/predictions/T1114s3/omegafold/rank_001.pdb,true,0,,,,results/casp15_casp16_unique_lt1000_all_default_20260529_182536/logs/T1114s3_omegafold.log,,skipped existing success,Check,Check,multiple equivalent chains match,1.000000,0.958879,0.998051,512,513,high,mapped from mmCIF atom_site CA records; 1 aligned positions lack resolved CA atoms,All groups,A1,"A0QUM5, A0QUM6, A0QUM7 PDB code 7utd"
T1114s3,T1114s3,CASP15,7UTD,A,4,516,1,535,535,535,openfold,1,results/casp15_casp16_unique_lt1000_all_default_20260529_182536/sequences/T1114s3.fasta,results/casp15_casp16_unique_lt1000_all_default_20260529_182536/predictions/T1114s3/openfold,results/casp15_casp16_unique_lt1000_all_default_20260529_182536/predictions/T1114s3/openfold/rank_001.pdb,results/casp15_casp16_unique_lt1000_all_default_20260529_182536/predictions/T1114s3/openfold/rank_001.pdb,true,0,,,,results/casp15_casp16_unique_lt1000_all_default_20260529_182536/logs/T1114s3_openfold.log,,skipped existing success,Check,Check,multiple equivalent chains match,1.000000,0.958879,0.998051,512,513,high,mapped from mmCIF atom_site CA records; 1 aligned positions lack resolved CA atoms,All groups,A1,"A0QUM5, A0QUM6, A0QUM7 PDB code 7utd"
T1120,T1120,CASP15,7QVB,B,4,231,1,235,235,235,boltz,1,results/casp15_casp16_unique_lt1000_all_default_20260529_182536/sequences/T1120.fasta,results/casp15_casp16_unique_lt1000_all_default_20260529_182536/predictions/T1120/boltz,results/casp15_casp16_unique_lt1000_all_default_20260529_182536/predictions/T1120/boltz/rank_001.pdb,results/casp15_casp16_unique_lt1000_all_default_20260529_182536/predictions/T1120/boltz/rank_001.pdb,true,0,,,,results/casp15_casp16_unique_lt1000_all_default_20260529_182536/logs/T1120_boltz.log,,skipped existing success,Check,Check,multiple equivalent chains match,1.000000,1.000000,0.970213,228,235,high,mapped from mmCIF atom_site CA records; 7 aligned positions lack resolved CA atoms,All groups,A1,DdrC PDB code 7qvb
T1120,T1120,CASP15,7QVB,B,4,231,1,235,235,235,boltz2,1,results/casp15_casp16_unique_lt1000_all_default_20260529_182536/sequences/T1120.fasta,results/casp15_casp16_unique_lt1000_all_default_20260529_182536/predictions/T1120/boltz2,results/casp15_casp16_unique_lt1000_all_default_20260529_182536/predictions/T1120/boltz2/rank_001.pdb,results/casp15_casp16_unique_lt1000_all_default_20260529_182536/predictions/T1120/boltz2/rank_001.pdb,true,0,,,,results/casp15_casp16_unique_lt1000_all_default_20260529_182536/logs/T1120_boltz2.log,,skipped existing success,Check,Check,multiple equivalent chains match,1.000000,1.000000,0.970213,228,235,high,mapped from mmCIF atom_site CA records; 7 aligned positions lack resolved CA atoms,All groups,A1,DdrC PDB code 7qvb
T1120,T1120,CASP15,7QVB,B,4,231,1,235,235,235,chai1,1,results/casp15_casp16_unique_lt1000_all_default_20260529_182536/sequences/T1120.fasta,results/casp15_casp16_unique_lt1000_all_default_20260529_182536/predictions/T1120/chai1,results/casp15_casp16_unique_lt1000_all_default_20260529_182536/predictions/T1120/chai1/rank_001.pdb,results/casp15_casp16_unique_lt1000_all_default_20260529_182536/predictions/T1120/chai1/rank_001.pdb,true,0,,,,results/casp15_casp16_unique_lt1000_all_default_20260529_182536/logs/T1120_chai1.log,,skipped existing success,Check,Check,multiple equivalent chains match,1.000000,1.000000,0.970213,228,235,high,mapped from mmCIF atom_site CA records; 7 aligned positions lack resolved CA atoms,All groups,A1,DdrC PDB code 7qvb
T1120,T1120,CASP15,7QVB,B,4,231,1,235,235,235,colabfold,1,results/casp15_casp16_unique_lt1000_all_default_20260529_182536/sequences/T1120.fasta,results/casp15_casp16_unique_lt1000_all_default_20260529_182536/predictions/T1120/colabfold,results/casp15_casp16_unique_lt1000_all_default_20260529_182536/predictions/T1120/colabfold/rank_001.pdb,results/casp15_casp16_unique_lt1000_all_default_20260529_182536/predictions/T1120/colabfold/rank_001.pdb,true,0,,,,results/casp15_casp16_unique_lt1000_all_default_20260529_182536/logs/T1120_colabfold.log,,skipped existing success,Check,Check,multiple equivalent chains match,1.000000,1.000000,0.970213,228,235,high,mapped from mmCIF atom_site CA records; 7 aligned positions lack resolved CA atoms,All groups,A1,DdrC PDB code 7qvb
T1120,T1120,CASP15,7QVB,B,4,231,1,235,235,235,esmfold,1,results/casp15_casp16_unique_lt1000_all_default_20260529_182536/sequences/T1120.fasta,results/casp15_casp16_unique_lt1000_all_default_20260529_182536/predictions/T1120/esmfold,results/casp15_casp16_unique_lt1000_all_default_20260529_182536/predictions/T1120/esmfold/rank_001.pdb,results/casp15_casp16_unique_lt1000_all_default_20260529_182536/predictions/T1120/esmfold/rank_001.pdb,true,0,,,,results/casp15_casp16_unique_lt1000_all_default_20260529_182536/logs/T1120_esmfold.log,,skipped existing success,Check,Check,multiple equivalent chains match,1.000000,1.000000,0.970213,228,235,high,mapped from mmCIF atom_site CA records; 7 aligned positions lack resolved CA atoms,All groups,A1,DdrC PDB code 7qvb
T1120,T1120,CASP15,7QVB,B,4,231,1,235,235,235,omegafold,1,results/casp15_casp16_unique_lt1000_all_default_20260529_182536/sequences/T1120.fasta,results/casp15_casp16_unique_lt1000_all_default_20260529_182536/predictions/T1120/omegafold,results/casp15_casp16_unique_lt1000_all_default_20260529_182536/predictions/T1120/omegafold/rank_001.pdb,results/casp15_casp16_unique_lt1000_all_default_20260529_182536/predictions/T1120/omegafold/rank_001.pdb,true,0,,,,results/casp15_casp16_unique_lt1000_all_default_20260529_182536/logs/T1120_omegafold.log,,skipped existing success,Check,Check,multiple equivalent chains match,1.000000,1.000000,0.970213,228,235,high,mapped from mmCIF atom_site CA records; 7 aligned positions lack resolved CA atoms,All groups,A1,DdrC PDB code 7qvb
T1120,T1120,CASP15,7QVB,B,4,231,1,235,235,235,openfold,1,results/casp15_casp16_unique_lt1000_all_default_20260529_182536/sequences/T1120.fasta,results/casp15_casp16_unique_lt1000_all_default_20260529_182536/predictions/T1120/openfold,results/casp15_casp16_unique_lt1000_all_default_20260529_182536/predictions/T1120/openfold/rank_001.pdb,results/casp15_casp16_unique_lt1000_all_default_20260529_182536/predictions/T1120/openfold/rank_001.pdb,true,0,,,,results/casp15_casp16_unique_lt1000_all_default_20260529_182536/logs/T1120_openfold.log,,skipped existing success,Check,Check,multiple equivalent chains match,1.000000,1.000000,0.970213,228,235,high,mapped from mmCIF atom_site CA records; 7 aligned positions lack resolved CA atoms,All groups,A1,DdrC PDB code 7qvb
T1122,T1122,CASP15,8BBT,A,4,237,1,241,241,241,boltz,1,results/casp15_casp16_unique_lt1000_all_default_20260529_182536/sequences/T1122.fasta,results/casp15_casp16_unique_lt1000_all_default_20260529_182536/predictions/T1122/boltz,results/casp15_casp16_unique_lt1000_all_default_20260529_182536/predictions/T1122/boltz/rank_001.pdb,results/casp15_casp16_unique_lt1000_all_default_20260529_182536/predictions/T1122/boltz/rank_001.pdb,true,0,,,,results/casp15_casp16_unique_lt1000_all_default_20260529_182536/logs/T1122_boltz.log,,skipped existing success,Yes,Yes,prefiltered A1 protein target with mapped residue range,1.000000,1.000000,0.954357,230,241,high,mapped from mmCIF atom_site CA records; 11 aligned positions lack resolved CA atoms,All groups,A1,A0A0B4VFQ3 PDB code 8bbt
T1122,T1122,CASP15,8BBT,A,4,237,1,241,241,241,boltz2,1,results/casp15_casp16_unique_lt1000_all_default_20260529_182536/sequences/T1122.fasta,results/casp15_casp16_unique_lt1000_all_default_20260529_182536/predictions/T1122/boltz2,results/casp15_casp16_unique_lt1000_all_default_20260529_182536/predictions/T1122/boltz2/rank_001.pdb,results/casp15_casp16_unique_lt1000_all_default_20260529_182536/predictions/T1122/boltz2/rank_001.pdb,true,0,,,,results/casp15_casp16_unique_lt1000_all_default_20260529_182536/logs/T1122_boltz2.log,,skipped existing success,Yes,Yes,prefiltered A1 protein target with mapped residue range,1.000000,1.000000,0.954357,230,241,high,mapped from mmCIF atom_site CA records; 11 aligned positions lack resolved CA atoms,All groups,A1,A0A0B4VFQ3 PDB code 8bbt
T1122,T1122,CASP15,8BBT,A,4,237,1,241,241,241,chai1,1,results/casp15_casp16_unique_lt1000_all_default_20260529_182536/sequences/T1122.fasta,results/casp15_casp16_unique_lt1000_all_default_20260529_182536/predictions/T1122/chai1,results/casp15_casp16_unique_lt1000_all_default_20260529_182536/predictions/T1122/chai1/rank_001.pdb,results/casp15_casp16_unique_lt1000_all_default_20260529_182536/predictions/T1122/chai1/rank_001.pdb,true,0,,,,results/casp15_casp16_unique_lt1000_all_default_20260529_182536/logs/T1122_chai1.log,,skipped existing success,Yes,Yes,prefiltered A1 protein target with mapped residue range,1.000000,1.000000,0.954357,230,241,high,mapped from mmCIF atom_site CA records; 11 aligned positions lack resolved CA atoms,All groups,A1,A0A0B4VFQ3 PDB code 8bbt
T1122,T1122,CASP15,8BBT,A,4,237,1,241,241,241,colabfold,1,results/casp15_casp16_unique_lt1000_all_default_20260529_182536/sequences/T1122.fasta,results/casp15_casp16_unique_lt1000_all_default_20260529_182536/predictions/T1122/colabfold,results/casp15_casp16_unique_lt1000_all_default_20260529_182536/predictions/T1122/colabfold/rank_001.pdb,results/casp15_casp16_unique_lt1000_all_default_20260529_182536/predictions/T1122/colabfold/rank_001.pdb,true,0,,,,results/casp15_casp16_unique_lt1000_all_default_20260529_182536/logs/T1122_colabfold.log,,skipped existing success,Yes,Yes,prefiltered A1 protein target with mapped residue range,1.000000,1.000000,0.954357,230,241,high,mapped from mmCIF atom_site CA records; 11 aligned positions lack resolved CA atoms,All groups,A1,A0A0B4VFQ3 PDB code 8bbt
T1122,T1122,CASP15,8BBT,A,4,237,1,241,241,241,esmfold,1,results/casp15_casp16_unique_lt1000_all_default_20260529_182536/sequences/T1122.fasta,results/casp15_casp16_unique_lt1000_all_default_20260529_182536/predictions/T1122/esmfold,results/casp15_casp16_unique_lt1000_all_default_20260529_182536/predictions/T1122/esmfold/rank_001.pdb,results/casp15_casp16_unique_lt1000_all_default_20260529_182536/predictions/T1122/esmfold/rank_001.pdb,true,0,,,,results/casp15_casp16_unique_lt1000_all_default_20260529_182536/logs/T1122_esmfold.log,,skipped existing success,Yes,Yes,prefiltered A1 protein target with mapped residue range,1.000000,1.000000,0.954357,230,241,high,mapped from mmCIF atom_site CA records; 11 aligned positions lack resolved CA atoms,All groups,A1,A0A0B4VFQ3 PDB code 8bbt
T1122,T1122,CASP15,8BBT,A,4,237,1,241,241,241,omegafold,1,results/casp15_casp16_unique_lt1000_all_default_20260529_182536/sequences/T1122.fasta,results/casp15_casp16_unique_lt1000_all_default_20260529_182536/predictions/T1122/omegafold,results/casp15_casp16_unique_lt1000_all_default_20260529_182536/predictions/T1122/omegafold/rank_001.pdb,results/casp15_casp16_unique_lt1000_all_default_20260529_182536/predictions/T1122/omegafold/rank_001.pdb,true,0,,,,results/casp15_casp16_unique_lt1000_all_default_20260529_182536/logs/T1122_omegafold.log,,skipped existing success,Yes,Yes,prefiltered A1 protein target with mapped residue range,1.000000,1.000000,0.954357,230,241,high,mapped from mmCIF atom_site CA records; 11 aligned positions lack resolved CA atoms,All groups,A1,A0A0B4VFQ3 PDB code 8bbt
T1122,T1122,CASP15,8BBT,A,4,237,1,241,241,241,openfold,1,results/casp15_casp16_unique_lt1000_all_default_20260529_182536/sequences/T1122.fasta,results/casp15_casp16_unique_lt1000_all_default_20260529_182536/predictions/T1122/openfold,results/casp15_casp16_unique_lt1000_all_default_20260529_182536/predictions/T1122/openfold/rank_001.pdb,results/casp15_casp16_unique_lt1000_all_default_20260529_182536/predictions/T1122/openfold/rank_001.pdb,true,0,,,,results/casp15_casp16_unique_lt1000_all_default_20260529_182536/logs/T1122_openfold.log,,skipped existing success,Yes,Yes,prefiltered A1 protein target with mapped residue range,1.000000,1.000000,0.954357,230,241,high,mapped from mmCIF atom_site CA records; 11 aligned positions lack resolved CA atoms,All groups,A1,A0A0B4VFQ3 PDB code 8bbt
T1129s2,T1129s2,CASP15,8A8C,B,41,640,1,640,640,640,boltz,1,results/casp15_casp16_unique_lt1000_all_default_20260529_182536/sequences/T1129s2.fasta,results/casp15_casp16_unique_lt1000_all_default_20260529_182536/predictions/T1129s2/boltz,results/casp15_casp16_unique_lt1000_all_default_20260529_182536/predictions/T1129s2/boltz/rank_001.pdb,results/casp15_casp16_unique_lt1000_all_default_20260529_182536/predictions/T1129s2/boltz/rank_001.pdb,pending,,,,,results/casp15_casp16_unique_lt1000_all_default_20260529_182536/logs/T1129s2_boltz.log,,,Yes,Yes,prefiltered A1 protein target with mapped residue range,1.000000,1.000000,0.825000,528,640,high,mapped from mmCIF atom_site CA records; 112 aligned positions lack resolved CA atoms,All groups,A1,P06971; P23207 PDB code 8a8c
T1129s2,T1129s2,CASP15,8A8C,B,41,640,1,640,640,640,boltz2,1,results/casp15_casp16_unique_lt1000_all_default_20260529_182536/sequences/T1129s2.fasta,results/casp15_casp16_unique_lt1000_all_default_20260529_182536/predictions/T1129s2/boltz2,results/casp15_casp16_unique_lt1000_all_default_20260529_182536/predictions/T1129s2/boltz2/rank_001.pdb,results/casp15_casp16_unique_lt1000_all_default_20260529_182536/predictions/T1129s2/boltz2/rank_001.pdb,pending,,,,,results/casp15_casp16_unique_lt1000_all_default_20260529_182536/logs/T1129s2_boltz2.log,,,Yes,Yes,prefiltered A1 protein target with mapped residue range,1.000000,1.000000,0.825000,528,640,high,mapped from mmCIF atom_site CA records; 112 aligned positions lack resolved CA atoms,All groups,A1,P06971; P23207 PDB code 8a8c
T1129s2,T1129s2,CASP15,8A8C,B,41,640,1,640,640,640,chai1,1,results/casp15_casp16_unique_lt1000_all_default_20260529_182536/sequences/T1129s2.fasta,results/casp15_casp16_unique_lt1000_all_default_20260529_182536/predictions/T1129s2/chai1,results/casp15_casp16_unique_lt1000_all_default_20260529_182536/predictions/T1129s2/chai1/rank_001.pdb,results/casp15_casp16_unique_lt1000_all_default_20260529_182536/predictions/T1129s2/chai1/rank_001.pdb,pending,,,,,results/casp15_casp16_unique_lt1000_all_default_20260529_182536/logs/T1129s2_chai1.log,,,Yes,Yes,prefiltered A1 protein target with mapped residue range,1.000000,1.000000,0.825000,528,640,high,mapped from mmCIF atom_site CA records; 112 aligned positions lack resolved CA atoms,All groups,A1,P06971; P23207 PDB code 8a8c
T1129s2,T1129s2,CASP15,8A8C,B,41,640,1,640,640,640,colabfold,1,results/casp15_casp16_unique_lt1000_all_default_20260529_182536/sequences/T1129s2.fasta,results/casp15_casp16_unique_lt1000_all_default_20260529_182536/predictions/T1129s2/colabfold,results/casp15_casp16_unique_lt1000_all_default_20260529_182536/predictions/T1129s2/colabfold/rank_001.pdb,results/casp15_casp16_unique_lt1000_all_default_20260529_182536/predictions/T1129s2/colabfold/rank_001.pdb,pending,,,,,results/casp15_casp16_unique_lt1000_all_default_20260529_182536/logs/T1129s2_colabfold.log,,,Yes,Yes,prefiltered A1 protein target with mapped residue range,1.000000,1.000000,0.825000,528,640,high,mapped from mmCIF atom_site CA records; 112 aligned positions lack resolved CA atoms,All groups,A1,P06971; P23207 PDB code 8a8c
T1129s2,T1129s2,CASP15,8A8C,B,41,640,1,640,640,640,esmfold,1,results/casp15_casp16_unique_lt1000_all_default_20260529_182536/sequences/T1129s2.fasta,results/casp15_casp16_unique_lt1000_all_default_20260529_182536/predictions/T1129s2/esmfold,results/casp15_casp16_unique_lt1000_all_default_20260529_182536/predictions/T1129s2/esmfold/rank_001.pdb,results/casp15_casp16_unique_lt1000_all_default_20260529_182536/predictions/T1129s2/esmfold/rank_001.pdb,pending,,,,,results/casp15_casp16_unique_lt1000_all_default_20260529_182536/logs/T1129s2_esmfold.log,,,Yes,Yes,prefiltered A1 protein target with mapped residue range,1.000000,1.000000,0.825000,528,640,high,mapped from mmCIF atom_site CA records; 112 aligned positions lack resolved CA atoms,All groups,A1,P06971; P23207 PDB code 8a8c
T1129s2,T1129s2,CASP15,8A8C,B,41,640,1,640,640,640,omegafold,1,results/casp15_casp16_unique_lt1000_all_default_20260529_182536/sequences/T1129s2.fasta,results/casp15_casp16_unique_lt1000_all_default_20260529_182536/predictions/T1129s2/omegafold,results/casp15_casp16_unique_lt1000_all_default_20260529_182536/predictions/T1129s2/omegafold/rank_001.pdb,results/casp15_casp16_unique_lt1000_all_default_20260529_182536/predictions/T1129s2/omegafold/rank_001.pdb,pending,,,,,results/casp15_casp16_unique_lt1000_all_default_20260529_182536/logs/T1129s2_omegafold.log,,,Yes,Yes,prefiltered A1 protein target with mapped residue range,1.000000,1.000000,0.825000,528,640,high,mapped from mmCIF atom_site CA records; 112 aligned positions lack resolved CA atoms,All groups,A1,P06971; P23207 PDB code 8a8c
T1129s2,T1129s2,CASP15,8A8C,B,41,640,1,640,640,640,openfold,1,results/casp15_casp16_unique_lt1000_all_default_20260529_182536/sequences/T1129s2.fasta,results/casp15_casp16_unique_lt1000_all_default_20260529_182536/predictions/T1129s2/openfold,results/casp15_casp16_unique_lt1000_all_default_20260529_182536/predictions/T1129s2/openfold/rank_001.pdb,results/casp15_casp16_unique_lt1000_all_default_20260529_182536/predictions/T1129s2/openfold/rank_001.pdb,pending,,,,,results/casp15_casp16_unique_lt1000_all_default_20260529_182536/logs/T1129s2_openfold.log,,,Yes,Yes,prefiltered A1 protein target with mapped residue range,1.000000,1.000000,0.825000,528,640,high,mapped from mmCIF atom_site CA records; 112 aligned positions lack resolved CA atoms,All groups,A1,P06971; P23207 PDB code 8a8c
T1133,T1133,CASP15,8DYS,A,4,427,1,585,585,585,boltz,1,results/casp15_casp16_unique_lt1000_all_default_20260529_182536/sequences/T1133.fasta,results/casp15_casp16_unique_lt1000_all_default_20260529_182536/predictions/T1133/boltz,results/casp15_casp16_unique_lt1000_all_default_20260529_182536/predictions/T1133/boltz/rank_001.pdb,results/casp15_casp16_unique_lt1000_all_default_20260529_182536/predictions/T1133/boltz/rank_001.pdb,pending,,,,,results/casp15_casp16_unique_lt1000_all_default_20260529_182536/logs/T1133_boltz.log,,,Check,Check,reference coverage below threshold 0.699,1.000000,1.000000,0.699145,409,585,high,mapped from mmCIF atom_site CA records; 176 aligned positions lack resolved CA atoms,All groups,A1,Q9BY44 PDB code 8dys
T1133,T1133,CASP15,8DYS,A,4,427,1,585,585,585,boltz2,1,results/casp15_casp16_unique_lt1000_all_default_20260529_182536/sequences/T1133.fasta,results/casp15_casp16_unique_lt1000_all_default_20260529_182536/predictions/T1133/boltz2,results/casp15_casp16_unique_lt1000_all_default_20260529_182536/predictions/T1133/boltz2/rank_001.pdb,results/casp15_casp16_unique_lt1000_all_default_20260529_182536/predictions/T1133/boltz2/rank_001.pdb,pending,,,,,results/casp15_casp16_unique_lt1000_all_default_20260529_182536/logs/T1133_boltz2.log,,,Check,Check,reference coverage below threshold 0.699,1.000000,1.000000,0.699145,409,585,high,mapped from mmCIF atom_site CA records; 176 aligned positions lack resolved CA atoms,All groups,A1,Q9BY44 PDB code 8dys
T1133,T1133,CASP15,8DYS,A,4,427,1,585,585,585,chai1,1,results/casp15_casp16_unique_lt1000_all_default_20260529_182536/sequences/T1133.fasta,results/casp15_casp16_unique_lt1000_all_default_20260529_182536/predictions/T1133/chai1,results/casp15_casp16_unique_lt1000_all_default_20260529_182536/predictions/T1133/chai1/rank_001.pdb,results/casp15_casp16_unique_lt1000_all_default_20260529_182536/predictions/T1133/chai1/rank_001.pdb,pending,,,,,results/casp15_casp16_unique_lt1000_all_default_20260529_182536/logs/T1133_chai1.log,,,Check,Check,reference coverage below threshold 0.699,1.000000,1.000000,0.699145,409,585,high,mapped from mmCIF atom_site CA records; 176 aligned positions lack resolved CA atoms,All groups,A1,Q9BY44 PDB code 8dys
T1133,T1133,CASP15,8DYS,A,4,427,1,585,585,585,colabfold,1,results/casp15_casp16_unique_lt1000_all_default_20260529_182536/sequences/T1133.fasta,results/casp15_casp16_unique_lt1000_all_default_20260529_182536/predictions/T1133/colabfold,results/casp15_casp16_unique_lt1000_all_default_20260529_182536/predictions/T1133/colabfold/rank_001.pdb,results/casp15_casp16_unique_lt1000_all_default_20260529_182536/predictions/T1133/colabfold/rank_001.pdb,pending,,,,,results/casp15_casp16_unique_lt1000_all_default_20260529_182536/logs/T1133_colabfold.log,,,Check,Check,reference coverage below threshold 0.699,1.000000,1.000000,0.699145,409,585,high,mapped from mmCIF atom_site CA records; 176 aligned positions lack resolved CA atoms,All groups,A1,Q9BY44 PDB code 8dys
T1133,T1133,CASP15,8DYS,A,4,427,1,585,585,585,esmfold,1,results/casp15_casp16_unique_lt1000_all_default_20260529_182536/sequences/T1133.fasta,results/casp15_casp16_unique_lt1000_all_default_20260529_182536/predictions/T1133/esmfold,results/casp15_casp16_unique_lt1000_all_default_20260529_182536/predictions/T1133/esmfold/rank_001.pdb,results/casp15_casp16_unique_lt1000_all_default_20260529_182536/predictions/T1133/esmfold/rank_001.pdb,pending,,,,,results/casp15_casp16_unique_lt1000_all_default_20260529_182536/logs/T1133_esmfold.log,,,Check,Check,reference coverage below threshold 0.699,1.000000,1.000000,0.699145,409,585,high,mapped from mmCIF atom_site CA records; 176 aligned positions lack resolved CA atoms,All groups,A1,Q9BY44 PDB code 8dys
T1133,T1133,CASP15,8DYS,A,4,427,1,585,585,585,omegafold,1,results/casp15_casp16_unique_lt1000_all_default_20260529_182536/sequences/T1133.fasta,results/casp15_casp16_unique_lt1000_all_default_20260529_182536/predictions/T1133/omegafold,results/casp15_casp16_unique_lt1000_all_default_20260529_182536/predictions/T1133/omegafold/rank_001.pdb,results/casp15_casp16_unique_lt1000_all_default_20260529_182536/predictions/T1133/omegafold/rank_001.pdb,pending,,,,,results/casp15_casp16_unique_lt1000_all_default_20260529_182536/logs/T1133_omegafold.log,,,Check,Check,reference coverage below threshold 0.699,1.000000,1.000000,0.699145,409,585,high,mapped from mmCIF atom_site CA records; 176 aligned positions lack resolved CA atoms,All groups,A1,Q9BY44 PDB code 8dys
T1133,T1133,CASP15,8DYS,A,4,427,1,585,585,585,openfold,1,results/casp15_casp16_unique_lt1000_all_default_20260529_182536/sequences/T1133.fasta,results/casp15_casp16_unique_lt1000_all_default_20260529_182536/predictions/T1133/openfold,results/casp15_casp16_unique_lt1000_all_default_20260529_182536/predictions/T1133/openfold/rank_001.pdb,results/casp15_casp16_unique_lt1000_all_default_20260529_182536/predictions/T1133/openfold/rank_001.pdb,pending,,,,,results/casp15_casp16_unique_lt1000_all_default_20260529_182536/logs/T1133_openfold.log,,,Check,Check,reference coverage below threshold 0.699,1.000000,1.000000,0.699145,409,585,high,mapped from mmCIF atom_site CA records; 176 aligned positions lack resolved CA atoms,All groups,A1,Q9BY44 PDB code 8dys
T1134s1,T1134s1,CASP15,7UBZ,A,1,230,1,230,230,230,boltz,1,results/casp15_casp16_unique_lt1000_all_default_20260529_182536/sequences/T1134s1.fasta,results/casp15_casp16_unique_lt1000_all_default_20260529_182536/predictions/T1134s1/boltz,results/casp15_casp16_unique_lt1000_all_default_20260529_182536/predictions/T1134s1/boltz/rank_001.pdb,results/casp15_casp16_unique_lt1000_all_default_20260529_182536/predictions/T1134s1/boltz/rank_001.pdb,pending,,,,,results/casp15_casp16_unique_lt1000_all_default_20260529_182536/logs/T1134s1_boltz.log,,,Check,Check,multiple equivalent chains match,1.000000,1.000000,1.000000,230,230,high,mapped from mmCIF atom_site CA records,All groups,A1,"TleTli or WP_062934778.1, WP_013096194 PDB code 7ubz"
T1134s1,T1134s1,CASP15,7UBZ,A,1,230,1,230,230,230,boltz2,1,results/casp15_casp16_unique_lt1000_all_default_20260529_182536/sequences/T1134s1.fasta,results/casp15_casp16_unique_lt1000_all_default_20260529_182536/predictions/T1134s1/boltz2,results/casp15_casp16_unique_lt1000_all_default_20260529_182536/predictions/T1134s1/boltz2/rank_001.pdb,results/casp15_casp16_unique_lt1000_all_default_20260529_182536/predictions/T1134s1/boltz2/rank_001.pdb,pending,,,,,results/casp15_casp16_unique_lt1000_all_default_20260529_182536/logs/T1134s1_boltz2.log,,,Check,Check,multiple equivalent chains match,1.000000,1.000000,1.000000,230,230,high,mapped from mmCIF atom_site CA records,All groups,A1,"TleTli or WP_062934778.1, WP_013096194 PDB code 7ubz"
T1134s1,T1134s1,CASP15,7UBZ,A,1,230,1,230,230,230,chai1,1,results/casp15_casp16_unique_lt1000_all_default_20260529_182536/sequences/T1134s1.fasta,results/casp15_casp16_unique_lt1000_all_default_20260529_182536/predictions/T1134s1/chai1,results/casp15_casp16_unique_lt1000_all_default_20260529_182536/predictions/T1134s1/chai1/rank_001.pdb,results/casp15_casp16_unique_lt1000_all_default_20260529_182536/predictions/T1134s1/chai1/rank_001.pdb,pending,,,,,results/casp15_casp16_unique_lt1000_all_default_20260529_182536/logs/T1134s1_chai1.log,,,Check,Check,multiple equivalent chains match,1.000000,1.000000,1.000000,230,230,high,mapped from mmCIF atom_site CA records,All groups,A1,"TleTli or WP_062934778.1, WP_013096194 PDB code 7ubz"
T1134s1,T1134s1,CASP15,7UBZ,A,1,230,1,230,230,230,colabfold,1,results/casp15_casp16_unique_lt1000_all_default_20260529_182536/sequences/T1134s1.fasta,results/casp15_casp16_unique_lt1000_all_default_20260529_182536/predictions/T1134s1/colabfold,results/casp15_casp16_unique_lt1000_all_default_20260529_182536/predictions/T1134s1/colabfold/rank_001.pdb,results/casp15_casp16_unique_lt1000_all_default_20260529_182536/predictions/T1134s1/colabfold/rank_001.pdb,pending,,,,,results/casp15_casp16_unique_lt1000_all_default_20260529_182536/logs/T1134s1_colabfold.log,,,Check,Check,multiple equivalent chains match,1.000000,1.000000,1.000000,230,230,high,mapped from mmCIF atom_site CA records,All groups,A1,"TleTli or WP_062934778.1, WP_013096194 PDB code 7ubz"
T1134s1,T1134s1,CASP15,7UBZ,A,1,230,1,230,230,230,esmfold,1,results/casp15_casp16_unique_lt1000_all_default_20260529_182536/sequences/T1134s1.fasta,results/casp15_casp16_unique_lt1000_all_default_20260529_182536/predictions/T1134s1/esmfold,results/casp15_casp16_unique_lt1000_all_default_20260529_182536/predictions/T1134s1/esmfold/rank_001.pdb,results/casp15_casp16_unique_lt1000_all_default_20260529_182536/predictions/T1134s1/esmfold/rank_001.pdb,pending,,,,,results/casp15_casp16_unique_lt1000_all_default_20260529_182536/logs/T1134s1_esmfold.log,,,Check,Check,multiple equivalent chains match,1.000000,1.000000,1.000000,230,230,high,mapped from mmCIF atom_site CA records,All groups,A1,"TleTli or WP_062934778.1, WP_013096194 PDB code 7ubz"
T1134s1,T1134s1,CASP15,7UBZ,A,1,230,1,230,230,230,omegafold,1,results/casp15_casp16_unique_lt1000_all_default_20260529_182536/sequences/T1134s1.fasta,results/casp15_casp16_unique_lt1000_all_default_20260529_182536/predictions/T1134s1/omegafold,results/casp15_casp16_unique_lt1000_all_default_20260529_182536/predictions/T1134s1/omegafold/rank_001.pdb,results/casp15_casp16_unique_lt1000_all_default_20260529_182536/predictions/T1134s1/omegafold/rank_001.pdb,pending,,,,,results/casp15_casp16_unique_lt1000_all_default_20260529_182536/logs/T1134s1_omegafold.log,,,Check,Check,multiple equivalent chains match,1.000000,1.000000,1.000000,230,230,high,mapped from mmCIF atom_site CA records,All groups,A1,"TleTli or WP_062934778.1, WP_013096194 PDB code 7ubz"
T1134s1,T1134s1,CASP15,7UBZ,A,1,230,1,230,230,230,openfold,1,results/casp15_casp16_unique_lt1000_all_default_20260529_182536/sequences/T1134s1.fasta,results/casp15_casp16_unique_lt1000_all_default_20260529_182536/predictions/T1134s1/openfold,results/casp15_casp16_unique_lt1000_all_default_20260529_182536/predictions/T1134s1/openfold/rank_001.pdb,results/casp15_casp16_unique_lt1000_all_default_20260529_182536/predictions/T1134s1/openfold/rank_001.pdb,pending,,,,,results/casp15_casp16_unique_lt1000_all_default_20260529_182536/logs/T1134s1_openfold.log,,,Check,Check,multiple equivalent chains match,1.000000,1.000000,1.000000,230,230,high,mapped from mmCIF atom_site CA records,All groups,A1,"TleTli or WP_062934778.1, WP_013096194 PDB code 7ubz"
T1134s2,T1134s2,CASP15,7UBZ,D,168,472,1,313,313,313,boltz,1,results/casp15_casp16_unique_lt1000_all_default_20260529_182536/sequences/T1134s2.fasta,results/casp15_casp16_unique_lt1000_all_default_20260529_182536/predictions/T1134s2/boltz,results/casp15_casp16_unique_lt1000_all_default_20260529_182536/predictions/T1134s2/boltz/rank_001.pdb,results/casp15_casp16_unique_lt1000_all_default_20260529_182536/predictions/T1134s2/boltz/rank_001.pdb,pending,,,,,results/casp15_casp16_unique_lt1000_all_default_20260529_182536/logs/T1134s2_boltz.log,,,Check,Check,reference coverage below threshold 0.645; multiple equivalent chains match,1.000000,1.000000,0.645367,202,313,high,mapped from mmCIF atom_site CA records; 111 aligned positions lack resolved CA atoms,All groups,A1,"TleTli or WP_062934778.1, WP_013096194 PDB code 7ubz"
T1134s2,T1134s2,CASP15,7UBZ,D,168,472,1,313,313,313,boltz2,1,results/casp15_casp16_unique_lt1000_all_default_20260529_182536/sequences/T1134s2.fasta,results/casp15_casp16_unique_lt1000_all_default_20260529_182536/predictions/T1134s2/boltz2,results/casp15_casp16_unique_lt1000_all_default_20260529_182536/predictions/T1134s2/boltz2/rank_001.pdb,results/casp15_casp16_unique_lt1000_all_default_20260529_182536/predictions/T1134s2/boltz2/rank_001.pdb,pending,,,,,results/casp15_casp16_unique_lt1000_all_default_20260529_182536/logs/T1134s2_boltz2.log,,,Check,Check,reference coverage below threshold 0.645; multiple equivalent chains match,1.000000,1.000000,0.645367,202,313,high,mapped from mmCIF atom_site CA records; 111 aligned positions lack resolved CA atoms,All groups,A1,"TleTli or WP_062934778.1, WP_013096194 PDB code 7ubz"
T1134s2,T1134s2,CASP15,7UBZ,D,168,472,1,313,313,313,chai1,1,results/casp15_casp16_unique_lt1000_all_default_20260529_182536/sequences/T1134s2.fasta,results/casp15_casp16_unique_lt1000_all_default_20260529_182536/predictions/T1134s2/chai1,results/casp15_casp16_unique_lt1000_all_default_20260529_182536/predictions/T1134s2/chai1/rank_001.pdb,results/casp15_casp16_unique_lt1000_all_default_20260529_182536/predictions/T1134s2/chai1/rank_001.pdb,pending,,,,,results/casp15_casp16_unique_lt1000_all_default_20260529_182536/logs/T1134s2_chai1.log,,,Check,Check,reference coverage below threshold 0.645; multiple equivalent chains match,1.000000,1.000000,0.645367,202,313,high,mapped from mmCIF atom_site CA records; 111 aligned positions lack resolved CA atoms,All groups,A1,"TleTli or WP_062934778.1, WP_013096194 PDB code 7ubz"
T1134s2,T1134s2,CASP15,7UBZ,D,168,472,1,313,313,313,colabfold,1,results/casp15_casp16_unique_lt1000_all_default_20260529_182536/sequences/T1134s2.fasta,results/casp15_casp16_unique_lt1000_all_default_20260529_182536/predictions/T1134s2/colabfold,results/casp15_casp16_unique_lt1000_all_default_20260529_182536/predictions/T1134s2/colabfold/rank_001.pdb,results/casp15_casp16_unique_lt1000_all_default_20260529_182536/predictions/T1134s2/colabfold/rank_001.pdb,pending,,,,,results/casp15_casp16_unique_lt1000_all_default_20260529_182536/logs/T1134s2_colabfold.log,,,Check,Check,reference coverage below threshold 0.645; multiple equivalent chains match,1.000000,1.000000,0.645367,202,313,high,mapped from mmCIF atom_site CA records; 111 aligned positions lack resolved CA atoms,All groups,A1,"TleTli or WP_062934778.1, WP_013096194 PDB code 7ubz"
T1134s2,T1134s2,CASP15,7UBZ,D,168,472,1,313,313,313,esmfold,1,results/casp15_casp16_unique_lt1000_all_default_20260529_182536/sequences/T1134s2.fasta,results/casp15_casp16_unique_lt1000_all_default_20260529_182536/predictions/T1134s2/esmfold,results/casp15_casp16_unique_lt1000_all_default_20260529_182536/predictions/T1134s2/esmfold/rank_001.pdb,results/casp15_casp16_unique_lt1000_all_default_20260529_182536/predictions/T1134s2/esmfold/rank_001.pdb,pending,,,,,results/casp15_casp16_unique_lt1000_all_default_20260529_182536/logs/T1134s2_esmfold.log,,,Check,Check,reference coverage below threshold 0.645; multiple equivalent chains match,1.000000,1.000000,0.645367,202,313,high,mapped from mmCIF atom_site CA records; 111 aligned positions lack resolved CA atoms,All groups,A1,"TleTli or WP_062934778.1, WP_013096194 PDB code 7ubz"
T1134s2,T1134s2,CASP15,7UBZ,D,168,472,1,313,313,313,omegafold,1,results/casp15_casp16_unique_lt1000_all_default_20260529_182536/sequences/T1134s2.fasta,results/casp15_casp16_unique_lt1000_all_default_20260529_182536/predictions/T1134s2/omegafold,results/casp15_casp16_unique_lt1000_all_default_20260529_182536/predictions/T1134s2/omegafold/rank_001.pdb,results/casp15_casp16_unique_lt1000_all_default_20260529_182536/predictions/T1134s2/omegafold/rank_001.pdb,pending,,,,,results/casp15_casp16_unique_lt1000_all_default_20260529_182536/logs/T1134s2_omegafold.log,,,Check,Check,reference coverage below threshold 0.645; multiple equivalent chains match,1.000000,1.000000,0.645367,202,313,high,mapped from mmCIF atom_site CA records; 111 aligned positions lack resolved CA atoms,All groups,A1,"TleTli or WP_062934778.1, WP_013096194 PDB code 7ubz"
T1134s2,T1134s2,CASP15,7UBZ,D,168,472,1,313,313,313,openfold,1,results/casp15_casp16_unique_lt1000_all_default_20260529_182536/sequences/T1134s2.fasta,results/casp15_casp16_unique_lt1000_all_default_20260529_182536/predictions/T1134s2/openfold,results/casp15_casp16_unique_lt1000_all_default_20260529_182536/predictions/T1134s2/openfold/rank_001.pdb,results/casp15_casp16_unique_lt1000_all_default_20260529_182536/predictions/T1134s2/openfold/rank_001.pdb,pending,,,,,results/casp15_casp16_unique_lt1000_all_default_20260529_182536/logs/T1134s2_openfold.log,,,Check,Check,reference coverage below threshold 0.645; multiple equivalent chains match,1.000000,1.000000,0.645367,202,313,high,mapped from mmCIF atom_site CA records; 111 aligned positions lack resolved CA atoms,All groups,A1,"TleTli or WP_062934778.1, WP_013096194 PDB code 7ubz"
T1137s1,T1137s1,CASP15,8FEF,A,18,409,1,409,409,409,boltz,1,results/casp15_casp16_unique_lt1000_all_default_20260529_182536/sequences/T1137s1.fasta,results/casp15_casp16_unique_lt1000_all_default_20260529_182536/predictions/T1137s1/boltz,results/casp15_casp16_unique_lt1000_all_default_20260529_182536/predictions/T1137s1/boltz/rank_001.pdb,results/casp15_casp16_unique_lt1000_all_default_20260529_182536/predictions/T1137s1/boltz/rank_001.pdb,pending,,,,,results/casp15_casp16_unique_lt1000_all_default_20260529_182536/logs/T1137s1_boltz.log,,,Yes,Yes,prefiltered A1 protein target with mapped residue range,1.000000,1.000000,0.958435,392,409,high,mapped from mmCIF atom_site CA records; 17 aligned positions lack resolved CA atoms,All groups,A1,MceG complex PDB code 8fef
T1137s1,T1137s1,CASP15,8FEF,A,18,409,1,409,409,409,boltz2,1,results/casp15_casp16_unique_lt1000_all_default_20260529_182536/sequences/T1137s1.fasta,results/casp15_casp16_unique_lt1000_all_default_20260529_182536/predictions/T1137s1/boltz2,results/casp15_casp16_unique_lt1000_all_default_20260529_182536/predictions/T1137s1/boltz2/rank_001.pdb,results/casp15_casp16_unique_lt1000_all_default_20260529_182536/predictions/T1137s1/boltz2/rank_001.pdb,pending,,,,,results/casp15_casp16_unique_lt1000_all_default_20260529_182536/logs/T1137s1_boltz2.log,,,Yes,Yes,prefiltered A1 protein target with mapped residue range,1.000000,1.000000,0.958435,392,409,high,mapped from mmCIF atom_site CA records; 17 aligned positions lack resolved CA atoms,All groups,A1,MceG complex PDB code 8fef
T1137s1,T1137s1,CASP15,8FEF,A,18,409,1,409,409,409,chai1,1,results/casp15_casp16_unique_lt1000_all_default_20260529_182536/sequences/T1137s1.fasta,results/casp15_casp16_unique_lt1000_all_default_20260529_182536/predictions/T1137s1/chai1,results/casp15_casp16_unique_lt1000_all_default_20260529_182536/predictions/T1137s1/chai1/rank_001.pdb,results/casp15_casp16_unique_lt1000_all_default_20260529_182536/predictions/T1137s1/chai1/rank_001.pdb,pending,,,,,results/casp15_casp16_unique_lt1000_all_default_20260529_182536/logs/T1137s1_chai1.log,,,Yes,Yes,prefiltered A1 protein target with mapped residue range,1.000000,1.000000,0.958435,392,409,high,mapped from mmCIF atom_site CA records; 17 aligned positions lack resolved CA atoms,All groups,A1,MceG complex PDB code 8fef
T1137s1,T1137s1,CASP15,8FEF,A,18,409,1,409,409,409,colabfold,1,results/casp15_casp16_unique_lt1000_all_default_20260529_182536/sequences/T1137s1.fasta,results/casp15_casp16_unique_lt1000_all_default_20260529_182536/predictions/T1137s1/colabfold,results/casp15_casp16_unique_lt1000_all_default_20260529_182536/predictions/T1137s1/colabfold/rank_001.pdb,results/casp15_casp16_unique_lt1000_all_default_20260529_182536/predictions/T1137s1/colabfold/rank_001.pdb,pending,,,,,results/casp15_casp16_unique_lt1000_all_default_20260529_182536/logs/T1137s1_colabfold.log,,,Yes,Yes,prefiltered A1 protein target with mapped residue range,1.000000,1.000000,0.958435,392,409,high,mapped from mmCIF atom_site CA records; 17 aligned positions lack resolved CA atoms,All groups,A1,MceG complex PDB code 8fef
T1137s1,T1137s1,CASP15,8FEF,A,18,409,1,409,409,409,esmfold,1,results/casp15_casp16_unique_lt1000_all_default_20260529_182536/sequences/T1137s1.fasta,results/casp15_casp16_unique_lt1000_all_default_20260529_182536/predictions/T1137s1/esmfold,results/casp15_casp16_unique_lt1000_all_default_20260529_182536/predictions/T1137s1/esmfold/rank_001.pdb,results/casp15_casp16_unique_lt1000_all_default_20260529_182536/predictions/T1137s1/esmfold/rank_001.pdb,pending,,,,,results/casp15_casp16_unique_lt1000_all_default_20260529_182536/logs/T1137s1_esmfold.log,,,Yes,Yes,prefiltered A1 protein target with mapped residue range,1.000000,1.000000,0.958435,392,409,high,mapped from mmCIF atom_site CA records; 17 aligned positions lack resolved CA atoms,All groups,A1,MceG complex PDB code 8fef
T1137s1,T1137s1,CASP15,8FEF,A,18,409,1,409,409,409,omegafold,1,results/casp15_casp16_unique_lt1000_all_default_20260529_182536/sequences/T1137s1.fasta,results/casp15_casp16_unique_lt1000_all_default_20260529_182536/predictions/T1137s1/omegafold,results/casp15_casp16_unique_lt1000_all_default_20260529_182536/predictions/T1137s1/omegafold/rank_001.pdb,results/casp15_casp16_unique_lt1000_all_default_20260529_182536/predictions/T1137s1/omegafold/rank_001.pdb,pending,,,,,results/casp15_casp16_unique_lt1000_all_default_20260529_182536/logs/T1137s1_omegafold.log,,,Yes,Yes,prefiltered A1 protein target with mapped residue range,1.000000,1.000000,0.958435,392,409,high,mapped from mmCIF atom_site CA records; 17 aligned positions lack resolved CA atoms,All groups,A1,MceG complex PDB code 8fef
T1137s1,T1137s1,CASP15,8FEF,A,18,409,1,409,409,409,openfold,1,results/casp15_casp16_unique_lt1000_all_default_20260529_182536/sequences/T1137s1.fasta,results/casp15_casp16_unique_lt1000_all_default_20260529_182536/predictions/T1137s1/openfold,results/casp15_casp16_unique_lt1000_all_default_20260529_182536/predictions/T1137s1/openfold/rank_001.pdb,results/casp15_casp16_unique_lt1000_all_default_20260529_182536/predictions/T1137s1/openfold/rank_001.pdb,pending,,,,,results/casp15_casp16_unique_lt1000_all_default_20260529_182536/logs/T1137s1_openfold.log,,,Yes,Yes,prefiltered A1 protein target with mapped residue range,1.000000,1.000000,0.958435,392,409,high,mapped from mmCIF atom_site CA records; 17 aligned positions lack resolved CA atoms,All groups,A1,MceG complex PDB code 8fef
T1137s2,T1137s2,CASP15,8FEF,B,2,343,1,343,343,343,boltz,1,results/casp15_casp16_unique_lt1000_all_default_20260529_182536/sequences/T1137s2.fasta,results/casp15_casp16_unique_lt1000_all_default_20260529_182536/predictions/T1137s2/boltz,results/casp15_casp16_unique_lt1000_all_default_20260529_182536/predictions/T1137s2/boltz/rank_001.pdb,results/casp15_casp16_unique_lt1000_all_default_20260529_182536/predictions/T1137s2/boltz/rank_001.pdb,pending,,,,,results/casp15_casp16_unique_lt1000_all_default_20260529_182536/logs/T1137s2_boltz.log,,,Yes,Yes,prefiltered A1 protein target with mapped residue range,1.000000,1.000000,0.976676,335,343,high,mapped from mmCIF atom_site CA records; 8 aligned positions lack resolved CA atoms,All groups,A1,MceG complex PDB code 8fef
T1137s2,T1137s2,CASP15,8FEF,B,2,343,1,343,343,343,boltz2,1,results/casp15_casp16_unique_lt1000_all_default_20260529_182536/sequences/T1137s2.fasta,results/casp15_casp16_unique_lt1000_all_default_20260529_182536/predictions/T1137s2/boltz2,results/casp15_casp16_unique_lt1000_all_default_20260529_182536/predictions/T1137s2/boltz2/rank_001.pdb,results/casp15_casp16_unique_lt1000_all_default_20260529_182536/predictions/T1137s2/boltz2/rank_001.pdb,pending,,,,,results/casp15_casp16_unique_lt1000_all_default_20260529_182536/logs/T1137s2_boltz2.log,,,Yes,Yes,prefiltered A1 protein target with mapped residue range,1.000000,1.000000,0.976676,335,343,high,mapped from mmCIF atom_site CA records; 8 aligned positions lack resolved CA atoms,All groups,A1,MceG complex PDB code 8fef
T1137s2,T1137s2,CASP15,8FEF,B,2,343,1,343,343,343,chai1,1,results/casp15_casp16_unique_lt1000_all_default_20260529_182536/sequences/T1137s2.fasta,results/casp15_casp16_unique_lt1000_all_default_20260529_182536/predictions/T1137s2/chai1,results/casp15_casp16_unique_lt1000_all_default_20260529_182536/predictions/T1137s2/chai1/rank_001.pdb,results/casp15_casp16_unique_lt1000_all_default_20260529_182536/predictions/T1137s2/chai1/rank_001.pdb,pending,,,,,results/casp15_casp16_unique_lt1000_all_default_20260529_182536/logs/T1137s2_chai1.log,,,Yes,Yes,prefiltered A1 protein target with mapped residue range,1.000000,1.000000,0.976676,335,343,high,mapped from mmCIF atom_site CA records; 8 aligned positions lack resolved CA atoms,All groups,A1,MceG complex PDB code 8fef
T1137s2,T1137s2,CASP15,8FEF,B,2,343,1,343,343,343,colabfold,1,results/casp15_casp16_unique_lt1000_all_default_20260529_182536/sequences/T1137s2.fasta,results/casp15_casp16_unique_lt1000_all_default_20260529_182536/predictions/T1137s2/colabfold,results/casp15_casp16_unique_lt1000_all_default_20260529_182536/predictions/T1137s2/colabfold/rank_001.pdb,results/casp15_casp16_unique_lt1000_all_default_20260529_182536/predictions/T1137s2/colabfold/rank_001.pdb,pending,,,,,results/casp15_casp16_unique_lt1000_all_default_20260529_182536/logs/T1137s2_colabfold.log,,,Yes,Yes,prefiltered A1 protein target with mapped residue range,1.000000,1.000000,0.976676,335,343,high,mapped from mmCIF atom_site CA records; 8 aligned positions lack resolved CA atoms,All groups,A1,MceG complex PDB code 8fef
T1137s2,T1137s2,CASP15,8FEF,B,2,343,1,343,343,343,esmfold,1,results/casp15_casp16_unique_lt1000_all_default_20260529_182536/sequences/T1137s2.fasta,results/casp15_casp16_unique_lt1000_all_default_20260529_182536/predictions/T1137s2/esmfold,results/casp15_casp16_unique_lt1000_all_default_20260529_182536/predictions/T1137s2/esmfold/rank_001.pdb,results/casp15_casp16_unique_lt1000_all_default_20260529_182536/predictions/T1137s2/esmfold/rank_001.pdb,pending,,,,,results/casp15_casp16_unique_lt1000_all_default_20260529_182536/logs/T1137s2_esmfold.log,,,Yes,Yes,prefiltered A1 protein target with mapped residue range,1.000000,1.000000,0.976676,335,343,high,mapped from mmCIF atom_site CA records; 8 aligned positions lack resolved CA atoms,All groups,A1,MceG complex PDB code 8fef
T1137s2,T1137s2,CASP15,8FEF,B,2,343,1,343,343,343,omegafold,1,results/casp15_casp16_unique_lt1000_all_default_20260529_182536/sequences/T1137s2.fasta,results/casp15_casp16_unique_lt1000_all_default_20260529_182536/predictions/T1137s2/omegafold,results/casp15_casp16_unique_lt1000_all_default_20260529_182536/predictions/T1137s2/omegafold/rank_001.pdb,results/casp15_casp16_unique_lt1000_all_default_20260529_182536/predictions/T1137s2/omegafold/rank_001.pdb,pending,,,,,results/casp15_casp16_unique_lt1000_all_default_20260529_182536/logs/T1137s2_omegafold.log,,,Yes,Yes,prefiltered A1 protein target with mapped residue range,1.000000,1.000000,0.976676,335,343,high,mapped from mmCIF atom_site CA records; 8 aligned positions lack resolved CA atoms,All groups,A1,MceG complex PDB code 8fef
T1137s2,T1137s2,CASP15,8FEF,B,2,343,1,343,343,343,openfold,1,results/casp15_casp16_unique_lt1000_all_default_20260529_182536/sequences/T1137s2.fasta,results/casp15_casp16_unique_lt1000_all_default_20260529_182536/predictions/T1137s2/openfold,results/casp15_casp16_unique_lt1000_all_default_20260529_182536/predictions/T1137s2/openfold/rank_001.pdb,results/casp15_casp16_unique_lt1000_all_default_20260529_182536/predictions/T1137s2/openfold/rank_001.pdb,pending,,,,,results/casp15_casp16_unique_lt1000_all_default_20260529_182536/logs/T1137s2_openfold.log,,,Yes,Yes,prefiltered A1 protein target with mapped residue range,1.000000,1.000000,0.976676,335,343,high,mapped from mmCIF atom_site CA records; 8 aligned positions lack resolved CA atoms,All groups,A1,MceG complex PDB code 8fef
T1137s3,T1137s3,CASP15,8FEF,C,1,310,1,524,524,524,boltz,1,results/casp15_casp16_unique_lt1000_all_default_20260529_182536/sequences/T1137s3.fasta,results/casp15_casp16_unique_lt1000_all_default_20260529_182536/predictions/T1137s3/boltz,results/casp15_casp16_unique_lt1000_all_default_20260529_182536/predictions/T1137s3/boltz/rank_001.pdb,results/casp15_casp16_unique_lt1000_all_default_20260529_182536/predictions/T1137s3/boltz/rank_001.pdb,pending,,,,,results/casp15_casp16_unique_lt1000_all_default_20260529_182536/logs/T1137s3_boltz.log,,,Check,Check,reference coverage below threshold 0.592,1.000000,1.000000,0.591603,310,524,high,mapped from mmCIF atom_site CA records; 214 aligned positions lack resolved CA atoms,All groups,A1,MceG complex PDB code 8fef
T1137s3,T1137s3,CASP15,8FEF,C,1,310,1,524,524,524,boltz2,1,results/casp15_casp16_unique_lt1000_all_default_20260529_182536/sequences/T1137s3.fasta,results/casp15_casp16_unique_lt1000_all_default_20260529_182536/predictions/T1137s3/boltz2,results/casp15_casp16_unique_lt1000_all_default_20260529_182536/predictions/T1137s3/boltz2/rank_001.pdb,results/casp15_casp16_unique_lt1000_all_default_20260529_182536/predictions/T1137s3/boltz2/rank_001.pdb,pending,,,,,results/casp15_casp16_unique_lt1000_all_default_20260529_182536/logs/T1137s3_boltz2.log,,,Check,Check,reference coverage below threshold 0.592,1.000000,1.000000,0.591603,310,524,high,mapped from mmCIF atom_site CA records; 214 aligned positions lack resolved CA atoms,All groups,A1,MceG complex PDB code 8fef
T1137s3,T1137s3,CASP15,8FEF,C,1,310,1,524,524,524,chai1,1,results/casp15_casp16_unique_lt1000_all_default_20260529_182536/sequences/T1137s3.fasta,results/casp15_casp16_unique_lt1000_all_default_20260529_182536/predictions/T1137s3/chai1,results/casp15_casp16_unique_lt1000_all_default_20260529_182536/predictions/T1137s3/chai1/rank_001.pdb,results/casp15_casp16_unique_lt1000_all_default_20260529_182536/predictions/T1137s3/chai1/rank_001.pdb,pending,,,,,results/casp15_casp16_unique_lt1000_all_default_20260529_182536/logs/T1137s3_chai1.log,,,Check,Check,reference coverage below threshold 0.592,1.000000,1.000000,0.591603,310,524,high,mapped from mmCIF atom_site CA records; 214 aligned positions lack resolved CA atoms,All groups,A1,MceG complex PDB code 8fef
T1137s3,T1137s3,CASP15,8FEF,C,1,310,1,524,524,524,colabfold,1,results/casp15_casp16_unique_lt1000_all_default_20260529_182536/sequences/T1137s3.fasta,results/casp15_casp16_unique_lt1000_all_default_20260529_182536/predictions/T1137s3/colabfold,results/casp15_casp16_unique_lt1000_all_default_20260529_182536/predictions/T1137s3/colabfold/rank_001.pdb,results/casp15_casp16_unique_lt1000_all_default_20260529_182536/predictions/T1137s3/colabfold/rank_001.pdb,pending,,,,,results/casp15_casp16_unique_lt1000_all_default_20260529_182536/logs/T1137s3_colabfold.log,,,Check,Check,reference coverage below threshold 0.592,1.000000,1.000000,0.591603,310,524,high,mapped from mmCIF atom_site CA records; 214 aligned positions lack resolved CA atoms,All groups,A1,MceG complex PDB code 8fef
T1137s3,T1137s3,CASP15,8FEF,C,1,310,1,524,524,524,esmfold,1,results/casp15_casp16_unique_lt1000_all_default_20260529_182536/sequences/T1137s3.fasta,results/casp15_casp16_unique_lt1000_all_default_20260529_182536/predictions/T1137s3/esmfold,results/casp15_casp16_unique_lt1000_all_default_20260529_182536/predictions/T1137s3/esmfold/rank_001.pdb,results/casp15_casp16_unique_lt1000_all_default_20260529_182536/predictions/T1137s3/esmfold/rank_001.pdb,pending,,,,,results/casp15_casp16_unique_lt1000_all_default_20260529_182536/logs/T1137s3_esmfold.log,,,Check,Check,reference coverage below threshold 0.592,1.000000,1.000000,0.591603,310,524,high,mapped from mmCIF atom_site CA records; 214 aligned positions lack resolved CA atoms,All groups,A1,MceG complex PDB code 8fef
T1137s3,T1137s3,CASP15,8FEF,C,1,310,1,524,524,524,omegafold,1,results/casp15_casp16_unique_lt1000_all_default_20260529_182536/sequences/T1137s3.fasta,results/casp15_casp16_unique_lt1000_all_default_20260529_182536/predictions/T1137s3/omegafold,results/casp15_casp16_unique_lt1000_all_default_20260529_182536/predictions/T1137s3/omegafold/rank_001.pdb,results/casp15_casp16_unique_lt1000_all_default_20260529_182536/predictions/T1137s3/omegafold/rank_001.pdb,pending,,,,,results/casp15_casp16_unique_lt1000_all_default_20260529_182536/logs/T1137s3_omegafold.log,,,Check,Check,reference coverage below threshold 0.592,1.000000,1.000000,0.591603,310,524,high,mapped from mmCIF atom_site CA records; 214 aligned positions lack resolved CA atoms,All groups,A1,MceG complex PDB code 8fef
T1137s3,T1137s3,CASP15,8FEF,C,1,310,1,524,524,524,openfold,1,results/casp15_casp16_unique_lt1000_all_default_20260529_182536/sequences/T1137s3.fasta,results/casp15_casp16_unique_lt1000_all_default_20260529_182536/predictions/T1137s3/openfold,results/casp15_casp16_unique_lt1000_all_default_20260529_182536/predictions/T1137s3/openfold/rank_001.pdb,results/casp15_casp16_unique_lt1000_all_default_20260529_182536/predictions/T1137s3/openfold/rank_001.pdb,pending,,,,,results/casp15_casp16_unique_lt1000_all_default_20260529_182536/logs/T1137s3_openfold.log,,,Check,Check,reference coverage below threshold 0.592,1.000000,1.000000,0.591603,310,524,high,mapped from mmCIF atom_site CA records; 214 aligned positions lack resolved CA atoms,All groups,A1,MceG complex PDB code 8fef
T1137s4,T1137s4,CASP15,8FEF,D,42,468,1,547,547,547,boltz,1,results/casp15_casp16_unique_lt1000_all_default_20260529_182536/sequences/T1137s4.fasta,results/casp15_casp16_unique_lt1000_all_default_20260529_182536/predictions/T1137s4/boltz,results/casp15_casp16_unique_lt1000_all_default_20260529_182536/predictions/T1137s4/boltz/rank_001.pdb,results/casp15_casp16_unique_lt1000_all_default_20260529_182536/predictions/T1137s4/boltz/rank_001.pdb,pending,,,,,results/casp15_casp16_unique_lt1000_all_default_20260529_182536/logs/T1137s4_boltz.log,,,Check,Check,reference coverage below threshold 0.704,1.000000,1.000000,0.703839,385,547,high,mapped from mmCIF atom_site CA records; 162 aligned positions lack resolved CA atoms,All groups,A1,MceG complex PDB code 8fef
T1137s4,T1137s4,CASP15,8FEF,D,42,468,1,547,547,547,boltz2,1,results/casp15_casp16_unique_lt1000_all_default_20260529_182536/sequences/T1137s4.fasta,results/casp15_casp16_unique_lt1000_all_default_20260529_182536/predictions/T1137s4/boltz2,results/casp15_casp16_unique_lt1000_all_default_20260529_182536/predictions/T1137s4/boltz2/rank_001.pdb,results/casp15_casp16_unique_lt1000_all_default_20260529_182536/predictions/T1137s4/boltz2/rank_001.pdb,pending,,,,,results/casp15_casp16_unique_lt1000_all_default_20260529_182536/logs/T1137s4_boltz2.log,,,Check,Check,reference coverage below threshold 0.704,1.000000,1.000000,0.703839,385,547,high,mapped from mmCIF atom_site CA records; 162 aligned positions lack resolved CA atoms,All groups,A1,MceG complex PDB code 8fef
T1137s4,T1137s4,CASP15,8FEF,D,42,468,1,547,547,547,chai1,1,results/casp15_casp16_unique_lt1000_all_default_20260529_182536/sequences/T1137s4.fasta,results/casp15_casp16_unique_lt1000_all_default_20260529_182536/predictions/T1137s4/chai1,results/casp15_casp16_unique_lt1000_all_default_20260529_182536/predictions/T1137s4/chai1/rank_001.pdb,results/casp15_casp16_unique_lt1000_all_default_20260529_182536/predictions/T1137s4/chai1/rank_001.pdb,pending,,,,,results/casp15_casp16_unique_lt1000_all_default_20260529_182536/logs/T1137s4_chai1.log,,,Check,Check,reference coverage below threshold 0.704,1.000000,1.000000,0.703839,385,547,high,mapped from mmCIF atom_site CA records; 162 aligned positions lack resolved CA atoms,All groups,A1,MceG complex PDB code 8fef
T1137s4,T1137s4,CASP15,8FEF,D,42,468,1,547,547,547,colabfold,1,results/casp15_casp16_unique_lt1000_all_default_20260529_182536/sequences/T1137s4.fasta,results/casp15_casp16_unique_lt1000_all_default_20260529_182536/predictions/T1137s4/colabfold,results/casp15_casp16_unique_lt1000_all_default_20260529_182536/predictions/T1137s4/colabfold/rank_001.pdb,results/casp15_casp16_unique_lt1000_all_default_20260529_182536/predictions/T1137s4/colabfold/rank_001.pdb,pending,,,,,results/casp15_casp16_unique_lt1000_all_default_20260529_182536/logs/T1137s4_colabfold.log,,,Check,Check,reference coverage below threshold 0.704,1.000000,1.000000,0.703839,385,547,high,mapped from mmCIF atom_site CA records; 162 aligned positions lack resolved CA atoms,All groups,A1,MceG complex PDB code 8fef
T1137s4,T1137s4,CASP15,8FEF,D,42,468,1,547,547,547,esmfold,1,results/casp15_casp16_unique_lt1000_all_default_20260529_182536/sequences/T1137s4.fasta,results/casp15_casp16_unique_lt1000_all_default_20260529_182536/predictions/T1137s4/esmfold,results/casp15_casp16_unique_lt1000_all_default_20260529_182536/predictions/T1137s4/esmfold/rank_001.pdb,results/casp15_casp16_unique_lt1000_all_default_20260529_182536/predictions/T1137s4/esmfold/rank_001.pdb,pending,,,,,results/casp15_casp16_unique_lt1000_all_default_20260529_182536/logs/T1137s4_esmfold.log,,,Check,Check,reference coverage below threshold 0.704,1.000000,1.000000,0.703839,385,547,high,mapped from mmCIF atom_site CA records; 162 aligned positions lack resolved CA atoms,All groups,A1,MceG complex PDB code 8fef
T1137s4,T1137s4,CASP15,8FEF,D,42,468,1,547,547,547,omegafold,1,results/casp15_casp16_unique_lt1000_all_default_20260529_182536/sequences/T1137s4.fasta,results/casp15_casp16_unique_lt1000_all_default_20260529_182536/predictions/T1137s4/omegafold,results/casp15_casp16_unique_lt1000_all_default_20260529_182536/predictions/T1137s4/omegafold/rank_001.pdb,results/casp15_casp16_unique_lt1000_all_default_20260529_182536/predictions/T1137s4/omegafold/rank_001.pdb,pending,,,,,results/casp15_casp16_unique_lt1000_all_default_20260529_182536/logs/T1137s4_omegafold.log,,,Check,Check,reference coverage below threshold 0.704,1.000000,1.000000,0.703839,385,547,high,mapped from mmCIF atom_site CA records; 162 aligned positions lack resolved CA atoms,All groups,A1,MceG complex PDB code 8fef
T1137s4,T1137s4,CASP15,8FEF,D,42,468,1,547,547,547,openfold,1,results/casp15_casp16_unique_lt1000_all_default_20260529_182536/sequences/T1137s4.fasta,results/casp15_casp16_unique_lt1000_all_default_20260529_182536/predictions/T1137s4/openfold,results/casp15_casp16_unique_lt1000_all_default_20260529_182536/predictions/T1137s4/openfold/rank_001.pdb,results/casp15_casp16_unique_lt1000_all_default_20260529_182536/predictions/T1137s4/openfold/rank_001.pdb,pending,,,,,results/casp15_casp16_unique_lt1000_all_default_20260529_182536/logs/T1137s4_openfold.log,,,Check,Check,reference coverage below threshold 0.704,1.000000,1.000000,0.703839,385,547,high,mapped from mmCIF atom_site CA records; 162 aligned positions lack resolved CA atoms,All groups,A1,MceG complex PDB code 8fef
T1137s5,T1137s5,CASP15,8FEF,E,33,390,1,390,390,390,boltz,1,results/casp15_casp16_unique_lt1000_all_default_20260529_182536/sequences/T1137s5.fasta,results/casp15_casp16_unique_lt1000_all_default_20260529_182536/predictions/T1137s5/boltz,results/casp15_casp16_unique_lt1000_all_default_20260529_182536/predictions/T1137s5/boltz/rank_001.pdb,results/casp15_casp16_unique_lt1000_all_default_20260529_182536/predictions/T1137s5/boltz/rank_001.pdb,pending,,,,,results/casp15_casp16_unique_lt1000_all_default_20260529_182536/logs/T1137s5_boltz.log,,,Yes,Yes,prefiltered A1 protein target with mapped residue range,1.000000,1.000000,0.917949,358,390,high,mapped from mmCIF atom_site CA records; 32 aligned positions lack resolved CA atoms,All groups,A1,MceG complex PDB code 8fef
T1137s5,T1137s5,CASP15,8FEF,E,33,390,1,390,390,390,boltz2,1,results/casp15_casp16_unique_lt1000_all_default_20260529_182536/sequences/T1137s5.fasta,results/casp15_casp16_unique_lt1000_all_default_20260529_182536/predictions/T1137s5/boltz2,results/casp15_casp16_unique_lt1000_all_default_20260529_182536/predictions/T1137s5/boltz2/rank_001.pdb,results/casp15_casp16_unique_lt1000_all_default_20260529_182536/predictions/T1137s5/boltz2/rank_001.pdb,pending,,,,,results/casp15_casp16_unique_lt1000_all_default_20260529_182536/logs/T1137s5_boltz2.log,,,Yes,Yes,prefiltered A1 protein target with mapped residue range,1.000000,1.000000,0.917949,358,390,high,mapped from mmCIF atom_site CA records; 32 aligned positions lack resolved CA atoms,All groups,A1,MceG complex PDB code 8fef
T1137s5,T1137s5,CASP15,8FEF,E,33,390,1,390,390,390,chai1,1,results/casp15_casp16_unique_lt1000_all_default_20260529_182536/sequences/T1137s5.fasta,results/casp15_casp16_unique_lt1000_all_default_20260529_182536/predictions/T1137s5/chai1,results/casp15_casp16_unique_lt1000_all_default_20260529_182536/predictions/T1137s5/chai1/rank_001.pdb,results/casp15_casp16_unique_lt1000_all_default_20260529_182536/predictions/T1137s5/chai1/rank_001.pdb,pending,,,,,results/casp15_casp16_unique_lt1000_all_default_20260529_182536/logs/T1137s5_chai1.log,,,Yes,Yes,prefiltered A1 protein target with mapped residue range,1.000000,1.000000,0.917949,358,390,high,mapped from mmCIF atom_site CA records; 32 aligned positions lack resolved CA atoms,All groups,A1,MceG complex PDB code 8fef
T1137s5,T1137s5,CASP15,8FEF,E,33,390,1,390,390,390,colabfold,1,results/casp15_casp16_unique_lt1000_all_default_20260529_182536/sequences/T1137s5.fasta,results/casp15_casp16_unique_lt1000_all_default_20260529_182536/predictions/T1137s5/colabfold,results/casp15_casp16_unique_lt1000_all_default_20260529_182536/predictions/T1137s5/colabfold/rank_001.pdb,results/casp15_casp16_unique_lt1000_all_default_20260529_182536/predictions/T1137s5/colabfold/rank_001.pdb,pending,,,,,results/casp15_casp16_unique_lt1000_all_default_20260529_182536/logs/T1137s5_colabfold.log,,,Yes,Yes,prefiltered A1 protein target with mapped residue range,1.000000,1.000000,0.917949,358,390,high,mapped from mmCIF atom_site CA records; 32 aligned positions lack resolved CA atoms,All groups,A1,MceG complex PDB code 8fef
T1137s5,T1137s5,CASP15,8FEF,E,33,390,1,390,390,390,esmfold,1,results/casp15_casp16_unique_lt1000_all_default_20260529_182536/sequences/T1137s5.fasta,results/casp15_casp16_unique_lt1000_all_default_20260529_182536/predictions/T1137s5/esmfold,results/casp15_casp16_unique_lt1000_all_default_20260529_182536/predictions/T1137s5/esmfold/rank_001.pdb,results/casp15_casp16_unique_lt1000_all_default_20260529_182536/predictions/T1137s5/esmfold/rank_001.pdb,pending,,,,,results/casp15_casp16_unique_lt1000_all_default_20260529_182536/logs/T1137s5_esmfold.log,,,Yes,Yes,prefiltered A1 protein target with mapped residue range,1.000000,1.000000,0.917949,358,390,high,mapped from mmCIF atom_site CA records; 32 aligned positions lack resolved CA atoms,All groups,A1,MceG complex PDB code 8fef
T1137s5,T1137s5,CASP15,8FEF,E,33,390,1,390,390,390,omegafold,1,results/casp15_casp16_unique_lt1000_all_default_20260529_182536/sequences/T1137s5.fasta,results/casp15_casp16_unique_lt1000_all_default_20260529_182536/predictions/T1137s5/omegafold,results/casp15_casp16_unique_lt1000_all_default_20260529_182536/predictions/T1137s5/omegafold/rank_001.pdb,results/casp15_casp16_unique_lt1000_all_default_20260529_182536/predictions/T1137s5/omegafold/rank_001.pdb,pending,,,,,results/casp15_casp16_unique_lt1000_all_default_20260529_182536/logs/T1137s5_omegafold.log,,,Yes,Yes,prefiltered A1 protein target with mapped residue range,1.000000,1.000000,0.917949,358,390,high,mapped from mmCIF atom_site CA records; 32 aligned positions lack resolved CA atoms,All groups,A1,MceG complex PDB code 8fef
T1137s5,T1137s5,CASP15,8FEF,E,33,390,1,390,390,390,openfold,1,results/casp15_casp16_unique_lt1000_all_default_20260529_182536/sequences/T1137s5.fasta,results/casp15_casp16_unique_lt1000_all_default_20260529_182536/predictions/T1137s5/openfold,results/casp15_casp16_unique_lt1000_all_default_20260529_182536/predictions/T1137s5/openfold/rank_001.pdb,results/casp15_casp16_unique_lt1000_all_default_20260529_182536/predictions/T1137s5/openfold/rank_001.pdb,pending,,,,,results/casp15_casp16_unique_lt1000_all_default_20260529_182536/logs/T1137s5_openfold.log,,,Yes,Yes,prefiltered A1 protein target with mapped residue range,1.000000,1.000000,0.917949,358,390,high,mapped from mmCIF atom_site CA records; 32 aligned positions lack resolved CA atoms,All groups,A1,MceG complex PDB code 8fef
T1137s6,T1137s6,CASP15,8FEF,F,1,399,1,518,518,518,boltz,1,results/casp15_casp16_unique_lt1000_all_default_20260529_182536/sequences/T1137s6.fasta,results/casp15_casp16_unique_lt1000_all_default_20260529_182536/predictions/T1137s6/boltz,results/casp15_casp16_unique_lt1000_all_default_20260529_182536/predictions/T1137s6/boltz/rank_001.pdb,results/casp15_casp16_unique_lt1000_all_default_20260529_182536/predictions/T1137s6/boltz/rank_001.pdb,pending,,,,,results/casp15_casp16_unique_lt1000_all_default_20260529_182536/logs/T1137s6_boltz.log,,,Check,Check,reference coverage below threshold 0.770,1.000000,1.000000,0.770270,399,518,high,mapped from mmCIF atom_site CA records; 119 aligned positions lack resolved CA atoms,All groups,A1,MceG complex PDB code 8fef
T1137s6,T1137s6,CASP15,8FEF,F,1,399,1,518,518,518,boltz2,1,results/casp15_casp16_unique_lt1000_all_default_20260529_182536/sequences/T1137s6.fasta,results/casp15_casp16_unique_lt1000_all_default_20260529_182536/predictions/T1137s6/boltz2,results/casp15_casp16_unique_lt1000_all_default_20260529_182536/predictions/T1137s6/boltz2/rank_001.pdb,results/casp15_casp16_unique_lt1000_all_default_20260529_182536/predictions/T1137s6/boltz2/rank_001.pdb,pending,,,,,results/casp15_casp16_unique_lt1000_all_default_20260529_182536/logs/T1137s6_boltz2.log,,,Check,Check,reference coverage below threshold 0.770,1.000000,1.000000,0.770270,399,518,high,mapped from mmCIF atom_site CA records; 119 aligned positions lack resolved CA atoms,All groups,A1,MceG complex PDB code 8fef
T1137s6,T1137s6,CASP15,8FEF,F,1,399,1,518,518,518,chai1,1,results/casp15_casp16_unique_lt1000_all_default_20260529_182536/sequences/T1137s6.fasta,results/casp15_casp16_unique_lt1000_all_default_20260529_182536/predictions/T1137s6/chai1,results/casp15_casp16_unique_lt1000_all_default_20260529_182536/predictions/T1137s6/chai1/rank_001.pdb,results/casp15_casp16_unique_lt1000_all_default_20260529_182536/predictions/T1137s6/chai1/rank_001.pdb,pending,,,,,results/casp15_casp16_unique_lt1000_all_default_20260529_182536/logs/T1137s6_chai1.log,,,Check,Check,reference coverage below threshold 0.770,1.000000,1.000000,0.770270,399,518,high,mapped from mmCIF atom_site CA records; 119 aligned positions lack resolved CA atoms,All groups,A1,MceG complex PDB code 8fef
T1137s6,T1137s6,CASP15,8FEF,F,1,399,1,518,518,518,colabfold,1,results/casp15_casp16_unique_lt1000_all_default_20260529_182536/sequences/T1137s6.fasta,results/casp15_casp16_unique_lt1000_all_default_20260529_182536/predictions/T1137s6/colabfold,results/casp15_casp16_unique_lt1000_all_default_20260529_182536/predictions/T1137s6/colabfold/rank_001.pdb,results/casp15_casp16_unique_lt1000_all_default_20260529_182536/predictions/T1137s6/colabfold/rank_001.pdb,pending,,,,,results/casp15_casp16_unique_lt1000_all_default_20260529_182536/logs/T1137s6_colabfold.log,,,Check,Check,reference coverage below threshold 0.770,1.000000,1.000000,0.770270,399,518,high,mapped from mmCIF atom_site CA records; 119 aligned positions lack resolved CA atoms,All groups,A1,MceG complex PDB code 8fef
T1137s6,T1137s6,CASP15,8FEF,F,1,399,1,518,518,518,esmfold,1,results/casp15_casp16_unique_lt1000_all_default_20260529_182536/sequences/T1137s6.fasta,results/casp15_casp16_unique_lt1000_all_default_20260529_182536/predictions/T1137s6/esmfold,results/casp15_casp16_unique_lt1000_all_default_20260529_182536/predictions/T1137s6/esmfold/rank_001.pdb,results/casp15_casp16_unique_lt1000_all_default_20260529_182536/predictions/T1137s6/esmfold/rank_001.pdb,pending,,,,,results/casp15_casp16_unique_lt1000_all_default_20260529_182536/logs/T1137s6_esmfold.log,,,Check,Check,reference coverage below threshold 0.770,1.000000,1.000000,0.770270,399,518,high,mapped from mmCIF atom_site CA records; 119 aligned positions lack resolved CA atoms,All groups,A1,MceG complex PDB code 8fef
T1137s6,T1137s6,CASP15,8FEF,F,1,399,1,518,518,518,omegafold,1,results/casp15_casp16_unique_lt1000_all_default_20260529_182536/sequences/T1137s6.fasta,results/casp15_casp16_unique_lt1000_all_default_20260529_182536/predictions/T1137s6/omegafold,results/casp15_casp16_unique_lt1000_all_default_20260529_182536/predictions/T1137s6/omegafold/rank_001.pdb,results/casp15_casp16_unique_lt1000_all_default_20260529_182536/predictions/T1137s6/omegafold/rank_001.pdb,pending,,,,,results/casp15_casp16_unique_lt1000_all_default_20260529_182536/logs/T1137s6_omegafold.log,,,Check,Check,reference coverage below threshold 0.770,1.000000,1.000000,0.770270,399,518,high,mapped from mmCIF atom_site CA records; 119 aligned positions lack resolved CA atoms,All groups,A1,MceG complex PDB code 8fef
T1137s6,T1137s6,CASP15,8FEF,F,1,399,1,518,518,518,openfold,1,results/casp15_casp16_unique_lt1000_all_default_20260529_182536/sequences/T1137s6.fasta,results/casp15_casp16_unique_lt1000_all_default_20260529_182536/predictions/T1137s6/openfold,results/casp15_casp16_unique_lt1000_all_default_20260529_182536/predictions/T1137s6/openfold/rank_001.pdb,results/casp15_casp16_unique_lt1000_all_default_20260529_182536/predictions/T1137s6/openfold/rank_001.pdb,pending,,,,,results/casp15_casp16_unique_lt1000_all_default_20260529_182536/logs/T1137s6_openfold.log,,,Check,Check,reference coverage below threshold 0.770,1.000000,1.000000,0.770270,399,518,high,mapped from mmCIF atom_site CA records; 119 aligned positions lack resolved CA atoms,All groups,A1,MceG complex PDB code 8fef
T1137s7,T1137s7,CASP15,8FEF,G,2,325,1,653,653,653,boltz,1,results/casp15_casp16_unique_lt1000_all_default_20260529_182536/sequences/T1137s7.fasta,results/casp15_casp16_unique_lt1000_all_default_20260529_182536/predictions/T1137s7/boltz,results/casp15_casp16_unique_lt1000_all_default_20260529_182536/predictions/T1137s7/boltz/rank_001.pdb,results/casp15_casp16_unique_lt1000_all_default_20260529_182536/predictions/T1137s7/boltz/rank_001.pdb,pending,,,,,results/casp15_casp16_unique_lt1000_all_default_20260529_182536/logs/T1137s7_boltz.log,,,Check,Check,reference coverage below threshold 0.458; multiple equivalent chains match,1.000000,1.000000,0.457887,299,653,high,mapped from mmCIF atom_site CA records; 354 aligned positions lack resolved CA atoms,All groups,A1,MceG complex PDB code 8fef
T1137s7,T1137s7,CASP15,8FEF,G,2,325,1,653,653,653,boltz2,1,results/casp15_casp16_unique_lt1000_all_default_20260529_182536/sequences/T1137s7.fasta,results/casp15_casp16_unique_lt1000_all_default_20260529_182536/predictions/T1137s7/boltz2,results/casp15_casp16_unique_lt1000_all_default_20260529_182536/predictions/T1137s7/boltz2/rank_001.pdb,results/casp15_casp16_unique_lt1000_all_default_20260529_182536/predictions/T1137s7/boltz2/rank_001.pdb,pending,,,,,results/casp15_casp16_unique_lt1000_all_default_20260529_182536/logs/T1137s7_boltz2.log,,,Check,Check,reference coverage below threshold 0.458; multiple equivalent chains match,1.000000,1.000000,0.457887,299,653,high,mapped from mmCIF atom_site CA records; 354 aligned positions lack resolved CA atoms,All groups,A1,MceG complex PDB code 8fef
T1137s7,T1137s7,CASP15,8FEF,G,2,325,1,653,653,653,chai1,1,results/casp15_casp16_unique_lt1000_all_default_20260529_182536/sequences/T1137s7.fasta,results/casp15_casp16_unique_lt1000_all_default_20260529_182536/predictions/T1137s7/chai1,results/casp15_casp16_unique_lt1000_all_default_20260529_182536/predictions/T1137s7/chai1/rank_001.pdb,results/casp15_casp16_unique_lt1000_all_default_20260529_182536/predictions/T1137s7/chai1/rank_001.pdb,pending,,,,,results/casp15_casp16_unique_lt1000_all_default_20260529_182536/logs/T1137s7_chai1.log,,,Check,Check,reference coverage below threshold 0.458; multiple equivalent chains match,1.000000,1.000000,0.457887,299,653,high,mapped from mmCIF atom_site CA records; 354 aligned positions lack resolved CA atoms,All groups,A1,MceG complex PDB code 8fef
T1137s7,T1137s7,CASP15,8FEF,G,2,325,1,653,653,653,colabfold,1,results/casp15_casp16_unique_lt1000_all_default_20260529_182536/sequences/T1137s7.fasta,results/casp15_casp16_unique_lt1000_all_default_20260529_182536/predictions/T1137s7/colabfold,results/casp15_casp16_unique_lt1000_all_default_20260529_182536/predictions/T1137s7/colabfold/rank_001.pdb,results/casp15_casp16_unique_lt1000_all_default_20260529_182536/predictions/T1137s7/colabfold/rank_001.pdb,pending,,,,,results/casp15_casp16_unique_lt1000_all_default_20260529_182536/logs/T1137s7_colabfold.log,,,Check,Check,reference coverage below threshold 0.458; multiple equivalent chains match,1.000000,1.000000,0.457887,299,653,high,mapped from mmCIF atom_site CA records; 354 aligned positions lack resolved CA atoms,All groups,A1,MceG complex PDB code 8fef
T1137s7,T1137s7,CASP15,8FEF,G,2,325,1,653,653,653,esmfold,1,results/casp15_casp16_unique_lt1000_all_default_20260529_182536/sequences/T1137s7.fasta,results/casp15_casp16_unique_lt1000_all_default_20260529_182536/predictions/T1137s7/esmfold,results/casp15_casp16_unique_lt1000_all_default_20260529_182536/predictions/T1137s7/esmfold/rank_001.pdb,results/casp15_casp16_unique_lt1000_all_default_20260529_182536/predictions/T1137s7/esmfold/rank_001.pdb,pending,,,,,results/casp15_casp16_unique_lt1000_all_default_20260529_182536/logs/T1137s7_esmfold.log,,,Check,Check,reference coverage below threshold 0.458; multiple equivalent chains match,1.000000,1.000000,0.457887,299,653,high,mapped from mmCIF atom_site CA records; 354 aligned positions lack resolved CA atoms,All groups,A1,MceG complex PDB code 8fef
T1137s7,T1137s7,CASP15,8FEF,G,2,325,1,653,653,653,omegafold,1,results/casp15_casp16_unique_lt1000_all_default_20260529_182536/sequences/T1137s7.fasta,results/casp15_casp16_unique_lt1000_all_default_20260529_182536/predictions/T1137s7/omegafold,results/casp15_casp16_unique_lt1000_all_default_20260529_182536/predictions/T1137s7/omegafold/rank_001.pdb,results/casp15_casp16_unique_lt1000_all_default_20260529_182536/predictions/T1137s7/omegafold/rank_001.pdb,pending,,,,,results/casp15_casp16_unique_lt1000_all_default_20260529_182536/logs/T1137s7_omegafold.log,,,Check,Check,reference coverage below threshold 0.458; multiple equivalent chains match,1.000000,1.000000,0.457887,299,653,high,mapped from mmCIF atom_site CA records; 354 aligned positions lack resolved CA atoms,All groups,A1,MceG complex PDB code 8fef
T1137s7,T1137s7,CASP15,8FEF,G,2,325,1,653,653,653,openfold,1,results/casp15_casp16_unique_lt1000_all_default_20260529_182536/sequences/T1137s7.fasta,results/casp15_casp16_unique_lt1000_all_default_20260529_182536/predictions/T1137s7/openfold,results/casp15_casp16_unique_lt1000_all_default_20260529_182536/predictions/T1137s7/openfold/rank_001.pdb,results/casp15_casp16_unique_lt1000_all_default_20260529_182536/predictions/T1137s7/openfold/rank_001.pdb,pending,,,,,results/casp15_casp16_unique_lt1000_all_default_20260529_182536/logs/T1137s7_openfold.log,,,Check,Check,reference coverage below threshold 0.458; multiple equivalent chains match,1.000000,1.000000,0.457887,299,653,high,mapped from mmCIF atom_site CA records; 354 aligned positions lack resolved CA atoms,All groups,A1,MceG complex PDB code 8fef
T1137s8,T1137s8,CASP15,8FEF,I,14,266,1,266,266,266,boltz,1,results/casp15_casp16_unique_lt1000_all_default_20260529_182536/sequences/T1137s8.fasta,results/casp15_casp16_unique_lt1000_all_default_20260529_182536/predictions/T1137s8/boltz,results/casp15_casp16_unique_lt1000_all_default_20260529_182536/predictions/T1137s8/boltz/rank_001.pdb,results/casp15_casp16_unique_lt1000_all_default_20260529_182536/predictions/T1137s8/boltz/rank_001.pdb,pending,,,,,results/casp15_casp16_unique_lt1000_all_default_20260529_182536/logs/T1137s8_boltz.log,,,Yes,Yes,prefiltered A1 protein target with mapped residue range,1.000000,1.000000,0.951128,253,266,high,mapped from mmCIF atom_site CA records; 13 aligned positions lack resolved CA atoms,All groups,A1,MceG complex PDB code 8fef
T1137s8,T1137s8,CASP15,8FEF,I,14,266,1,266,266,266,boltz2,1,results/casp15_casp16_unique_lt1000_all_default_20260529_182536/sequences/T1137s8.fasta,results/casp15_casp16_unique_lt1000_all_default_20260529_182536/predictions/T1137s8/boltz2,results/casp15_casp16_unique_lt1000_all_default_20260529_182536/predictions/T1137s8/boltz2/rank_001.pdb,results/casp15_casp16_unique_lt1000_all_default_20260529_182536/predictions/T1137s8/boltz2/rank_001.pdb,pending,,,,,results/casp15_casp16_unique_lt1000_all_default_20260529_182536/logs/T1137s8_boltz2.log,,,Yes,Yes,prefiltered A1 protein target with mapped residue range,1.000000,1.000000,0.951128,253,266,high,mapped from mmCIF atom_site CA records; 13 aligned positions lack resolved CA atoms,All groups,A1,MceG complex PDB code 8fef
T1137s8,T1137s8,CASP15,8FEF,I,14,266,1,266,266,266,chai1,1,results/casp15_casp16_unique_lt1000_all_default_20260529_182536/sequences/T1137s8.fasta,results/casp15_casp16_unique_lt1000_all_default_20260529_182536/predictions/T1137s8/chai1,results/casp15_casp16_unique_lt1000_all_default_20260529_182536/predictions/T1137s8/chai1/rank_001.pdb,results/casp15_casp16_unique_lt1000_all_default_20260529_182536/predictions/T1137s8/chai1/rank_001.pdb,pending,,,,,results/casp15_casp16_unique_lt1000_all_default_20260529_182536/logs/T1137s8_chai1.log,,,Yes,Yes,prefiltered A1 protein target with mapped residue range,1.000000,1.000000,0.951128,253,266,high,mapped from mmCIF atom_site CA records; 13 aligned positions lack resolved CA atoms,All groups,A1,MceG complex PDB code 8fef
T1137s8,T1137s8,CASP15,8FEF,I,14,266,1,266,266,266,colabfold,1,results/casp15_casp16_unique_lt1000_all_default_20260529_182536/sequences/T1137s8.fasta,results/casp15_casp16_unique_lt1000_all_default_20260529_182536/predictions/T1137s8/colabfold,results/casp15_casp16_unique_lt1000_all_default_20260529_182536/predictions/T1137s8/colabfold/rank_001.pdb,results/casp15_casp16_unique_lt1000_all_default_20260529_182536/predictions/T1137s8/colabfold/rank_001.pdb,pending,,,,,results/casp15_casp16_unique_lt1000_all_default_20260529_182536/logs/T1137s8_colabfold.log,,,Yes,Yes,prefiltered A1 protein target with mapped residue range,1.000000,1.000000,0.951128,253,266,high,mapped from mmCIF atom_site CA records; 13 aligned positions lack resolved CA atoms,All groups,A1,MceG complex PDB code 8fef
T1137s8,T1137s8,CASP15,8FEF,I,14,266,1,266,266,266,esmfold,1,results/casp15_casp16_unique_lt1000_all_default_20260529_182536/sequences/T1137s8.fasta,results/casp15_casp16_unique_lt1000_all_default_20260529_182536/predictions/T1137s8/esmfold,results/casp15_casp16_unique_lt1000_all_default_20260529_182536/predictions/T1137s8/esmfold/rank_001.pdb,results/casp15_casp16_unique_lt1000_all_default_20260529_182536/predictions/T1137s8/esmfold/rank_001.pdb,pending,,,,,results/casp15_casp16_unique_lt1000_all_default_20260529_182536/logs/T1137s8_esmfold.log,,,Yes,Yes,prefiltered A1 protein target with mapped residue range,1.000000,1.000000,0.951128,253,266,high,mapped from mmCIF atom_site CA records; 13 aligned positions lack resolved CA atoms,All groups,A1,MceG complex PDB code 8fef
T1137s8,T1137s8,CASP15,8FEF,I,14,266,1,266,266,266,omegafold,1,results/casp15_casp16_unique_lt1000_all_default_20260529_182536/sequences/T1137s8.fasta,results/casp15_casp16_unique_lt1000_all_default_20260529_182536/predictions/T1137s8/omegafold,results/casp15_casp16_unique_lt1000_all_default_20260529_182536/predictions/T1137s8/omegafold/rank_001.pdb,results/casp15_casp16_unique_lt1000_all_default_20260529_182536/predictions/T1137s8/omegafold/rank_001.pdb,pending,,,,,results/casp15_casp16_unique_lt1000_all_default_20260529_182536/logs/T1137s8_omegafold.log,,,Yes,Yes,prefiltered A1 protein target with mapped residue range,1.000000,1.000000,0.951128,253,266,high,mapped from mmCIF atom_site CA records; 13 aligned positions lack resolved CA atoms,All groups,A1,MceG complex PDB code 8fef
T1137s8,T1137s8,CASP15,8FEF,I,14,266,1,266,266,266,openfold,1,results/casp15_casp16_unique_lt1000_all_default_20260529_182536/sequences/T1137s8.fasta,results/casp15_casp16_unique_lt1000_all_default_20260529_182536/predictions/T1137s8/openfold,results/casp15_casp16_unique_lt1000_all_default_20260529_182536/predictions/T1137s8/openfold/rank_001.pdb,results/casp15_casp16_unique_lt1000_all_default_20260529_182536/predictions/T1137s8/openfold/rank_001.pdb,pending,,,,,results/casp15_casp16_unique_lt1000_all_default_20260529_182536/logs/T1137s8_openfold.log,,,Yes,Yes,prefiltered A1 protein target with mapped residue range,1.000000,1.000000,0.951128,253,266,high,mapped from mmCIF atom_site CA records; 13 aligned positions lack resolved CA atoms,All groups,A1,MceG complex PDB code 8fef
T1137s9,T1137s9,CASP15,8FEF,J,27,289,1,289,289,289,boltz,1,results/casp15_casp16_unique_lt1000_all_default_20260529_182536/sequences/T1137s9.fasta,results/casp15_casp16_unique_lt1000_all_default_20260529_182536/predictions/T1137s9/boltz,results/casp15_casp16_unique_lt1000_all_default_20260529_182536/predictions/T1137s9/boltz/rank_001.pdb,results/casp15_casp16_unique_lt1000_all_default_20260529_182536/predictions/T1137s9/boltz/rank_001.pdb,pending,,,,,results/casp15_casp16_unique_lt1000_all_default_20260529_182536/logs/T1137s9_boltz.log,,,Yes,Yes,prefiltered A1 protein target with mapped residue range,1.000000,1.000000,0.910035,263,289,high,mapped from mmCIF atom_site CA records; 26 aligned positions lack resolved CA atoms,All groups,A1,MceG complex PDB code 8fef
T1137s9,T1137s9,CASP15,8FEF,J,27,289,1,289,289,289,boltz2,1,results/casp15_casp16_unique_lt1000_all_default_20260529_182536/sequences/T1137s9.fasta,results/casp15_casp16_unique_lt1000_all_default_20260529_182536/predictions/T1137s9/boltz2,results/casp15_casp16_unique_lt1000_all_default_20260529_182536/predictions/T1137s9/boltz2/rank_001.pdb,results/casp15_casp16_unique_lt1000_all_default_20260529_182536/predictions/T1137s9/boltz2/rank_001.pdb,pending,,,,,results/casp15_casp16_unique_lt1000_all_default_20260529_182536/logs/T1137s9_boltz2.log,,,Yes,Yes,prefiltered A1 protein target with mapped residue range,1.000000,1.000000,0.910035,263,289,high,mapped from mmCIF atom_site CA records; 26 aligned positions lack resolved CA atoms,All groups,A1,MceG complex PDB code 8fef
T1137s9,T1137s9,CASP15,8FEF,J,27,289,1,289,289,289,chai1,1,results/casp15_casp16_unique_lt1000_all_default_20260529_182536/sequences/T1137s9.fasta,results/casp15_casp16_unique_lt1000_all_default_20260529_182536/predictions/T1137s9/chai1,results/casp15_casp16_unique_lt1000_all_default_20260529_182536/predictions/T1137s9/chai1/rank_001.pdb,results/casp15_casp16_unique_lt1000_all_default_20260529_182536/predictions/T1137s9/chai1/rank_001.pdb,pending,,,,,results/casp15_casp16_unique_lt1000_all_default_20260529_182536/logs/T1137s9_chai1.log,,,Yes,Yes,prefiltered A1 protein target with mapped residue range,1.000000,1.000000,0.910035,263,289,high,mapped from mmCIF atom_site CA records; 26 aligned positions lack resolved CA atoms,All groups,A1,MceG complex PDB code 8fef
T1137s9,T1137s9,CASP15,8FEF,J,27,289,1,289,289,289,colabfold,1,results/casp15_casp16_unique_lt1000_all_default_20260529_182536/sequences/T1137s9.fasta,results/casp15_casp16_unique_lt1000_all_default_20260529_182536/predictions/T1137s9/colabfold,results/casp15_casp16_unique_lt1000_all_default_20260529_182536/predictions/T1137s9/colabfold/rank_001.pdb,results/casp15_casp16_unique_lt1000_all_default_20260529_182536/predictions/T1137s9/colabfold/rank_001.pdb,pending,,,,,results/casp15_casp16_unique_lt1000_all_default_20260529_182536/logs/T1137s9_colabfold.log,,,Yes,Yes,prefiltered A1 protein target with mapped residue range,1.000000,1.000000,0.910035,263,289,high,mapped from mmCIF atom_site CA records; 26 aligned positions lack resolved CA atoms,All groups,A1,MceG complex PDB code 8fef
T1137s9,T1137s9,CASP15,8FEF,J,27,289,1,289,289,289,esmfold,1,results/casp15_casp16_unique_lt1000_all_default_20260529_182536/sequences/T1137s9.fasta,results/casp15_casp16_unique_lt1000_all_default_20260529_182536/predictions/T1137s9/esmfold,results/casp15_casp16_unique_lt1000_all_default_20260529_182536/predictions/T1137s9/esmfold/rank_001.pdb,results/casp15_casp16_unique_lt1000_all_default_20260529_182536/predictions/T1137s9/esmfold/rank_001.pdb,pending,,,,,results/casp15_casp16_unique_lt1000_all_default_20260529_182536/logs/T1137s9_esmfold.log,,,Yes,Yes,prefiltered A1 protein target with mapped residue range,1.000000,1.000000,0.910035,263,289,high,mapped from mmCIF atom_site CA records; 26 aligned positions lack resolved CA atoms,All groups,A1,MceG complex PDB code 8fef
T1137s9,T1137s9,CASP15,8FEF,J,27,289,1,289,289,289,omegafold,1,results/casp15_casp16_unique_lt1000_all_default_20260529_182536/sequences/T1137s9.fasta,results/casp15_casp16_unique_lt1000_all_default_20260529_182536/predictions/T1137s9/omegafold,results/casp15_casp16_unique_lt1000_all_default_20260529_182536/predictions/T1137s9/omegafold/rank_001.pdb,results/casp15_casp16_unique_lt1000_all_default_20260529_182536/predictions/T1137s9/omegafold/rank_001.pdb,pending,,,,,results/casp15_casp16_unique_lt1000_all_default_20260529_182536/logs/T1137s9_omegafold.log,,,Yes,Yes,prefiltered A1 protein target with mapped residue range,1.000000,1.000000,0.910035,263,289,high,mapped from mmCIF atom_site CA records; 26 aligned positions lack resolved CA atoms,All groups,A1,MceG complex PDB code 8fef
T1137s9,T1137s9,CASP15,8FEF,J,27,289,1,289,289,289,openfold,1,results/casp15_casp16_unique_lt1000_all_default_20260529_182536/sequences/T1137s9.fasta,results/casp15_casp16_unique_lt1000_all_default_20260529_182536/predictions/T1137s9/openfold,results/casp15_casp16_unique_lt1000_all_default_20260529_182536/predictions/T1137s9/openfold/rank_001.pdb,results/casp15_casp16_unique_lt1000_all_default_20260529_182536/predictions/T1137s9/openfold/rank_001.pdb,pending,,,,,results/casp15_casp16_unique_lt1000_all_default_20260529_182536/logs/T1137s9_openfold.log,,,Yes,Yes,prefiltered A1 protein target with mapped residue range,1.000000,1.000000,0.910035,263,289,high,mapped from mmCIF atom_site CA records; 26 aligned positions lack resolved CA atoms,All groups,A1,MceG complex PDB code 8fef
T1145,T1145,CASP15,7UWW,A,34,665,1,635,635,635,boltz,1,results/casp15_casp16_unique_lt1000_all_default_20260529_182536/sequences/T1145.fasta,results/casp15_casp16_unique_lt1000_all_default_20260529_182536/predictions/T1145/boltz,results/casp15_casp16_unique_lt1000_all_default_20260529_182536/predictions/T1145/boltz/rank_001.pdb,results/casp15_casp16_unique_lt1000_all_default_20260529_182536/predictions/T1145/boltz/rank_001.pdb,pending,,,,,results/casp15_casp16_unique_lt1000_all_default_20260529_182536/logs/T1145_boltz.log,,,Check,Check,multiple equivalent chains match,1.000000,1.000000,0.995276,632,635,high,mapped from mmCIF atom_site CA records; 3 aligned positions lack resolved CA atoms,All groups,A1,Starch binding protein PDB code 7uww
T1145,T1145,CASP15,7UWW,A,34,665,1,635,635,635,boltz2,1,results/casp15_casp16_unique_lt1000_all_default_20260529_182536/sequences/T1145.fasta,results/casp15_casp16_unique_lt1000_all_default_20260529_182536/predictions/T1145/boltz2,results/casp15_casp16_unique_lt1000_all_default_20260529_182536/predictions/T1145/boltz2/rank_001.pdb,results/casp15_casp16_unique_lt1000_all_default_20260529_182536/predictions/T1145/boltz2/rank_001.pdb,pending,,,,,results/casp15_casp16_unique_lt1000_all_default_20260529_182536/logs/T1145_boltz2.log,,,Check,Check,multiple equivalent chains match,1.000000,1.000000,0.995276,632,635,high,mapped from mmCIF atom_site CA records; 3 aligned positions lack resolved CA atoms,All groups,A1,Starch binding protein PDB code 7uww
T1145,T1145,CASP15,7UWW,A,34,665,1,635,635,635,chai1,1,results/casp15_casp16_unique_lt1000_all_default_20260529_182536/sequences/T1145.fasta,results/casp15_casp16_unique_lt1000_all_default_20260529_182536/predictions/T1145/chai1,results/casp15_casp16_unique_lt1000_all_default_20260529_182536/predictions/T1145/chai1/rank_001.pdb,results/casp15_casp16_unique_lt1000_all_default_20260529_182536/predictions/T1145/chai1/rank_001.pdb,pending,,,,,results/casp15_casp16_unique_lt1000_all_default_20260529_182536/logs/T1145_chai1.log,,,Check,Check,multiple equivalent chains match,1.000000,1.000000,0.995276,632,635,high,mapped from mmCIF atom_site CA records; 3 aligned positions lack resolved CA atoms,All groups,A1,Starch binding protein PDB code 7uww
T1145,T1145,CASP15,7UWW,A,34,665,1,635,635,635,colabfold,1,results/casp15_casp16_unique_lt1000_all_default_20260529_182536/sequences/T1145.fasta,results/casp15_casp16_unique_lt1000_all_default_20260529_182536/predictions/T1145/colabfold,results/casp15_casp16_unique_lt1000_all_default_20260529_182536/predictions/T1145/colabfold/rank_001.pdb,results/casp15_casp16_unique_lt1000_all_default_20260529_182536/predictions/T1145/colabfold/rank_001.pdb,pending,,,,,results/casp15_casp16_unique_lt1000_all_default_20260529_182536/logs/T1145_colabfold.log,,,Check,Check,multiple equivalent chains match,1.000000,1.000000,0.995276,632,635,high,mapped from mmCIF atom_site CA records; 3 aligned positions lack resolved CA atoms,All groups,A1,Starch binding protein PDB code 7uww
T1145,T1145,CASP15,7UWW,A,34,665,1,635,635,635,esmfold,1,results/casp15_casp16_unique_lt1000_all_default_20260529_182536/sequences/T1145.fasta,results/casp15_casp16_unique_lt1000_all_default_20260529_182536/predictions/T1145/esmfold,results/casp15_casp16_unique_lt1000_all_default_20260529_182536/predictions/T1145/esmfold/rank_001.pdb,results/casp15_casp16_unique_lt1000_all_default_20260529_182536/predictions/T1145/esmfold/rank_001.pdb,pending,,,,,results/casp15_casp16_unique_lt1000_all_default_20260529_182536/logs/T1145_esmfold.log,,,Check,Check,multiple equivalent chains match,1.000000,1.000000,0.995276,632,635,high,mapped from mmCIF atom_site CA records; 3 aligned positions lack resolved CA atoms,All groups,A1,Starch binding protein PDB code 7uww
T1145,T1145,CASP15,7UWW,A,34,665,1,635,635,635,omegafold,1,results/casp15_casp16_unique_lt1000_all_default_20260529_182536/sequences/T1145.fasta,results/casp15_casp16_unique_lt1000_all_default_20260529_182536/predictions/T1145/omegafold,results/casp15_casp16_unique_lt1000_all_default_20260529_182536/predictions/T1145/omegafold/rank_001.pdb,results/casp15_casp16_unique_lt1000_all_default_20260529_182536/predictions/T1145/omegafold/rank_001.pdb,pending,,,,,results/casp15_casp16_unique_lt1000_all_default_20260529_182536/logs/T1145_omegafold.log,,,Check,Check,multiple equivalent chains match,1.000000,1.000000,0.995276,632,635,high,mapped from mmCIF atom_site CA records; 3 aligned positions lack resolved CA atoms,All groups,A1,Starch binding protein PDB code 7uww
T1145,T1145,CASP15,7UWW,A,34,665,1,635,635,635,openfold,1,results/casp15_casp16_unique_lt1000_all_default_20260529_182536/sequences/T1145.fasta,results/casp15_casp16_unique_lt1000_all_default_20260529_182536/predictions/T1145/openfold,results/casp15_casp16_unique_lt1000_all_default_20260529_182536/predictions/T1145/openfold/rank_001.pdb,results/casp15_casp16_unique_lt1000_all_default_20260529_182536/predictions/T1145/openfold/rank_001.pdb,pending,,,,,results/casp15_casp16_unique_lt1000_all_default_20260529_182536/logs/T1145_openfold.log,,,Check,Check,multiple equivalent chains match,1.000000,1.000000,0.995276,632,635,high,mapped from mmCIF atom_site CA records; 3 aligned positions lack resolved CA atoms,All groups,A1,Starch binding protein PDB code 7uww
T1147,T1147,CASP15,8EM5,A,12,103,1,103,103,103,boltz,1,results/casp15_casp16_unique_lt1000_all_default_20260529_182536/sequences/T1147.fasta,results/casp15_casp16_unique_lt1000_all_default_20260529_182536/predictions/T1147/boltz,results/casp15_casp16_unique_lt1000_all_default_20260529_182536/predictions/T1147/boltz/rank_001.pdb,results/casp15_casp16_unique_lt1000_all_default_20260529_182536/predictions/T1147/boltz/rank_001.pdb,pending,,,,,results/casp15_casp16_unique_lt1000_all_default_20260529_182536/logs/T1147_boltz.log,,,Check,Check,multiple equivalent chains match,1.000000,1.000000,0.893204,92,103,high,mapped from mmCIF atom_site CA records; 11 aligned positions lack resolved CA atoms,All groups,A1,"KEK_05752, MmpS5 PDB code 8em5"
T1147,T1147,CASP15,8EM5,A,12,103,1,103,103,103,boltz2,1,results/casp15_casp16_unique_lt1000_all_default_20260529_182536/sequences/T1147.fasta,results/casp15_casp16_unique_lt1000_all_default_20260529_182536/predictions/T1147/boltz2,results/casp15_casp16_unique_lt1000_all_default_20260529_182536/predictions/T1147/boltz2/rank_001.pdb,results/casp15_casp16_unique_lt1000_all_default_20260529_182536/predictions/T1147/boltz2/rank_001.pdb,pending,,,,,results/casp15_casp16_unique_lt1000_all_default_20260529_182536/logs/T1147_boltz2.log,,,Check,Check,multiple equivalent chains match,1.000000,1.000000,0.893204,92,103,high,mapped from mmCIF atom_site CA records; 11 aligned positions lack resolved CA atoms,All groups,A1,"KEK_05752, MmpS5 PDB code 8em5"
T1147,T1147,CASP15,8EM5,A,12,103,1,103,103,103,chai1,1,results/casp15_casp16_unique_lt1000_all_default_20260529_182536/sequences/T1147.fasta,results/casp15_casp16_unique_lt1000_all_default_20260529_182536/predictions/T1147/chai1,results/casp15_casp16_unique_lt1000_all_default_20260529_182536/predictions/T1147/chai1/rank_001.pdb,results/casp15_casp16_unique_lt1000_all_default_20260529_182536/predictions/T1147/chai1/rank_001.pdb,pending,,,,,results/casp15_casp16_unique_lt1000_all_default_20260529_182536/logs/T1147_chai1.log,,,Check,Check,multiple equivalent chains match,1.000000,1.000000,0.893204,92,103,high,mapped from mmCIF atom_site CA records; 11 aligned positions lack resolved CA atoms,All groups,A1,"KEK_05752, MmpS5 PDB code 8em5"
T1147,T1147,CASP15,8EM5,A,12,103,1,103,103,103,colabfold,1,results/casp15_casp16_unique_lt1000_all_default_20260529_182536/sequences/T1147.fasta,results/casp15_casp16_unique_lt1000_all_default_20260529_182536/predictions/T1147/colabfold,results/casp15_casp16_unique_lt1000_all_default_20260529_182536/predictions/T1147/colabfold/rank_001.pdb,results/casp15_casp16_unique_lt1000_all_default_20260529_182536/predictions/T1147/colabfold/rank_001.pdb,pending,,,,,results/casp15_casp16_unique_lt1000_all_default_20260529_182536/logs/T1147_colabfold.log,,,Check,Check,multiple equivalent chains match,1.000000,1.000000,0.893204,92,103,high,mapped from mmCIF atom_site CA records; 11 aligned positions lack resolved CA atoms,All groups,A1,"KEK_05752, MmpS5 PDB code 8em5"
T1147,T1147,CASP15,8EM5,A,12,103,1,103,103,103,esmfold,1,results/casp15_casp16_unique_lt1000_all_default_20260529_182536/sequences/T1147.fasta,results/casp15_casp16_unique_lt1000_all_default_20260529_182536/predictions/T1147/esmfold,results/casp15_casp16_unique_lt1000_all_default_20260529_182536/predictions/T1147/esmfold/rank_001.pdb,results/casp15_casp16_unique_lt1000_all_default_20260529_182536/predictions/T1147/esmfold/rank_001.pdb,pending,,,,,results/casp15_casp16_unique_lt1000_all_default_20260529_182536/logs/T1147_esmfold.log,,,Check,Check,multiple equivalent chains match,1.000000,1.000000,0.893204,92,103,high,mapped from mmCIF atom_site CA records; 11 aligned positions lack resolved CA atoms,All groups,A1,"KEK_05752, MmpS5 PDB code 8em5"
T1147,T1147,CASP15,8EM5,A,12,103,1,103,103,103,omegafold,1,results/casp15_casp16_unique_lt1000_all_default_20260529_182536/sequences/T1147.fasta,results/casp15_casp16_unique_lt1000_all_default_20260529_182536/predictions/T1147/omegafold,results/casp15_casp16_unique_lt1000_all_default_20260529_182536/predictions/T1147/omegafold/rank_001.pdb,results/casp15_casp16_unique_lt1000_all_default_20260529_182536/predictions/T1147/omegafold/rank_001.pdb,pending,,,,,results/casp15_casp16_unique_lt1000_all_default_20260529_182536/logs/T1147_omegafold.log,,,Check,Check,multiple equivalent chains match,1.000000,1.000000,0.893204,92,103,high,mapped from mmCIF atom_site CA records; 11 aligned positions lack resolved CA atoms,All groups,A1,"KEK_05752, MmpS5 PDB code 8em5"
T1147,T1147,CASP15,8EM5,A,12,103,1,103,103,103,openfold,1,results/casp15_casp16_unique_lt1000_all_default_20260529_182536/sequences/T1147.fasta,results/casp15_casp16_unique_lt1000_all_default_20260529_182536/predictions/T1147/openfold,results/casp15_casp16_unique_lt1000_all_default_20260529_182536/predictions/T1147/openfold/rank_001.pdb,results/casp15_casp16_unique_lt1000_all_default_20260529_182536/predictions/T1147/openfold/rank_001.pdb,pending,,,,,results/casp15_casp16_unique_lt1000_all_default_20260529_182536/logs/T1147_openfold.log,,,Check,Check,multiple equivalent chains match,1.000000,1.000000,0.893204,92,103,high,mapped from mmCIF atom_site CA records; 11 aligned positions lack resolved CA atoms,All groups,A1,"KEK_05752, MmpS5 PDB code 8em5"
T1151s2,T1151s2,CASP15,8D5V,A,8,91,1,116,116,116,boltz,1,results/casp15_casp16_unique_lt1000_all_default_20260529_182536/sequences/T1151s2.fasta,results/casp15_casp16_unique_lt1000_all_default_20260529_182536/predictions/T1151s2/boltz,results/casp15_casp16_unique_lt1000_all_default_20260529_182536/predictions/T1151s2/boltz/rank_001.pdb,results/casp15_casp16_unique_lt1000_all_default_20260529_182536/predictions/T1151s2/boltz/rank_001.pdb,pending,,,,,results/casp15_casp16_unique_lt1000_all_default_20260529_182536/logs/T1151s2_boltz.log,,,Check,Check,reference coverage below threshold 0.724; multiple equivalent chains match,1.000000,1.000000,0.724138,84,116,high,mapped from mmCIF atom_site CA records; 32 aligned positions lack resolved CA atoms,All groups,A1,P9WF37 PDB code 8d5v
T1151s2,T1151s2,CASP15,8D5V,A,8,91,1,116,116,116,boltz2,1,results/casp15_casp16_unique_lt1000_all_default_20260529_182536/sequences/T1151s2.fasta,results/casp15_casp16_unique_lt1000_all_default_20260529_182536/predictions/T1151s2/boltz2,results/casp15_casp16_unique_lt1000_all_default_20260529_182536/predictions/T1151s2/boltz2/rank_001.pdb,results/casp15_casp16_unique_lt1000_all_default_20260529_182536/predictions/T1151s2/boltz2/rank_001.pdb,pending,,,,,results/casp15_casp16_unique_lt1000_all_default_20260529_182536/logs/T1151s2_boltz2.log,,,Check,Check,reference coverage below threshold 0.724; multiple equivalent chains match,1.000000,1.000000,0.724138,84,116,high,mapped from mmCIF atom_site CA records; 32 aligned positions lack resolved CA atoms,All groups,A1,P9WF37 PDB code 8d5v
T1151s2,T1151s2,CASP15,8D5V,A,8,91,1,116,116,116,chai1,1,results/casp15_casp16_unique_lt1000_all_default_20260529_182536/sequences/T1151s2.fasta,results/casp15_casp16_unique_lt1000_all_default_20260529_182536/predictions/T1151s2/chai1,results/casp15_casp16_unique_lt1000_all_default_20260529_182536/predictions/T1151s2/chai1/rank_001.pdb,results/casp15_casp16_unique_lt1000_all_default_20260529_182536/predictions/T1151s2/chai1/rank_001.pdb,pending,,,,,results/casp15_casp16_unique_lt1000_all_default_20260529_182536/logs/T1151s2_chai1.log,,,Check,Check,reference coverage below threshold 0.724; multiple equivalent chains match,1.000000,1.000000,0.724138,84,116,high,mapped from mmCIF atom_site CA records; 32 aligned positions lack resolved CA atoms,All groups,A1,P9WF37 PDB code 8d5v
T1151s2,T1151s2,CASP15,8D5V,A,8,91,1,116,116,116,colabfold,1,results/casp15_casp16_unique_lt1000_all_default_20260529_182536/sequences/T1151s2.fasta,results/casp15_casp16_unique_lt1000_all_default_20260529_182536/predictions/T1151s2/colabfold,results/casp15_casp16_unique_lt1000_all_default_20260529_182536/predictions/T1151s2/colabfold/rank_001.pdb,results/casp15_casp16_unique_lt1000_all_default_20260529_182536/predictions/T1151s2/colabfold/rank_001.pdb,pending,,,,,results/casp15_casp16_unique_lt1000_all_default_20260529_182536/logs/T1151s2_colabfold.log,,,Check,Check,reference coverage below threshold 0.724; multiple equivalent chains match,1.000000,1.000000,0.724138,84,116,high,mapped from mmCIF atom_site CA records; 32 aligned positions lack resolved CA atoms,All groups,A1,P9WF37 PDB code 8d5v
T1151s2,T1151s2,CASP15,8D5V,A,8,91,1,116,116,116,esmfold,1,results/casp15_casp16_unique_lt1000_all_default_20260529_182536/sequences/T1151s2.fasta,results/casp15_casp16_unique_lt1000_all_default_20260529_182536/predictions/T1151s2/esmfold,results/casp15_casp16_unique_lt1000_all_default_20260529_182536/predictions/T1151s2/esmfold/rank_001.pdb,results/casp15_casp16_unique_lt1000_all_default_20260529_182536/predictions/T1151s2/esmfold/rank_001.pdb,pending,,,,,results/casp15_casp16_unique_lt1000_all_default_20260529_182536/logs/T1151s2_esmfold.log,,,Check,Check,reference coverage below threshold 0.724; multiple equivalent chains match,1.000000,1.000000,0.724138,84,116,high,mapped from mmCIF atom_site CA records; 32 aligned positions lack resolved CA atoms,All groups,A1,P9WF37 PDB code 8d5v
T1151s2,T1151s2,CASP15,8D5V,A,8,91,1,116,116,116,omegafold,1,results/casp15_casp16_unique_lt1000_all_default_20260529_182536/sequences/T1151s2.fasta,results/casp15_casp16_unique_lt1000_all_default_20260529_182536/predictions/T1151s2/omegafold,results/casp15_casp16_unique_lt1000_all_default_20260529_182536/predictions/T1151s2/omegafold/rank_001.pdb,results/casp15_casp16_unique_lt1000_all_default_20260529_182536/predictions/T1151s2/omegafold/rank_001.pdb,pending,,,,,results/casp15_casp16_unique_lt1000_all_default_20260529_182536/logs/T1151s2_omegafold.log,,,Check,Check,reference coverage below threshold 0.724; multiple equivalent chains match,1.000000,1.000000,0.724138,84,116,high,mapped from mmCIF atom_site CA records; 32 aligned positions lack resolved CA atoms,All groups,A1,P9WF37 PDB code 8d5v
T1151s2,T1151s2,CASP15,8D5V,A,8,91,1,116,116,116,openfold,1,results/casp15_casp16_unique_lt1000_all_default_20260529_182536/sequences/T1151s2.fasta,results/casp15_casp16_unique_lt1000_all_default_20260529_182536/predictions/T1151s2/openfold,results/casp15_casp16_unique_lt1000_all_default_20260529_182536/predictions/T1151s2/openfold/rank_001.pdb,results/casp15_casp16_unique_lt1000_all_default_20260529_182536/predictions/T1151s2/openfold/rank_001.pdb,pending,,,,,results/casp15_casp16_unique_lt1000_all_default_20260529_182536/logs/T1151s2_openfold.log,,,Check,Check,reference coverage below threshold 0.724; multiple equivalent chains match,1.000000,1.000000,0.724138,84,116,high,mapped from mmCIF atom_site CA records; 32 aligned positions lack resolved CA atoms,All groups,A1,P9WF37 PDB code 8d5v
T1155,T1155,CASP15,8PBV,A,1,116,1,116,116,116,boltz,1,results/casp15_casp16_unique_lt1000_all_default_20260529_182536/sequences/T1155.fasta,results/casp15_casp16_unique_lt1000_all_default_20260529_182536/predictions/T1155/boltz,results/casp15_casp16_unique_lt1000_all_default_20260529_182536/predictions/T1155/boltz/rank_001.pdb,results/casp15_casp16_unique_lt1000_all_default_20260529_182536/predictions/T1155/boltz/rank_001.pdb,pending,,,,,results/casp15_casp16_unique_lt1000_all_default_20260529_182536/logs/T1155_boltz.log,,,Yes,Yes,prefiltered A1 protein target with mapped residue range,1.000000,1.000000,1.000000,116,116,high,mapped from mmCIF atom_site CA records,All groups,A1,Uniprot Q8IN44 PDB code 8pbv
T1155,T1155,CASP15,8PBV,A,1,116,1,116,116,116,boltz2,1,results/casp15_casp16_unique_lt1000_all_default_20260529_182536/sequences/T1155.fasta,results/casp15_casp16_unique_lt1000_all_default_20260529_182536/predictions/T1155/boltz2,results/casp15_casp16_unique_lt1000_all_default_20260529_182536/predictions/T1155/boltz2/rank_001.pdb,results/casp15_casp16_unique_lt1000_all_default_20260529_182536/predictions/T1155/boltz2/rank_001.pdb,pending,,,,,results/casp15_casp16_unique_lt1000_all_default_20260529_182536/logs/T1155_boltz2.log,,,Yes,Yes,prefiltered A1 protein target with mapped residue range,1.000000,1.000000,1.000000,116,116,high,mapped from mmCIF atom_site CA records,All groups,A1,Uniprot Q8IN44 PDB code 8pbv
T1155,T1155,CASP15,8PBV,A,1,116,1,116,116,116,chai1,1,results/casp15_casp16_unique_lt1000_all_default_20260529_182536/sequences/T1155.fasta,results/casp15_casp16_unique_lt1000_all_default_20260529_182536/predictions/T1155/chai1,results/casp15_casp16_unique_lt1000_all_default_20260529_182536/predictions/T1155/chai1/rank_001.pdb,results/casp15_casp16_unique_lt1000_all_default_20260529_182536/predictions/T1155/chai1/rank_001.pdb,pending,,,,,results/casp15_casp16_unique_lt1000_all_default_20260529_182536/logs/T1155_chai1.log,,,Yes,Yes,prefiltered A1 protein target with mapped residue range,1.000000,1.000000,1.000000,116,116,high,mapped from mmCIF atom_site CA records,All groups,A1,Uniprot Q8IN44 PDB code 8pbv
T1155,T1155,CASP15,8PBV,A,1,116,1,116,116,116,colabfold,1,results/casp15_casp16_unique_lt1000_all_default_20260529_182536/sequences/T1155.fasta,results/casp15_casp16_unique_lt1000_all_default_20260529_182536/predictions/T1155/colabfold,results/casp15_casp16_unique_lt1000_all_default_20260529_182536/predictions/T1155/colabfold/rank_001.pdb,results/casp15_casp16_unique_lt1000_all_default_20260529_182536/predictions/T1155/colabfold/rank_001.pdb,pending,,,,,results/casp15_casp16_unique_lt1000_all_default_20260529_182536/logs/T1155_colabfold.log,,,Yes,Yes,prefiltered A1 protein target with mapped residue range,1.000000,1.000000,1.000000,116,116,high,mapped from mmCIF atom_site CA records,All groups,A1,Uniprot Q8IN44 PDB code 8pbv
T1155,T1155,CASP15,8PBV,A,1,116,1,116,116,116,esmfold,1,results/casp15_casp16_unique_lt1000_all_default_20260529_182536/sequences/T1155.fasta,results/casp15_casp16_unique_lt1000_all_default_20260529_182536/predictions/T1155/esmfold,results/casp15_casp16_unique_lt1000_all_default_20260529_182536/predictions/T1155/esmfold/rank_001.pdb,results/casp15_casp16_unique_lt1000_all_default_20260529_182536/predictions/T1155/esmfold/rank_001.pdb,pending,,,,,results/casp15_casp16_unique_lt1000_all_default_20260529_182536/logs/T1155_esmfold.log,,,Yes,Yes,prefiltered A1 protein target with mapped residue range,1.000000,1.000000,1.000000,116,116,high,mapped from mmCIF atom_site CA records,All groups,A1,Uniprot Q8IN44 PDB code 8pbv
T1155,T1155,CASP15,8PBV,A,1,116,1,116,116,116,omegafold,1,results/casp15_casp16_unique_lt1000_all_default_20260529_182536/sequences/T1155.fasta,results/casp15_casp16_unique_lt1000_all_default_20260529_182536/predictions/T1155/omegafold,results/casp15_casp16_unique_lt1000_all_default_20260529_182536/predictions/T1155/omegafold/rank_001.pdb,results/casp15_casp16_unique_lt1000_all_default_20260529_182536/predictions/T1155/omegafold/rank_001.pdb,pending,,,,,results/casp15_casp16_unique_lt1000_all_default_20260529_182536/logs/T1155_omegafold.log,,,Yes,Yes,prefiltered A1 protein target with mapped residue range,1.000000,1.000000,1.000000,116,116,high,mapped from mmCIF atom_site CA records,All groups,A1,Uniprot Q8IN44 PDB code 8pbv
T1155,T1155,CASP15,8PBV,A,1,116,1,116,116,116,openfold,1,results/casp15_casp16_unique_lt1000_all_default_20260529_182536/sequences/T1155.fasta,results/casp15_casp16_unique_lt1000_all_default_20260529_182536/predictions/T1155/openfold,results/casp15_casp16_unique_lt1000_all_default_20260529_182536/predictions/T1155/openfold/rank_001.pdb,results/casp15_casp16_unique_lt1000_all_default_20260529_182536/predictions/T1155/openfold/rank_001.pdb,pending,,,,,results/casp15_casp16_unique_lt1000_all_default_20260529_182536/logs/T1155_openfold.log,,,Yes,Yes,prefiltered A1 protein target with mapped residue range,1.000000,1.000000,1.000000,116,116,high,mapped from mmCIF atom_site CA records,All groups,A1,Uniprot Q8IN44 PDB code 8pbv
T1157s2,T1157s2,CASP15,8PKO,B,21,484,1,495,495,495,boltz,1,results/casp15_casp16_unique_lt1000_all_default_20260529_182536/sequences/T1157s2.fasta,results/casp15_casp16_unique_lt1000_all_default_20260529_182536/predictions/T1157s2/boltz,results/casp15_casp16_unique_lt1000_all_default_20260529_182536/predictions/T1157s2/boltz/rank_001.pdb,results/casp15_casp16_unique_lt1000_all_default_20260529_182536/predictions/T1157s2/boltz/rank_001.pdb,pending,,,,,results/casp15_casp16_unique_lt1000_all_default_20260529_182536/logs/T1157s2_boltz.log,,,Yes,Yes,prefiltered A1 protein target with mapped residue range,1.000000,1.000000,0.937374,464,495,high,mapped from mmCIF atom_site CA records; 31 aligned positions lack resolved CA atoms,All groups,A1,Complex of CtEDEM and CtPDI1P PDB code 8pko
T1157s2,T1157s2,CASP15,8PKO,B,21,484,1,495,495,495,boltz2,1,results/casp15_casp16_unique_lt1000_all_default_20260529_182536/sequences/T1157s2.fasta,results/casp15_casp16_unique_lt1000_all_default_20260529_182536/predictions/T1157s2/boltz2,results/casp15_casp16_unique_lt1000_all_default_20260529_182536/predictions/T1157s2/boltz2/rank_001.pdb,results/casp15_casp16_unique_lt1000_all_default_20260529_182536/predictions/T1157s2/boltz2/rank_001.pdb,pending,,,,,results/casp15_casp16_unique_lt1000_all_default_20260529_182536/logs/T1157s2_boltz2.log,,,Yes,Yes,prefiltered A1 protein target with mapped residue range,1.000000,1.000000,0.937374,464,495,high,mapped from mmCIF atom_site CA records; 31 aligned positions lack resolved CA atoms,All groups,A1,Complex of CtEDEM and CtPDI1P PDB code 8pko
T1157s2,T1157s2,CASP15,8PKO,B,21,484,1,495,495,495,chai1,1,results/casp15_casp16_unique_lt1000_all_default_20260529_182536/sequences/T1157s2.fasta,results/casp15_casp16_unique_lt1000_all_default_20260529_182536/predictions/T1157s2/chai1,results/casp15_casp16_unique_lt1000_all_default_20260529_182536/predictions/T1157s2/chai1/rank_001.pdb,results/casp15_casp16_unique_lt1000_all_default_20260529_182536/predictions/T1157s2/chai1/rank_001.pdb,pending,,,,,results/casp15_casp16_unique_lt1000_all_default_20260529_182536/logs/T1157s2_chai1.log,,,Yes,Yes,prefiltered A1 protein target with mapped residue range,1.000000,1.000000,0.937374,464,495,high,mapped from mmCIF atom_site CA records; 31 aligned positions lack resolved CA atoms,All groups,A1,Complex of CtEDEM and CtPDI1P PDB code 8pko
T1157s2,T1157s2,CASP15,8PKO,B,21,484,1,495,495,495,colabfold,1,results/casp15_casp16_unique_lt1000_all_default_20260529_182536/sequences/T1157s2.fasta,results/casp15_casp16_unique_lt1000_all_default_20260529_182536/predictions/T1157s2/colabfold,results/casp15_casp16_unique_lt1000_all_default_20260529_182536/predictions/T1157s2/colabfold/rank_001.pdb,results/casp15_casp16_unique_lt1000_all_default_20260529_182536/predictions/T1157s2/colabfold/rank_001.pdb,pending,,,,,results/casp15_casp16_unique_lt1000_all_default_20260529_182536/logs/T1157s2_colabfold.log,,,Yes,Yes,prefiltered A1 protein target with mapped residue range,1.000000,1.000000,0.937374,464,495,high,mapped from mmCIF atom_site CA records; 31 aligned positions lack resolved CA atoms,All groups,A1,Complex of CtEDEM and CtPDI1P PDB code 8pko
T1157s2,T1157s2,CASP15,8PKO,B,21,484,1,495,495,495,esmfold,1,results/casp15_casp16_unique_lt1000_all_default_20260529_182536/sequences/T1157s2.fasta,results/casp15_casp16_unique_lt1000_all_default_20260529_182536/predictions/T1157s2/esmfold,results/casp15_casp16_unique_lt1000_all_default_20260529_182536/predictions/T1157s2/esmfold/rank_001.pdb,results/casp15_casp16_unique_lt1000_all_default_20260529_182536/predictions/T1157s2/esmfold/rank_001.pdb,pending,,,,,results/casp15_casp16_unique_lt1000_all_default_20260529_182536/logs/T1157s2_esmfold.log,,,Yes,Yes,prefiltered A1 protein target with mapped residue range,1.000000,1.000000,0.937374,464,495,high,mapped from mmCIF atom_site CA records; 31 aligned positions lack resolved CA atoms,All groups,A1,Complex of CtEDEM and CtPDI1P PDB code 8pko
T1157s2,T1157s2,CASP15,8PKO,B,21,484,1,495,495,495,omegafold,1,results/casp15_casp16_unique_lt1000_all_default_20260529_182536/sequences/T1157s2.fasta,results/casp15_casp16_unique_lt1000_all_default_20260529_182536/predictions/T1157s2/omegafold,results/casp15_casp16_unique_lt1000_all_default_20260529_182536/predictions/T1157s2/omegafold/rank_001.pdb,results/casp15_casp16_unique_lt1000_all_default_20260529_182536/predictions/T1157s2/omegafold/rank_001.pdb,pending,,,,,results/casp15_casp16_unique_lt1000_all_default_20260529_182536/logs/T1157s2_omegafold.log,,,Yes,Yes,prefiltered A1 protein target with mapped residue range,1.000000,1.000000,0.937374,464,495,high,mapped from mmCIF atom_site CA records; 31 aligned positions lack resolved CA atoms,All groups,A1,Complex of CtEDEM and CtPDI1P PDB code 8pko
T1157s2,T1157s2,CASP15,8PKO,B,21,484,1,495,495,495,openfold,1,results/casp15_casp16_unique_lt1000_all_default_20260529_182536/sequences/T1157s2.fasta,results/casp15_casp16_unique_lt1000_all_default_20260529_182536/predictions/T1157s2/openfold,results/casp15_casp16_unique_lt1000_all_default_20260529_182536/predictions/T1157s2/openfold/rank_001.pdb,results/casp15_casp16_unique_lt1000_all_default_20260529_182536/predictions/T1157s2/openfold/rank_001.pdb,pending,,,,,results/casp15_casp16_unique_lt1000_all_default_20260529_182536/logs/T1157s2_openfold.log,,,Yes,Yes,prefiltered A1 protein target with mapped residue range,1.000000,1.000000,0.937374,464,495,high,mapped from mmCIF atom_site CA records; 31 aligned positions lack resolved CA atoms,All groups,A1,Complex of CtEDEM and CtPDI1P PDB code 8pko
T1159,T1159,CASP15,7PZT,A,1,160,1,160,160,160,boltz,1,results/casp15_casp16_unique_lt1000_all_default_20260529_182536/sequences/T1159.fasta,results/casp15_casp16_unique_lt1000_all_default_20260529_182536/predictions/T1159/boltz,results/casp15_casp16_unique_lt1000_all_default_20260529_182536/predictions/T1159/boltz/rank_001.pdb,results/casp15_casp16_unique_lt1000_all_default_20260529_182536/predictions/T1159/boltz/rank_001.pdb,pending,,,,,results/casp15_casp16_unique_lt1000_all_default_20260529_182536/logs/T1159_boltz.log,,,Check,Check,multiple equivalent chains match,1.000000,1.000000,1.000000,160,160,high,mapped from mmCIF atom_site CA records,All groups,A1,TecA tgat PDB code 7pzt
T1159,T1159,CASP15,7PZT,A,1,160,1,160,160,160,boltz2,1,results/casp15_casp16_unique_lt1000_all_default_20260529_182536/sequences/T1159.fasta,results/casp15_casp16_unique_lt1000_all_default_20260529_182536/predictions/T1159/boltz2,results/casp15_casp16_unique_lt1000_all_default_20260529_182536/predictions/T1159/boltz2/rank_001.pdb,results/casp15_casp16_unique_lt1000_all_default_20260529_182536/predictions/T1159/boltz2/rank_001.pdb,pending,,,,,results/casp15_casp16_unique_lt1000_all_default_20260529_182536/logs/T1159_boltz2.log,,,Check,Check,multiple equivalent chains match,1.000000,1.000000,1.000000,160,160,high,mapped from mmCIF atom_site CA records,All groups,A1,TecA tgat PDB code 7pzt
T1159,T1159,CASP15,7PZT,A,1,160,1,160,160,160,chai1,1,results/casp15_casp16_unique_lt1000_all_default_20260529_182536/sequences/T1159.fasta,results/casp15_casp16_unique_lt1000_all_default_20260529_182536/predictions/T1159/chai1,results/casp15_casp16_unique_lt1000_all_default_20260529_182536/predictions/T1159/chai1/rank_001.pdb,results/casp15_casp16_unique_lt1000_all_default_20260529_182536/predictions/T1159/chai1/rank_001.pdb,pending,,,,,results/casp15_casp16_unique_lt1000_all_default_20260529_182536/logs/T1159_chai1.log,,,Check,Check,multiple equivalent chains match,1.000000,1.000000,1.000000,160,160,high,mapped from mmCIF atom_site CA records,All groups,A1,TecA tgat PDB code 7pzt
T1159,T1159,CASP15,7PZT,A,1,160,1,160,160,160,colabfold,1,results/casp15_casp16_unique_lt1000_all_default_20260529_182536/sequences/T1159.fasta,results/casp15_casp16_unique_lt1000_all_default_20260529_182536/predictions/T1159/colabfold,results/casp15_casp16_unique_lt1000_all_default_20260529_182536/predictions/T1159/colabfold/rank_001.pdb,results/casp15_casp16_unique_lt1000_all_default_20260529_182536/predictions/T1159/colabfold/rank_001.pdb,pending,,,,,results/casp15_casp16_unique_lt1000_all_default_20260529_182536/logs/T1159_colabfold.log,,,Check,Check,multiple equivalent chains match,1.000000,1.000000,1.000000,160,160,high,mapped from mmCIF atom_site CA records,All groups,A1,TecA tgat PDB code 7pzt
T1159,T1159,CASP15,7PZT,A,1,160,1,160,160,160,esmfold,1,results/casp15_casp16_unique_lt1000_all_default_20260529_182536/sequences/T1159.fasta,results/casp15_casp16_unique_lt1000_all_default_20260529_182536/predictions/T1159/esmfold,results/casp15_casp16_unique_lt1000_all_default_20260529_182536/predictions/T1159/esmfold/rank_001.pdb,results/casp15_casp16_unique_lt1000_all_default_20260529_182536/predictions/T1159/esmfold/rank_001.pdb,pending,,,,,results/casp15_casp16_unique_lt1000_all_default_20260529_182536/logs/T1159_esmfold.log,,,Check,Check,multiple equivalent chains match,1.000000,1.000000,1.000000,160,160,high,mapped from mmCIF atom_site CA records,All groups,A1,TecA tgat PDB code 7pzt
T1159,T1159,CASP15,7PZT,A,1,160,1,160,160,160,omegafold,1,results/casp15_casp16_unique_lt1000_all_default_20260529_182536/sequences/T1159.fasta,results/casp15_casp16_unique_lt1000_all_default_20260529_182536/predictions/T1159/omegafold,results/casp15_casp16_unique_lt1000_all_default_20260529_182536/predictions/T1159/omegafold/rank_001.pdb,results/casp15_casp16_unique_lt1000_all_default_20260529_182536/predictions/T1159/omegafold/rank_001.pdb,pending,,,,,results/casp15_casp16_unique_lt1000_all_default_20260529_182536/logs/T1159_omegafold.log,,,Check,Check,multiple equivalent chains match,1.000000,1.000000,1.000000,160,160,high,mapped from mmCIF atom_site CA records,All groups,A1,TecA tgat PDB code 7pzt
T1159,T1159,CASP15,7PZT,A,1,160,1,160,160,160,openfold,1,results/casp15_casp16_unique_lt1000_all_default_20260529_182536/sequences/T1159.fasta,results/casp15_casp16_unique_lt1000_all_default_20260529_182536/predictions/T1159/openfold,results/casp15_casp16_unique_lt1000_all_default_20260529_182536/predictions/T1159/openfold/rank_001.pdb,results/casp15_casp16_unique_lt1000_all_default_20260529_182536/predictions/T1159/openfold/rank_001.pdb,pending,,,,,results/casp15_casp16_unique_lt1000_all_default_20260529_182536/logs/T1159_openfold.log,,,Check,Check,multiple equivalent chains match,1.000000,1.000000,1.000000,160,160,high,mapped from mmCIF atom_site CA records,All groups,A1,TecA tgat PDB code 7pzt
T1183,T1183,CASP15,8IFX,B,1,195,1,200,200,200,boltz,1,results/casp15_casp16_unique_lt1000_all_default_20260529_182536/sequences/T1183.fasta,results/casp15_casp16_unique_lt1000_all_default_20260529_182536/predictions/T1183/boltz,results/casp15_casp16_unique_lt1000_all_default_20260529_182536/predictions/T1183/boltz/rank_001.pdb,results/casp15_casp16_unique_lt1000_all_default_20260529_182536/predictions/T1183/boltz/rank_001.pdb,pending,,,,,results/casp15_casp16_unique_lt1000_all_default_20260529_182536/logs/T1183_boltz.log,,,Yes,Yes,prefiltered A1 protein target with mapped residue range,1.000000,1.000000,0.975000,195,200,high,mapped from mmCIF atom_site CA records; 5 aligned positions lack resolved CA atoms,All groups,A1,TsaB PDB code 8ifx
T1183,T1183,CASP15,8IFX,B,1,195,1,200,200,200,boltz2,1,results/casp15_casp16_unique_lt1000_all_default_20260529_182536/sequences/T1183.fasta,results/casp15_casp16_unique_lt1000_all_default_20260529_182536/predictions/T1183/boltz2,results/casp15_casp16_unique_lt1000_all_default_20260529_182536/predictions/T1183/boltz2/rank_001.pdb,results/casp15_casp16_unique_lt1000_all_default_20260529_182536/predictions/T1183/boltz2/rank_001.pdb,pending,,,,,results/casp15_casp16_unique_lt1000_all_default_20260529_182536/logs/T1183_boltz2.log,,,Yes,Yes,prefiltered A1 protein target with mapped residue range,1.000000,1.000000,0.975000,195,200,high,mapped from mmCIF atom_site CA records; 5 aligned positions lack resolved CA atoms,All groups,A1,TsaB PDB code 8ifx
T1183,T1183,CASP15,8IFX,B,1,195,1,200,200,200,chai1,1,results/casp15_casp16_unique_lt1000_all_default_20260529_182536/sequences/T1183.fasta,results/casp15_casp16_unique_lt1000_all_default_20260529_182536/predictions/T1183/chai1,results/casp15_casp16_unique_lt1000_all_default_20260529_182536/predictions/T1183/chai1/rank_001.pdb,results/casp15_casp16_unique_lt1000_all_default_20260529_182536/predictions/T1183/chai1/rank_001.pdb,pending,,,,,results/casp15_casp16_unique_lt1000_all_default_20260529_182536/logs/T1183_chai1.log,,,Yes,Yes,prefiltered A1 protein target with mapped residue range,1.000000,1.000000,0.975000,195,200,high,mapped from mmCIF atom_site CA records; 5 aligned positions lack resolved CA atoms,All groups,A1,TsaB PDB code 8ifx
T1183,T1183,CASP15,8IFX,B,1,195,1,200,200,200,colabfold,1,results/casp15_casp16_unique_lt1000_all_default_20260529_182536/sequences/T1183.fasta,results/casp15_casp16_unique_lt1000_all_default_20260529_182536/predictions/T1183/colabfold,results/casp15_casp16_unique_lt1000_all_default_20260529_182536/predictions/T1183/colabfold/rank_001.pdb,results/casp15_casp16_unique_lt1000_all_default_20260529_182536/predictions/T1183/colabfold/rank_001.pdb,pending,,,,,results/casp15_casp16_unique_lt1000_all_default_20260529_182536/logs/T1183_colabfold.log,,,Yes,Yes,prefiltered A1 protein target with mapped residue range,1.000000,1.000000,0.975000,195,200,high,mapped from mmCIF atom_site CA records; 5 aligned positions lack resolved CA atoms,All groups,A1,TsaB PDB code 8ifx
T1183,T1183,CASP15,8IFX,B,1,195,1,200,200,200,esmfold,1,results/casp15_casp16_unique_lt1000_all_default_20260529_182536/sequences/T1183.fasta,results/casp15_casp16_unique_lt1000_all_default_20260529_182536/predictions/T1183/esmfold,results/casp15_casp16_unique_lt1000_all_default_20260529_182536/predictions/T1183/esmfold/rank_001.pdb,results/casp15_casp16_unique_lt1000_all_default_20260529_182536/predictions/T1183/esmfold/rank_001.pdb,pending,,,,,results/casp15_casp16_unique_lt1000_all_default_20260529_182536/logs/T1183_esmfold.log,,,Yes,Yes,prefiltered A1 protein target with mapped residue range,1.000000,1.000000,0.975000,195,200,high,mapped from mmCIF atom_site CA records; 5 aligned positions lack resolved CA atoms,All groups,A1,TsaB PDB code 8ifx
T1183,T1183,CASP15,8IFX,B,1,195,1,200,200,200,omegafold,1,results/casp15_casp16_unique_lt1000_all_default_20260529_182536/sequences/T1183.fasta,results/casp15_casp16_unique_lt1000_all_default_20260529_182536/predictions/T1183/omegafold,results/casp15_casp16_unique_lt1000_all_default_20260529_182536/predictions/T1183/omegafold/rank_001.pdb,results/casp15_casp16_unique_lt1000_all_default_20260529_182536/predictions/T1183/omegafold/rank_001.pdb,pending,,,,,results/casp15_casp16_unique_lt1000_all_default_20260529_182536/logs/T1183_omegafold.log,,,Yes,Yes,prefiltered A1 protein target with mapped residue range,1.000000,1.000000,0.975000,195,200,high,mapped from mmCIF atom_site CA records; 5 aligned positions lack resolved CA atoms,All groups,A1,TsaB PDB code 8ifx
T1183,T1183,CASP15,8IFX,B,1,195,1,200,200,200,openfold,1,results/casp15_casp16_unique_lt1000_all_default_20260529_182536/sequences/T1183.fasta,results/casp15_casp16_unique_lt1000_all_default_20260529_182536/predictions/T1183/openfold,results/casp15_casp16_unique_lt1000_all_default_20260529_182536/predictions/T1183/openfold/rank_001.pdb,results/casp15_casp16_unique_lt1000_all_default_20260529_182536/predictions/T1183/openfold/rank_001.pdb,pending,,,,,results/casp15_casp16_unique_lt1000_all_default_20260529_182536/logs/T1183_openfold.log,,,Yes,Yes,prefiltered A1 protein target with mapped residue range,1.000000,1.000000,0.975000,195,200,high,mapped from mmCIF atom_site CA records; 5 aligned positions lack resolved CA atoms,All groups,A1,TsaB PDB code 8ifx
T1185s1,T1185s1,CASP15,8OUY,A,4,73,1,350,350,350,boltz,1,results/casp15_casp16_unique_lt1000_all_default_20260529_182536/sequences/T1185s1.fasta,results/casp15_casp16_unique_lt1000_all_default_20260529_182536/predictions/T1185s1/boltz,results/casp15_casp16_unique_lt1000_all_default_20260529_182536/predictions/T1185s1/boltz/rank_001.pdb,results/casp15_casp16_unique_lt1000_all_default_20260529_182536/predictions/T1185s1/boltz/rank_001.pdb,pending,,,,,results/casp15_casp16_unique_lt1000_all_default_20260529_182536/logs/T1185s1_boltz.log,,,Check,Check,reference coverage below threshold 0.200,1.000000,1.000000,0.200000,70,350,high,mapped from mmCIF atom_site CA records; 280 aligned positions lack resolved CA atoms,All groups,A1,BCDX2 PDB code 8ouy
T1185s1,T1185s1,CASP15,8OUY,A,4,73,1,350,350,350,boltz2,1,results/casp15_casp16_unique_lt1000_all_default_20260529_182536/sequences/T1185s1.fasta,results/casp15_casp16_unique_lt1000_all_default_20260529_182536/predictions/T1185s1/boltz2,results/casp15_casp16_unique_lt1000_all_default_20260529_182536/predictions/T1185s1/boltz2/rank_001.pdb,results/casp15_casp16_unique_lt1000_all_default_20260529_182536/predictions/T1185s1/boltz2/rank_001.pdb,pending,,,,,results/casp15_casp16_unique_lt1000_all_default_20260529_182536/logs/T1185s1_boltz2.log,,,Check,Check,reference coverage below threshold 0.200,1.000000,1.000000,0.200000,70,350,high,mapped from mmCIF atom_site CA records; 280 aligned positions lack resolved CA atoms,All groups,A1,BCDX2 PDB code 8ouy
T1185s1,T1185s1,CASP15,8OUY,A,4,73,1,350,350,350,chai1,1,results/casp15_casp16_unique_lt1000_all_default_20260529_182536/sequences/T1185s1.fasta,results/casp15_casp16_unique_lt1000_all_default_20260529_182536/predictions/T1185s1/chai1,results/casp15_casp16_unique_lt1000_all_default_20260529_182536/predictions/T1185s1/chai1/rank_001.pdb,results/casp15_casp16_unique_lt1000_all_default_20260529_182536/predictions/T1185s1/chai1/rank_001.pdb,pending,,,,,results/casp15_casp16_unique_lt1000_all_default_20260529_182536/logs/T1185s1_chai1.log,,,Check,Check,reference coverage below threshold 0.200,1.000000,1.000000,0.200000,70,350,high,mapped from mmCIF atom_site CA records; 280 aligned positions lack resolved CA atoms,All groups,A1,BCDX2 PDB code 8ouy
T1185s1,T1185s1,CASP15,8OUY,A,4,73,1,350,350,350,colabfold,1,results/casp15_casp16_unique_lt1000_all_default_20260529_182536/sequences/T1185s1.fasta,results/casp15_casp16_unique_lt1000_all_default_20260529_182536/predictions/T1185s1/colabfold,results/casp15_casp16_unique_lt1000_all_default_20260529_182536/predictions/T1185s1/colabfold/rank_001.pdb,results/casp15_casp16_unique_lt1000_all_default_20260529_182536/predictions/T1185s1/colabfold/rank_001.pdb,pending,,,,,results/casp15_casp16_unique_lt1000_all_default_20260529_182536/logs/T1185s1_colabfold.log,,,Check,Check,reference coverage below threshold 0.200,1.000000,1.000000,0.200000,70,350,high,mapped from mmCIF atom_site CA records; 280 aligned positions lack resolved CA atoms,All groups,A1,BCDX2 PDB code 8ouy
T1185s1,T1185s1,CASP15,8OUY,A,4,73,1,350,350,350,esmfold,1,results/casp15_casp16_unique_lt1000_all_default_20260529_182536/sequences/T1185s1.fasta,results/casp15_casp16_unique_lt1000_all_default_20260529_182536/predictions/T1185s1/esmfold,results/casp15_casp16_unique_lt1000_all_default_20260529_182536/predictions/T1185s1/esmfold/rank_001.pdb,results/casp15_casp16_unique_lt1000_all_default_20260529_182536/predictions/T1185s1/esmfold/rank_001.pdb,pending,,,,,results/casp15_casp16_unique_lt1000_all_default_20260529_182536/logs/T1185s1_esmfold.log,,,Check,Check,reference coverage below threshold 0.200,1.000000,1.000000,0.200000,70,350,high,mapped from mmCIF atom_site CA records; 280 aligned positions lack resolved CA atoms,All groups,A1,BCDX2 PDB code 8ouy
T1185s1,T1185s1,CASP15,8OUY,A,4,73,1,350,350,350,omegafold,1,results/casp15_casp16_unique_lt1000_all_default_20260529_182536/sequences/T1185s1.fasta,results/casp15_casp16_unique_lt1000_all_default_20260529_182536/predictions/T1185s1/omegafold,results/casp15_casp16_unique_lt1000_all_default_20260529_182536/predictions/T1185s1/omegafold/rank_001.pdb,results/casp15_casp16_unique_lt1000_all_default_20260529_182536/predictions/T1185s1/omegafold/rank_001.pdb,pending,,,,,results/casp15_casp16_unique_lt1000_all_default_20260529_182536/logs/T1185s1_omegafold.log,,,Check,Check,reference coverage below threshold 0.200,1.000000,1.000000,0.200000,70,350,high,mapped from mmCIF atom_site CA records; 280 aligned positions lack resolved CA atoms,All groups,A1,BCDX2 PDB code 8ouy
T1185s1,T1185s1,CASP15,8OUY,A,4,73,1,350,350,350,openfold,1,results/casp15_casp16_unique_lt1000_all_default_20260529_182536/sequences/T1185s1.fasta,results/casp15_casp16_unique_lt1000_all_default_20260529_182536/predictions/T1185s1/openfold,results/casp15_casp16_unique_lt1000_all_default_20260529_182536/predictions/T1185s1/openfold/rank_001.pdb,results/casp15_casp16_unique_lt1000_all_default_20260529_182536/predictions/T1185s1/openfold/rank_001.pdb,pending,,,,,results/casp15_casp16_unique_lt1000_all_default_20260529_182536/logs/T1185s1_openfold.log,,,Check,Check,reference coverage below threshold 0.200,1.000000,1.000000,0.200000,70,350,high,mapped from mmCIF atom_site CA records; 280 aligned positions lack resolved CA atoms,All groups,A1,BCDX2 PDB code 8ouy
T1185s2,T1185s2,CASP15,8OUY,B,10,349,1,376,376,376,boltz,1,results/casp15_casp16_unique_lt1000_all_default_20260529_182536/sequences/T1185s2.fasta,results/casp15_casp16_unique_lt1000_all_default_20260529_182536/predictions/T1185s2/boltz,results/casp15_casp16_unique_lt1000_all_default_20260529_182536/predictions/T1185s2/boltz/rank_001.pdb,results/casp15_casp16_unique_lt1000_all_default_20260529_182536/predictions/T1185s2/boltz/rank_001.pdb,pending,,,,,results/casp15_casp16_unique_lt1000_all_default_20260529_182536/logs/T1185s2_boltz.log,,,Yes,Yes,prefiltered A1 protein target with mapped residue range,1.000000,1.000000,0.832447,313,376,high,mapped from mmCIF atom_site CA records; 63 aligned positions lack resolved CA atoms,All groups,A1,BCDX2 PDB code 8ouy
T1185s2,T1185s2,CASP15,8OUY,B,10,349,1,376,376,376,boltz2,1,results/casp15_casp16_unique_lt1000_all_default_20260529_182536/sequences/T1185s2.fasta,results/casp15_casp16_unique_lt1000_all_default_20260529_182536/predictions/T1185s2/boltz2,results/casp15_casp16_unique_lt1000_all_default_20260529_182536/predictions/T1185s2/boltz2/rank_001.pdb,results/casp15_casp16_unique_lt1000_all_default_20260529_182536/predictions/T1185s2/boltz2/rank_001.pdb,pending,,,,,results/casp15_casp16_unique_lt1000_all_default_20260529_182536/logs/T1185s2_boltz2.log,,,Yes,Yes,prefiltered A1 protein target with mapped residue range,1.000000,1.000000,0.832447,313,376,high,mapped from mmCIF atom_site CA records; 63 aligned positions lack resolved CA atoms,All groups,A1,BCDX2 PDB code 8ouy
T1185s2,T1185s2,CASP15,8OUY,B,10,349,1,376,376,376,chai1,1,results/casp15_casp16_unique_lt1000_all_default_20260529_182536/sequences/T1185s2.fasta,results/casp15_casp16_unique_lt1000_all_default_20260529_182536/predictions/T1185s2/chai1,results/casp15_casp16_unique_lt1000_all_default_20260529_182536/predictions/T1185s2/chai1/rank_001.pdb,results/casp15_casp16_unique_lt1000_all_default_20260529_182536/predictions/T1185s2/chai1/rank_001.pdb,pending,,,,,results/casp15_casp16_unique_lt1000_all_default_20260529_182536/logs/T1185s2_chai1.log,,,Yes,Yes,prefiltered A1 protein target with mapped residue range,1.000000,1.000000,0.832447,313,376,high,mapped from mmCIF atom_site CA records; 63 aligned positions lack resolved CA atoms,All groups,A1,BCDX2 PDB code 8ouy
T1185s2,T1185s2,CASP15,8OUY,B,10,349,1,376,376,376,colabfold,1,results/casp15_casp16_unique_lt1000_all_default_20260529_182536/sequences/T1185s2.fasta,results/casp15_casp16_unique_lt1000_all_default_20260529_182536/predictions/T1185s2/colabfold,results/casp15_casp16_unique_lt1000_all_default_20260529_182536/predictions/T1185s2/colabfold/rank_001.pdb,results/casp15_casp16_unique_lt1000_all_default_20260529_182536/predictions/T1185s2/colabfold/rank_001.pdb,pending,,,,,results/casp15_casp16_unique_lt1000_all_default_20260529_182536/logs/T1185s2_colabfold.log,,,Yes,Yes,prefiltered A1 protein target with mapped residue range,1.000000,1.000000,0.832447,313,376,high,mapped from mmCIF atom_site CA records; 63 aligned positions lack resolved CA atoms,All groups,A1,BCDX2 PDB code 8ouy
T1185s2,T1185s2,CASP15,8OUY,B,10,349,1,376,376,376,esmfold,1,results/casp15_casp16_unique_lt1000_all_default_20260529_182536/sequences/T1185s2.fasta,results/casp15_casp16_unique_lt1000_all_default_20260529_182536/predictions/T1185s2/esmfold,results/casp15_casp16_unique_lt1000_all_default_20260529_182536/predictions/T1185s2/esmfold/rank_001.pdb,results/casp15_casp16_unique_lt1000_all_default_20260529_182536/predictions/T1185s2/esmfold/rank_001.pdb,pending,,,,,results/casp15_casp16_unique_lt1000_all_default_20260529_182536/logs/T1185s2_esmfold.log,,,Yes,Yes,prefiltered A1 protein target with mapped residue range,1.000000,1.000000,0.832447,313,376,high,mapped from mmCIF atom_site CA records; 63 aligned positions lack resolved CA atoms,All groups,A1,BCDX2 PDB code 8ouy
T1185s2,T1185s2,CASP15,8OUY,B,10,349,1,376,376,376,omegafold,1,results/casp15_casp16_unique_lt1000_all_default_20260529_182536/sequences/T1185s2.fasta,results/casp15_casp16_unique_lt1000_all_default_20260529_182536/predictions/T1185s2/omegafold,results/casp15_casp16_unique_lt1000_all_default_20260529_182536/predictions/T1185s2/omegafold/rank_001.pdb,results/casp15_casp16_unique_lt1000_all_default_20260529_182536/predictions/T1185s2/omegafold/rank_001.pdb,pending,,,,,results/casp15_casp16_unique_lt1000_all_default_20260529_182536/logs/T1185s2_omegafold.log,,,Yes,Yes,prefiltered A1 protein target with mapped residue range,1.000000,1.000000,0.832447,313,376,high,mapped from mmCIF atom_site CA records; 63 aligned positions lack resolved CA atoms,All groups,A1,BCDX2 PDB code 8ouy
T1185s2,T1185s2,CASP15,8OUY,B,10,349,1,376,376,376,openfold,1,results/casp15_casp16_unique_lt1000_all_default_20260529_182536/sequences/T1185s2.fasta,results/casp15_casp16_unique_lt1000_all_default_20260529_182536/predictions/T1185s2/openfold,results/casp15_casp16_unique_lt1000_all_default_20260529_182536/predictions/T1185s2/openfold/rank_001.pdb,results/casp15_casp16_unique_lt1000_all_default_20260529_182536/predictions/T1185s2/openfold/rank_001.pdb,pending,,,,,results/casp15_casp16_unique_lt1000_all_default_20260529_182536/logs/T1185s2_openfold.log,,,Yes,Yes,prefiltered A1 protein target with mapped residue range,1.000000,1.000000,0.832447,313,376,high,mapped from mmCIF atom_site CA records; 63 aligned positions lack resolved CA atoms,All groups,A1,BCDX2 PDB code 8ouy
T1185s4,T1185s4,CASP15,8OUY,D,20,280,1,280,280,280,boltz,1,results/casp15_casp16_unique_lt1000_all_default_20260529_182536/sequences/T1185s4.fasta,results/casp15_casp16_unique_lt1000_all_default_20260529_182536/predictions/T1185s4/boltz,results/casp15_casp16_unique_lt1000_all_default_20260529_182536/predictions/T1185s4/boltz/rank_001.pdb,results/casp15_casp16_unique_lt1000_all_default_20260529_182536/predictions/T1185s4/boltz/rank_001.pdb,pending,,,,,results/casp15_casp16_unique_lt1000_all_default_20260529_182536/logs/T1185s4_boltz.log,,,Yes,Yes,prefiltered A1 protein target with mapped residue range,1.000000,0.996429,0.838710,234,279,high,mapped from mmCIF atom_site CA records; 45 aligned positions lack resolved CA atoms,All groups,A1,BCDX2 PDB code 8ouy
T1185s4,T1185s4,CASP15,8OUY,D,20,280,1,280,280,280,boltz2,1,results/casp15_casp16_unique_lt1000_all_default_20260529_182536/sequences/T1185s4.fasta,results/casp15_casp16_unique_lt1000_all_default_20260529_182536/predictions/T1185s4/boltz2,results/casp15_casp16_unique_lt1000_all_default_20260529_182536/predictions/T1185s4/boltz2/rank_001.pdb,results/casp15_casp16_unique_lt1000_all_default_20260529_182536/predictions/T1185s4/boltz2/rank_001.pdb,pending,,,,,results/casp15_casp16_unique_lt1000_all_default_20260529_182536/logs/T1185s4_boltz2.log,,,Yes,Yes,prefiltered A1 protein target with mapped residue range,1.000000,0.996429,0.838710,234,279,high,mapped from mmCIF atom_site CA records; 45 aligned positions lack resolved CA atoms,All groups,A1,BCDX2 PDB code 8ouy
T1185s4,T1185s4,CASP15,8OUY,D,20,280,1,280,280,280,chai1,1,results/casp15_casp16_unique_lt1000_all_default_20260529_182536/sequences/T1185s4.fasta,results/casp15_casp16_unique_lt1000_all_default_20260529_182536/predictions/T1185s4/chai1,results/casp15_casp16_unique_lt1000_all_default_20260529_182536/predictions/T1185s4/chai1/rank_001.pdb,results/casp15_casp16_unique_lt1000_all_default_20260529_182536/predictions/T1185s4/chai1/rank_001.pdb,pending,,,,,results/casp15_casp16_unique_lt1000_all_default_20260529_182536/logs/T1185s4_chai1.log,,,Yes,Yes,prefiltered A1 protein target with mapped residue range,1.000000,0.996429,0.838710,234,279,high,mapped from mmCIF atom_site CA records; 45 aligned positions lack resolved CA atoms,All groups,A1,BCDX2 PDB code 8ouy
T1185s4,T1185s4,CASP15,8OUY,D,20,280,1,280,280,280,colabfold,1,results/casp15_casp16_unique_lt1000_all_default_20260529_182536/sequences/T1185s4.fasta,results/casp15_casp16_unique_lt1000_all_default_20260529_182536/predictions/T1185s4/colabfold,results/casp15_casp16_unique_lt1000_all_default_20260529_182536/predictions/T1185s4/colabfold/rank_001.pdb,results/casp15_casp16_unique_lt1000_all_default_20260529_182536/predictions/T1185s4/colabfold/rank_001.pdb,pending,,,,,results/casp15_casp16_unique_lt1000_all_default_20260529_182536/logs/T1185s4_colabfold.log,,,Yes,Yes,prefiltered A1 protein target with mapped residue range,1.000000,0.996429,0.838710,234,279,high,mapped from mmCIF atom_site CA records; 45 aligned positions lack resolved CA atoms,All groups,A1,BCDX2 PDB code 8ouy
T1185s4,T1185s4,CASP15,8OUY,D,20,280,1,280,280,280,esmfold,1,results/casp15_casp16_unique_lt1000_all_default_20260529_182536/sequences/T1185s4.fasta,results/casp15_casp16_unique_lt1000_all_default_20260529_182536/predictions/T1185s4/esmfold,results/casp15_casp16_unique_lt1000_all_default_20260529_182536/predictions/T1185s4/esmfold/rank_001.pdb,results/casp15_casp16_unique_lt1000_all_default_20260529_182536/predictions/T1185s4/esmfold/rank_001.pdb,pending,,,,,results/casp15_casp16_unique_lt1000_all_default_20260529_182536/logs/T1185s4_esmfold.log,,,Yes,Yes,prefiltered A1 protein target with mapped residue range,1.000000,0.996429,0.838710,234,279,high,mapped from mmCIF atom_site CA records; 45 aligned positions lack resolved CA atoms,All groups,A1,BCDX2 PDB code 8ouy
T1185s4,T1185s4,CASP15,8OUY,D,20,280,1,280,280,280,omegafold,1,results/casp15_casp16_unique_lt1000_all_default_20260529_182536/sequences/T1185s4.fasta,results/casp15_casp16_unique_lt1000_all_default_20260529_182536/predictions/T1185s4/omegafold,results/casp15_casp16_unique_lt1000_all_default_20260529_182536/predictions/T1185s4/omegafold/rank_001.pdb,results/casp15_casp16_unique_lt1000_all_default_20260529_182536/predictions/T1185s4/omegafold/rank_001.pdb,pending,,,,,results/casp15_casp16_unique_lt1000_all_default_20260529_182536/logs/T1185s4_omegafold.log,,,Yes,Yes,prefiltered A1 protein target with mapped residue range,1.000000,0.996429,0.838710,234,279,high,mapped from mmCIF atom_site CA records; 45 aligned positions lack resolved CA atoms,All groups,A1,BCDX2 PDB code 8ouy
T1185s4,T1185s4,CASP15,8OUY,D,20,280,1,280,280,280,openfold,1,results/casp15_casp16_unique_lt1000_all_default_20260529_182536/sequences/T1185s4.fasta,results/casp15_casp16_unique_lt1000_all_default_20260529_182536/predictions/T1185s4/openfold,results/casp15_casp16_unique_lt1000_all_default_20260529_182536/predictions/T1185s4/openfold/rank_001.pdb,results/casp15_casp16_unique_lt1000_all_default_20260529_182536/predictions/T1185s4/openfold/rank_001.pdb,pending,,,,,results/casp15_casp16_unique_lt1000_all_default_20260529_182536/logs/T1185s4_openfold.log,,,Yes,Yes,prefiltered A1 protein target with mapped residue range,1.000000,0.996429,0.838710,234,279,high,mapped from mmCIF atom_site CA records; 45 aligned positions lack resolved CA atoms,All groups,A1,BCDX2 PDB code 8ouy
T1194,T1194,CASP15,8OKH,A,22,185,1,168,168,168,boltz,1,results/casp15_casp16_unique_lt1000_all_default_20260529_182536/sequences/T1194.fasta,results/casp15_casp16_unique_lt1000_all_default_20260529_182536/predictions/T1194/boltz,results/casp15_casp16_unique_lt1000_all_default_20260529_182536/predictions/T1194/boltz/rank_001.pdb,results/casp15_casp16_unique_lt1000_all_default_20260529_182536/predictions/T1194/boltz/rank_001.pdb,pending,,,,,results/casp15_casp16_unique_lt1000_all_default_20260529_182536/logs/T1194_boltz.log,,,Check,Check,multiple equivalent chains match,1.000000,0.994048,0.982036,164,167,high,mapped from mmCIF atom_site CA records; 3 aligned positions lack resolved CA atoms,All groups,A1,Bd1399 PDB code 8okh
T1194,T1194,CASP15,8OKH,A,22,185,1,168,168,168,boltz2,1,results/casp15_casp16_unique_lt1000_all_default_20260529_182536/sequences/T1194.fasta,results/casp15_casp16_unique_lt1000_all_default_20260529_182536/predictions/T1194/boltz2,results/casp15_casp16_unique_lt1000_all_default_20260529_182536/predictions/T1194/boltz2/rank_001.pdb,results/casp15_casp16_unique_lt1000_all_default_20260529_182536/predictions/T1194/boltz2/rank_001.pdb,pending,,,,,results/casp15_casp16_unique_lt1000_all_default_20260529_182536/logs/T1194_boltz2.log,,,Check,Check,multiple equivalent chains match,1.000000,0.994048,0.982036,164,167,high,mapped from mmCIF atom_site CA records; 3 aligned positions lack resolved CA atoms,All groups,A1,Bd1399 PDB code 8okh
T1194,T1194,CASP15,8OKH,A,22,185,1,168,168,168,chai1,1,results/casp15_casp16_unique_lt1000_all_default_20260529_182536/sequences/T1194.fasta,results/casp15_casp16_unique_lt1000_all_default_20260529_182536/predictions/T1194/chai1,results/casp15_casp16_unique_lt1000_all_default_20260529_182536/predictions/T1194/chai1/rank_001.pdb,results/casp15_casp16_unique_lt1000_all_default_20260529_182536/predictions/T1194/chai1/rank_001.pdb,pending,,,,,results/casp15_casp16_unique_lt1000_all_default_20260529_182536/logs/T1194_chai1.log,,,Check,Check,multiple equivalent chains match,1.000000,0.994048,0.982036,164,167,high,mapped from mmCIF atom_site CA records; 3 aligned positions lack resolved CA atoms,All groups,A1,Bd1399 PDB code 8okh
T1194,T1194,CASP15,8OKH,A,22,185,1,168,168,168,colabfold,1,results/casp15_casp16_unique_lt1000_all_default_20260529_182536/sequences/T1194.fasta,results/casp15_casp16_unique_lt1000_all_default_20260529_182536/predictions/T1194/colabfold,results/casp15_casp16_unique_lt1000_all_default_20260529_182536/predictions/T1194/colabfold/rank_001.pdb,results/casp15_casp16_unique_lt1000_all_default_20260529_182536/predictions/T1194/colabfold/rank_001.pdb,pending,,,,,results/casp15_casp16_unique_lt1000_all_default_20260529_182536/logs/T1194_colabfold.log,,,Check,Check,multiple equivalent chains match,1.000000,0.994048,0.982036,164,167,high,mapped from mmCIF atom_site CA records; 3 aligned positions lack resolved CA atoms,All groups,A1,Bd1399 PDB code 8okh
T1194,T1194,CASP15,8OKH,A,22,185,1,168,168,168,esmfold,1,results/casp15_casp16_unique_lt1000_all_default_20260529_182536/sequences/T1194.fasta,results/casp15_casp16_unique_lt1000_all_default_20260529_182536/predictions/T1194/esmfold,results/casp15_casp16_unique_lt1000_all_default_20260529_182536/predictions/T1194/esmfold/rank_001.pdb,results/casp15_casp16_unique_lt1000_all_default_20260529_182536/predictions/T1194/esmfold/rank_001.pdb,pending,,,,,results/casp15_casp16_unique_lt1000_all_default_20260529_182536/logs/T1194_esmfold.log,,,Check,Check,multiple equivalent chains match,1.000000,0.994048,0.982036,164,167,high,mapped from mmCIF atom_site CA records; 3 aligned positions lack resolved CA atoms,All groups,A1,Bd1399 PDB code 8okh
T1194,T1194,CASP15,8OKH,A,22,185,1,168,168,168,omegafold,1,results/casp15_casp16_unique_lt1000_all_default_20260529_182536/sequences/T1194.fasta,results/casp15_casp16_unique_lt1000_all_default_20260529_182536/predictions/T1194/omegafold,results/casp15_casp16_unique_lt1000_all_default_20260529_182536/predictions/T1194/omegafold/rank_001.pdb,results/casp15_casp16_unique_lt1000_all_default_20260529_182536/predictions/T1194/omegafold/rank_001.pdb,pending,,,,,results/casp15_casp16_unique_lt1000_all_default_20260529_182536/logs/T1194_omegafold.log,,,Check,Check,multiple equivalent chains match,1.000000,0.994048,0.982036,164,167,high,mapped from mmCIF atom_site CA records; 3 aligned positions lack resolved CA atoms,All groups,A1,Bd1399 PDB code 8okh
T1194,T1194,CASP15,8OKH,A,22,185,1,168,168,168,openfold,1,results/casp15_casp16_unique_lt1000_all_default_20260529_182536/sequences/T1194.fasta,results/casp15_casp16_unique_lt1000_all_default_20260529_182536/predictions/T1194/openfold,results/casp15_casp16_unique_lt1000_all_default_20260529_182536/predictions/T1194/openfold/rank_001.pdb,results/casp15_casp16_unique_lt1000_all_default_20260529_182536/predictions/T1194/openfold/rank_001.pdb,pending,,,,,results/casp15_casp16_unique_lt1000_all_default_20260529_182536/logs/T1194_openfold.log,,,Check,Check,multiple equivalent chains match,1.000000,0.994048,0.982036,164,167,high,mapped from mmCIF atom_site CA records; 3 aligned positions lack resolved CA atoms,All groups,A1,Bd1399 PDB code 8okh
T0272s2,T0272s2,CASP16,9C3C,a,25,350,1,363,363,363,boltz,1,results/casp15_casp16_unique_lt1000_all_default_20260529_182536/sequences/T0272s2.fasta,results/casp15_casp16_unique_lt1000_all_default_20260529_182536/predictions/T0272s2/boltz,results/casp15_casp16_unique_lt1000_all_default_20260529_182536/predictions/T0272s2/boltz/rank_001.pdb,results/casp15_casp16_unique_lt1000_all_default_20260529_182536/predictions/T0272s2/boltz/rank_001.pdb,pending,,,,,results/casp15_casp16_unique_lt1000_all_default_20260529_182536/logs/T0272s2_boltz.log,,,Check,Check,multiple equivalent chains match,1.000000,0.898072,0.972393,317,326,medium,mapped from mmCIF atom_site CA records; 9 aligned positions lack resolved CA atoms,Prot,A1,dystrophin-glycoprotein complex (DGC) PDB code 9c3c
T0272s2,T0272s2,CASP16,9C3C,a,25,350,1,363,363,363,boltz2,1,results/casp15_casp16_unique_lt1000_all_default_20260529_182536/sequences/T0272s2.fasta,results/casp15_casp16_unique_lt1000_all_default_20260529_182536/predictions/T0272s2/boltz2,results/casp15_casp16_unique_lt1000_all_default_20260529_182536/predictions/T0272s2/boltz2/rank_001.pdb,results/casp15_casp16_unique_lt1000_all_default_20260529_182536/predictions/T0272s2/boltz2/rank_001.pdb,pending,,,,,results/casp15_casp16_unique_lt1000_all_default_20260529_182536/logs/T0272s2_boltz2.log,,,Check,Check,multiple equivalent chains match,1.000000,0.898072,0.972393,317,326,medium,mapped from mmCIF atom_site CA records; 9 aligned positions lack resolved CA atoms,Prot,A1,dystrophin-glycoprotein complex (DGC) PDB code 9c3c
T0272s2,T0272s2,CASP16,9C3C,a,25,350,1,363,363,363,chai1,1,results/casp15_casp16_unique_lt1000_all_default_20260529_182536/sequences/T0272s2.fasta,results/casp15_casp16_unique_lt1000_all_default_20260529_182536/predictions/T0272s2/chai1,results/casp15_casp16_unique_lt1000_all_default_20260529_182536/predictions/T0272s2/chai1/rank_001.pdb,results/casp15_casp16_unique_lt1000_all_default_20260529_182536/predictions/T0272s2/chai1/rank_001.pdb,pending,,,,,results/casp15_casp16_unique_lt1000_all_default_20260529_182536/logs/T0272s2_chai1.log,,,Check,Check,multiple equivalent chains match,1.000000,0.898072,0.972393,317,326,medium,mapped from mmCIF atom_site CA records; 9 aligned positions lack resolved CA atoms,Prot,A1,dystrophin-glycoprotein complex (DGC) PDB code 9c3c
T0272s2,T0272s2,CASP16,9C3C,a,25,350,1,363,363,363,colabfold,1,results/casp15_casp16_unique_lt1000_all_default_20260529_182536/sequences/T0272s2.fasta,results/casp15_casp16_unique_lt1000_all_default_20260529_182536/predictions/T0272s2/colabfold,results/casp15_casp16_unique_lt1000_all_default_20260529_182536/predictions/T0272s2/colabfold/rank_001.pdb,results/casp15_casp16_unique_lt1000_all_default_20260529_182536/predictions/T0272s2/colabfold/rank_001.pdb,pending,,,,,results/casp15_casp16_unique_lt1000_all_default_20260529_182536/logs/T0272s2_colabfold.log,,,Check,Check,multiple equivalent chains match,1.000000,0.898072,0.972393,317,326,medium,mapped from mmCIF atom_site CA records; 9 aligned positions lack resolved CA atoms,Prot,A1,dystrophin-glycoprotein complex (DGC) PDB code 9c3c
T0272s2,T0272s2,CASP16,9C3C,a,25,350,1,363,363,363,esmfold,1,results/casp15_casp16_unique_lt1000_all_default_20260529_182536/sequences/T0272s2.fasta,results/casp15_casp16_unique_lt1000_all_default_20260529_182536/predictions/T0272s2/esmfold,results/casp15_casp16_unique_lt1000_all_default_20260529_182536/predictions/T0272s2/esmfold/rank_001.pdb,results/casp15_casp16_unique_lt1000_all_default_20260529_182536/predictions/T0272s2/esmfold/rank_001.pdb,pending,,,,,results/casp15_casp16_unique_lt1000_all_default_20260529_182536/logs/T0272s2_esmfold.log,,,Check,Check,multiple equivalent chains match,1.000000,0.898072,0.972393,317,326,medium,mapped from mmCIF atom_site CA records; 9 aligned positions lack resolved CA atoms,Prot,A1,dystrophin-glycoprotein complex (DGC) PDB code 9c3c
T0272s2,T0272s2,CASP16,9C3C,a,25,350,1,363,363,363,omegafold,1,results/casp15_casp16_unique_lt1000_all_default_20260529_182536/sequences/T0272s2.fasta,results/casp15_casp16_unique_lt1000_all_default_20260529_182536/predictions/T0272s2/omegafold,results/casp15_casp16_unique_lt1000_all_default_20260529_182536/predictions/T0272s2/omegafold/rank_001.pdb,results/casp15_casp16_unique_lt1000_all_default_20260529_182536/predictions/T0272s2/omegafold/rank_001.pdb,pending,,,,,results/casp15_casp16_unique_lt1000_all_default_20260529_182536/logs/T0272s2_omegafold.log,,,Check,Check,multiple equivalent chains match,1.000000,0.898072,0.972393,317,326,medium,mapped from mmCIF atom_site CA records; 9 aligned positions lack resolved CA atoms,Prot,A1,dystrophin-glycoprotein complex (DGC) PDB code 9c3c
T0272s2,T0272s2,CASP16,9C3C,a,25,350,1,363,363,363,openfold,1,results/casp15_casp16_unique_lt1000_all_default_20260529_182536/sequences/T0272s2.fasta,results/casp15_casp16_unique_lt1000_all_default_20260529_182536/predictions/T0272s2/openfold,results/casp15_casp16_unique_lt1000_all_default_20260529_182536/predictions/T0272s2/openfold/rank_001.pdb,results/casp15_casp16_unique_lt1000_all_default_20260529_182536/predictions/T0272s2/openfold/rank_001.pdb,pending,,,,,results/casp15_casp16_unique_lt1000_all_default_20260529_182536/logs/T0272s2_openfold.log,,,Check,Check,multiple equivalent chains match,1.000000,0.898072,0.972393,317,326,medium,mapped from mmCIF atom_site CA records; 9 aligned positions lack resolved CA atoms,Prot,A1,dystrophin-glycoprotein complex (DGC) PDB code 9c3c
T0272s3,T0272s3,CASP16,9C3C,b,57,318,1,318,318,318,boltz,1,results/casp15_casp16_unique_lt1000_all_default_20260529_182536/sequences/T0272s3.fasta,results/casp15_casp16_unique_lt1000_all_default_20260529_182536/predictions/T0272s3/boltz,results/casp15_casp16_unique_lt1000_all_default_20260529_182536/predictions/T0272s3/boltz/rank_001.pdb,results/casp15_casp16_unique_lt1000_all_default_20260529_182536/predictions/T0272s3/boltz/rank_001.pdb,pending,,,,,results/casp15_casp16_unique_lt1000_all_default_20260529_182536/logs/T0272s3_boltz.log,,,Check,Check,multiple equivalent chains match,1.000000,1.000000,0.823899,262,318,high,mapped from mmCIF atom_site CA records; 56 aligned positions lack resolved CA atoms,Prot,A1,dystrophin-glycoprotein complex (DGC) PDB code 9c3c
T0272s3,T0272s3,CASP16,9C3C,b,57,318,1,318,318,318,boltz2,1,results/casp15_casp16_unique_lt1000_all_default_20260529_182536/sequences/T0272s3.fasta,results/casp15_casp16_unique_lt1000_all_default_20260529_182536/predictions/T0272s3/boltz2,results/casp15_casp16_unique_lt1000_all_default_20260529_182536/predictions/T0272s3/boltz2/rank_001.pdb,results/casp15_casp16_unique_lt1000_all_default_20260529_182536/predictions/T0272s3/boltz2/rank_001.pdb,pending,,,,,results/casp15_casp16_unique_lt1000_all_default_20260529_182536/logs/T0272s3_boltz2.log,,,Check,Check,multiple equivalent chains match,1.000000,1.000000,0.823899,262,318,high,mapped from mmCIF atom_site CA records; 56 aligned positions lack resolved CA atoms,Prot,A1,dystrophin-glycoprotein complex (DGC) PDB code 9c3c
T0272s3,T0272s3,CASP16,9C3C,b,57,318,1,318,318,318,chai1,1,results/casp15_casp16_unique_lt1000_all_default_20260529_182536/sequences/T0272s3.fasta,results/casp15_casp16_unique_lt1000_all_default_20260529_182536/predictions/T0272s3/chai1,results/casp15_casp16_unique_lt1000_all_default_20260529_182536/predictions/T0272s3/chai1/rank_001.pdb,results/casp15_casp16_unique_lt1000_all_default_20260529_182536/predictions/T0272s3/chai1/rank_001.pdb,pending,,,,,results/casp15_casp16_unique_lt1000_all_default_20260529_182536/logs/T0272s3_chai1.log,,,Check,Check,multiple equivalent chains match,1.000000,1.000000,0.823899,262,318,high,mapped from mmCIF atom_site CA records; 56 aligned positions lack resolved CA atoms,Prot,A1,dystrophin-glycoprotein complex (DGC) PDB code 9c3c
T0272s3,T0272s3,CASP16,9C3C,b,57,318,1,318,318,318,colabfold,1,results/casp15_casp16_unique_lt1000_all_default_20260529_182536/sequences/T0272s3.fasta,results/casp15_casp16_unique_lt1000_all_default_20260529_182536/predictions/T0272s3/colabfold,results/casp15_casp16_unique_lt1000_all_default_20260529_182536/predictions/T0272s3/colabfold/rank_001.pdb,results/casp15_casp16_unique_lt1000_all_default_20260529_182536/predictions/T0272s3/colabfold/rank_001.pdb,pending,,,,,results/casp15_casp16_unique_lt1000_all_default_20260529_182536/logs/T0272s3_colabfold.log,,,Check,Check,multiple equivalent chains match,1.000000,1.000000,0.823899,262,318,high,mapped from mmCIF atom_site CA records; 56 aligned positions lack resolved CA atoms,Prot,A1,dystrophin-glycoprotein complex (DGC) PDB code 9c3c
T0272s3,T0272s3,CASP16,9C3C,b,57,318,1,318,318,318,esmfold,1,results/casp15_casp16_unique_lt1000_all_default_20260529_182536/sequences/T0272s3.fasta,results/casp15_casp16_unique_lt1000_all_default_20260529_182536/predictions/T0272s3/esmfold,results/casp15_casp16_unique_lt1000_all_default_20260529_182536/predictions/T0272s3/esmfold/rank_001.pdb,results/casp15_casp16_unique_lt1000_all_default_20260529_182536/predictions/T0272s3/esmfold/rank_001.pdb,pending,,,,,results/casp15_casp16_unique_lt1000_all_default_20260529_182536/logs/T0272s3_esmfold.log,,,Check,Check,multiple equivalent chains match,1.000000,1.000000,0.823899,262,318,high,mapped from mmCIF atom_site CA records; 56 aligned positions lack resolved CA atoms,Prot,A1,dystrophin-glycoprotein complex (DGC) PDB code 9c3c
T0272s3,T0272s3,CASP16,9C3C,b,57,318,1,318,318,318,omegafold,1,results/casp15_casp16_unique_lt1000_all_default_20260529_182536/sequences/T0272s3.fasta,results/casp15_casp16_unique_lt1000_all_default_20260529_182536/predictions/T0272s3/omegafold,results/casp15_casp16_unique_lt1000_all_default_20260529_182536/predictions/T0272s3/omegafold/rank_001.pdb,results/casp15_casp16_unique_lt1000_all_default_20260529_182536/predictions/T0272s3/omegafold/rank_001.pdb,pending,,,,,results/casp15_casp16_unique_lt1000_all_default_20260529_182536/logs/T0272s3_omegafold.log,,,Check,Check,multiple equivalent chains match,1.000000,1.000000,0.823899,262,318,high,mapped from mmCIF atom_site CA records; 56 aligned positions lack resolved CA atoms,Prot,A1,dystrophin-glycoprotein complex (DGC) PDB code 9c3c
T0272s3,T0272s3,CASP16,9C3C,b,57,318,1,318,318,318,openfold,1,results/casp15_casp16_unique_lt1000_all_default_20260529_182536/sequences/T0272s3.fasta,results/casp15_casp16_unique_lt1000_all_default_20260529_182536/predictions/T0272s3/openfold,results/casp15_casp16_unique_lt1000_all_default_20260529_182536/predictions/T0272s3/openfold/rank_001.pdb,results/casp15_casp16_unique_lt1000_all_default_20260529_182536/predictions/T0272s3/openfold/rank_001.pdb,pending,,,,,results/casp15_casp16_unique_lt1000_all_default_20260529_182536/logs/T0272s3_openfold.log,,,Check,Check,multiple equivalent chains match,1.000000,1.000000,0.823899,262,318,high,mapped from mmCIF atom_site CA records; 56 aligned positions lack resolved CA atoms,Prot,A1,dystrophin-glycoprotein complex (DGC) PDB code 9c3c
T0272s4,T0272s4,CASP16,9C3C,d,21,289,1,289,289,289,boltz,1,results/casp15_casp16_unique_lt1000_all_default_20260529_182536/sequences/T0272s4.fasta,results/casp15_casp16_unique_lt1000_all_default_20260529_182536/predictions/T0272s4/boltz,results/casp15_casp16_unique_lt1000_all_default_20260529_182536/predictions/T0272s4/boltz/rank_001.pdb,results/casp15_casp16_unique_lt1000_all_default_20260529_182536/predictions/T0272s4/boltz/rank_001.pdb,pending,,,,,results/casp15_casp16_unique_lt1000_all_default_20260529_182536/logs/T0272s4_boltz.log,,,Check,Check,multiple equivalent chains match,1.000000,1.000000,0.930796,269,289,high,mapped from mmCIF atom_site CA records; 20 aligned positions lack resolved CA atoms,Prot,A1,dystrophin-glycoprotein complex (DGC) PDB code 9c3c
T0272s4,T0272s4,CASP16,9C3C,d,21,289,1,289,289,289,boltz2,1,results/casp15_casp16_unique_lt1000_all_default_20260529_182536/sequences/T0272s4.fasta,results/casp15_casp16_unique_lt1000_all_default_20260529_182536/predictions/T0272s4/boltz2,results/casp15_casp16_unique_lt1000_all_default_20260529_182536/predictions/T0272s4/boltz2/rank_001.pdb,results/casp15_casp16_unique_lt1000_all_default_20260529_182536/predictions/T0272s4/boltz2/rank_001.pdb,pending,,,,,results/casp15_casp16_unique_lt1000_all_default_20260529_182536/logs/T0272s4_boltz2.log,,,Check,Check,multiple equivalent chains match,1.000000,1.000000,0.930796,269,289,high,mapped from mmCIF atom_site CA records; 20 aligned positions lack resolved CA atoms,Prot,A1,dystrophin-glycoprotein complex (DGC) PDB code 9c3c
T0272s4,T0272s4,CASP16,9C3C,d,21,289,1,289,289,289,chai1,1,results/casp15_casp16_unique_lt1000_all_default_20260529_182536/sequences/T0272s4.fasta,results/casp15_casp16_unique_lt1000_all_default_20260529_182536/predictions/T0272s4/chai1,results/casp15_casp16_unique_lt1000_all_default_20260529_182536/predictions/T0272s4/chai1/rank_001.pdb,results/casp15_casp16_unique_lt1000_all_default_20260529_182536/predictions/T0272s4/chai1/rank_001.pdb,pending,,,,,results/casp15_casp16_unique_lt1000_all_default_20260529_182536/logs/T0272s4_chai1.log,,,Check,Check,multiple equivalent chains match,1.000000,1.000000,0.930796,269,289,high,mapped from mmCIF atom_site CA records; 20 aligned positions lack resolved CA atoms,Prot,A1,dystrophin-glycoprotein complex (DGC) PDB code 9c3c
T0272s4,T0272s4,CASP16,9C3C,d,21,289,1,289,289,289,colabfold,1,results/casp15_casp16_unique_lt1000_all_default_20260529_182536/sequences/T0272s4.fasta,results/casp15_casp16_unique_lt1000_all_default_20260529_182536/predictions/T0272s4/colabfold,results/casp15_casp16_unique_lt1000_all_default_20260529_182536/predictions/T0272s4/colabfold/rank_001.pdb,results/casp15_casp16_unique_lt1000_all_default_20260529_182536/predictions/T0272s4/colabfold/rank_001.pdb,pending,,,,,results/casp15_casp16_unique_lt1000_all_default_20260529_182536/logs/T0272s4_colabfold.log,,,Check,Check,multiple equivalent chains match,1.000000,1.000000,0.930796,269,289,high,mapped from mmCIF atom_site CA records; 20 aligned positions lack resolved CA atoms,Prot,A1,dystrophin-glycoprotein complex (DGC) PDB code 9c3c
T0272s4,T0272s4,CASP16,9C3C,d,21,289,1,289,289,289,esmfold,1,results/casp15_casp16_unique_lt1000_all_default_20260529_182536/sequences/T0272s4.fasta,results/casp15_casp16_unique_lt1000_all_default_20260529_182536/predictions/T0272s4/esmfold,results/casp15_casp16_unique_lt1000_all_default_20260529_182536/predictions/T0272s4/esmfold/rank_001.pdb,results/casp15_casp16_unique_lt1000_all_default_20260529_182536/predictions/T0272s4/esmfold/rank_001.pdb,pending,,,,,results/casp15_casp16_unique_lt1000_all_default_20260529_182536/logs/T0272s4_esmfold.log,,,Check,Check,multiple equivalent chains match,1.000000,1.000000,0.930796,269,289,high,mapped from mmCIF atom_site CA records; 20 aligned positions lack resolved CA atoms,Prot,A1,dystrophin-glycoprotein complex (DGC) PDB code 9c3c
T0272s4,T0272s4,CASP16,9C3C,d,21,289,1,289,289,289,omegafold,1,results/casp15_casp16_unique_lt1000_all_default_20260529_182536/sequences/T0272s4.fasta,results/casp15_casp16_unique_lt1000_all_default_20260529_182536/predictions/T0272s4/omegafold,results/casp15_casp16_unique_lt1000_all_default_20260529_182536/predictions/T0272s4/omegafold/rank_001.pdb,results/casp15_casp16_unique_lt1000_all_default_20260529_182536/predictions/T0272s4/omegafold/rank_001.pdb,pending,,,,,results/casp15_casp16_unique_lt1000_all_default_20260529_182536/logs/T0272s4_omegafold.log,,,Check,Check,multiple equivalent chains match,1.000000,1.000000,0.930796,269,289,high,mapped from mmCIF atom_site CA records; 20 aligned positions lack resolved CA atoms,Prot,A1,dystrophin-glycoprotein complex (DGC) PDB code 9c3c
T0272s4,T0272s4,CASP16,9C3C,d,21,289,1,289,289,289,openfold,1,results/casp15_casp16_unique_lt1000_all_default_20260529_182536/sequences/T0272s4.fasta,results/casp15_casp16_unique_lt1000_all_default_20260529_182536/predictions/T0272s4/openfold,results/casp15_casp16_unique_lt1000_all_default_20260529_182536/predictions/T0272s4/openfold/rank_001.pdb,results/casp15_casp16_unique_lt1000_all_default_20260529_182536/predictions/T0272s4/openfold/rank_001.pdb,pending,,,,,results/casp15_casp16_unique_lt1000_all_default_20260529_182536/logs/T0272s4_openfold.log,,,Check,Check,multiple equivalent chains match,1.000000,1.000000,0.930796,269,289,high,mapped from mmCIF atom_site CA records; 20 aligned positions lack resolved CA atoms,Prot,A1,dystrophin-glycoprotein complex (DGC) PDB code 9c3c
T0272s5,T0272s5,CASP16,9C3C,g,28,291,1,291,291,291,boltz,1,results/casp15_casp16_unique_lt1000_all_default_20260529_182536/sequences/T0272s5.fasta,results/casp15_casp16_unique_lt1000_all_default_20260529_182536/predictions/T0272s5/boltz,results/casp15_casp16_unique_lt1000_all_default_20260529_182536/predictions/T0272s5/boltz/rank_001.pdb,results/casp15_casp16_unique_lt1000_all_default_20260529_182536/predictions/T0272s5/boltz/rank_001.pdb,pending,,,,,results/casp15_casp16_unique_lt1000_all_default_20260529_182536/logs/T0272s5_boltz.log,,,Check,Check,multiple equivalent chains match,1.000000,1.000000,0.907216,264,291,high,mapped from mmCIF atom_site CA records; 27 aligned positions lack resolved CA atoms,Prot,A1,dystrophin-glycoprotein complex (DGC) PDB code 9c3c
T0272s5,T0272s5,CASP16,9C3C,g,28,291,1,291,291,291,boltz2,1,results/casp15_casp16_unique_lt1000_all_default_20260529_182536/sequences/T0272s5.fasta,results/casp15_casp16_unique_lt1000_all_default_20260529_182536/predictions/T0272s5/boltz2,results/casp15_casp16_unique_lt1000_all_default_20260529_182536/predictions/T0272s5/boltz2/rank_001.pdb,results/casp15_casp16_unique_lt1000_all_default_20260529_182536/predictions/T0272s5/boltz2/rank_001.pdb,pending,,,,,results/casp15_casp16_unique_lt1000_all_default_20260529_182536/logs/T0272s5_boltz2.log,,,Check,Check,multiple equivalent chains match,1.000000,1.000000,0.907216,264,291,high,mapped from mmCIF atom_site CA records; 27 aligned positions lack resolved CA atoms,Prot,A1,dystrophin-glycoprotein complex (DGC) PDB code 9c3c
T0272s5,T0272s5,CASP16,9C3C,g,28,291,1,291,291,291,chai1,1,results/casp15_casp16_unique_lt1000_all_default_20260529_182536/sequences/T0272s5.fasta,results/casp15_casp16_unique_lt1000_all_default_20260529_182536/predictions/T0272s5/chai1,results/casp15_casp16_unique_lt1000_all_default_20260529_182536/predictions/T0272s5/chai1/rank_001.pdb,results/casp15_casp16_unique_lt1000_all_default_20260529_182536/predictions/T0272s5/chai1/rank_001.pdb,pending,,,,,results/casp15_casp16_unique_lt1000_all_default_20260529_182536/logs/T0272s5_chai1.log,,,Check,Check,multiple equivalent chains match,1.000000,1.000000,0.907216,264,291,high,mapped from mmCIF atom_site CA records; 27 aligned positions lack resolved CA atoms,Prot,A1,dystrophin-glycoprotein complex (DGC) PDB code 9c3c
T0272s5,T0272s5,CASP16,9C3C,g,28,291,1,291,291,291,colabfold,1,results/casp15_casp16_unique_lt1000_all_default_20260529_182536/sequences/T0272s5.fasta,results/casp15_casp16_unique_lt1000_all_default_20260529_182536/predictions/T0272s5/colabfold,results/casp15_casp16_unique_lt1000_all_default_20260529_182536/predictions/T0272s5/colabfold/rank_001.pdb,results/casp15_casp16_unique_lt1000_all_default_20260529_182536/predictions/T0272s5/colabfold/rank_001.pdb,pending,,,,,results/casp15_casp16_unique_lt1000_all_default_20260529_182536/logs/T0272s5_colabfold.log,,,Check,Check,multiple equivalent chains match,1.000000,1.000000,0.907216,264,291,high,mapped from mmCIF atom_site CA records; 27 aligned positions lack resolved CA atoms,Prot,A1,dystrophin-glycoprotein complex (DGC) PDB code 9c3c
T0272s5,T0272s5,CASP16,9C3C,g,28,291,1,291,291,291,esmfold,1,results/casp15_casp16_unique_lt1000_all_default_20260529_182536/sequences/T0272s5.fasta,results/casp15_casp16_unique_lt1000_all_default_20260529_182536/predictions/T0272s5/esmfold,results/casp15_casp16_unique_lt1000_all_default_20260529_182536/predictions/T0272s5/esmfold/rank_001.pdb,results/casp15_casp16_unique_lt1000_all_default_20260529_182536/predictions/T0272s5/esmfold/rank_001.pdb,pending,,,,,results/casp15_casp16_unique_lt1000_all_default_20260529_182536/logs/T0272s5_esmfold.log,,,Check,Check,multiple equivalent chains match,1.000000,1.000000,0.907216,264,291,high,mapped from mmCIF atom_site CA records; 27 aligned positions lack resolved CA atoms,Prot,A1,dystrophin-glycoprotein complex (DGC) PDB code 9c3c
T0272s5,T0272s5,CASP16,9C3C,g,28,291,1,291,291,291,omegafold,1,results/casp15_casp16_unique_lt1000_all_default_20260529_182536/sequences/T0272s5.fasta,results/casp15_casp16_unique_lt1000_all_default_20260529_182536/predictions/T0272s5/omegafold,results/casp15_casp16_unique_lt1000_all_default_20260529_182536/predictions/T0272s5/omegafold/rank_001.pdb,results/casp15_casp16_unique_lt1000_all_default_20260529_182536/predictions/T0272s5/omegafold/rank_001.pdb,pending,,,,,results/casp15_casp16_unique_lt1000_all_default_20260529_182536/logs/T0272s5_omegafold.log,,,Check,Check,multiple equivalent chains match,1.000000,1.000000,0.907216,264,291,high,mapped from mmCIF atom_site CA records; 27 aligned positions lack resolved CA atoms,Prot,A1,dystrophin-glycoprotein complex (DGC) PDB code 9c3c
T0272s5,T0272s5,CASP16,9C3C,g,28,291,1,291,291,291,openfold,1,results/casp15_casp16_unique_lt1000_all_default_20260529_182536/sequences/T0272s5.fasta,results/casp15_casp16_unique_lt1000_all_default_20260529_182536/predictions/T0272s5/openfold,results/casp15_casp16_unique_lt1000_all_default_20260529_182536/predictions/T0272s5/openfold/rank_001.pdb,results/casp15_casp16_unique_lt1000_all_default_20260529_182536/predictions/T0272s5/openfold/rank_001.pdb,pending,,,,,results/casp15_casp16_unique_lt1000_all_default_20260529_182536/logs/T0272s5_openfold.log,,,Check,Check,multiple equivalent chains match,1.000000,1.000000,0.907216,264,291,high,mapped from mmCIF atom_site CA records; 27 aligned positions lack resolved CA atoms,Prot,A1,dystrophin-glycoprotein complex (DGC) PDB code 9c3c
T0272s6,T0272s6,CASP16,9C3C,A,63,653,1,624,624,624,boltz,1,results/casp15_casp16_unique_lt1000_all_default_20260529_182536/sequences/T0272s6.fasta,results/casp15_casp16_unique_lt1000_all_default_20260529_182536/predictions/T0272s6/boltz,results/casp15_casp16_unique_lt1000_all_default_20260529_182536/predictions/T0272s6/boltz/rank_001.pdb,results/casp15_casp16_unique_lt1000_all_default_20260529_182536/predictions/T0272s6/boltz/rank_001.pdb,pending,,,,,results/casp15_casp16_unique_lt1000_all_default_20260529_182536/logs/T0272s6_boltz.log,,,Check,Check,reference coverage below threshold 0.641,1.000000,1.000000,0.641026,400,624,high,mapped from mmCIF atom_site CA records; 224 aligned positions lack resolved CA atoms,Prot,A1,dystrophin-glycoprotein complex (DGC) PDB code 9c3c
T0272s6,T0272s6,CASP16,9C3C,A,63,653,1,624,624,624,boltz2,1,results/casp15_casp16_unique_lt1000_all_default_20260529_182536/sequences/T0272s6.fasta,results/casp15_casp16_unique_lt1000_all_default_20260529_182536/predictions/T0272s6/boltz2,results/casp15_casp16_unique_lt1000_all_default_20260529_182536/predictions/T0272s6/boltz2/rank_001.pdb,results/casp15_casp16_unique_lt1000_all_default_20260529_182536/predictions/T0272s6/boltz2/rank_001.pdb,pending,,,,,results/casp15_casp16_unique_lt1000_all_default_20260529_182536/logs/T0272s6_boltz2.log,,,Check,Check,reference coverage below threshold 0.641,1.000000,1.000000,0.641026,400,624,high,mapped from mmCIF atom_site CA records; 224 aligned positions lack resolved CA atoms,Prot,A1,dystrophin-glycoprotein complex (DGC) PDB code 9c3c
T0272s6,T0272s6,CASP16,9C3C,A,63,653,1,624,624,624,chai1,1,results/casp15_casp16_unique_lt1000_all_default_20260529_182536/sequences/T0272s6.fasta,results/casp15_casp16_unique_lt1000_all_default_20260529_182536/predictions/T0272s6/chai1,results/casp15_casp16_unique_lt1000_all_default_20260529_182536/predictions/T0272s6/chai1/rank_001.pdb,results/casp15_casp16_unique_lt1000_all_default_20260529_182536/predictions/T0272s6/chai1/rank_001.pdb,pending,,,,,results/casp15_casp16_unique_lt1000_all_default_20260529_182536/logs/T0272s6_chai1.log,,,Check,Check,reference coverage below threshold 0.641,1.000000,1.000000,0.641026,400,624,high,mapped from mmCIF atom_site CA records; 224 aligned positions lack resolved CA atoms,Prot,A1,dystrophin-glycoprotein complex (DGC) PDB code 9c3c
T0272s6,T0272s6,CASP16,9C3C,A,63,653,1,624,624,624,colabfold,1,results/casp15_casp16_unique_lt1000_all_default_20260529_182536/sequences/T0272s6.fasta,results/casp15_casp16_unique_lt1000_all_default_20260529_182536/predictions/T0272s6/colabfold,results/casp15_casp16_unique_lt1000_all_default_20260529_182536/predictions/T0272s6/colabfold/rank_001.pdb,results/casp15_casp16_unique_lt1000_all_default_20260529_182536/predictions/T0272s6/colabfold/rank_001.pdb,pending,,,,,results/casp15_casp16_unique_lt1000_all_default_20260529_182536/logs/T0272s6_colabfold.log,,,Check,Check,reference coverage below threshold 0.641,1.000000,1.000000,0.641026,400,624,high,mapped from mmCIF atom_site CA records; 224 aligned positions lack resolved CA atoms,Prot,A1,dystrophin-glycoprotein complex (DGC) PDB code 9c3c
T0272s6,T0272s6,CASP16,9C3C,A,63,653,1,624,624,624,esmfold,1,results/casp15_casp16_unique_lt1000_all_default_20260529_182536/sequences/T0272s6.fasta,results/casp15_casp16_unique_lt1000_all_default_20260529_182536/predictions/T0272s6/esmfold,results/casp15_casp16_unique_lt1000_all_default_20260529_182536/predictions/T0272s6/esmfold/rank_001.pdb,results/casp15_casp16_unique_lt1000_all_default_20260529_182536/predictions/T0272s6/esmfold/rank_001.pdb,pending,,,,,results/casp15_casp16_unique_lt1000_all_default_20260529_182536/logs/T0272s6_esmfold.log,,,Check,Check,reference coverage below threshold 0.641,1.000000,1.000000,0.641026,400,624,high,mapped from mmCIF atom_site CA records; 224 aligned positions lack resolved CA atoms,Prot,A1,dystrophin-glycoprotein complex (DGC) PDB code 9c3c
T0272s6,T0272s6,CASP16,9C3C,A,63,653,1,624,624,624,omegafold,1,results/casp15_casp16_unique_lt1000_all_default_20260529_182536/sequences/T0272s6.fasta,results/casp15_casp16_unique_lt1000_all_default_20260529_182536/predictions/T0272s6/omegafold,results/casp15_casp16_unique_lt1000_all_default_20260529_182536/predictions/T0272s6/omegafold/rank_001.pdb,results/casp15_casp16_unique_lt1000_all_default_20260529_182536/predictions/T0272s6/omegafold/rank_001.pdb,pending,,,,,results/casp15_casp16_unique_lt1000_all_default_20260529_182536/logs/T0272s6_omegafold.log,,,Check,Check,reference coverage below threshold 0.641,1.000000,1.000000,0.641026,400,624,high,mapped from mmCIF atom_site CA records; 224 aligned positions lack resolved CA atoms,Prot,A1,dystrophin-glycoprotein complex (DGC) PDB code 9c3c
T0272s6,T0272s6,CASP16,9C3C,A,63,653,1,624,624,624,openfold,1,results/casp15_casp16_unique_lt1000_all_default_20260529_182536/sequences/T0272s6.fasta,results/casp15_casp16_unique_lt1000_all_default_20260529_182536/predictions/T0272s6/openfold,results/casp15_casp16_unique_lt1000_all_default_20260529_182536/predictions/T0272s6/openfold/rank_001.pdb,results/casp15_casp16_unique_lt1000_all_default_20260529_182536/predictions/T0272s6/openfold/rank_001.pdb,pending,,,,,results/casp15_casp16_unique_lt1000_all_default_20260529_182536/logs/T0272s6_openfold.log,,,Check,Check,reference coverage below threshold 0.641,1.000000,1.000000,0.641026,400,624,high,mapped from mmCIF atom_site CA records; 224 aligned positions lack resolved CA atoms,Prot,A1,dystrophin-glycoprotein complex (DGC) PDB code 9c3c
T0272s7,T0272s7,CASP16,9C3C,B,654,798,1,242,242,242,boltz,1,results/casp15_casp16_unique_lt1000_all_default_20260529_182536/sequences/T0272s7.fasta,results/casp15_casp16_unique_lt1000_all_default_20260529_182536/predictions/T0272s7/boltz,results/casp15_casp16_unique_lt1000_all_default_20260529_182536/predictions/T0272s7/boltz/rank_001.pdb,results/casp15_casp16_unique_lt1000_all_default_20260529_182536/predictions/T0272s7/boltz/rank_001.pdb,pending,,,,,results/casp15_casp16_unique_lt1000_all_default_20260529_182536/logs/T0272s7_boltz.log,,,No,No,chain mapping below threshold identity=1.000 coverage=0.599,1.000000,0.599174,1.000000,145,145,low,mapped from mmCIF atom_site CA records,Prot,A1,dystrophin-glycoprotein complex (DGC) PDB code 9c3c
T0272s7,T0272s7,CASP16,9C3C,B,654,798,1,242,242,242,boltz2,1,results/casp15_casp16_unique_lt1000_all_default_20260529_182536/sequences/T0272s7.fasta,results/casp15_casp16_unique_lt1000_all_default_20260529_182536/predictions/T0272s7/boltz2,results/casp15_casp16_unique_lt1000_all_default_20260529_182536/predictions/T0272s7/boltz2/rank_001.pdb,results/casp15_casp16_unique_lt1000_all_default_20260529_182536/predictions/T0272s7/boltz2/rank_001.pdb,pending,,,,,results/casp15_casp16_unique_lt1000_all_default_20260529_182536/logs/T0272s7_boltz2.log,,,No,No,chain mapping below threshold identity=1.000 coverage=0.599,1.000000,0.599174,1.000000,145,145,low,mapped from mmCIF atom_site CA records,Prot,A1,dystrophin-glycoprotein complex (DGC) PDB code 9c3c
T0272s7,T0272s7,CASP16,9C3C,B,654,798,1,242,242,242,chai1,1,results/casp15_casp16_unique_lt1000_all_default_20260529_182536/sequences/T0272s7.fasta,results/casp15_casp16_unique_lt1000_all_default_20260529_182536/predictions/T0272s7/chai1,results/casp15_casp16_unique_lt1000_all_default_20260529_182536/predictions/T0272s7/chai1/rank_001.pdb,results/casp15_casp16_unique_lt1000_all_default_20260529_182536/predictions/T0272s7/chai1/rank_001.pdb,pending,,,,,results/casp15_casp16_unique_lt1000_all_default_20260529_182536/logs/T0272s7_chai1.log,,,No,No,chain mapping below threshold identity=1.000 coverage=0.599,1.000000,0.599174,1.000000,145,145,low,mapped from mmCIF atom_site CA records,Prot,A1,dystrophin-glycoprotein complex (DGC) PDB code 9c3c
T0272s7,T0272s7,CASP16,9C3C,B,654,798,1,242,242,242,colabfold,1,results/casp15_casp16_unique_lt1000_all_default_20260529_182536/sequences/T0272s7.fasta,results/casp15_casp16_unique_lt1000_all_default_20260529_182536/predictions/T0272s7/colabfold,results/casp15_casp16_unique_lt1000_all_default_20260529_182536/predictions/T0272s7/colabfold/rank_001.pdb,results/casp15_casp16_unique_lt1000_all_default_20260529_182536/predictions/T0272s7/colabfold/rank_001.pdb,pending,,,,,results/casp15_casp16_unique_lt1000_all_default_20260529_182536/logs/T0272s7_colabfold.log,,,No,No,chain mapping below threshold identity=1.000 coverage=0.599,1.000000,0.599174,1.000000,145,145,low,mapped from mmCIF atom_site CA records,Prot,A1,dystrophin-glycoprotein complex (DGC) PDB code 9c3c
T0272s7,T0272s7,CASP16,9C3C,B,654,798,1,242,242,242,esmfold,1,results/casp15_casp16_unique_lt1000_all_default_20260529_182536/sequences/T0272s7.fasta,results/casp15_casp16_unique_lt1000_all_default_20260529_182536/predictions/T0272s7/esmfold,results/casp15_casp16_unique_lt1000_all_default_20260529_182536/predictions/T0272s7/esmfold/rank_001.pdb,results/casp15_casp16_unique_lt1000_all_default_20260529_182536/predictions/T0272s7/esmfold/rank_001.pdb,pending,,,,,results/casp15_casp16_unique_lt1000_all_default_20260529_182536/logs/T0272s7_esmfold.log,,,No,No,chain mapping below threshold identity=1.000 coverage=0.599,1.000000,0.599174,1.000000,145,145,low,mapped from mmCIF atom_site CA records,Prot,A1,dystrophin-glycoprotein complex (DGC) PDB code 9c3c
T0272s7,T0272s7,CASP16,9C3C,B,654,798,1,242,242,242,omegafold,1,results/casp15_casp16_unique_lt1000_all_default_20260529_182536/sequences/T0272s7.fasta,results/casp15_casp16_unique_lt1000_all_default_20260529_182536/predictions/T0272s7/omegafold,results/casp15_casp16_unique_lt1000_all_default_20260529_182536/predictions/T0272s7/omegafold/rank_001.pdb,results/casp15_casp16_unique_lt1000_all_default_20260529_182536/predictions/T0272s7/omegafold/rank_001.pdb,pending,,,,,results/casp15_casp16_unique_lt1000_all_default_20260529_182536/logs/T0272s7_omegafold.log,,,No,No,chain mapping below threshold identity=1.000 coverage=0.599,1.000000,0.599174,1.000000,145,145,low,mapped from mmCIF atom_site CA records,Prot,A1,dystrophin-glycoprotein complex (DGC) PDB code 9c3c
T0272s7,T0272s7,CASP16,9C3C,B,654,798,1,242,242,242,openfold,1,results/casp15_casp16_unique_lt1000_all_default_20260529_182536/sequences/T0272s7.fasta,results/casp15_casp16_unique_lt1000_all_default_20260529_182536/predictions/T0272s7/openfold,results/casp15_casp16_unique_lt1000_all_default_20260529_182536/predictions/T0272s7/openfold/rank_001.pdb,results/casp15_casp16_unique_lt1000_all_default_20260529_182536/predictions/T0272s7/openfold/rank_001.pdb,pending,,,,,results/casp15_casp16_unique_lt1000_all_default_20260529_182536/logs/T0272s7_openfold.log,,,No,No,chain mapping below threshold identity=1.000 coverage=0.599,1.000000,0.599174,1.000000,145,145,low,mapped from mmCIF atom_site CA records,Prot,A1,dystrophin-glycoprotein complex (DGC) PDB code 9c3c
T0272s8,T0272s8,CASP16,9C3C,V,1,291,1,818,818,818,boltz,1,results/casp15_casp16_unique_lt1000_all_default_20260529_182536/sequences/T0272s8.fasta,results/casp15_casp16_unique_lt1000_all_default_20260529_182536/predictions/T0272s8/boltz,results/casp15_casp16_unique_lt1000_all_default_20260529_182536/predictions/T0272s8/boltz/rank_001.pdb,results/casp15_casp16_unique_lt1000_all_default_20260529_182536/predictions/T0272s8/boltz/rank_001.pdb,pending,,,,,results/casp15_casp16_unique_lt1000_all_default_20260529_182536/logs/T0272s8_boltz.log,,,Check,Check,reference coverage below threshold 0.356; multiple equivalent chains match,1.000000,1.000000,0.355746,291,818,high,mapped from mmCIF atom_site CA records; 527 aligned positions lack resolved CA atoms,Prot,A1,dystrophin-glycoprotein complex (DGC) PDB code 9c3c
T0272s8,T0272s8,CASP16,9C3C,V,1,291,1,818,818,818,boltz2,1,results/casp15_casp16_unique_lt1000_all_default_20260529_182536/sequences/T0272s8.fasta,results/casp15_casp16_unique_lt1000_all_default_20260529_182536/predictions/T0272s8/boltz2,results/casp15_casp16_unique_lt1000_all_default_20260529_182536/predictions/T0272s8/boltz2/rank_001.pdb,results/casp15_casp16_unique_lt1000_all_default_20260529_182536/predictions/T0272s8/boltz2/rank_001.pdb,pending,,,,,results/casp15_casp16_unique_lt1000_all_default_20260529_182536/logs/T0272s8_boltz2.log,,,Check,Check,reference coverage below threshold 0.356; multiple equivalent chains match,1.000000,1.000000,0.355746,291,818,high,mapped from mmCIF atom_site CA records; 527 aligned positions lack resolved CA atoms,Prot,A1,dystrophin-glycoprotein complex (DGC) PDB code 9c3c
T0272s8,T0272s8,CASP16,9C3C,V,1,291,1,818,818,818,chai1,1,results/casp15_casp16_unique_lt1000_all_default_20260529_182536/sequences/T0272s8.fasta,results/casp15_casp16_unique_lt1000_all_default_20260529_182536/predictions/T0272s8/chai1,results/casp15_casp16_unique_lt1000_all_default_20260529_182536/predictions/T0272s8/chai1/rank_001.pdb,results/casp15_casp16_unique_lt1000_all_default_20260529_182536/predictions/T0272s8/chai1/rank_001.pdb,pending,,,,,results/casp15_casp16_unique_lt1000_all_default_20260529_182536/logs/T0272s8_chai1.log,,,Check,Check,reference coverage below threshold 0.356; multiple equivalent chains match,1.000000,1.000000,0.355746,291,818,high,mapped from mmCIF atom_site CA records; 527 aligned positions lack resolved CA atoms,Prot,A1,dystrophin-glycoprotein complex (DGC) PDB code 9c3c
T0272s8,T0272s8,CASP16,9C3C,V,1,291,1,818,818,818,colabfold,1,results/casp15_casp16_unique_lt1000_all_default_20260529_182536/sequences/T0272s8.fasta,results/casp15_casp16_unique_lt1000_all_default_20260529_182536/predictions/T0272s8/colabfold,results/casp15_casp16_unique_lt1000_all_default_20260529_182536/predictions/T0272s8/colabfold/rank_001.pdb,results/casp15_casp16_unique_lt1000_all_default_20260529_182536/predictions/T0272s8/colabfold/rank_001.pdb,pending,,,,,results/casp15_casp16_unique_lt1000_all_default_20260529_182536/logs/T0272s8_colabfold.log,,,Check,Check,reference coverage below threshold 0.356; multiple equivalent chains match,1.000000,1.000000,0.355746,291,818,high,mapped from mmCIF atom_site CA records; 527 aligned positions lack resolved CA atoms,Prot,A1,dystrophin-glycoprotein complex (DGC) PDB code 9c3c
T0272s8,T0272s8,CASP16,9C3C,V,1,291,1,818,818,818,esmfold,1,results/casp15_casp16_unique_lt1000_all_default_20260529_182536/sequences/T0272s8.fasta,results/casp15_casp16_unique_lt1000_all_default_20260529_182536/predictions/T0272s8/esmfold,results/casp15_casp16_unique_lt1000_all_default_20260529_182536/predictions/T0272s8/esmfold/rank_001.pdb,results/casp15_casp16_unique_lt1000_all_default_20260529_182536/predictions/T0272s8/esmfold/rank_001.pdb,pending,,,,,results/casp15_casp16_unique_lt1000_all_default_20260529_182536/logs/T0272s8_esmfold.log,,,Check,Check,reference coverage below threshold 0.356; multiple equivalent chains match,1.000000,1.000000,0.355746,291,818,high,mapped from mmCIF atom_site CA records; 527 aligned positions lack resolved CA atoms,Prot,A1,dystrophin-glycoprotein complex (DGC) PDB code 9c3c
T0272s8,T0272s8,CASP16,9C3C,V,1,291,1,818,818,818,omegafold,1,results/casp15_casp16_unique_lt1000_all_default_20260529_182536/sequences/T0272s8.fasta,results/casp15_casp16_unique_lt1000_all_default_20260529_182536/predictions/T0272s8/omegafold,results/casp15_casp16_unique_lt1000_all_default_20260529_182536/predictions/T0272s8/omegafold/rank_001.pdb,results/casp15_casp16_unique_lt1000_all_default_20260529_182536/predictions/T0272s8/omegafold/rank_001.pdb,pending,,,,,results/casp15_casp16_unique_lt1000_all_default_20260529_182536/logs/T0272s8_omegafold.log,,,Check,Check,reference coverage below threshold 0.356; multiple equivalent chains match,1.000000,1.000000,0.355746,291,818,high,mapped from mmCIF atom_site CA records; 527 aligned positions lack resolved CA atoms,Prot,A1,dystrophin-glycoprotein complex (DGC) PDB code 9c3c
T0272s8,T0272s8,CASP16,9C3C,V,1,291,1,818,818,818,openfold,1,results/casp15_casp16_unique_lt1000_all_default_20260529_182536/sequences/T0272s8.fasta,results/casp15_casp16_unique_lt1000_all_default_20260529_182536/predictions/T0272s8/openfold,results/casp15_casp16_unique_lt1000_all_default_20260529_182536/predictions/T0272s8/openfold/rank_001.pdb,results/casp15_casp16_unique_lt1000_all_default_20260529_182536/predictions/T0272s8/openfold/rank_001.pdb,pending,,,,,results/casp15_casp16_unique_lt1000_all_default_20260529_182536/logs/T0272s8_openfold.log,,,Check,Check,reference coverage below threshold 0.356; multiple equivalent chains match,1.000000,1.000000,0.355746,291,818,high,mapped from mmCIF atom_site CA records; 527 aligned positions lack resolved CA atoms,Prot,A1,dystrophin-glycoprotein complex (DGC) PDB code 9c3c
T0272s9,T0272s9,CASP16,9C3C,n,42,216,1,238,238,238,boltz,1,results/casp15_casp16_unique_lt1000_all_default_20260529_182536/sequences/T0272s9.fasta,results/casp15_casp16_unique_lt1000_all_default_20260529_182536/predictions/T0272s9/boltz,results/casp15_casp16_unique_lt1000_all_default_20260529_182536/predictions/T0272s9/boltz/rank_001.pdb,results/casp15_casp16_unique_lt1000_all_default_20260529_182536/predictions/T0272s9/boltz/rank_001.pdb,pending,,,,,results/casp15_casp16_unique_lt1000_all_default_20260529_182536/logs/T0272s9_boltz.log,,,Check,Check,reference coverage below threshold 0.735; multiple equivalent chains match,1.000000,1.000000,0.735294,175,238,high,mapped from mmCIF atom_site CA records; 63 aligned positions lack resolved CA atoms,Prot,A1,dystrophin-glycoprotein complex (DGC) PDB code 9c3c
T0272s9,T0272s9,CASP16,9C3C,n,42,216,1,238,238,238,boltz2,1,results/casp15_casp16_unique_lt1000_all_default_20260529_182536/sequences/T0272s9.fasta,results/casp15_casp16_unique_lt1000_all_default_20260529_182536/predictions/T0272s9/boltz2,results/casp15_casp16_unique_lt1000_all_default_20260529_182536/predictions/T0272s9/boltz2/rank_001.pdb,results/casp15_casp16_unique_lt1000_all_default_20260529_182536/predictions/T0272s9/boltz2/rank_001.pdb,pending,,,,,results/casp15_casp16_unique_lt1000_all_default_20260529_182536/logs/T0272s9_boltz2.log,,,Check,Check,reference coverage below threshold 0.735; multiple equivalent chains match,1.000000,1.000000,0.735294,175,238,high,mapped from mmCIF atom_site CA records; 63 aligned positions lack resolved CA atoms,Prot,A1,dystrophin-glycoprotein complex (DGC) PDB code 9c3c
T0272s9,T0272s9,CASP16,9C3C,n,42,216,1,238,238,238,chai1,1,results/casp15_casp16_unique_lt1000_all_default_20260529_182536/sequences/T0272s9.fasta,results/casp15_casp16_unique_lt1000_all_default_20260529_182536/predictions/T0272s9/chai1,results/casp15_casp16_unique_lt1000_all_default_20260529_182536/predictions/T0272s9/chai1/rank_001.pdb,results/casp15_casp16_unique_lt1000_all_default_20260529_182536/predictions/T0272s9/chai1/rank_001.pdb,pending,,,,,results/casp15_casp16_unique_lt1000_all_default_20260529_182536/logs/T0272s9_chai1.log,,,Check,Check,reference coverage below threshold 0.735; multiple equivalent chains match,1.000000,1.000000,0.735294,175,238,high,mapped from mmCIF atom_site CA records; 63 aligned positions lack resolved CA atoms,Prot,A1,dystrophin-glycoprotein complex (DGC) PDB code 9c3c
T0272s9,T0272s9,CASP16,9C3C,n,42,216,1,238,238,238,colabfold,1,results/casp15_casp16_unique_lt1000_all_default_20260529_182536/sequences/T0272s9.fasta,results/casp15_casp16_unique_lt1000_all_default_20260529_182536/predictions/T0272s9/colabfold,results/casp15_casp16_unique_lt1000_all_default_20260529_182536/predictions/T0272s9/colabfold/rank_001.pdb,results/casp15_casp16_unique_lt1000_all_default_20260529_182536/predictions/T0272s9/colabfold/rank_001.pdb,pending,,,,,results/casp15_casp16_unique_lt1000_all_default_20260529_182536/logs/T0272s9_colabfold.log,,,Check,Check,reference coverage below threshold 0.735; multiple equivalent chains match,1.000000,1.000000,0.735294,175,238,high,mapped from mmCIF atom_site CA records; 63 aligned positions lack resolved CA atoms,Prot,A1,dystrophin-glycoprotein complex (DGC) PDB code 9c3c
T0272s9,T0272s9,CASP16,9C3C,n,42,216,1,238,238,238,esmfold,1,results/casp15_casp16_unique_lt1000_all_default_20260529_182536/sequences/T0272s9.fasta,results/casp15_casp16_unique_lt1000_all_default_20260529_182536/predictions/T0272s9/esmfold,results/casp15_casp16_unique_lt1000_all_default_20260529_182536/predictions/T0272s9/esmfold/rank_001.pdb,results/casp15_casp16_unique_lt1000_all_default_20260529_182536/predictions/T0272s9/esmfold/rank_001.pdb,pending,,,,,results/casp15_casp16_unique_lt1000_all_default_20260529_182536/logs/T0272s9_esmfold.log,,,Check,Check,reference coverage below threshold 0.735; multiple equivalent chains match,1.000000,1.000000,0.735294,175,238,high,mapped from mmCIF atom_site CA records; 63 aligned positions lack resolved CA atoms,Prot,A1,dystrophin-glycoprotein complex (DGC) PDB code 9c3c
T0272s9,T0272s9,CASP16,9C3C,n,42,216,1,238,238,238,omegafold,1,results/casp15_casp16_unique_lt1000_all_default_20260529_182536/sequences/T0272s9.fasta,results/casp15_casp16_unique_lt1000_all_default_20260529_182536/predictions/T0272s9/omegafold,results/casp15_casp16_unique_lt1000_all_default_20260529_182536/predictions/T0272s9/omegafold/rank_001.pdb,results/casp15_casp16_unique_lt1000_all_default_20260529_182536/predictions/T0272s9/omegafold/rank_001.pdb,pending,,,,,results/casp15_casp16_unique_lt1000_all_default_20260529_182536/logs/T0272s9_omegafold.log,,,Check,Check,reference coverage below threshold 0.735; multiple equivalent chains match,1.000000,1.000000,0.735294,175,238,high,mapped from mmCIF atom_site CA records; 63 aligned positions lack resolved CA atoms,Prot,A1,dystrophin-glycoprotein complex (DGC) PDB code 9c3c
T0272s9,T0272s9,CASP16,9C3C,n,42,216,1,238,238,238,openfold,1,results/casp15_casp16_unique_lt1000_all_default_20260529_182536/sequences/T0272s9.fasta,results/casp15_casp16_unique_lt1000_all_default_20260529_182536/predictions/T0272s9/openfold,results/casp15_casp16_unique_lt1000_all_default_20260529_182536/predictions/T0272s9/openfold/rank_001.pdb,results/casp15_casp16_unique_lt1000_all_default_20260529_182536/predictions/T0272s9/openfold/rank_001.pdb,pending,,,,,results/casp15_casp16_unique_lt1000_all_default_20260529_182536/logs/T0272s9_openfold.log,,,Check,Check,reference coverage below threshold 0.735; multiple equivalent chains match,1.000000,1.000000,0.735294,175,238,high,mapped from mmCIF atom_site CA records; 63 aligned positions lack resolved CA atoms,Prot,A1,dystrophin-glycoprotein complex (DGC) PDB code 9c3c
T1212,T1212,CASP16,9B0L,P,53,518,1,466,466,466,boltz,1,results/casp15_casp16_unique_lt1000_all_default_20260529_182536/sequences/T1212.fasta,results/casp15_casp16_unique_lt1000_all_default_20260529_182536/predictions/T1212/boltz,results/casp15_casp16_unique_lt1000_all_default_20260529_182536/predictions/T1212/boltz/rank_001.pdb,results/casp15_casp16_unique_lt1000_all_default_20260529_182536/predictions/T1212/boltz/rank_001.pdb,pending,,,,,results/casp15_casp16_unique_lt1000_all_default_20260529_182536/logs/T1212_boltz.log,,,Check,Check,multiple equivalent chains match,1.000000,1.000000,1.000000,466,466,high,mapped from mmCIF atom_site CA records,Prot,A1,Fanzor2 ternary structure PDB code 9b0l protein subunit of M1212
T1212,T1212,CASP16,9B0L,P,53,518,1,466,466,466,boltz2,1,results/casp15_casp16_unique_lt1000_all_default_20260529_182536/sequences/T1212.fasta,results/casp15_casp16_unique_lt1000_all_default_20260529_182536/predictions/T1212/boltz2,results/casp15_casp16_unique_lt1000_all_default_20260529_182536/predictions/T1212/boltz2/rank_001.pdb,results/casp15_casp16_unique_lt1000_all_default_20260529_182536/predictions/T1212/boltz2/rank_001.pdb,pending,,,,,results/casp15_casp16_unique_lt1000_all_default_20260529_182536/logs/T1212_boltz2.log,,,Check,Check,multiple equivalent chains match,1.000000,1.000000,1.000000,466,466,high,mapped from mmCIF atom_site CA records,Prot,A1,Fanzor2 ternary structure PDB code 9b0l protein subunit of M1212
T1212,T1212,CASP16,9B0L,P,53,518,1,466,466,466,chai1,1,results/casp15_casp16_unique_lt1000_all_default_20260529_182536/sequences/T1212.fasta,results/casp15_casp16_unique_lt1000_all_default_20260529_182536/predictions/T1212/chai1,results/casp15_casp16_unique_lt1000_all_default_20260529_182536/predictions/T1212/chai1/rank_001.pdb,results/casp15_casp16_unique_lt1000_all_default_20260529_182536/predictions/T1212/chai1/rank_001.pdb,pending,,,,,results/casp15_casp16_unique_lt1000_all_default_20260529_182536/logs/T1212_chai1.log,,,Check,Check,multiple equivalent chains match,1.000000,1.000000,1.000000,466,466,high,mapped from mmCIF atom_site CA records,Prot,A1,Fanzor2 ternary structure PDB code 9b0l protein subunit of M1212
T1212,T1212,CASP16,9B0L,P,53,518,1,466,466,466,colabfold,1,results/casp15_casp16_unique_lt1000_all_default_20260529_182536/sequences/T1212.fasta,results/casp15_casp16_unique_lt1000_all_default_20260529_182536/predictions/T1212/colabfold,results/casp15_casp16_unique_lt1000_all_default_20260529_182536/predictions/T1212/colabfold/rank_001.pdb,results/casp15_casp16_unique_lt1000_all_default_20260529_182536/predictions/T1212/colabfold/rank_001.pdb,pending,,,,,results/casp15_casp16_unique_lt1000_all_default_20260529_182536/logs/T1212_colabfold.log,,,Check,Check,multiple equivalent chains match,1.000000,1.000000,1.000000,466,466,high,mapped from mmCIF atom_site CA records,Prot,A1,Fanzor2 ternary structure PDB code 9b0l protein subunit of M1212
T1212,T1212,CASP16,9B0L,P,53,518,1,466,466,466,esmfold,1,results/casp15_casp16_unique_lt1000_all_default_20260529_182536/sequences/T1212.fasta,results/casp15_casp16_unique_lt1000_all_default_20260529_182536/predictions/T1212/esmfold,results/casp15_casp16_unique_lt1000_all_default_20260529_182536/predictions/T1212/esmfold/rank_001.pdb,results/casp15_casp16_unique_lt1000_all_default_20260529_182536/predictions/T1212/esmfold/rank_001.pdb,pending,,,,,results/casp15_casp16_unique_lt1000_all_default_20260529_182536/logs/T1212_esmfold.log,,,Check,Check,multiple equivalent chains match,1.000000,1.000000,1.000000,466,466,high,mapped from mmCIF atom_site CA records,Prot,A1,Fanzor2 ternary structure PDB code 9b0l protein subunit of M1212
T1212,T1212,CASP16,9B0L,P,53,518,1,466,466,466,omegafold,1,results/casp15_casp16_unique_lt1000_all_default_20260529_182536/sequences/T1212.fasta,results/casp15_casp16_unique_lt1000_all_default_20260529_182536/predictions/T1212/omegafold,results/casp15_casp16_unique_lt1000_all_default_20260529_182536/predictions/T1212/omegafold/rank_001.pdb,results/casp15_casp16_unique_lt1000_all_default_20260529_182536/predictions/T1212/omegafold/rank_001.pdb,pending,,,,,results/casp15_casp16_unique_lt1000_all_default_20260529_182536/logs/T1212_omegafold.log,,,Check,Check,multiple equivalent chains match,1.000000,1.000000,1.000000,466,466,high,mapped from mmCIF atom_site CA records,Prot,A1,Fanzor2 ternary structure PDB code 9b0l protein subunit of M1212
T1212,T1212,CASP16,9B0L,P,53,518,1,466,466,466,openfold,1,results/casp15_casp16_unique_lt1000_all_default_20260529_182536/sequences/T1212.fasta,results/casp15_casp16_unique_lt1000_all_default_20260529_182536/predictions/T1212/openfold,results/casp15_casp16_unique_lt1000_all_default_20260529_182536/predictions/T1212/openfold/rank_001.pdb,results/casp15_casp16_unique_lt1000_all_default_20260529_182536/predictions/T1212/openfold/rank_001.pdb,pending,,,,,results/casp15_casp16_unique_lt1000_all_default_20260529_182536/logs/T1212_openfold.log,,,Check,Check,multiple equivalent chains match,1.000000,1.000000,1.000000,466,466,high,mapped from mmCIF atom_site CA records,Prot,A1,Fanzor2 ternary structure PDB code 9b0l protein subunit of M1212
T1227s1,T1227s1,CASP16,9N8W,A,27,418,1,427,427,427,boltz,1,results/casp15_casp16_unique_lt1000_all_default_20260529_182536/sequences/T1227s1.fasta,results/casp15_casp16_unique_lt1000_all_default_20260529_182536/predictions/T1227s1/boltz,results/casp15_casp16_unique_lt1000_all_default_20260529_182536/predictions/T1227s1/boltz/rank_001.pdb,results/casp15_casp16_unique_lt1000_all_default_20260529_182536/predictions/T1227s1/boltz/rank_001.pdb,pending,,,,,results/casp15_casp16_unique_lt1000_all_default_20260529_182536/logs/T1227s1_boltz.log,,,Yes,Yes,prefiltered A1 protein target with mapped residue range,1.000000,1.000000,0.918033,392,427,high,mapped from mmCIF atom_site CA records; 35 aligned positions lack resolved CA atoms,Prot,A1,LetA (P0AD03) and LetB (P76272) PDB code 9n8w
T1227s1,T1227s1,CASP16,9N8W,A,27,418,1,427,427,427,boltz2,1,results/casp15_casp16_unique_lt1000_all_default_20260529_182536/sequences/T1227s1.fasta,results/casp15_casp16_unique_lt1000_all_default_20260529_182536/predictions/T1227s1/boltz2,results/casp15_casp16_unique_lt1000_all_default_20260529_182536/predictions/T1227s1/boltz2/rank_001.pdb,results/casp15_casp16_unique_lt1000_all_default_20260529_182536/predictions/T1227s1/boltz2/rank_001.pdb,pending,,,,,results/casp15_casp16_unique_lt1000_all_default_20260529_182536/logs/T1227s1_boltz2.log,,,Yes,Yes,prefiltered A1 protein target with mapped residue range,1.000000,1.000000,0.918033,392,427,high,mapped from mmCIF atom_site CA records; 35 aligned positions lack resolved CA atoms,Prot,A1,LetA (P0AD03) and LetB (P76272) PDB code 9n8w
T1227s1,T1227s1,CASP16,9N8W,A,27,418,1,427,427,427,chai1,1,results/casp15_casp16_unique_lt1000_all_default_20260529_182536/sequences/T1227s1.fasta,results/casp15_casp16_unique_lt1000_all_default_20260529_182536/predictions/T1227s1/chai1,results/casp15_casp16_unique_lt1000_all_default_20260529_182536/predictions/T1227s1/chai1/rank_001.pdb,results/casp15_casp16_unique_lt1000_all_default_20260529_182536/predictions/T1227s1/chai1/rank_001.pdb,pending,,,,,results/casp15_casp16_unique_lt1000_all_default_20260529_182536/logs/T1227s1_chai1.log,,,Yes,Yes,prefiltered A1 protein target with mapped residue range,1.000000,1.000000,0.918033,392,427,high,mapped from mmCIF atom_site CA records; 35 aligned positions lack resolved CA atoms,Prot,A1,LetA (P0AD03) and LetB (P76272) PDB code 9n8w
T1227s1,T1227s1,CASP16,9N8W,A,27,418,1,427,427,427,colabfold,1,results/casp15_casp16_unique_lt1000_all_default_20260529_182536/sequences/T1227s1.fasta,results/casp15_casp16_unique_lt1000_all_default_20260529_182536/predictions/T1227s1/colabfold,results/casp15_casp16_unique_lt1000_all_default_20260529_182536/predictions/T1227s1/colabfold/rank_001.pdb,results/casp15_casp16_unique_lt1000_all_default_20260529_182536/predictions/T1227s1/colabfold/rank_001.pdb,pending,,,,,results/casp15_casp16_unique_lt1000_all_default_20260529_182536/logs/T1227s1_colabfold.log,,,Yes,Yes,prefiltered A1 protein target with mapped residue range,1.000000,1.000000,0.918033,392,427,high,mapped from mmCIF atom_site CA records; 35 aligned positions lack resolved CA atoms,Prot,A1,LetA (P0AD03) and LetB (P76272) PDB code 9n8w
T1227s1,T1227s1,CASP16,9N8W,A,27,418,1,427,427,427,esmfold,1,results/casp15_casp16_unique_lt1000_all_default_20260529_182536/sequences/T1227s1.fasta,results/casp15_casp16_unique_lt1000_all_default_20260529_182536/predictions/T1227s1/esmfold,results/casp15_casp16_unique_lt1000_all_default_20260529_182536/predictions/T1227s1/esmfold/rank_001.pdb,results/casp15_casp16_unique_lt1000_all_default_20260529_182536/predictions/T1227s1/esmfold/rank_001.pdb,pending,,,,,results/casp15_casp16_unique_lt1000_all_default_20260529_182536/logs/T1227s1_esmfold.log,,,Yes,Yes,prefiltered A1 protein target with mapped residue range,1.000000,1.000000,0.918033,392,427,high,mapped from mmCIF atom_site CA records; 35 aligned positions lack resolved CA atoms,Prot,A1,LetA (P0AD03) and LetB (P76272) PDB code 9n8w
T1227s1,T1227s1,CASP16,9N8W,A,27,418,1,427,427,427,omegafold,1,results/casp15_casp16_unique_lt1000_all_default_20260529_182536/sequences/T1227s1.fasta,results/casp15_casp16_unique_lt1000_all_default_20260529_182536/predictions/T1227s1/omegafold,results/casp15_casp16_unique_lt1000_all_default_20260529_182536/predictions/T1227s1/omegafold/rank_001.pdb,results/casp15_casp16_unique_lt1000_all_default_20260529_182536/predictions/T1227s1/omegafold/rank_001.pdb,pending,,,,,results/casp15_casp16_unique_lt1000_all_default_20260529_182536/logs/T1227s1_omegafold.log,,,Yes,Yes,prefiltered A1 protein target with mapped residue range,1.000000,1.000000,0.918033,392,427,high,mapped from mmCIF atom_site CA records; 35 aligned positions lack resolved CA atoms,Prot,A1,LetA (P0AD03) and LetB (P76272) PDB code 9n8w
T1227s1,T1227s1,CASP16,9N8W,A,27,418,1,427,427,427,openfold,1,results/casp15_casp16_unique_lt1000_all_default_20260529_182536/sequences/T1227s1.fasta,results/casp15_casp16_unique_lt1000_all_default_20260529_182536/predictions/T1227s1/openfold,results/casp15_casp16_unique_lt1000_all_default_20260529_182536/predictions/T1227s1/openfold/rank_001.pdb,results/casp15_casp16_unique_lt1000_all_default_20260529_182536/predictions/T1227s1/openfold/rank_001.pdb,pending,,,,,results/casp15_casp16_unique_lt1000_all_default_20260529_182536/logs/T1227s1_openfold.log,,,Yes,Yes,prefiltered A1 protein target with mapped residue range,1.000000,1.000000,0.918033,392,427,high,mapped from mmCIF atom_site CA records; 35 aligned positions lack resolved CA atoms,Prot,A1,LetA (P0AD03) and LetB (P76272) PDB code 9n8w
T1266,T1266,CASP16,8QFB,A,563,860,1,336,336,336,boltz,1,results/casp15_casp16_unique_lt1000_all_default_20260529_182536/sequences/T1266.fasta,results/casp15_casp16_unique_lt1000_all_default_20260529_182536/predictions/T1266/boltz,results/casp15_casp16_unique_lt1000_all_default_20260529_182536/predictions/T1266/boltz/rank_001.pdb,results/casp15_casp16_unique_lt1000_all_default_20260529_182536/predictions/T1266/boltz/rank_001.pdb,pending,,,,,results/casp15_casp16_unique_lt1000_all_default_20260529_182536/logs/T1266_boltz.log,,,Check,Check,multiple equivalent chains match,1.000000,1.000000,0.886905,298,336,high,mapped from mmCIF atom_site CA records; 38 aligned positions lack resolved CA atoms,Prot,A1,Q99549 PDB code 8qfb
T1266,T1266,CASP16,8QFB,A,563,860,1,336,336,336,boltz2,1,results/casp15_casp16_unique_lt1000_all_default_20260529_182536/sequences/T1266.fasta,results/casp15_casp16_unique_lt1000_all_default_20260529_182536/predictions/T1266/boltz2,results/casp15_casp16_unique_lt1000_all_default_20260529_182536/predictions/T1266/boltz2/rank_001.pdb,results/casp15_casp16_unique_lt1000_all_default_20260529_182536/predictions/T1266/boltz2/rank_001.pdb,pending,,,,,results/casp15_casp16_unique_lt1000_all_default_20260529_182536/logs/T1266_boltz2.log,,,Check,Check,multiple equivalent chains match,1.000000,1.000000,0.886905,298,336,high,mapped from mmCIF atom_site CA records; 38 aligned positions lack resolved CA atoms,Prot,A1,Q99549 PDB code 8qfb
T1266,T1266,CASP16,8QFB,A,563,860,1,336,336,336,chai1,1,results/casp15_casp16_unique_lt1000_all_default_20260529_182536/sequences/T1266.fasta,results/casp15_casp16_unique_lt1000_all_default_20260529_182536/predictions/T1266/chai1,results/casp15_casp16_unique_lt1000_all_default_20260529_182536/predictions/T1266/chai1/rank_001.pdb,results/casp15_casp16_unique_lt1000_all_default_20260529_182536/predictions/T1266/chai1/rank_001.pdb,pending,,,,,results/casp15_casp16_unique_lt1000_all_default_20260529_182536/logs/T1266_chai1.log,,,Check,Check,multiple equivalent chains match,1.000000,1.000000,0.886905,298,336,high,mapped from mmCIF atom_site CA records; 38 aligned positions lack resolved CA atoms,Prot,A1,Q99549 PDB code 8qfb
T1266,T1266,CASP16,8QFB,A,563,860,1,336,336,336,colabfold,1,results/casp15_casp16_unique_lt1000_all_default_20260529_182536/sequences/T1266.fasta,results/casp15_casp16_unique_lt1000_all_default_20260529_182536/predictions/T1266/colabfold,results/casp15_casp16_unique_lt1000_all_default_20260529_182536/predictions/T1266/colabfold/rank_001.pdb,results/casp15_casp16_unique_lt1000_all_default_20260529_182536/predictions/T1266/colabfold/rank_001.pdb,pending,,,,,results/casp15_casp16_unique_lt1000_all_default_20260529_182536/logs/T1266_colabfold.log,,,Check,Check,multiple equivalent chains match,1.000000,1.000000,0.886905,298,336,high,mapped from mmCIF atom_site CA records; 38 aligned positions lack resolved CA atoms,Prot,A1,Q99549 PDB code 8qfb
T1266,T1266,CASP16,8QFB,A,563,860,1,336,336,336,esmfold,1,results/casp15_casp16_unique_lt1000_all_default_20260529_182536/sequences/T1266.fasta,results/casp15_casp16_unique_lt1000_all_default_20260529_182536/predictions/T1266/esmfold,results/casp15_casp16_unique_lt1000_all_default_20260529_182536/predictions/T1266/esmfold/rank_001.pdb,results/casp15_casp16_unique_lt1000_all_default_20260529_182536/predictions/T1266/esmfold/rank_001.pdb,pending,,,,,results/casp15_casp16_unique_lt1000_all_default_20260529_182536/logs/T1266_esmfold.log,,,Check,Check,multiple equivalent chains match,1.000000,1.000000,0.886905,298,336,high,mapped from mmCIF atom_site CA records; 38 aligned positions lack resolved CA atoms,Prot,A1,Q99549 PDB code 8qfb
T1266,T1266,CASP16,8QFB,A,563,860,1,336,336,336,omegafold,1,results/casp15_casp16_unique_lt1000_all_default_20260529_182536/sequences/T1266.fasta,results/casp15_casp16_unique_lt1000_all_default_20260529_182536/predictions/T1266/omegafold,results/casp15_casp16_unique_lt1000_all_default_20260529_182536/predictions/T1266/omegafold/rank_001.pdb,results/casp15_casp16_unique_lt1000_all_default_20260529_182536/predictions/T1266/omegafold/rank_001.pdb,pending,,,,,results/casp15_casp16_unique_lt1000_all_default_20260529_182536/logs/T1266_omegafold.log,,,Check,Check,multiple equivalent chains match,1.000000,1.000000,0.886905,298,336,high,mapped from mmCIF atom_site CA records; 38 aligned positions lack resolved CA atoms,Prot,A1,Q99549 PDB code 8qfb
T1266,T1266,CASP16,8QFB,A,563,860,1,336,336,336,openfold,1,results/casp15_casp16_unique_lt1000_all_default_20260529_182536/sequences/T1266.fasta,results/casp15_casp16_unique_lt1000_all_default_20260529_182536/predictions/T1266/openfold,results/casp15_casp16_unique_lt1000_all_default_20260529_182536/predictions/T1266/openfold/rank_001.pdb,results/casp15_casp16_unique_lt1000_all_default_20260529_182536/predictions/T1266/openfold/rank_001.pdb,pending,,,,,results/casp15_casp16_unique_lt1000_all_default_20260529_182536/logs/T1266_openfold.log,,,Check,Check,multiple equivalent chains match,1.000000,1.000000,0.886905,298,336,high,mapped from mmCIF atom_site CA records; 38 aligned positions lack resolved CA atoms,Prot,A1,Q99549 PDB code 8qfb
T1272s2,T1272s2,CASP16,9C3C,a,25,350,1,363,363,363,boltz,1,results/casp15_casp16_unique_lt1000_all_default_20260529_182536/sequences/T1272s2.fasta,results/casp15_casp16_unique_lt1000_all_default_20260529_182536/predictions/T1272s2/boltz,results/casp15_casp16_unique_lt1000_all_default_20260529_182536/predictions/T1272s2/boltz/rank_001.pdb,results/casp15_casp16_unique_lt1000_all_default_20260529_182536/predictions/T1272s2/boltz/rank_001.pdb,pending,,,,,results/casp15_casp16_unique_lt1000_all_default_20260529_182536/logs/T1272s2_boltz.log,,,Check,Check,multiple equivalent chains match,1.000000,0.898072,0.972393,317,326,medium,mapped from mmCIF atom_site CA records; 9 aligned positions lack resolved CA atoms,Prot,A1,dystrophin-glycoprotein complex (DGC) PDB code 9c3c
T1272s2,T1272s2,CASP16,9C3C,a,25,350,1,363,363,363,boltz2,1,results/casp15_casp16_unique_lt1000_all_default_20260529_182536/sequences/T1272s2.fasta,results/casp15_casp16_unique_lt1000_all_default_20260529_182536/predictions/T1272s2/boltz2,results/casp15_casp16_unique_lt1000_all_default_20260529_182536/predictions/T1272s2/boltz2/rank_001.pdb,results/casp15_casp16_unique_lt1000_all_default_20260529_182536/predictions/T1272s2/boltz2/rank_001.pdb,pending,,,,,results/casp15_casp16_unique_lt1000_all_default_20260529_182536/logs/T1272s2_boltz2.log,,,Check,Check,multiple equivalent chains match,1.000000,0.898072,0.972393,317,326,medium,mapped from mmCIF atom_site CA records; 9 aligned positions lack resolved CA atoms,Prot,A1,dystrophin-glycoprotein complex (DGC) PDB code 9c3c
T1272s2,T1272s2,CASP16,9C3C,a,25,350,1,363,363,363,chai1,1,results/casp15_casp16_unique_lt1000_all_default_20260529_182536/sequences/T1272s2.fasta,results/casp15_casp16_unique_lt1000_all_default_20260529_182536/predictions/T1272s2/chai1,results/casp15_casp16_unique_lt1000_all_default_20260529_182536/predictions/T1272s2/chai1/rank_001.pdb,results/casp15_casp16_unique_lt1000_all_default_20260529_182536/predictions/T1272s2/chai1/rank_001.pdb,pending,,,,,results/casp15_casp16_unique_lt1000_all_default_20260529_182536/logs/T1272s2_chai1.log,,,Check,Check,multiple equivalent chains match,1.000000,0.898072,0.972393,317,326,medium,mapped from mmCIF atom_site CA records; 9 aligned positions lack resolved CA atoms,Prot,A1,dystrophin-glycoprotein complex (DGC) PDB code 9c3c
T1272s2,T1272s2,CASP16,9C3C,a,25,350,1,363,363,363,colabfold,1,results/casp15_casp16_unique_lt1000_all_default_20260529_182536/sequences/T1272s2.fasta,results/casp15_casp16_unique_lt1000_all_default_20260529_182536/predictions/T1272s2/colabfold,results/casp15_casp16_unique_lt1000_all_default_20260529_182536/predictions/T1272s2/colabfold/rank_001.pdb,results/casp15_casp16_unique_lt1000_all_default_20260529_182536/predictions/T1272s2/colabfold/rank_001.pdb,pending,,,,,results/casp15_casp16_unique_lt1000_all_default_20260529_182536/logs/T1272s2_colabfold.log,,,Check,Check,multiple equivalent chains match,1.000000,0.898072,0.972393,317,326,medium,mapped from mmCIF atom_site CA records; 9 aligned positions lack resolved CA atoms,Prot,A1,dystrophin-glycoprotein complex (DGC) PDB code 9c3c
T1272s2,T1272s2,CASP16,9C3C,a,25,350,1,363,363,363,esmfold,1,results/casp15_casp16_unique_lt1000_all_default_20260529_182536/sequences/T1272s2.fasta,results/casp15_casp16_unique_lt1000_all_default_20260529_182536/predictions/T1272s2/esmfold,results/casp15_casp16_unique_lt1000_all_default_20260529_182536/predictions/T1272s2/esmfold/rank_001.pdb,results/casp15_casp16_unique_lt1000_all_default_20260529_182536/predictions/T1272s2/esmfold/rank_001.pdb,pending,,,,,results/casp15_casp16_unique_lt1000_all_default_20260529_182536/logs/T1272s2_esmfold.log,,,Check,Check,multiple equivalent chains match,1.000000,0.898072,0.972393,317,326,medium,mapped from mmCIF atom_site CA records; 9 aligned positions lack resolved CA atoms,Prot,A1,dystrophin-glycoprotein complex (DGC) PDB code 9c3c
T1272s2,T1272s2,CASP16,9C3C,a,25,350,1,363,363,363,omegafold,1,results/casp15_casp16_unique_lt1000_all_default_20260529_182536/sequences/T1272s2.fasta,results/casp15_casp16_unique_lt1000_all_default_20260529_182536/predictions/T1272s2/omegafold,results/casp15_casp16_unique_lt1000_all_default_20260529_182536/predictions/T1272s2/omegafold/rank_001.pdb,results/casp15_casp16_unique_lt1000_all_default_20260529_182536/predictions/T1272s2/omegafold/rank_001.pdb,pending,,,,,results/casp15_casp16_unique_lt1000_all_default_20260529_182536/logs/T1272s2_omegafold.log,,,Check,Check,multiple equivalent chains match,1.000000,0.898072,0.972393,317,326,medium,mapped from mmCIF atom_site CA records; 9 aligned positions lack resolved CA atoms,Prot,A1,dystrophin-glycoprotein complex (DGC) PDB code 9c3c
T1272s2,T1272s2,CASP16,9C3C,a,25,350,1,363,363,363,openfold,1,results/casp15_casp16_unique_lt1000_all_default_20260529_182536/sequences/T1272s2.fasta,results/casp15_casp16_unique_lt1000_all_default_20260529_182536/predictions/T1272s2/openfold,results/casp15_casp16_unique_lt1000_all_default_20260529_182536/predictions/T1272s2/openfold/rank_001.pdb,results/casp15_casp16_unique_lt1000_all_default_20260529_182536/predictions/T1272s2/openfold/rank_001.pdb,pending,,,,,results/casp15_casp16_unique_lt1000_all_default_20260529_182536/logs/T1272s2_openfold.log,,,Check,Check,multiple equivalent chains match,1.000000,0.898072,0.972393,317,326,medium,mapped from mmCIF atom_site CA records; 9 aligned positions lack resolved CA atoms,Prot,A1,dystrophin-glycoprotein complex (DGC) PDB code 9c3c
T1272s3,T1272s3,CASP16,9C3C,b,57,318,1,318,318,318,boltz,1,results/casp15_casp16_unique_lt1000_all_default_20260529_182536/sequences/T1272s3.fasta,results/casp15_casp16_unique_lt1000_all_default_20260529_182536/predictions/T1272s3/boltz,results/casp15_casp16_unique_lt1000_all_default_20260529_182536/predictions/T1272s3/boltz/rank_001.pdb,results/casp15_casp16_unique_lt1000_all_default_20260529_182536/predictions/T1272s3/boltz/rank_001.pdb,pending,,,,,results/casp15_casp16_unique_lt1000_all_default_20260529_182536/logs/T1272s3_boltz.log,,,Check,Check,multiple equivalent chains match,1.000000,1.000000,0.823899,262,318,high,mapped from mmCIF atom_site CA records; 56 aligned positions lack resolved CA atoms,Prot,A1,dystrophin-glycoprotein complex (DGC) PDB code 9c3c
T1272s3,T1272s3,CASP16,9C3C,b,57,318,1,318,318,318,boltz2,1,results/casp15_casp16_unique_lt1000_all_default_20260529_182536/sequences/T1272s3.fasta,results/casp15_casp16_unique_lt1000_all_default_20260529_182536/predictions/T1272s3/boltz2,results/casp15_casp16_unique_lt1000_all_default_20260529_182536/predictions/T1272s3/boltz2/rank_001.pdb,results/casp15_casp16_unique_lt1000_all_default_20260529_182536/predictions/T1272s3/boltz2/rank_001.pdb,pending,,,,,results/casp15_casp16_unique_lt1000_all_default_20260529_182536/logs/T1272s3_boltz2.log,,,Check,Check,multiple equivalent chains match,1.000000,1.000000,0.823899,262,318,high,mapped from mmCIF atom_site CA records; 56 aligned positions lack resolved CA atoms,Prot,A1,dystrophin-glycoprotein complex (DGC) PDB code 9c3c
T1272s3,T1272s3,CASP16,9C3C,b,57,318,1,318,318,318,chai1,1,results/casp15_casp16_unique_lt1000_all_default_20260529_182536/sequences/T1272s3.fasta,results/casp15_casp16_unique_lt1000_all_default_20260529_182536/predictions/T1272s3/chai1,results/casp15_casp16_unique_lt1000_all_default_20260529_182536/predictions/T1272s3/chai1/rank_001.pdb,results/casp15_casp16_unique_lt1000_all_default_20260529_182536/predictions/T1272s3/chai1/rank_001.pdb,pending,,,,,results/casp15_casp16_unique_lt1000_all_default_20260529_182536/logs/T1272s3_chai1.log,,,Check,Check,multiple equivalent chains match,1.000000,1.000000,0.823899,262,318,high,mapped from mmCIF atom_site CA records; 56 aligned positions lack resolved CA atoms,Prot,A1,dystrophin-glycoprotein complex (DGC) PDB code 9c3c
T1272s3,T1272s3,CASP16,9C3C,b,57,318,1,318,318,318,colabfold,1,results/casp15_casp16_unique_lt1000_all_default_20260529_182536/sequences/T1272s3.fasta,results/casp15_casp16_unique_lt1000_all_default_20260529_182536/predictions/T1272s3/colabfold,results/casp15_casp16_unique_lt1000_all_default_20260529_182536/predictions/T1272s3/colabfold/rank_001.pdb,results/casp15_casp16_unique_lt1000_all_default_20260529_182536/predictions/T1272s3/colabfold/rank_001.pdb,pending,,,,,results/casp15_casp16_unique_lt1000_all_default_20260529_182536/logs/T1272s3_colabfold.log,,,Check,Check,multiple equivalent chains match,1.000000,1.000000,0.823899,262,318,high,mapped from mmCIF atom_site CA records; 56 aligned positions lack resolved CA atoms,Prot,A1,dystrophin-glycoprotein complex (DGC) PDB code 9c3c
T1272s3,T1272s3,CASP16,9C3C,b,57,318,1,318,318,318,esmfold,1,results/casp15_casp16_unique_lt1000_all_default_20260529_182536/sequences/T1272s3.fasta,results/casp15_casp16_unique_lt1000_all_default_20260529_182536/predictions/T1272s3/esmfold,results/casp15_casp16_unique_lt1000_all_default_20260529_182536/predictions/T1272s3/esmfold/rank_001.pdb,results/casp15_casp16_unique_lt1000_all_default_20260529_182536/predictions/T1272s3/esmfold/rank_001.pdb,pending,,,,,results/casp15_casp16_unique_lt1000_all_default_20260529_182536/logs/T1272s3_esmfold.log,,,Check,Check,multiple equivalent chains match,1.000000,1.000000,0.823899,262,318,high,mapped from mmCIF atom_site CA records; 56 aligned positions lack resolved CA atoms,Prot,A1,dystrophin-glycoprotein complex (DGC) PDB code 9c3c
T1272s3,T1272s3,CASP16,9C3C,b,57,318,1,318,318,318,omegafold,1,results/casp15_casp16_unique_lt1000_all_default_20260529_182536/sequences/T1272s3.fasta,results/casp15_casp16_unique_lt1000_all_default_20260529_182536/predictions/T1272s3/omegafold,results/casp15_casp16_unique_lt1000_all_default_20260529_182536/predictions/T1272s3/omegafold/rank_001.pdb,results/casp15_casp16_unique_lt1000_all_default_20260529_182536/predictions/T1272s3/omegafold/rank_001.pdb,pending,,,,,results/casp15_casp16_unique_lt1000_all_default_20260529_182536/logs/T1272s3_omegafold.log,,,Check,Check,multiple equivalent chains match,1.000000,1.000000,0.823899,262,318,high,mapped from mmCIF atom_site CA records; 56 aligned positions lack resolved CA atoms,Prot,A1,dystrophin-glycoprotein complex (DGC) PDB code 9c3c
T1272s3,T1272s3,CASP16,9C3C,b,57,318,1,318,318,318,openfold,1,results/casp15_casp16_unique_lt1000_all_default_20260529_182536/sequences/T1272s3.fasta,results/casp15_casp16_unique_lt1000_all_default_20260529_182536/predictions/T1272s3/openfold,results/casp15_casp16_unique_lt1000_all_default_20260529_182536/predictions/T1272s3/openfold/rank_001.pdb,results/casp15_casp16_unique_lt1000_all_default_20260529_182536/predictions/T1272s3/openfold/rank_001.pdb,pending,,,,,results/casp15_casp16_unique_lt1000_all_default_20260529_182536/logs/T1272s3_openfold.log,,,Check,Check,multiple equivalent chains match,1.000000,1.000000,0.823899,262,318,high,mapped from mmCIF atom_site CA records; 56 aligned positions lack resolved CA atoms,Prot,A1,dystrophin-glycoprotein complex (DGC) PDB code 9c3c
T1272s4,T1272s4,CASP16,9C3C,d,21,289,1,289,289,289,boltz,1,results/casp15_casp16_unique_lt1000_all_default_20260529_182536/sequences/T1272s4.fasta,results/casp15_casp16_unique_lt1000_all_default_20260529_182536/predictions/T1272s4/boltz,results/casp15_casp16_unique_lt1000_all_default_20260529_182536/predictions/T1272s4/boltz/rank_001.pdb,results/casp15_casp16_unique_lt1000_all_default_20260529_182536/predictions/T1272s4/boltz/rank_001.pdb,pending,,,,,results/casp15_casp16_unique_lt1000_all_default_20260529_182536/logs/T1272s4_boltz.log,,,Check,Check,multiple equivalent chains match,1.000000,1.000000,0.930796,269,289,high,mapped from mmCIF atom_site CA records; 20 aligned positions lack resolved CA atoms,Prot,A1,dystrophin-glycoprotein complex (DGC) PDB code 9c3c
T1272s4,T1272s4,CASP16,9C3C,d,21,289,1,289,289,289,boltz2,1,results/casp15_casp16_unique_lt1000_all_default_20260529_182536/sequences/T1272s4.fasta,results/casp15_casp16_unique_lt1000_all_default_20260529_182536/predictions/T1272s4/boltz2,results/casp15_casp16_unique_lt1000_all_default_20260529_182536/predictions/T1272s4/boltz2/rank_001.pdb,results/casp15_casp16_unique_lt1000_all_default_20260529_182536/predictions/T1272s4/boltz2/rank_001.pdb,pending,,,,,results/casp15_casp16_unique_lt1000_all_default_20260529_182536/logs/T1272s4_boltz2.log,,,Check,Check,multiple equivalent chains match,1.000000,1.000000,0.930796,269,289,high,mapped from mmCIF atom_site CA records; 20 aligned positions lack resolved CA atoms,Prot,A1,dystrophin-glycoprotein complex (DGC) PDB code 9c3c
T1272s4,T1272s4,CASP16,9C3C,d,21,289,1,289,289,289,chai1,1,results/casp15_casp16_unique_lt1000_all_default_20260529_182536/sequences/T1272s4.fasta,results/casp15_casp16_unique_lt1000_all_default_20260529_182536/predictions/T1272s4/chai1,results/casp15_casp16_unique_lt1000_all_default_20260529_182536/predictions/T1272s4/chai1/rank_001.pdb,results/casp15_casp16_unique_lt1000_all_default_20260529_182536/predictions/T1272s4/chai1/rank_001.pdb,pending,,,,,results/casp15_casp16_unique_lt1000_all_default_20260529_182536/logs/T1272s4_chai1.log,,,Check,Check,multiple equivalent chains match,1.000000,1.000000,0.930796,269,289,high,mapped from mmCIF atom_site CA records; 20 aligned positions lack resolved CA atoms,Prot,A1,dystrophin-glycoprotein complex (DGC) PDB code 9c3c
T1272s4,T1272s4,CASP16,9C3C,d,21,289,1,289,289,289,colabfold,1,results/casp15_casp16_unique_lt1000_all_default_20260529_182536/sequences/T1272s4.fasta,results/casp15_casp16_unique_lt1000_all_default_20260529_182536/predictions/T1272s4/colabfold,results/casp15_casp16_unique_lt1000_all_default_20260529_182536/predictions/T1272s4/colabfold/rank_001.pdb,results/casp15_casp16_unique_lt1000_all_default_20260529_182536/predictions/T1272s4/colabfold/rank_001.pdb,pending,,,,,results/casp15_casp16_unique_lt1000_all_default_20260529_182536/logs/T1272s4_colabfold.log,,,Check,Check,multiple equivalent chains match,1.000000,1.000000,0.930796,269,289,high,mapped from mmCIF atom_site CA records; 20 aligned positions lack resolved CA atoms,Prot,A1,dystrophin-glycoprotein complex (DGC) PDB code 9c3c
T1272s4,T1272s4,CASP16,9C3C,d,21,289,1,289,289,289,esmfold,1,results/casp15_casp16_unique_lt1000_all_default_20260529_182536/sequences/T1272s4.fasta,results/casp15_casp16_unique_lt1000_all_default_20260529_182536/predictions/T1272s4/esmfold,results/casp15_casp16_unique_lt1000_all_default_20260529_182536/predictions/T1272s4/esmfold/rank_001.pdb,results/casp15_casp16_unique_lt1000_all_default_20260529_182536/predictions/T1272s4/esmfold/rank_001.pdb,pending,,,,,results/casp15_casp16_unique_lt1000_all_default_20260529_182536/logs/T1272s4_esmfold.log,,,Check,Check,multiple equivalent chains match,1.000000,1.000000,0.930796,269,289,high,mapped from mmCIF atom_site CA records; 20 aligned positions lack resolved CA atoms,Prot,A1,dystrophin-glycoprotein complex (DGC) PDB code 9c3c
T1272s4,T1272s4,CASP16,9C3C,d,21,289,1,289,289,289,omegafold,1,results/casp15_casp16_unique_lt1000_all_default_20260529_182536/sequences/T1272s4.fasta,results/casp15_casp16_unique_lt1000_all_default_20260529_182536/predictions/T1272s4/omegafold,results/casp15_casp16_unique_lt1000_all_default_20260529_182536/predictions/T1272s4/omegafold/rank_001.pdb,results/casp15_casp16_unique_lt1000_all_default_20260529_182536/predictions/T1272s4/omegafold/rank_001.pdb,pending,,,,,results/casp15_casp16_unique_lt1000_all_default_20260529_182536/logs/T1272s4_omegafold.log,,,Check,Check,multiple equivalent chains match,1.000000,1.000000,0.930796,269,289,high,mapped from mmCIF atom_site CA records; 20 aligned positions lack resolved CA atoms,Prot,A1,dystrophin-glycoprotein complex (DGC) PDB code 9c3c
T1272s4,T1272s4,CASP16,9C3C,d,21,289,1,289,289,289,openfold,1,results/casp15_casp16_unique_lt1000_all_default_20260529_182536/sequences/T1272s4.fasta,results/casp15_casp16_unique_lt1000_all_default_20260529_182536/predictions/T1272s4/openfold,results/casp15_casp16_unique_lt1000_all_default_20260529_182536/predictions/T1272s4/openfold/rank_001.pdb,results/casp15_casp16_unique_lt1000_all_default_20260529_182536/predictions/T1272s4/openfold/rank_001.pdb,pending,,,,,results/casp15_casp16_unique_lt1000_all_default_20260529_182536/logs/T1272s4_openfold.log,,,Check,Check,multiple equivalent chains match,1.000000,1.000000,0.930796,269,289,high,mapped from mmCIF atom_site CA records; 20 aligned positions lack resolved CA atoms,Prot,A1,dystrophin-glycoprotein complex (DGC) PDB code 9c3c
T1272s5,T1272s5,CASP16,9C3C,g,28,291,1,291,291,291,boltz,1,results/casp15_casp16_unique_lt1000_all_default_20260529_182536/sequences/T1272s5.fasta,results/casp15_casp16_unique_lt1000_all_default_20260529_182536/predictions/T1272s5/boltz,results/casp15_casp16_unique_lt1000_all_default_20260529_182536/predictions/T1272s5/boltz/rank_001.pdb,results/casp15_casp16_unique_lt1000_all_default_20260529_182536/predictions/T1272s5/boltz/rank_001.pdb,pending,,,,,results/casp15_casp16_unique_lt1000_all_default_20260529_182536/logs/T1272s5_boltz.log,,,Check,Check,multiple equivalent chains match,1.000000,1.000000,0.907216,264,291,high,mapped from mmCIF atom_site CA records; 27 aligned positions lack resolved CA atoms,Prot,A1,dystrophin-glycoprotein complex (DGC) PDB code 9c3c
T1272s5,T1272s5,CASP16,9C3C,g,28,291,1,291,291,291,boltz2,1,results/casp15_casp16_unique_lt1000_all_default_20260529_182536/sequences/T1272s5.fasta,results/casp15_casp16_unique_lt1000_all_default_20260529_182536/predictions/T1272s5/boltz2,results/casp15_casp16_unique_lt1000_all_default_20260529_182536/predictions/T1272s5/boltz2/rank_001.pdb,results/casp15_casp16_unique_lt1000_all_default_20260529_182536/predictions/T1272s5/boltz2/rank_001.pdb,pending,,,,,results/casp15_casp16_unique_lt1000_all_default_20260529_182536/logs/T1272s5_boltz2.log,,,Check,Check,multiple equivalent chains match,1.000000,1.000000,0.907216,264,291,high,mapped from mmCIF atom_site CA records; 27 aligned positions lack resolved CA atoms,Prot,A1,dystrophin-glycoprotein complex (DGC) PDB code 9c3c
T1272s5,T1272s5,CASP16,9C3C,g,28,291,1,291,291,291,chai1,1,results/casp15_casp16_unique_lt1000_all_default_20260529_182536/sequences/T1272s5.fasta,results/casp15_casp16_unique_lt1000_all_default_20260529_182536/predictions/T1272s5/chai1,results/casp15_casp16_unique_lt1000_all_default_20260529_182536/predictions/T1272s5/chai1/rank_001.pdb,results/casp15_casp16_unique_lt1000_all_default_20260529_182536/predictions/T1272s5/chai1/rank_001.pdb,pending,,,,,results/casp15_casp16_unique_lt1000_all_default_20260529_182536/logs/T1272s5_chai1.log,,,Check,Check,multiple equivalent chains match,1.000000,1.000000,0.907216,264,291,high,mapped from mmCIF atom_site CA records; 27 aligned positions lack resolved CA atoms,Prot,A1,dystrophin-glycoprotein complex (DGC) PDB code 9c3c
T1272s5,T1272s5,CASP16,9C3C,g,28,291,1,291,291,291,colabfold,1,results/casp15_casp16_unique_lt1000_all_default_20260529_182536/sequences/T1272s5.fasta,results/casp15_casp16_unique_lt1000_all_default_20260529_182536/predictions/T1272s5/colabfold,results/casp15_casp16_unique_lt1000_all_default_20260529_182536/predictions/T1272s5/colabfold/rank_001.pdb,results/casp15_casp16_unique_lt1000_all_default_20260529_182536/predictions/T1272s5/colabfold/rank_001.pdb,pending,,,,,results/casp15_casp16_unique_lt1000_all_default_20260529_182536/logs/T1272s5_colabfold.log,,,Check,Check,multiple equivalent chains match,1.000000,1.000000,0.907216,264,291,high,mapped from mmCIF atom_site CA records; 27 aligned positions lack resolved CA atoms,Prot,A1,dystrophin-glycoprotein complex (DGC) PDB code 9c3c
T1272s5,T1272s5,CASP16,9C3C,g,28,291,1,291,291,291,esmfold,1,results/casp15_casp16_unique_lt1000_all_default_20260529_182536/sequences/T1272s5.fasta,results/casp15_casp16_unique_lt1000_all_default_20260529_182536/predictions/T1272s5/esmfold,results/casp15_casp16_unique_lt1000_all_default_20260529_182536/predictions/T1272s5/esmfold/rank_001.pdb,results/casp15_casp16_unique_lt1000_all_default_20260529_182536/predictions/T1272s5/esmfold/rank_001.pdb,pending,,,,,results/casp15_casp16_unique_lt1000_all_default_20260529_182536/logs/T1272s5_esmfold.log,,,Check,Check,multiple equivalent chains match,1.000000,1.000000,0.907216,264,291,high,mapped from mmCIF atom_site CA records; 27 aligned positions lack resolved CA atoms,Prot,A1,dystrophin-glycoprotein complex (DGC) PDB code 9c3c
T1272s5,T1272s5,CASP16,9C3C,g,28,291,1,291,291,291,omegafold,1,results/casp15_casp16_unique_lt1000_all_default_20260529_182536/sequences/T1272s5.fasta,results/casp15_casp16_unique_lt1000_all_default_20260529_182536/predictions/T1272s5/omegafold,results/casp15_casp16_unique_lt1000_all_default_20260529_182536/predictions/T1272s5/omegafold/rank_001.pdb,results/casp15_casp16_unique_lt1000_all_default_20260529_182536/predictions/T1272s5/omegafold/rank_001.pdb,pending,,,,,results/casp15_casp16_unique_lt1000_all_default_20260529_182536/logs/T1272s5_omegafold.log,,,Check,Check,multiple equivalent chains match,1.000000,1.000000,0.907216,264,291,high,mapped from mmCIF atom_site CA records; 27 aligned positions lack resolved CA atoms,Prot,A1,dystrophin-glycoprotein complex (DGC) PDB code 9c3c
T1272s5,T1272s5,CASP16,9C3C,g,28,291,1,291,291,291,openfold,1,results/casp15_casp16_unique_lt1000_all_default_20260529_182536/sequences/T1272s5.fasta,results/casp15_casp16_unique_lt1000_all_default_20260529_182536/predictions/T1272s5/openfold,results/casp15_casp16_unique_lt1000_all_default_20260529_182536/predictions/T1272s5/openfold/rank_001.pdb,results/casp15_casp16_unique_lt1000_all_default_20260529_182536/predictions/T1272s5/openfold/rank_001.pdb,pending,,,,,results/casp15_casp16_unique_lt1000_all_default_20260529_182536/logs/T1272s5_openfold.log,,,Check,Check,multiple equivalent chains match,1.000000,1.000000,0.907216,264,291,high,mapped from mmCIF atom_site CA records; 27 aligned positions lack resolved CA atoms,Prot,A1,dystrophin-glycoprotein complex (DGC) PDB code 9c3c
T1272s6,T1272s6,CASP16,9C3C,A,63,653,1,624,624,624,boltz,1,results/casp15_casp16_unique_lt1000_all_default_20260529_182536/sequences/T1272s6.fasta,results/casp15_casp16_unique_lt1000_all_default_20260529_182536/predictions/T1272s6/boltz,results/casp15_casp16_unique_lt1000_all_default_20260529_182536/predictions/T1272s6/boltz/rank_001.pdb,results/casp15_casp16_unique_lt1000_all_default_20260529_182536/predictions/T1272s6/boltz/rank_001.pdb,pending,,,,,results/casp15_casp16_unique_lt1000_all_default_20260529_182536/logs/T1272s6_boltz.log,,,Check,Check,reference coverage below threshold 0.641,1.000000,1.000000,0.641026,400,624,high,mapped from mmCIF atom_site CA records; 224 aligned positions lack resolved CA atoms,Prot,A1,dystrophin-glycoprotein complex (DGC) PDB code 9c3c
T1272s6,T1272s6,CASP16,9C3C,A,63,653,1,624,624,624,boltz2,1,results/casp15_casp16_unique_lt1000_all_default_20260529_182536/sequences/T1272s6.fasta,results/casp15_casp16_unique_lt1000_all_default_20260529_182536/predictions/T1272s6/boltz2,results/casp15_casp16_unique_lt1000_all_default_20260529_182536/predictions/T1272s6/boltz2/rank_001.pdb,results/casp15_casp16_unique_lt1000_all_default_20260529_182536/predictions/T1272s6/boltz2/rank_001.pdb,pending,,,,,results/casp15_casp16_unique_lt1000_all_default_20260529_182536/logs/T1272s6_boltz2.log,,,Check,Check,reference coverage below threshold 0.641,1.000000,1.000000,0.641026,400,624,high,mapped from mmCIF atom_site CA records; 224 aligned positions lack resolved CA atoms,Prot,A1,dystrophin-glycoprotein complex (DGC) PDB code 9c3c
T1272s6,T1272s6,CASP16,9C3C,A,63,653,1,624,624,624,chai1,1,results/casp15_casp16_unique_lt1000_all_default_20260529_182536/sequences/T1272s6.fasta,results/casp15_casp16_unique_lt1000_all_default_20260529_182536/predictions/T1272s6/chai1,results/casp15_casp16_unique_lt1000_all_default_20260529_182536/predictions/T1272s6/chai1/rank_001.pdb,results/casp15_casp16_unique_lt1000_all_default_20260529_182536/predictions/T1272s6/chai1/rank_001.pdb,pending,,,,,results/casp15_casp16_unique_lt1000_all_default_20260529_182536/logs/T1272s6_chai1.log,,,Check,Check,reference coverage below threshold 0.641,1.000000,1.000000,0.641026,400,624,high,mapped from mmCIF atom_site CA records; 224 aligned positions lack resolved CA atoms,Prot,A1,dystrophin-glycoprotein complex (DGC) PDB code 9c3c
T1272s6,T1272s6,CASP16,9C3C,A,63,653,1,624,624,624,colabfold,1,results/casp15_casp16_unique_lt1000_all_default_20260529_182536/sequences/T1272s6.fasta,results/casp15_casp16_unique_lt1000_all_default_20260529_182536/predictions/T1272s6/colabfold,results/casp15_casp16_unique_lt1000_all_default_20260529_182536/predictions/T1272s6/colabfold/rank_001.pdb,results/casp15_casp16_unique_lt1000_all_default_20260529_182536/predictions/T1272s6/colabfold/rank_001.pdb,pending,,,,,results/casp15_casp16_unique_lt1000_all_default_20260529_182536/logs/T1272s6_colabfold.log,,,Check,Check,reference coverage below threshold 0.641,1.000000,1.000000,0.641026,400,624,high,mapped from mmCIF atom_site CA records; 224 aligned positions lack resolved CA atoms,Prot,A1,dystrophin-glycoprotein complex (DGC) PDB code 9c3c
T1272s6,T1272s6,CASP16,9C3C,A,63,653,1,624,624,624,esmfold,1,results/casp15_casp16_unique_lt1000_all_default_20260529_182536/sequences/T1272s6.fasta,results/casp15_casp16_unique_lt1000_all_default_20260529_182536/predictions/T1272s6/esmfold,results/casp15_casp16_unique_lt1000_all_default_20260529_182536/predictions/T1272s6/esmfold/rank_001.pdb,results/casp15_casp16_unique_lt1000_all_default_20260529_182536/predictions/T1272s6/esmfold/rank_001.pdb,pending,,,,,results/casp15_casp16_unique_lt1000_all_default_20260529_182536/logs/T1272s6_esmfold.log,,,Check,Check,reference coverage below threshold 0.641,1.000000,1.000000,0.641026,400,624,high,mapped from mmCIF atom_site CA records; 224 aligned positions lack resolved CA atoms,Prot,A1,dystrophin-glycoprotein complex (DGC) PDB code 9c3c
T1272s6,T1272s6,CASP16,9C3C,A,63,653,1,624,624,624,omegafold,1,results/casp15_casp16_unique_lt1000_all_default_20260529_182536/sequences/T1272s6.fasta,results/casp15_casp16_unique_lt1000_all_default_20260529_182536/predictions/T1272s6/omegafold,results/casp15_casp16_unique_lt1000_all_default_20260529_182536/predictions/T1272s6/omegafold/rank_001.pdb,results/casp15_casp16_unique_lt1000_all_default_20260529_182536/predictions/T1272s6/omegafold/rank_001.pdb,pending,,,,,results/casp15_casp16_unique_lt1000_all_default_20260529_182536/logs/T1272s6_omegafold.log,,,Check,Check,reference coverage below threshold 0.641,1.000000,1.000000,0.641026,400,624,high,mapped from mmCIF atom_site CA records; 224 aligned positions lack resolved CA atoms,Prot,A1,dystrophin-glycoprotein complex (DGC) PDB code 9c3c
T1272s6,T1272s6,CASP16,9C3C,A,63,653,1,624,624,624,openfold,1,results/casp15_casp16_unique_lt1000_all_default_20260529_182536/sequences/T1272s6.fasta,results/casp15_casp16_unique_lt1000_all_default_20260529_182536/predictions/T1272s6/openfold,results/casp15_casp16_unique_lt1000_all_default_20260529_182536/predictions/T1272s6/openfold/rank_001.pdb,results/casp15_casp16_unique_lt1000_all_default_20260529_182536/predictions/T1272s6/openfold/rank_001.pdb,pending,,,,,results/casp15_casp16_unique_lt1000_all_default_20260529_182536/logs/T1272s6_openfold.log,,,Check,Check,reference coverage below threshold 0.641,1.000000,1.000000,0.641026,400,624,high,mapped from mmCIF atom_site CA records; 224 aligned positions lack resolved CA atoms,Prot,A1,dystrophin-glycoprotein complex (DGC) PDB code 9c3c
T1272s7,T1272s7,CASP16,9C3C,B,654,798,1,242,242,242,boltz,1,results/casp15_casp16_unique_lt1000_all_default_20260529_182536/sequences/T1272s7.fasta,results/casp15_casp16_unique_lt1000_all_default_20260529_182536/predictions/T1272s7/boltz,results/casp15_casp16_unique_lt1000_all_default_20260529_182536/predictions/T1272s7/boltz/rank_001.pdb,results/casp15_casp16_unique_lt1000_all_default_20260529_182536/predictions/T1272s7/boltz/rank_001.pdb,pending,,,,,results/casp15_casp16_unique_lt1000_all_default_20260529_182536/logs/T1272s7_boltz.log,,,No,No,chain mapping below threshold identity=1.000 coverage=0.599,1.000000,0.599174,1.000000,145,145,low,mapped from mmCIF atom_site CA records,Prot,A1,dystrophin-glycoprotein complex (DGC) PDB code 9c3c
T1272s7,T1272s7,CASP16,9C3C,B,654,798,1,242,242,242,boltz2,1,results/casp15_casp16_unique_lt1000_all_default_20260529_182536/sequences/T1272s7.fasta,results/casp15_casp16_unique_lt1000_all_default_20260529_182536/predictions/T1272s7/boltz2,results/casp15_casp16_unique_lt1000_all_default_20260529_182536/predictions/T1272s7/boltz2/rank_001.pdb,results/casp15_casp16_unique_lt1000_all_default_20260529_182536/predictions/T1272s7/boltz2/rank_001.pdb,pending,,,,,results/casp15_casp16_unique_lt1000_all_default_20260529_182536/logs/T1272s7_boltz2.log,,,No,No,chain mapping below threshold identity=1.000 coverage=0.599,1.000000,0.599174,1.000000,145,145,low,mapped from mmCIF atom_site CA records,Prot,A1,dystrophin-glycoprotein complex (DGC) PDB code 9c3c
T1272s7,T1272s7,CASP16,9C3C,B,654,798,1,242,242,242,chai1,1,results/casp15_casp16_unique_lt1000_all_default_20260529_182536/sequences/T1272s7.fasta,results/casp15_casp16_unique_lt1000_all_default_20260529_182536/predictions/T1272s7/chai1,results/casp15_casp16_unique_lt1000_all_default_20260529_182536/predictions/T1272s7/chai1/rank_001.pdb,results/casp15_casp16_unique_lt1000_all_default_20260529_182536/predictions/T1272s7/chai1/rank_001.pdb,pending,,,,,results/casp15_casp16_unique_lt1000_all_default_20260529_182536/logs/T1272s7_chai1.log,,,No,No,chain mapping below threshold identity=1.000 coverage=0.599,1.000000,0.599174,1.000000,145,145,low,mapped from mmCIF atom_site CA records,Prot,A1,dystrophin-glycoprotein complex (DGC) PDB code 9c3c
T1272s7,T1272s7,CASP16,9C3C,B,654,798,1,242,242,242,colabfold,1,results/casp15_casp16_unique_lt1000_all_default_20260529_182536/sequences/T1272s7.fasta,results/casp15_casp16_unique_lt1000_all_default_20260529_182536/predictions/T1272s7/colabfold,results/casp15_casp16_unique_lt1000_all_default_20260529_182536/predictions/T1272s7/colabfold/rank_001.pdb,results/casp15_casp16_unique_lt1000_all_default_20260529_182536/predictions/T1272s7/colabfold/rank_001.pdb,pending,,,,,results/casp15_casp16_unique_lt1000_all_default_20260529_182536/logs/T1272s7_colabfold.log,,,No,No,chain mapping below threshold identity=1.000 coverage=0.599,1.000000,0.599174,1.000000,145,145,low,mapped from mmCIF atom_site CA records,Prot,A1,dystrophin-glycoprotein complex (DGC) PDB code 9c3c
T1272s7,T1272s7,CASP16,9C3C,B,654,798,1,242,242,242,esmfold,1,results/casp15_casp16_unique_lt1000_all_default_20260529_182536/sequences/T1272s7.fasta,results/casp15_casp16_unique_lt1000_all_default_20260529_182536/predictions/T1272s7/esmfold,results/casp15_casp16_unique_lt1000_all_default_20260529_182536/predictions/T1272s7/esmfold/rank_001.pdb,results/casp15_casp16_unique_lt1000_all_default_20260529_182536/predictions/T1272s7/esmfold/rank_001.pdb,pending,,,,,results/casp15_casp16_unique_lt1000_all_default_20260529_182536/logs/T1272s7_esmfold.log,,,No,No,chain mapping below threshold identity=1.000 coverage=0.599,1.000000,0.599174,1.000000,145,145,low,mapped from mmCIF atom_site CA records,Prot,A1,dystrophin-glycoprotein complex (DGC) PDB code 9c3c
T1272s7,T1272s7,CASP16,9C3C,B,654,798,1,242,242,242,omegafold,1,results/casp15_casp16_unique_lt1000_all_default_20260529_182536/sequences/T1272s7.fasta,results/casp15_casp16_unique_lt1000_all_default_20260529_182536/predictions/T1272s7/omegafold,results/casp15_casp16_unique_lt1000_all_default_20260529_182536/predictions/T1272s7/omegafold/rank_001.pdb,results/casp15_casp16_unique_lt1000_all_default_20260529_182536/predictions/T1272s7/omegafold/rank_001.pdb,pending,,,,,results/casp15_casp16_unique_lt1000_all_default_20260529_182536/logs/T1272s7_omegafold.log,,,No,No,chain mapping below threshold identity=1.000 coverage=0.599,1.000000,0.599174,1.000000,145,145,low,mapped from mmCIF atom_site CA records,Prot,A1,dystrophin-glycoprotein complex (DGC) PDB code 9c3c
T1272s7,T1272s7,CASP16,9C3C,B,654,798,1,242,242,242,openfold,1,results/casp15_casp16_unique_lt1000_all_default_20260529_182536/sequences/T1272s7.fasta,results/casp15_casp16_unique_lt1000_all_default_20260529_182536/predictions/T1272s7/openfold,results/casp15_casp16_unique_lt1000_all_default_20260529_182536/predictions/T1272s7/openfold/rank_001.pdb,results/casp15_casp16_unique_lt1000_all_default_20260529_182536/predictions/T1272s7/openfold/rank_001.pdb,pending,,,,,results/casp15_casp16_unique_lt1000_all_default_20260529_182536/logs/T1272s7_openfold.log,,,No,No,chain mapping below threshold identity=1.000 coverage=0.599,1.000000,0.599174,1.000000,145,145,low,mapped from mmCIF atom_site CA records,Prot,A1,dystrophin-glycoprotein complex (DGC) PDB code 9c3c
T1272s8,T1272s8,CASP16,9C3C,V,1,291,1,818,818,818,boltz,1,results/casp15_casp16_unique_lt1000_all_default_20260529_182536/sequences/T1272s8.fasta,results/casp15_casp16_unique_lt1000_all_default_20260529_182536/predictions/T1272s8/boltz,results/casp15_casp16_unique_lt1000_all_default_20260529_182536/predictions/T1272s8/boltz/rank_001.pdb,results/casp15_casp16_unique_lt1000_all_default_20260529_182536/predictions/T1272s8/boltz/rank_001.pdb,pending,,,,,results/casp15_casp16_unique_lt1000_all_default_20260529_182536/logs/T1272s8_boltz.log,,,Check,Check,reference coverage below threshold 0.356; multiple equivalent chains match,1.000000,1.000000,0.355746,291,818,high,mapped from mmCIF atom_site CA records; 527 aligned positions lack resolved CA atoms,Prot,A1,dystrophin-glycoprotein complex (DGC) PDB code 9c3c
T1272s8,T1272s8,CASP16,9C3C,V,1,291,1,818,818,818,boltz2,1,results/casp15_casp16_unique_lt1000_all_default_20260529_182536/sequences/T1272s8.fasta,results/casp15_casp16_unique_lt1000_all_default_20260529_182536/predictions/T1272s8/boltz2,results/casp15_casp16_unique_lt1000_all_default_20260529_182536/predictions/T1272s8/boltz2/rank_001.pdb,results/casp15_casp16_unique_lt1000_all_default_20260529_182536/predictions/T1272s8/boltz2/rank_001.pdb,pending,,,,,results/casp15_casp16_unique_lt1000_all_default_20260529_182536/logs/T1272s8_boltz2.log,,,Check,Check,reference coverage below threshold 0.356; multiple equivalent chains match,1.000000,1.000000,0.355746,291,818,high,mapped from mmCIF atom_site CA records; 527 aligned positions lack resolved CA atoms,Prot,A1,dystrophin-glycoprotein complex (DGC) PDB code 9c3c
T1272s8,T1272s8,CASP16,9C3C,V,1,291,1,818,818,818,chai1,1,results/casp15_casp16_unique_lt1000_all_default_20260529_182536/sequences/T1272s8.fasta,results/casp15_casp16_unique_lt1000_all_default_20260529_182536/predictions/T1272s8/chai1,results/casp15_casp16_unique_lt1000_all_default_20260529_182536/predictions/T1272s8/chai1/rank_001.pdb,results/casp15_casp16_unique_lt1000_all_default_20260529_182536/predictions/T1272s8/chai1/rank_001.pdb,pending,,,,,results/casp15_casp16_unique_lt1000_all_default_20260529_182536/logs/T1272s8_chai1.log,,,Check,Check,reference coverage below threshold 0.356; multiple equivalent chains match,1.000000,1.000000,0.355746,291,818,high,mapped from mmCIF atom_site CA records; 527 aligned positions lack resolved CA atoms,Prot,A1,dystrophin-glycoprotein complex (DGC) PDB code 9c3c
T1272s8,T1272s8,CASP16,9C3C,V,1,291,1,818,818,818,colabfold,1,results/casp15_casp16_unique_lt1000_all_default_20260529_182536/sequences/T1272s8.fasta,results/casp15_casp16_unique_lt1000_all_default_20260529_182536/predictions/T1272s8/colabfold,results/casp15_casp16_unique_lt1000_all_default_20260529_182536/predictions/T1272s8/colabfold/rank_001.pdb,results/casp15_casp16_unique_lt1000_all_default_20260529_182536/predictions/T1272s8/colabfold/rank_001.pdb,pending,,,,,results/casp15_casp16_unique_lt1000_all_default_20260529_182536/logs/T1272s8_colabfold.log,,,Check,Check,reference coverage below threshold 0.356; multiple equivalent chains match,1.000000,1.000000,0.355746,291,818,high,mapped from mmCIF atom_site CA records; 527 aligned positions lack resolved CA atoms,Prot,A1,dystrophin-glycoprotein complex (DGC) PDB code 9c3c
T1272s8,T1272s8,CASP16,9C3C,V,1,291,1,818,818,818,esmfold,1,results/casp15_casp16_unique_lt1000_all_default_20260529_182536/sequences/T1272s8.fasta,results/casp15_casp16_unique_lt1000_all_default_20260529_182536/predictions/T1272s8/esmfold,results/casp15_casp16_unique_lt1000_all_default_20260529_182536/predictions/T1272s8/esmfold/rank_001.pdb,results/casp15_casp16_unique_lt1000_all_default_20260529_182536/predictions/T1272s8/esmfold/rank_001.pdb,pending,,,,,results/casp15_casp16_unique_lt1000_all_default_20260529_182536/logs/T1272s8_esmfold.log,,,Check,Check,reference coverage below threshold 0.356; multiple equivalent chains match,1.000000,1.000000,0.355746,291,818,high,mapped from mmCIF atom_site CA records; 527 aligned positions lack resolved CA atoms,Prot,A1,dystrophin-glycoprotein complex (DGC) PDB code 9c3c
T1272s8,T1272s8,CASP16,9C3C,V,1,291,1,818,818,818,omegafold,1,results/casp15_casp16_unique_lt1000_all_default_20260529_182536/sequences/T1272s8.fasta,results/casp15_casp16_unique_lt1000_all_default_20260529_182536/predictions/T1272s8/omegafold,results/casp15_casp16_unique_lt1000_all_default_20260529_182536/predictions/T1272s8/omegafold/rank_001.pdb,results/casp15_casp16_unique_lt1000_all_default_20260529_182536/predictions/T1272s8/omegafold/rank_001.pdb,pending,,,,,results/casp15_casp16_unique_lt1000_all_default_20260529_182536/logs/T1272s8_omegafold.log,,,Check,Check,reference coverage below threshold 0.356; multiple equivalent chains match,1.000000,1.000000,0.355746,291,818,high,mapped from mmCIF atom_site CA records; 527 aligned positions lack resolved CA atoms,Prot,A1,dystrophin-glycoprotein complex (DGC) PDB code 9c3c
T1272s8,T1272s8,CASP16,9C3C,V,1,291,1,818,818,818,openfold,1,results/casp15_casp16_unique_lt1000_all_default_20260529_182536/sequences/T1272s8.fasta,results/casp15_casp16_unique_lt1000_all_default_20260529_182536/predictions/T1272s8/openfold,results/casp15_casp16_unique_lt1000_all_default_20260529_182536/predictions/T1272s8/openfold/rank_001.pdb,results/casp15_casp16_unique_lt1000_all_default_20260529_182536/predictions/T1272s8/openfold/rank_001.pdb,pending,,,,,results/casp15_casp16_unique_lt1000_all_default_20260529_182536/logs/T1272s8_openfold.log,,,Check,Check,reference coverage below threshold 0.356; multiple equivalent chains match,1.000000,1.000000,0.355746,291,818,high,mapped from mmCIF atom_site CA records; 527 aligned positions lack resolved CA atoms,Prot,A1,dystrophin-glycoprotein complex (DGC) PDB code 9c3c
T1272s9,T1272s9,CASP16,9C3C,n,42,216,1,238,238,238,boltz,1,results/casp15_casp16_unique_lt1000_all_default_20260529_182536/sequences/T1272s9.fasta,results/casp15_casp16_unique_lt1000_all_default_20260529_182536/predictions/T1272s9/boltz,results/casp15_casp16_unique_lt1000_all_default_20260529_182536/predictions/T1272s9/boltz/rank_001.pdb,results/casp15_casp16_unique_lt1000_all_default_20260529_182536/predictions/T1272s9/boltz/rank_001.pdb,pending,,,,,results/casp15_casp16_unique_lt1000_all_default_20260529_182536/logs/T1272s9_boltz.log,,,Check,Check,reference coverage below threshold 0.735; multiple equivalent chains match,1.000000,1.000000,0.735294,175,238,high,mapped from mmCIF atom_site CA records; 63 aligned positions lack resolved CA atoms,Prot,A1,dystrophin-glycoprotein complex (DGC) PDB code 9c3c
T1272s9,T1272s9,CASP16,9C3C,n,42,216,1,238,238,238,boltz2,1,results/casp15_casp16_unique_lt1000_all_default_20260529_182536/sequences/T1272s9.fasta,results/casp15_casp16_unique_lt1000_all_default_20260529_182536/predictions/T1272s9/boltz2,results/casp15_casp16_unique_lt1000_all_default_20260529_182536/predictions/T1272s9/boltz2/rank_001.pdb,results/casp15_casp16_unique_lt1000_all_default_20260529_182536/predictions/T1272s9/boltz2/rank_001.pdb,pending,,,,,results/casp15_casp16_unique_lt1000_all_default_20260529_182536/logs/T1272s9_boltz2.log,,,Check,Check,reference coverage below threshold 0.735; multiple equivalent chains match,1.000000,1.000000,0.735294,175,238,high,mapped from mmCIF atom_site CA records; 63 aligned positions lack resolved CA atoms,Prot,A1,dystrophin-glycoprotein complex (DGC) PDB code 9c3c
T1272s9,T1272s9,CASP16,9C3C,n,42,216,1,238,238,238,chai1,1,results/casp15_casp16_unique_lt1000_all_default_20260529_182536/sequences/T1272s9.fasta,results/casp15_casp16_unique_lt1000_all_default_20260529_182536/predictions/T1272s9/chai1,results/casp15_casp16_unique_lt1000_all_default_20260529_182536/predictions/T1272s9/chai1/rank_001.pdb,results/casp15_casp16_unique_lt1000_all_default_20260529_182536/predictions/T1272s9/chai1/rank_001.pdb,pending,,,,,results/casp15_casp16_unique_lt1000_all_default_20260529_182536/logs/T1272s9_chai1.log,,,Check,Check,reference coverage below threshold 0.735; multiple equivalent chains match,1.000000,1.000000,0.735294,175,238,high,mapped from mmCIF atom_site CA records; 63 aligned positions lack resolved CA atoms,Prot,A1,dystrophin-glycoprotein complex (DGC) PDB code 9c3c
T1272s9,T1272s9,CASP16,9C3C,n,42,216,1,238,238,238,colabfold,1,results/casp15_casp16_unique_lt1000_all_default_20260529_182536/sequences/T1272s9.fasta,results/casp15_casp16_unique_lt1000_all_default_20260529_182536/predictions/T1272s9/colabfold,results/casp15_casp16_unique_lt1000_all_default_20260529_182536/predictions/T1272s9/colabfold/rank_001.pdb,results/casp15_casp16_unique_lt1000_all_default_20260529_182536/predictions/T1272s9/colabfold/rank_001.pdb,pending,,,,,results/casp15_casp16_unique_lt1000_all_default_20260529_182536/logs/T1272s9_colabfold.log,,,Check,Check,reference coverage below threshold 0.735; multiple equivalent chains match,1.000000,1.000000,0.735294,175,238,high,mapped from mmCIF atom_site CA records; 63 aligned positions lack resolved CA atoms,Prot,A1,dystrophin-glycoprotein complex (DGC) PDB code 9c3c
T1272s9,T1272s9,CASP16,9C3C,n,42,216,1,238,238,238,esmfold,1,results/casp15_casp16_unique_lt1000_all_default_20260529_182536/sequences/T1272s9.fasta,results/casp15_casp16_unique_lt1000_all_default_20260529_182536/predictions/T1272s9/esmfold,results/casp15_casp16_unique_lt1000_all_default_20260529_182536/predictions/T1272s9/esmfold/rank_001.pdb,results/casp15_casp16_unique_lt1000_all_default_20260529_182536/predictions/T1272s9/esmfold/rank_001.pdb,pending,,,,,results/casp15_casp16_unique_lt1000_all_default_20260529_182536/logs/T1272s9_esmfold.log,,,Check,Check,reference coverage below threshold 0.735; multiple equivalent chains match,1.000000,1.000000,0.735294,175,238,high,mapped from mmCIF atom_site CA records; 63 aligned positions lack resolved CA atoms,Prot,A1,dystrophin-glycoprotein complex (DGC) PDB code 9c3c
T1272s9,T1272s9,CASP16,9C3C,n,42,216,1,238,238,238,omegafold,1,results/casp15_casp16_unique_lt1000_all_default_20260529_182536/sequences/T1272s9.fasta,results/casp15_casp16_unique_lt1000_all_default_20260529_182536/predictions/T1272s9/omegafold,results/casp15_casp16_unique_lt1000_all_default_20260529_182536/predictions/T1272s9/omegafold/rank_001.pdb,results/casp15_casp16_unique_lt1000_all_default_20260529_182536/predictions/T1272s9/omegafold/rank_001.pdb,pending,,,,,results/casp15_casp16_unique_lt1000_all_default_20260529_182536/logs/T1272s9_omegafold.log,,,Check,Check,reference coverage below threshold 0.735; multiple equivalent chains match,1.000000,1.000000,0.735294,175,238,high,mapped from mmCIF atom_site CA records; 63 aligned positions lack resolved CA atoms,Prot,A1,dystrophin-glycoprotein complex (DGC) PDB code 9c3c
T1272s9,T1272s9,CASP16,9C3C,n,42,216,1,238,238,238,openfold,1,results/casp15_casp16_unique_lt1000_all_default_20260529_182536/sequences/T1272s9.fasta,results/casp15_casp16_unique_lt1000_all_default_20260529_182536/predictions/T1272s9/openfold,results/casp15_casp16_unique_lt1000_all_default_20260529_182536/predictions/T1272s9/openfold/rank_001.pdb,results/casp15_casp16_unique_lt1000_all_default_20260529_182536/predictions/T1272s9/openfold/rank_001.pdb,pending,,,,,results/casp15_casp16_unique_lt1000_all_default_20260529_182536/logs/T1272s9_openfold.log,,,Check,Check,reference coverage below threshold 0.735; multiple equivalent chains match,1.000000,1.000000,0.735294,175,238,high,mapped from mmCIF atom_site CA records; 63 aligned positions lack resolved CA atoms,Prot,A1,dystrophin-glycoprotein complex (DGC) PDB code 9c3c
T1280,T1280,CASP16,9F5M,AAA,615,848,1,237,237,237,boltz,1,results/casp15_casp16_unique_lt1000_all_default_20260529_182536/sequences/T1280.fasta,results/casp15_casp16_unique_lt1000_all_default_20260529_182536/predictions/T1280/boltz,results/casp15_casp16_unique_lt1000_all_default_20260529_182536/predictions/T1280/boltz/rank_001.pdb,results/casp15_casp16_unique_lt1000_all_default_20260529_182536/predictions/T1280/boltz/rank_001.pdb,pending,,,,,results/casp15_casp16_unique_lt1000_all_default_20260529_182536/logs/T1280_boltz.log,,,Check,Check,multiple equivalent chains match,1.000000,0.991561,0.995745,234,235,high,mapped from mmCIF atom_site CA records; 1 aligned positions lack resolved CA atoms,Prot,A1,C-terminal domain of bacteriophage K gp155 PDB code 9f5m
T1280,T1280,CASP16,9F5M,AAA,615,848,1,237,237,237,boltz2,1,results/casp15_casp16_unique_lt1000_all_default_20260529_182536/sequences/T1280.fasta,results/casp15_casp16_unique_lt1000_all_default_20260529_182536/predictions/T1280/boltz2,results/casp15_casp16_unique_lt1000_all_default_20260529_182536/predictions/T1280/boltz2/rank_001.pdb,results/casp15_casp16_unique_lt1000_all_default_20260529_182536/predictions/T1280/boltz2/rank_001.pdb,pending,,,,,results/casp15_casp16_unique_lt1000_all_default_20260529_182536/logs/T1280_boltz2.log,,,Check,Check,multiple equivalent chains match,1.000000,0.991561,0.995745,234,235,high,mapped from mmCIF atom_site CA records; 1 aligned positions lack resolved CA atoms,Prot,A1,C-terminal domain of bacteriophage K gp155 PDB code 9f5m
T1280,T1280,CASP16,9F5M,AAA,615,848,1,237,237,237,chai1,1,results/casp15_casp16_unique_lt1000_all_default_20260529_182536/sequences/T1280.fasta,results/casp15_casp16_unique_lt1000_all_default_20260529_182536/predictions/T1280/chai1,results/casp15_casp16_unique_lt1000_all_default_20260529_182536/predictions/T1280/chai1/rank_001.pdb,results/casp15_casp16_unique_lt1000_all_default_20260529_182536/predictions/T1280/chai1/rank_001.pdb,pending,,,,,results/casp15_casp16_unique_lt1000_all_default_20260529_182536/logs/T1280_chai1.log,,,Check,Check,multiple equivalent chains match,1.000000,0.991561,0.995745,234,235,high,mapped from mmCIF atom_site CA records; 1 aligned positions lack resolved CA atoms,Prot,A1,C-terminal domain of bacteriophage K gp155 PDB code 9f5m
T1280,T1280,CASP16,9F5M,AAA,615,848,1,237,237,237,colabfold,1,results/casp15_casp16_unique_lt1000_all_default_20260529_182536/sequences/T1280.fasta,results/casp15_casp16_unique_lt1000_all_default_20260529_182536/predictions/T1280/colabfold,results/casp15_casp16_unique_lt1000_all_default_20260529_182536/predictions/T1280/colabfold/rank_001.pdb,results/casp15_casp16_unique_lt1000_all_default_20260529_182536/predictions/T1280/colabfold/rank_001.pdb,pending,,,,,results/casp15_casp16_unique_lt1000_all_default_20260529_182536/logs/T1280_colabfold.log,,,Check,Check,multiple equivalent chains match,1.000000,0.991561,0.995745,234,235,high,mapped from mmCIF atom_site CA records; 1 aligned positions lack resolved CA atoms,Prot,A1,C-terminal domain of bacteriophage K gp155 PDB code 9f5m
T1280,T1280,CASP16,9F5M,AAA,615,848,1,237,237,237,esmfold,1,results/casp15_casp16_unique_lt1000_all_default_20260529_182536/sequences/T1280.fasta,results/casp15_casp16_unique_lt1000_all_default_20260529_182536/predictions/T1280/esmfold,results/casp15_casp16_unique_lt1000_all_default_20260529_182536/predictions/T1280/esmfold/rank_001.pdb,results/casp15_casp16_unique_lt1000_all_default_20260529_182536/predictions/T1280/esmfold/rank_001.pdb,pending,,,,,results/casp15_casp16_unique_lt1000_all_default_20260529_182536/logs/T1280_esmfold.log,,,Check,Check,multiple equivalent chains match,1.000000,0.991561,0.995745,234,235,high,mapped from mmCIF atom_site CA records; 1 aligned positions lack resolved CA atoms,Prot,A1,C-terminal domain of bacteriophage K gp155 PDB code 9f5m
T1280,T1280,CASP16,9F5M,AAA,615,848,1,237,237,237,omegafold,1,results/casp15_casp16_unique_lt1000_all_default_20260529_182536/sequences/T1280.fasta,results/casp15_casp16_unique_lt1000_all_default_20260529_182536/predictions/T1280/omegafold,results/casp15_casp16_unique_lt1000_all_default_20260529_182536/predictions/T1280/omegafold/rank_001.pdb,results/casp15_casp16_unique_lt1000_all_default_20260529_182536/predictions/T1280/omegafold/rank_001.pdb,pending,,,,,results/casp15_casp16_unique_lt1000_all_default_20260529_182536/logs/T1280_omegafold.log,,,Check,Check,multiple equivalent chains match,1.000000,0.991561,0.995745,234,235,high,mapped from mmCIF atom_site CA records; 1 aligned positions lack resolved CA atoms,Prot,A1,C-terminal domain of bacteriophage K gp155 PDB code 9f5m
T1280,T1280,CASP16,9F5M,AAA,615,848,1,237,237,237,openfold,1,results/casp15_casp16_unique_lt1000_all_default_20260529_182536/sequences/T1280.fasta,results/casp15_casp16_unique_lt1000_all_default_20260529_182536/predictions/T1280/openfold,results/casp15_casp16_unique_lt1000_all_default_20260529_182536/predictions/T1280/openfold/rank_001.pdb,results/casp15_casp16_unique_lt1000_all_default_20260529_182536/predictions/T1280/openfold/rank_001.pdb,pending,,,,,results/casp15_casp16_unique_lt1000_all_default_20260529_182536/logs/T1280_openfold.log,,,Check,Check,multiple equivalent chains match,1.000000,0.991561,0.995745,234,235,high,mapped from mmCIF atom_site CA records; 1 aligned positions lack resolved CA atoms,Prot,A1,C-terminal domain of bacteriophage K gp155 PDB code 9f5m
T1299,T1299,CASP16,9FJL,A,1,168,1,168,168,168,boltz,1,results/casp15_casp16_unique_lt1000_all_default_20260529_182536/sequences/T1299.fasta,results/casp15_casp16_unique_lt1000_all_default_20260529_182536/predictions/T1299/boltz,results/casp15_casp16_unique_lt1000_all_default_20260529_182536/predictions/T1299/boltz/rank_001.pdb,results/casp15_casp16_unique_lt1000_all_default_20260529_182536/predictions/T1299/boltz/rank_001.pdb,pending,,,,,results/casp15_casp16_unique_lt1000_all_default_20260529_182536/logs/T1299_boltz.log,,,Yes,Yes,prefiltered A1 protein target with mapped residue range,1.000000,1.000000,1.000000,168,168,high,mapped from mmCIF atom_site CA records,Prot,A1,9FJL PDB code 9fjl
T1299,T1299,CASP16,9FJL,A,1,168,1,168,168,168,boltz2,1,results/casp15_casp16_unique_lt1000_all_default_20260529_182536/sequences/T1299.fasta,results/casp15_casp16_unique_lt1000_all_default_20260529_182536/predictions/T1299/boltz2,results/casp15_casp16_unique_lt1000_all_default_20260529_182536/predictions/T1299/boltz2/rank_001.pdb,results/casp15_casp16_unique_lt1000_all_default_20260529_182536/predictions/T1299/boltz2/rank_001.pdb,pending,,,,,results/casp15_casp16_unique_lt1000_all_default_20260529_182536/logs/T1299_boltz2.log,,,Yes,Yes,prefiltered A1 protein target with mapped residue range,1.000000,1.000000,1.000000,168,168,high,mapped from mmCIF atom_site CA records,Prot,A1,9FJL PDB code 9fjl
T1299,T1299,CASP16,9FJL,A,1,168,1,168,168,168,chai1,1,results/casp15_casp16_unique_lt1000_all_default_20260529_182536/sequences/T1299.fasta,results/casp15_casp16_unique_lt1000_all_default_20260529_182536/predictions/T1299/chai1,results/casp15_casp16_unique_lt1000_all_default_20260529_182536/predictions/T1299/chai1/rank_001.pdb,results/casp15_casp16_unique_lt1000_all_default_20260529_182536/predictions/T1299/chai1/rank_001.pdb,pending,,,,,results/casp15_casp16_unique_lt1000_all_default_20260529_182536/logs/T1299_chai1.log,,,Yes,Yes,prefiltered A1 protein target with mapped residue range,1.000000,1.000000,1.000000,168,168,high,mapped from mmCIF atom_site CA records,Prot,A1,9FJL PDB code 9fjl
T1299,T1299,CASP16,9FJL,A,1,168,1,168,168,168,colabfold,1,results/casp15_casp16_unique_lt1000_all_default_20260529_182536/sequences/T1299.fasta,results/casp15_casp16_unique_lt1000_all_default_20260529_182536/predictions/T1299/colabfold,results/casp15_casp16_unique_lt1000_all_default_20260529_182536/predictions/T1299/colabfold/rank_001.pdb,results/casp15_casp16_unique_lt1000_all_default_20260529_182536/predictions/T1299/colabfold/rank_001.pdb,pending,,,,,results/casp15_casp16_unique_lt1000_all_default_20260529_182536/logs/T1299_colabfold.log,,,Yes,Yes,prefiltered A1 protein target with mapped residue range,1.000000,1.000000,1.000000,168,168,high,mapped from mmCIF atom_site CA records,Prot,A1,9FJL PDB code 9fjl
T1299,T1299,CASP16,9FJL,A,1,168,1,168,168,168,esmfold,1,results/casp15_casp16_unique_lt1000_all_default_20260529_182536/sequences/T1299.fasta,results/casp15_casp16_unique_lt1000_all_default_20260529_182536/predictions/T1299/esmfold,results/casp15_casp16_unique_lt1000_all_default_20260529_182536/predictions/T1299/esmfold/rank_001.pdb,results/casp15_casp16_unique_lt1000_all_default_20260529_182536/predictions/T1299/esmfold/rank_001.pdb,pending,,,,,results/casp15_casp16_unique_lt1000_all_default_20260529_182536/logs/T1299_esmfold.log,,,Yes,Yes,prefiltered A1 protein target with mapped residue range,1.000000,1.000000,1.000000,168,168,high,mapped from mmCIF atom_site CA records,Prot,A1,9FJL PDB code 9fjl
T1299,T1299,CASP16,9FJL,A,1,168,1,168,168,168,omegafold,1,results/casp15_casp16_unique_lt1000_all_default_20260529_182536/sequences/T1299.fasta,results/casp15_casp16_unique_lt1000_all_default_20260529_182536/predictions/T1299/omegafold,results/casp15_casp16_unique_lt1000_all_default_20260529_182536/predictions/T1299/omegafold/rank_001.pdb,results/casp15_casp16_unique_lt1000_all_default_20260529_182536/predictions/T1299/omegafold/rank_001.pdb,pending,,,,,results/casp15_casp16_unique_lt1000_all_default_20260529_182536/logs/T1299_omegafold.log,,,Yes,Yes,prefiltered A1 protein target with mapped residue range,1.000000,1.000000,1.000000,168,168,high,mapped from mmCIF atom_site CA records,Prot,A1,9FJL PDB code 9fjl
T1299,T1299,CASP16,9FJL,A,1,168,1,168,168,168,openfold,1,results/casp15_casp16_unique_lt1000_all_default_20260529_182536/sequences/T1299.fasta,results/casp15_casp16_unique_lt1000_all_default_20260529_182536/predictions/T1299/openfold,results/casp15_casp16_unique_lt1000_all_default_20260529_182536/predictions/T1299/openfold/rank_001.pdb,results/casp15_casp16_unique_lt1000_all_default_20260529_182536/predictions/T1299/openfold/rank_001.pdb,pending,,,,,results/casp15_casp16_unique_lt1000_all_default_20260529_182536/logs/T1299_openfold.log,,,Yes,Yes,prefiltered A1 protein target with mapped residue range,1.000000,1.000000,1.000000,168,168,high,mapped from mmCIF atom_site CA records,Prot,A1,9FJL PDB code 9fjl
T2272s2,T2272s2,CASP16,9C3C,a,25,350,1,363,363,363,boltz,1,results/casp15_casp16_unique_lt1000_all_default_20260529_182536/sequences/T2272s2.fasta,results/casp15_casp16_unique_lt1000_all_default_20260529_182536/predictions/T2272s2/boltz,results/casp15_casp16_unique_lt1000_all_default_20260529_182536/predictions/T2272s2/boltz/rank_001.pdb,results/casp15_casp16_unique_lt1000_all_default_20260529_182536/predictions/T2272s2/boltz/rank_001.pdb,pending,,,,,results/casp15_casp16_unique_lt1000_all_default_20260529_182536/logs/T2272s2_boltz.log,,,Check,Check,multiple equivalent chains match,1.000000,0.898072,0.972393,317,326,medium,mapped from mmCIF atom_site CA records; 9 aligned positions lack resolved CA atoms,Prot,A1,dystrophin-glycoprotein complex (DGC) PDB code 9c3c
T2272s2,T2272s2,CASP16,9C3C,a,25,350,1,363,363,363,boltz2,1,results/casp15_casp16_unique_lt1000_all_default_20260529_182536/sequences/T2272s2.fasta,results/casp15_casp16_unique_lt1000_all_default_20260529_182536/predictions/T2272s2/boltz2,results/casp15_casp16_unique_lt1000_all_default_20260529_182536/predictions/T2272s2/boltz2/rank_001.pdb,results/casp15_casp16_unique_lt1000_all_default_20260529_182536/predictions/T2272s2/boltz2/rank_001.pdb,pending,,,,,results/casp15_casp16_unique_lt1000_all_default_20260529_182536/logs/T2272s2_boltz2.log,,,Check,Check,multiple equivalent chains match,1.000000,0.898072,0.972393,317,326,medium,mapped from mmCIF atom_site CA records; 9 aligned positions lack resolved CA atoms,Prot,A1,dystrophin-glycoprotein complex (DGC) PDB code 9c3c
T2272s2,T2272s2,CASP16,9C3C,a,25,350,1,363,363,363,chai1,1,results/casp15_casp16_unique_lt1000_all_default_20260529_182536/sequences/T2272s2.fasta,results/casp15_casp16_unique_lt1000_all_default_20260529_182536/predictions/T2272s2/chai1,results/casp15_casp16_unique_lt1000_all_default_20260529_182536/predictions/T2272s2/chai1/rank_001.pdb,results/casp15_casp16_unique_lt1000_all_default_20260529_182536/predictions/T2272s2/chai1/rank_001.pdb,pending,,,,,results/casp15_casp16_unique_lt1000_all_default_20260529_182536/logs/T2272s2_chai1.log,,,Check,Check,multiple equivalent chains match,1.000000,0.898072,0.972393,317,326,medium,mapped from mmCIF atom_site CA records; 9 aligned positions lack resolved CA atoms,Prot,A1,dystrophin-glycoprotein complex (DGC) PDB code 9c3c
T2272s2,T2272s2,CASP16,9C3C,a,25,350,1,363,363,363,colabfold,1,results/casp15_casp16_unique_lt1000_all_default_20260529_182536/sequences/T2272s2.fasta,results/casp15_casp16_unique_lt1000_all_default_20260529_182536/predictions/T2272s2/colabfold,results/casp15_casp16_unique_lt1000_all_default_20260529_182536/predictions/T2272s2/colabfold/rank_001.pdb,results/casp15_casp16_unique_lt1000_all_default_20260529_182536/predictions/T2272s2/colabfold/rank_001.pdb,pending,,,,,results/casp15_casp16_unique_lt1000_all_default_20260529_182536/logs/T2272s2_colabfold.log,,,Check,Check,multiple equivalent chains match,1.000000,0.898072,0.972393,317,326,medium,mapped from mmCIF atom_site CA records; 9 aligned positions lack resolved CA atoms,Prot,A1,dystrophin-glycoprotein complex (DGC) PDB code 9c3c
T2272s2,T2272s2,CASP16,9C3C,a,25,350,1,363,363,363,esmfold,1,results/casp15_casp16_unique_lt1000_all_default_20260529_182536/sequences/T2272s2.fasta,results/casp15_casp16_unique_lt1000_all_default_20260529_182536/predictions/T2272s2/esmfold,results/casp15_casp16_unique_lt1000_all_default_20260529_182536/predictions/T2272s2/esmfold/rank_001.pdb,results/casp15_casp16_unique_lt1000_all_default_20260529_182536/predictions/T2272s2/esmfold/rank_001.pdb,pending,,,,,results/casp15_casp16_unique_lt1000_all_default_20260529_182536/logs/T2272s2_esmfold.log,,,Check,Check,multiple equivalent chains match,1.000000,0.898072,0.972393,317,326,medium,mapped from mmCIF atom_site CA records; 9 aligned positions lack resolved CA atoms,Prot,A1,dystrophin-glycoprotein complex (DGC) PDB code 9c3c
T2272s2,T2272s2,CASP16,9C3C,a,25,350,1,363,363,363,omegafold,1,results/casp15_casp16_unique_lt1000_all_default_20260529_182536/sequences/T2272s2.fasta,results/casp15_casp16_unique_lt1000_all_default_20260529_182536/predictions/T2272s2/omegafold,results/casp15_casp16_unique_lt1000_all_default_20260529_182536/predictions/T2272s2/omegafold/rank_001.pdb,results/casp15_casp16_unique_lt1000_all_default_20260529_182536/predictions/T2272s2/omegafold/rank_001.pdb,pending,,,,,results/casp15_casp16_unique_lt1000_all_default_20260529_182536/logs/T2272s2_omegafold.log,,,Check,Check,multiple equivalent chains match,1.000000,0.898072,0.972393,317,326,medium,mapped from mmCIF atom_site CA records; 9 aligned positions lack resolved CA atoms,Prot,A1,dystrophin-glycoprotein complex (DGC) PDB code 9c3c
T2272s2,T2272s2,CASP16,9C3C,a,25,350,1,363,363,363,openfold,1,results/casp15_casp16_unique_lt1000_all_default_20260529_182536/sequences/T2272s2.fasta,results/casp15_casp16_unique_lt1000_all_default_20260529_182536/predictions/T2272s2/openfold,results/casp15_casp16_unique_lt1000_all_default_20260529_182536/predictions/T2272s2/openfold/rank_001.pdb,results/casp15_casp16_unique_lt1000_all_default_20260529_182536/predictions/T2272s2/openfold/rank_001.pdb,pending,,,,,results/casp15_casp16_unique_lt1000_all_default_20260529_182536/logs/T2272s2_openfold.log,,,Check,Check,multiple equivalent chains match,1.000000,0.898072,0.972393,317,326,medium,mapped from mmCIF atom_site CA records; 9 aligned positions lack resolved CA atoms,Prot,A1,dystrophin-glycoprotein complex (DGC) PDB code 9c3c
T2272s3,T2272s3,CASP16,9C3C,b,57,318,1,318,318,318,boltz,1,results/casp15_casp16_unique_lt1000_all_default_20260529_182536/sequences/T2272s3.fasta,results/casp15_casp16_unique_lt1000_all_default_20260529_182536/predictions/T2272s3/boltz,results/casp15_casp16_unique_lt1000_all_default_20260529_182536/predictions/T2272s3/boltz/rank_001.pdb,results/casp15_casp16_unique_lt1000_all_default_20260529_182536/predictions/T2272s3/boltz/rank_001.pdb,pending,,,,,results/casp15_casp16_unique_lt1000_all_default_20260529_182536/logs/T2272s3_boltz.log,,,Check,Check,multiple equivalent chains match,1.000000,1.000000,0.823899,262,318,high,mapped from mmCIF atom_site CA records; 56 aligned positions lack resolved CA atoms,Prot,A1,dystrophin-glycoprotein complex (DGC) PDB code 9c3c
T2272s3,T2272s3,CASP16,9C3C,b,57,318,1,318,318,318,boltz2,1,results/casp15_casp16_unique_lt1000_all_default_20260529_182536/sequences/T2272s3.fasta,results/casp15_casp16_unique_lt1000_all_default_20260529_182536/predictions/T2272s3/boltz2,results/casp15_casp16_unique_lt1000_all_default_20260529_182536/predictions/T2272s3/boltz2/rank_001.pdb,results/casp15_casp16_unique_lt1000_all_default_20260529_182536/predictions/T2272s3/boltz2/rank_001.pdb,pending,,,,,results/casp15_casp16_unique_lt1000_all_default_20260529_182536/logs/T2272s3_boltz2.log,,,Check,Check,multiple equivalent chains match,1.000000,1.000000,0.823899,262,318,high,mapped from mmCIF atom_site CA records; 56 aligned positions lack resolved CA atoms,Prot,A1,dystrophin-glycoprotein complex (DGC) PDB code 9c3c
T2272s3,T2272s3,CASP16,9C3C,b,57,318,1,318,318,318,chai1,1,results/casp15_casp16_unique_lt1000_all_default_20260529_182536/sequences/T2272s3.fasta,results/casp15_casp16_unique_lt1000_all_default_20260529_182536/predictions/T2272s3/chai1,results/casp15_casp16_unique_lt1000_all_default_20260529_182536/predictions/T2272s3/chai1/rank_001.pdb,results/casp15_casp16_unique_lt1000_all_default_20260529_182536/predictions/T2272s3/chai1/rank_001.pdb,pending,,,,,results/casp15_casp16_unique_lt1000_all_default_20260529_182536/logs/T2272s3_chai1.log,,,Check,Check,multiple equivalent chains match,1.000000,1.000000,0.823899,262,318,high,mapped from mmCIF atom_site CA records; 56 aligned positions lack resolved CA atoms,Prot,A1,dystrophin-glycoprotein complex (DGC) PDB code 9c3c
T2272s3,T2272s3,CASP16,9C3C,b,57,318,1,318,318,318,colabfold,1,results/casp15_casp16_unique_lt1000_all_default_20260529_182536/sequences/T2272s3.fasta,results/casp15_casp16_unique_lt1000_all_default_20260529_182536/predictions/T2272s3/colabfold,results/casp15_casp16_unique_lt1000_all_default_20260529_182536/predictions/T2272s3/colabfold/rank_001.pdb,results/casp15_casp16_unique_lt1000_all_default_20260529_182536/predictions/T2272s3/colabfold/rank_001.pdb,pending,,,,,results/casp15_casp16_unique_lt1000_all_default_20260529_182536/logs/T2272s3_colabfold.log,,,Check,Check,multiple equivalent chains match,1.000000,1.000000,0.823899,262,318,high,mapped from mmCIF atom_site CA records; 56 aligned positions lack resolved CA atoms,Prot,A1,dystrophin-glycoprotein complex (DGC) PDB code 9c3c
T2272s3,T2272s3,CASP16,9C3C,b,57,318,1,318,318,318,esmfold,1,results/casp15_casp16_unique_lt1000_all_default_20260529_182536/sequences/T2272s3.fasta,results/casp15_casp16_unique_lt1000_all_default_20260529_182536/predictions/T2272s3/esmfold,results/casp15_casp16_unique_lt1000_all_default_20260529_182536/predictions/T2272s3/esmfold/rank_001.pdb,results/casp15_casp16_unique_lt1000_all_default_20260529_182536/predictions/T2272s3/esmfold/rank_001.pdb,pending,,,,,results/casp15_casp16_unique_lt1000_all_default_20260529_182536/logs/T2272s3_esmfold.log,,,Check,Check,multiple equivalent chains match,1.000000,1.000000,0.823899,262,318,high,mapped from mmCIF atom_site CA records; 56 aligned positions lack resolved CA atoms,Prot,A1,dystrophin-glycoprotein complex (DGC) PDB code 9c3c
T2272s3,T2272s3,CASP16,9C3C,b,57,318,1,318,318,318,omegafold,1,results/casp15_casp16_unique_lt1000_all_default_20260529_182536/sequences/T2272s3.fasta,results/casp15_casp16_unique_lt1000_all_default_20260529_182536/predictions/T2272s3/omegafold,results/casp15_casp16_unique_lt1000_all_default_20260529_182536/predictions/T2272s3/omegafold/rank_001.pdb,results/casp15_casp16_unique_lt1000_all_default_20260529_182536/predictions/T2272s3/omegafold/rank_001.pdb,pending,,,,,results/casp15_casp16_unique_lt1000_all_default_20260529_182536/logs/T2272s3_omegafold.log,,,Check,Check,multiple equivalent chains match,1.000000,1.000000,0.823899,262,318,high,mapped from mmCIF atom_site CA records; 56 aligned positions lack resolved CA atoms,Prot,A1,dystrophin-glycoprotein complex (DGC) PDB code 9c3c
T2272s3,T2272s3,CASP16,9C3C,b,57,318,1,318,318,318,openfold,1,results/casp15_casp16_unique_lt1000_all_default_20260529_182536/sequences/T2272s3.fasta,results/casp15_casp16_unique_lt1000_all_default_20260529_182536/predictions/T2272s3/openfold,results/casp15_casp16_unique_lt1000_all_default_20260529_182536/predictions/T2272s3/openfold/rank_001.pdb,results/casp15_casp16_unique_lt1000_all_default_20260529_182536/predictions/T2272s3/openfold/rank_001.pdb,pending,,,,,results/casp15_casp16_unique_lt1000_all_default_20260529_182536/logs/T2272s3_openfold.log,,,Check,Check,multiple equivalent chains match,1.000000,1.000000,0.823899,262,318,high,mapped from mmCIF atom_site CA records; 56 aligned positions lack resolved CA atoms,Prot,A1,dystrophin-glycoprotein complex (DGC) PDB code 9c3c
T2272s4,T2272s4,CASP16,9C3C,d,21,289,1,289,289,289,boltz,1,results/casp15_casp16_unique_lt1000_all_default_20260529_182536/sequences/T2272s4.fasta,results/casp15_casp16_unique_lt1000_all_default_20260529_182536/predictions/T2272s4/boltz,results/casp15_casp16_unique_lt1000_all_default_20260529_182536/predictions/T2272s4/boltz/rank_001.pdb,results/casp15_casp16_unique_lt1000_all_default_20260529_182536/predictions/T2272s4/boltz/rank_001.pdb,pending,,,,,results/casp15_casp16_unique_lt1000_all_default_20260529_182536/logs/T2272s4_boltz.log,,,Check,Check,multiple equivalent chains match,1.000000,1.000000,0.930796,269,289,high,mapped from mmCIF atom_site CA records; 20 aligned positions lack resolved CA atoms,Prot,A1,dystrophin-glycoprotein complex (DGC) PDB code 9c3c
T2272s4,T2272s4,CASP16,9C3C,d,21,289,1,289,289,289,boltz2,1,results/casp15_casp16_unique_lt1000_all_default_20260529_182536/sequences/T2272s4.fasta,results/casp15_casp16_unique_lt1000_all_default_20260529_182536/predictions/T2272s4/boltz2,results/casp15_casp16_unique_lt1000_all_default_20260529_182536/predictions/T2272s4/boltz2/rank_001.pdb,results/casp15_casp16_unique_lt1000_all_default_20260529_182536/predictions/T2272s4/boltz2/rank_001.pdb,pending,,,,,results/casp15_casp16_unique_lt1000_all_default_20260529_182536/logs/T2272s4_boltz2.log,,,Check,Check,multiple equivalent chains match,1.000000,1.000000,0.930796,269,289,high,mapped from mmCIF atom_site CA records; 20 aligned positions lack resolved CA atoms,Prot,A1,dystrophin-glycoprotein complex (DGC) PDB code 9c3c
T2272s4,T2272s4,CASP16,9C3C,d,21,289,1,289,289,289,chai1,1,results/casp15_casp16_unique_lt1000_all_default_20260529_182536/sequences/T2272s4.fasta,results/casp15_casp16_unique_lt1000_all_default_20260529_182536/predictions/T2272s4/chai1,results/casp15_casp16_unique_lt1000_all_default_20260529_182536/predictions/T2272s4/chai1/rank_001.pdb,results/casp15_casp16_unique_lt1000_all_default_20260529_182536/predictions/T2272s4/chai1/rank_001.pdb,pending,,,,,results/casp15_casp16_unique_lt1000_all_default_20260529_182536/logs/T2272s4_chai1.log,,,Check,Check,multiple equivalent chains match,1.000000,1.000000,0.930796,269,289,high,mapped from mmCIF atom_site CA records; 20 aligned positions lack resolved CA atoms,Prot,A1,dystrophin-glycoprotein complex (DGC) PDB code 9c3c
T2272s4,T2272s4,CASP16,9C3C,d,21,289,1,289,289,289,colabfold,1,results/casp15_casp16_unique_lt1000_all_default_20260529_182536/sequences/T2272s4.fasta,results/casp15_casp16_unique_lt1000_all_default_20260529_182536/predictions/T2272s4/colabfold,results/casp15_casp16_unique_lt1000_all_default_20260529_182536/predictions/T2272s4/colabfold/rank_001.pdb,results/casp15_casp16_unique_lt1000_all_default_20260529_182536/predictions/T2272s4/colabfold/rank_001.pdb,pending,,,,,results/casp15_casp16_unique_lt1000_all_default_20260529_182536/logs/T2272s4_colabfold.log,,,Check,Check,multiple equivalent chains match,1.000000,1.000000,0.930796,269,289,high,mapped from mmCIF atom_site CA records; 20 aligned positions lack resolved CA atoms,Prot,A1,dystrophin-glycoprotein complex (DGC) PDB code 9c3c
T2272s4,T2272s4,CASP16,9C3C,d,21,289,1,289,289,289,esmfold,1,results/casp15_casp16_unique_lt1000_all_default_20260529_182536/sequences/T2272s4.fasta,results/casp15_casp16_unique_lt1000_all_default_20260529_182536/predictions/T2272s4/esmfold,results/casp15_casp16_unique_lt1000_all_default_20260529_182536/predictions/T2272s4/esmfold/rank_001.pdb,results/casp15_casp16_unique_lt1000_all_default_20260529_182536/predictions/T2272s4/esmfold/rank_001.pdb,pending,,,,,results/casp15_casp16_unique_lt1000_all_default_20260529_182536/logs/T2272s4_esmfold.log,,,Check,Check,multiple equivalent chains match,1.000000,1.000000,0.930796,269,289,high,mapped from mmCIF atom_site CA records; 20 aligned positions lack resolved CA atoms,Prot,A1,dystrophin-glycoprotein complex (DGC) PDB code 9c3c
T2272s4,T2272s4,CASP16,9C3C,d,21,289,1,289,289,289,omegafold,1,results/casp15_casp16_unique_lt1000_all_default_20260529_182536/sequences/T2272s4.fasta,results/casp15_casp16_unique_lt1000_all_default_20260529_182536/predictions/T2272s4/omegafold,results/casp15_casp16_unique_lt1000_all_default_20260529_182536/predictions/T2272s4/omegafold/rank_001.pdb,results/casp15_casp16_unique_lt1000_all_default_20260529_182536/predictions/T2272s4/omegafold/rank_001.pdb,pending,,,,,results/casp15_casp16_unique_lt1000_all_default_20260529_182536/logs/T2272s4_omegafold.log,,,Check,Check,multiple equivalent chains match,1.000000,1.000000,0.930796,269,289,high,mapped from mmCIF atom_site CA records; 20 aligned positions lack resolved CA atoms,Prot,A1,dystrophin-glycoprotein complex (DGC) PDB code 9c3c
T2272s4,T2272s4,CASP16,9C3C,d,21,289,1,289,289,289,openfold,1,results/casp15_casp16_unique_lt1000_all_default_20260529_182536/sequences/T2272s4.fasta,results/casp15_casp16_unique_lt1000_all_default_20260529_182536/predictions/T2272s4/openfold,results/casp15_casp16_unique_lt1000_all_default_20260529_182536/predictions/T2272s4/openfold/rank_001.pdb,results/casp15_casp16_unique_lt1000_all_default_20260529_182536/predictions/T2272s4/openfold/rank_001.pdb,pending,,,,,results/casp15_casp16_unique_lt1000_all_default_20260529_182536/logs/T2272s4_openfold.log,,,Check,Check,multiple equivalent chains match,1.000000,1.000000,0.930796,269,289,high,mapped from mmCIF atom_site CA records; 20 aligned positions lack resolved CA atoms,Prot,A1,dystrophin-glycoprotein complex (DGC) PDB code 9c3c
T2272s5,T2272s5,CASP16,9C3C,g,28,291,1,291,291,291,boltz,1,results/casp15_casp16_unique_lt1000_all_default_20260529_182536/sequences/T2272s5.fasta,results/casp15_casp16_unique_lt1000_all_default_20260529_182536/predictions/T2272s5/boltz,results/casp15_casp16_unique_lt1000_all_default_20260529_182536/predictions/T2272s5/boltz/rank_001.pdb,results/casp15_casp16_unique_lt1000_all_default_20260529_182536/predictions/T2272s5/boltz/rank_001.pdb,pending,,,,,results/casp15_casp16_unique_lt1000_all_default_20260529_182536/logs/T2272s5_boltz.log,,,Check,Check,multiple equivalent chains match,1.000000,1.000000,0.907216,264,291,high,mapped from mmCIF atom_site CA records; 27 aligned positions lack resolved CA atoms,Prot,A1,dystrophin-glycoprotein complex (DGC) PDB code 9c3c
T2272s5,T2272s5,CASP16,9C3C,g,28,291,1,291,291,291,boltz2,1,results/casp15_casp16_unique_lt1000_all_default_20260529_182536/sequences/T2272s5.fasta,results/casp15_casp16_unique_lt1000_all_default_20260529_182536/predictions/T2272s5/boltz2,results/casp15_casp16_unique_lt1000_all_default_20260529_182536/predictions/T2272s5/boltz2/rank_001.pdb,results/casp15_casp16_unique_lt1000_all_default_20260529_182536/predictions/T2272s5/boltz2/rank_001.pdb,pending,,,,,results/casp15_casp16_unique_lt1000_all_default_20260529_182536/logs/T2272s5_boltz2.log,,,Check,Check,multiple equivalent chains match,1.000000,1.000000,0.907216,264,291,high,mapped from mmCIF atom_site CA records; 27 aligned positions lack resolved CA atoms,Prot,A1,dystrophin-glycoprotein complex (DGC) PDB code 9c3c
T2272s5,T2272s5,CASP16,9C3C,g,28,291,1,291,291,291,chai1,1,results/casp15_casp16_unique_lt1000_all_default_20260529_182536/sequences/T2272s5.fasta,results/casp15_casp16_unique_lt1000_all_default_20260529_182536/predictions/T2272s5/chai1,results/casp15_casp16_unique_lt1000_all_default_20260529_182536/predictions/T2272s5/chai1/rank_001.pdb,results/casp15_casp16_unique_lt1000_all_default_20260529_182536/predictions/T2272s5/chai1/rank_001.pdb,pending,,,,,results/casp15_casp16_unique_lt1000_all_default_20260529_182536/logs/T2272s5_chai1.log,,,Check,Check,multiple equivalent chains match,1.000000,1.000000,0.907216,264,291,high,mapped from mmCIF atom_site CA records; 27 aligned positions lack resolved CA atoms,Prot,A1,dystrophin-glycoprotein complex (DGC) PDB code 9c3c
T2272s5,T2272s5,CASP16,9C3C,g,28,291,1,291,291,291,colabfold,1,results/casp15_casp16_unique_lt1000_all_default_20260529_182536/sequences/T2272s5.fasta,results/casp15_casp16_unique_lt1000_all_default_20260529_182536/predictions/T2272s5/colabfold,results/casp15_casp16_unique_lt1000_all_default_20260529_182536/predictions/T2272s5/colabfold/rank_001.pdb,results/casp15_casp16_unique_lt1000_all_default_20260529_182536/predictions/T2272s5/colabfold/rank_001.pdb,pending,,,,,results/casp15_casp16_unique_lt1000_all_default_20260529_182536/logs/T2272s5_colabfold.log,,,Check,Check,multiple equivalent chains match,1.000000,1.000000,0.907216,264,291,high,mapped from mmCIF atom_site CA records; 27 aligned positions lack resolved CA atoms,Prot,A1,dystrophin-glycoprotein complex (DGC) PDB code 9c3c
T2272s5,T2272s5,CASP16,9C3C,g,28,291,1,291,291,291,esmfold,1,results/casp15_casp16_unique_lt1000_all_default_20260529_182536/sequences/T2272s5.fasta,results/casp15_casp16_unique_lt1000_all_default_20260529_182536/predictions/T2272s5/esmfold,results/casp15_casp16_unique_lt1000_all_default_20260529_182536/predictions/T2272s5/esmfold/rank_001.pdb,results/casp15_casp16_unique_lt1000_all_default_20260529_182536/predictions/T2272s5/esmfold/rank_001.pdb,pending,,,,,results/casp15_casp16_unique_lt1000_all_default_20260529_182536/logs/T2272s5_esmfold.log,,,Check,Check,multiple equivalent chains match,1.000000,1.000000,0.907216,264,291,high,mapped from mmCIF atom_site CA records; 27 aligned positions lack resolved CA atoms,Prot,A1,dystrophin-glycoprotein complex (DGC) PDB code 9c3c
T2272s5,T2272s5,CASP16,9C3C,g,28,291,1,291,291,291,omegafold,1,results/casp15_casp16_unique_lt1000_all_default_20260529_182536/sequences/T2272s5.fasta,results/casp15_casp16_unique_lt1000_all_default_20260529_182536/predictions/T2272s5/omegafold,results/casp15_casp16_unique_lt1000_all_default_20260529_182536/predictions/T2272s5/omegafold/rank_001.pdb,results/casp15_casp16_unique_lt1000_all_default_20260529_182536/predictions/T2272s5/omegafold/rank_001.pdb,pending,,,,,results/casp15_casp16_unique_lt1000_all_default_20260529_182536/logs/T2272s5_omegafold.log,,,Check,Check,multiple equivalent chains match,1.000000,1.000000,0.907216,264,291,high,mapped from mmCIF atom_site CA records; 27 aligned positions lack resolved CA atoms,Prot,A1,dystrophin-glycoprotein complex (DGC) PDB code 9c3c
T2272s5,T2272s5,CASP16,9C3C,g,28,291,1,291,291,291,openfold,1,results/casp15_casp16_unique_lt1000_all_default_20260529_182536/sequences/T2272s5.fasta,results/casp15_casp16_unique_lt1000_all_default_20260529_182536/predictions/T2272s5/openfold,results/casp15_casp16_unique_lt1000_all_default_20260529_182536/predictions/T2272s5/openfold/rank_001.pdb,results/casp15_casp16_unique_lt1000_all_default_20260529_182536/predictions/T2272s5/openfold/rank_001.pdb,pending,,,,,results/casp15_casp16_unique_lt1000_all_default_20260529_182536/logs/T2272s5_openfold.log,,,Check,Check,multiple equivalent chains match,1.000000,1.000000,0.907216,264,291,high,mapped from mmCIF atom_site CA records; 27 aligned positions lack resolved CA atoms,Prot,A1,dystrophin-glycoprotein complex (DGC) PDB code 9c3c
T2272s6,T2272s6,CASP16,9C3C,A,63,653,1,624,624,624,boltz,1,results/casp15_casp16_unique_lt1000_all_default_20260529_182536/sequences/T2272s6.fasta,results/casp15_casp16_unique_lt1000_all_default_20260529_182536/predictions/T2272s6/boltz,results/casp15_casp16_unique_lt1000_all_default_20260529_182536/predictions/T2272s6/boltz/rank_001.pdb,results/casp15_casp16_unique_lt1000_all_default_20260529_182536/predictions/T2272s6/boltz/rank_001.pdb,pending,,,,,results/casp15_casp16_unique_lt1000_all_default_20260529_182536/logs/T2272s6_boltz.log,,,Check,Check,reference coverage below threshold 0.641,1.000000,1.000000,0.641026,400,624,high,mapped from mmCIF atom_site CA records; 224 aligned positions lack resolved CA atoms,Prot,A1,dystrophin-glycoprotein complex (DGC) PDB code 9c3c
T2272s6,T2272s6,CASP16,9C3C,A,63,653,1,624,624,624,boltz2,1,results/casp15_casp16_unique_lt1000_all_default_20260529_182536/sequences/T2272s6.fasta,results/casp15_casp16_unique_lt1000_all_default_20260529_182536/predictions/T2272s6/boltz2,results/casp15_casp16_unique_lt1000_all_default_20260529_182536/predictions/T2272s6/boltz2/rank_001.pdb,results/casp15_casp16_unique_lt1000_all_default_20260529_182536/predictions/T2272s6/boltz2/rank_001.pdb,pending,,,,,results/casp15_casp16_unique_lt1000_all_default_20260529_182536/logs/T2272s6_boltz2.log,,,Check,Check,reference coverage below threshold 0.641,1.000000,1.000000,0.641026,400,624,high,mapped from mmCIF atom_site CA records; 224 aligned positions lack resolved CA atoms,Prot,A1,dystrophin-glycoprotein complex (DGC) PDB code 9c3c
T2272s6,T2272s6,CASP16,9C3C,A,63,653,1,624,624,624,chai1,1,results/casp15_casp16_unique_lt1000_all_default_20260529_182536/sequences/T2272s6.fasta,results/casp15_casp16_unique_lt1000_all_default_20260529_182536/predictions/T2272s6/chai1,results/casp15_casp16_unique_lt1000_all_default_20260529_182536/predictions/T2272s6/chai1/rank_001.pdb,results/casp15_casp16_unique_lt1000_all_default_20260529_182536/predictions/T2272s6/chai1/rank_001.pdb,pending,,,,,results/casp15_casp16_unique_lt1000_all_default_20260529_182536/logs/T2272s6_chai1.log,,,Check,Check,reference coverage below threshold 0.641,1.000000,1.000000,0.641026,400,624,high,mapped from mmCIF atom_site CA records; 224 aligned positions lack resolved CA atoms,Prot,A1,dystrophin-glycoprotein complex (DGC) PDB code 9c3c
T2272s6,T2272s6,CASP16,9C3C,A,63,653,1,624,624,624,colabfold,1,results/casp15_casp16_unique_lt1000_all_default_20260529_182536/sequences/T2272s6.fasta,results/casp15_casp16_unique_lt1000_all_default_20260529_182536/predictions/T2272s6/colabfold,results/casp15_casp16_unique_lt1000_all_default_20260529_182536/predictions/T2272s6/colabfold/rank_001.pdb,results/casp15_casp16_unique_lt1000_all_default_20260529_182536/predictions/T2272s6/colabfold/rank_001.pdb,pending,,,,,results/casp15_casp16_unique_lt1000_all_default_20260529_182536/logs/T2272s6_colabfold.log,,,Check,Check,reference coverage below threshold 0.641,1.000000,1.000000,0.641026,400,624,high,mapped from mmCIF atom_site CA records; 224 aligned positions lack resolved CA atoms,Prot,A1,dystrophin-glycoprotein complex (DGC) PDB code 9c3c
T2272s6,T2272s6,CASP16,9C3C,A,63,653,1,624,624,624,esmfold,1,results/casp15_casp16_unique_lt1000_all_default_20260529_182536/sequences/T2272s6.fasta,results/casp15_casp16_unique_lt1000_all_default_20260529_182536/predictions/T2272s6/esmfold,results/casp15_casp16_unique_lt1000_all_default_20260529_182536/predictions/T2272s6/esmfold/rank_001.pdb,results/casp15_casp16_unique_lt1000_all_default_20260529_182536/predictions/T2272s6/esmfold/rank_001.pdb,pending,,,,,results/casp15_casp16_unique_lt1000_all_default_20260529_182536/logs/T2272s6_esmfold.log,,,Check,Check,reference coverage below threshold 0.641,1.000000,1.000000,0.641026,400,624,high,mapped from mmCIF atom_site CA records; 224 aligned positions lack resolved CA atoms,Prot,A1,dystrophin-glycoprotein complex (DGC) PDB code 9c3c
T2272s6,T2272s6,CASP16,9C3C,A,63,653,1,624,624,624,omegafold,1,results/casp15_casp16_unique_lt1000_all_default_20260529_182536/sequences/T2272s6.fasta,results/casp15_casp16_unique_lt1000_all_default_20260529_182536/predictions/T2272s6/omegafold,results/casp15_casp16_unique_lt1000_all_default_20260529_182536/predictions/T2272s6/omegafold/rank_001.pdb,results/casp15_casp16_unique_lt1000_all_default_20260529_182536/predictions/T2272s6/omegafold/rank_001.pdb,pending,,,,,results/casp15_casp16_unique_lt1000_all_default_20260529_182536/logs/T2272s6_omegafold.log,,,Check,Check,reference coverage below threshold 0.641,1.000000,1.000000,0.641026,400,624,high,mapped from mmCIF atom_site CA records; 224 aligned positions lack resolved CA atoms,Prot,A1,dystrophin-glycoprotein complex (DGC) PDB code 9c3c
T2272s6,T2272s6,CASP16,9C3C,A,63,653,1,624,624,624,openfold,1,results/casp15_casp16_unique_lt1000_all_default_20260529_182536/sequences/T2272s6.fasta,results/casp15_casp16_unique_lt1000_all_default_20260529_182536/predictions/T2272s6/openfold,results/casp15_casp16_unique_lt1000_all_default_20260529_182536/predictions/T2272s6/openfold/rank_001.pdb,results/casp15_casp16_unique_lt1000_all_default_20260529_182536/predictions/T2272s6/openfold/rank_001.pdb,pending,,,,,results/casp15_casp16_unique_lt1000_all_default_20260529_182536/logs/T2272s6_openfold.log,,,Check,Check,reference coverage below threshold 0.641,1.000000,1.000000,0.641026,400,624,high,mapped from mmCIF atom_site CA records; 224 aligned positions lack resolved CA atoms,Prot,A1,dystrophin-glycoprotein complex (DGC) PDB code 9c3c
T2272s7,T2272s7,CASP16,9C3C,B,654,798,1,242,242,242,boltz,1,results/casp15_casp16_unique_lt1000_all_default_20260529_182536/sequences/T2272s7.fasta,results/casp15_casp16_unique_lt1000_all_default_20260529_182536/predictions/T2272s7/boltz,results/casp15_casp16_unique_lt1000_all_default_20260529_182536/predictions/T2272s7/boltz/rank_001.pdb,results/casp15_casp16_unique_lt1000_all_default_20260529_182536/predictions/T2272s7/boltz/rank_001.pdb,pending,,,,,results/casp15_casp16_unique_lt1000_all_default_20260529_182536/logs/T2272s7_boltz.log,,,No,No,chain mapping below threshold identity=1.000 coverage=0.599,1.000000,0.599174,1.000000,145,145,low,mapped from mmCIF atom_site CA records,Prot,A1,dystrophin-glycoprotein complex (DGC) PDB code 9c3c
T2272s7,T2272s7,CASP16,9C3C,B,654,798,1,242,242,242,boltz2,1,results/casp15_casp16_unique_lt1000_all_default_20260529_182536/sequences/T2272s7.fasta,results/casp15_casp16_unique_lt1000_all_default_20260529_182536/predictions/T2272s7/boltz2,results/casp15_casp16_unique_lt1000_all_default_20260529_182536/predictions/T2272s7/boltz2/rank_001.pdb,results/casp15_casp16_unique_lt1000_all_default_20260529_182536/predictions/T2272s7/boltz2/rank_001.pdb,pending,,,,,results/casp15_casp16_unique_lt1000_all_default_20260529_182536/logs/T2272s7_boltz2.log,,,No,No,chain mapping below threshold identity=1.000 coverage=0.599,1.000000,0.599174,1.000000,145,145,low,mapped from mmCIF atom_site CA records,Prot,A1,dystrophin-glycoprotein complex (DGC) PDB code 9c3c
T2272s7,T2272s7,CASP16,9C3C,B,654,798,1,242,242,242,chai1,1,results/casp15_casp16_unique_lt1000_all_default_20260529_182536/sequences/T2272s7.fasta,results/casp15_casp16_unique_lt1000_all_default_20260529_182536/predictions/T2272s7/chai1,results/casp15_casp16_unique_lt1000_all_default_20260529_182536/predictions/T2272s7/chai1/rank_001.pdb,results/casp15_casp16_unique_lt1000_all_default_20260529_182536/predictions/T2272s7/chai1/rank_001.pdb,pending,,,,,results/casp15_casp16_unique_lt1000_all_default_20260529_182536/logs/T2272s7_chai1.log,,,No,No,chain mapping below threshold identity=1.000 coverage=0.599,1.000000,0.599174,1.000000,145,145,low,mapped from mmCIF atom_site CA records,Prot,A1,dystrophin-glycoprotein complex (DGC) PDB code 9c3c
T2272s7,T2272s7,CASP16,9C3C,B,654,798,1,242,242,242,colabfold,1,results/casp15_casp16_unique_lt1000_all_default_20260529_182536/sequences/T2272s7.fasta,results/casp15_casp16_unique_lt1000_all_default_20260529_182536/predictions/T2272s7/colabfold,results/casp15_casp16_unique_lt1000_all_default_20260529_182536/predictions/T2272s7/colabfold/rank_001.pdb,results/casp15_casp16_unique_lt1000_all_default_20260529_182536/predictions/T2272s7/colabfold/rank_001.pdb,pending,,,,,results/casp15_casp16_unique_lt1000_all_default_20260529_182536/logs/T2272s7_colabfold.log,,,No,No,chain mapping below threshold identity=1.000 coverage=0.599,1.000000,0.599174,1.000000,145,145,low,mapped from mmCIF atom_site CA records,Prot,A1,dystrophin-glycoprotein complex (DGC) PDB code 9c3c
T2272s7,T2272s7,CASP16,9C3C,B,654,798,1,242,242,242,esmfold,1,results/casp15_casp16_unique_lt1000_all_default_20260529_182536/sequences/T2272s7.fasta,results/casp15_casp16_unique_lt1000_all_default_20260529_182536/predictions/T2272s7/esmfold,results/casp15_casp16_unique_lt1000_all_default_20260529_182536/predictions/T2272s7/esmfold/rank_001.pdb,results/casp15_casp16_unique_lt1000_all_default_20260529_182536/predictions/T2272s7/esmfold/rank_001.pdb,pending,,,,,results/casp15_casp16_unique_lt1000_all_default_20260529_182536/logs/T2272s7_esmfold.log,,,No,No,chain mapping below threshold identity=1.000 coverage=0.599,1.000000,0.599174,1.000000,145,145,low,mapped from mmCIF atom_site CA records,Prot,A1,dystrophin-glycoprotein complex (DGC) PDB code 9c3c
T2272s7,T2272s7,CASP16,9C3C,B,654,798,1,242,242,242,omegafold,1,results/casp15_casp16_unique_lt1000_all_default_20260529_182536/sequences/T2272s7.fasta,results/casp15_casp16_unique_lt1000_all_default_20260529_182536/predictions/T2272s7/omegafold,results/casp15_casp16_unique_lt1000_all_default_20260529_182536/predictions/T2272s7/omegafold/rank_001.pdb,results/casp15_casp16_unique_lt1000_all_default_20260529_182536/predictions/T2272s7/omegafold/rank_001.pdb,pending,,,,,results/casp15_casp16_unique_lt1000_all_default_20260529_182536/logs/T2272s7_omegafold.log,,,No,No,chain mapping below threshold identity=1.000 coverage=0.599,1.000000,0.599174,1.000000,145,145,low,mapped from mmCIF atom_site CA records,Prot,A1,dystrophin-glycoprotein complex (DGC) PDB code 9c3c
T2272s7,T2272s7,CASP16,9C3C,B,654,798,1,242,242,242,openfold,1,results/casp15_casp16_unique_lt1000_all_default_20260529_182536/sequences/T2272s7.fasta,results/casp15_casp16_unique_lt1000_all_default_20260529_182536/predictions/T2272s7/openfold,results/casp15_casp16_unique_lt1000_all_default_20260529_182536/predictions/T2272s7/openfold/rank_001.pdb,results/casp15_casp16_unique_lt1000_all_default_20260529_182536/predictions/T2272s7/openfold/rank_001.pdb,pending,,,,,results/casp15_casp16_unique_lt1000_all_default_20260529_182536/logs/T2272s7_openfold.log,,,No,No,chain mapping below threshold identity=1.000 coverage=0.599,1.000000,0.599174,1.000000,145,145,low,mapped from mmCIF atom_site CA records,Prot,A1,dystrophin-glycoprotein complex (DGC) PDB code 9c3c
T2272s8,T2272s8,CASP16,9C3C,V,1,291,1,818,818,818,boltz,1,results/casp15_casp16_unique_lt1000_all_default_20260529_182536/sequences/T2272s8.fasta,results/casp15_casp16_unique_lt1000_all_default_20260529_182536/predictions/T2272s8/boltz,results/casp15_casp16_unique_lt1000_all_default_20260529_182536/predictions/T2272s8/boltz/rank_001.pdb,results/casp15_casp16_unique_lt1000_all_default_20260529_182536/predictions/T2272s8/boltz/rank_001.pdb,pending,,,,,results/casp15_casp16_unique_lt1000_all_default_20260529_182536/logs/T2272s8_boltz.log,,,Check,Check,reference coverage below threshold 0.356; multiple equivalent chains match,1.000000,1.000000,0.355746,291,818,high,mapped from mmCIF atom_site CA records; 527 aligned positions lack resolved CA atoms,Prot,A1,dystrophin-glycoprotein complex (DGC) PDB code 9c3c
T2272s8,T2272s8,CASP16,9C3C,V,1,291,1,818,818,818,boltz2,1,results/casp15_casp16_unique_lt1000_all_default_20260529_182536/sequences/T2272s8.fasta,results/casp15_casp16_unique_lt1000_all_default_20260529_182536/predictions/T2272s8/boltz2,results/casp15_casp16_unique_lt1000_all_default_20260529_182536/predictions/T2272s8/boltz2/rank_001.pdb,results/casp15_casp16_unique_lt1000_all_default_20260529_182536/predictions/T2272s8/boltz2/rank_001.pdb,pending,,,,,results/casp15_casp16_unique_lt1000_all_default_20260529_182536/logs/T2272s8_boltz2.log,,,Check,Check,reference coverage below threshold 0.356; multiple equivalent chains match,1.000000,1.000000,0.355746,291,818,high,mapped from mmCIF atom_site CA records; 527 aligned positions lack resolved CA atoms,Prot,A1,dystrophin-glycoprotein complex (DGC) PDB code 9c3c
T2272s8,T2272s8,CASP16,9C3C,V,1,291,1,818,818,818,chai1,1,results/casp15_casp16_unique_lt1000_all_default_20260529_182536/sequences/T2272s8.fasta,results/casp15_casp16_unique_lt1000_all_default_20260529_182536/predictions/T2272s8/chai1,results/casp15_casp16_unique_lt1000_all_default_20260529_182536/predictions/T2272s8/chai1/rank_001.pdb,results/casp15_casp16_unique_lt1000_all_default_20260529_182536/predictions/T2272s8/chai1/rank_001.pdb,pending,,,,,results/casp15_casp16_unique_lt1000_all_default_20260529_182536/logs/T2272s8_chai1.log,,,Check,Check,reference coverage below threshold 0.356; multiple equivalent chains match,1.000000,1.000000,0.355746,291,818,high,mapped from mmCIF atom_site CA records; 527 aligned positions lack resolved CA atoms,Prot,A1,dystrophin-glycoprotein complex (DGC) PDB code 9c3c
T2272s8,T2272s8,CASP16,9C3C,V,1,291,1,818,818,818,colabfold,1,results/casp15_casp16_unique_lt1000_all_default_20260529_182536/sequences/T2272s8.fasta,results/casp15_casp16_unique_lt1000_all_default_20260529_182536/predictions/T2272s8/colabfold,results/casp15_casp16_unique_lt1000_all_default_20260529_182536/predictions/T2272s8/colabfold/rank_001.pdb,results/casp15_casp16_unique_lt1000_all_default_20260529_182536/predictions/T2272s8/colabfold/rank_001.pdb,pending,,,,,results/casp15_casp16_unique_lt1000_all_default_20260529_182536/logs/T2272s8_colabfold.log,,,Check,Check,reference coverage below threshold 0.356; multiple equivalent chains match,1.000000,1.000000,0.355746,291,818,high,mapped from mmCIF atom_site CA records; 527 aligned positions lack resolved CA atoms,Prot,A1,dystrophin-glycoprotein complex (DGC) PDB code 9c3c
T2272s8,T2272s8,CASP16,9C3C,V,1,291,1,818,818,818,esmfold,1,results/casp15_casp16_unique_lt1000_all_default_20260529_182536/sequences/T2272s8.fasta,results/casp15_casp16_unique_lt1000_all_default_20260529_182536/predictions/T2272s8/esmfold,results/casp15_casp16_unique_lt1000_all_default_20260529_182536/predictions/T2272s8/esmfold/rank_001.pdb,results/casp15_casp16_unique_lt1000_all_default_20260529_182536/predictions/T2272s8/esmfold/rank_001.pdb,pending,,,,,results/casp15_casp16_unique_lt1000_all_default_20260529_182536/logs/T2272s8_esmfold.log,,,Check,Check,reference coverage below threshold 0.356; multiple equivalent chains match,1.000000,1.000000,0.355746,291,818,high,mapped from mmCIF atom_site CA records; 527 aligned positions lack resolved CA atoms,Prot,A1,dystrophin-glycoprotein complex (DGC) PDB code 9c3c
T2272s8,T2272s8,CASP16,9C3C,V,1,291,1,818,818,818,omegafold,1,results/casp15_casp16_unique_lt1000_all_default_20260529_182536/sequences/T2272s8.fasta,results/casp15_casp16_unique_lt1000_all_default_20260529_182536/predictions/T2272s8/omegafold,results/casp15_casp16_unique_lt1000_all_default_20260529_182536/predictions/T2272s8/omegafold/rank_001.pdb,results/casp15_casp16_unique_lt1000_all_default_20260529_182536/predictions/T2272s8/omegafold/rank_001.pdb,pending,,,,,results/casp15_casp16_unique_lt1000_all_default_20260529_182536/logs/T2272s8_omegafold.log,,,Check,Check,reference coverage below threshold 0.356; multiple equivalent chains match,1.000000,1.000000,0.355746,291,818,high,mapped from mmCIF atom_site CA records; 527 aligned positions lack resolved CA atoms,Prot,A1,dystrophin-glycoprotein complex (DGC) PDB code 9c3c
T2272s8,T2272s8,CASP16,9C3C,V,1,291,1,818,818,818,openfold,1,results/casp15_casp16_unique_lt1000_all_default_20260529_182536/sequences/T2272s8.fasta,results/casp15_casp16_unique_lt1000_all_default_20260529_182536/predictions/T2272s8/openfold,results/casp15_casp16_unique_lt1000_all_default_20260529_182536/predictions/T2272s8/openfold/rank_001.pdb,results/casp15_casp16_unique_lt1000_all_default_20260529_182536/predictions/T2272s8/openfold/rank_001.pdb,pending,,,,,results/casp15_casp16_unique_lt1000_all_default_20260529_182536/logs/T2272s8_openfold.log,,,Check,Check,reference coverage below threshold 0.356; multiple equivalent chains match,1.000000,1.000000,0.355746,291,818,high,mapped from mmCIF atom_site CA records; 527 aligned positions lack resolved CA atoms,Prot,A1,dystrophin-glycoprotein complex (DGC) PDB code 9c3c
T2272s9,T2272s9,CASP16,9C3C,n,42,216,1,238,238,238,boltz,1,results/casp15_casp16_unique_lt1000_all_default_20260529_182536/sequences/T2272s9.fasta,results/casp15_casp16_unique_lt1000_all_default_20260529_182536/predictions/T2272s9/boltz,results/casp15_casp16_unique_lt1000_all_default_20260529_182536/predictions/T2272s9/boltz/rank_001.pdb,results/casp15_casp16_unique_lt1000_all_default_20260529_182536/predictions/T2272s9/boltz/rank_001.pdb,pending,,,,,results/casp15_casp16_unique_lt1000_all_default_20260529_182536/logs/T2272s9_boltz.log,,,Check,Check,reference coverage below threshold 0.735; multiple equivalent chains match,1.000000,1.000000,0.735294,175,238,high,mapped from mmCIF atom_site CA records; 63 aligned positions lack resolved CA atoms,Prot,A1,dystrophin-glycoprotein complex (DGC) PDB code 9c3c
T2272s9,T2272s9,CASP16,9C3C,n,42,216,1,238,238,238,boltz2,1,results/casp15_casp16_unique_lt1000_all_default_20260529_182536/sequences/T2272s9.fasta,results/casp15_casp16_unique_lt1000_all_default_20260529_182536/predictions/T2272s9/boltz2,results/casp15_casp16_unique_lt1000_all_default_20260529_182536/predictions/T2272s9/boltz2/rank_001.pdb,results/casp15_casp16_unique_lt1000_all_default_20260529_182536/predictions/T2272s9/boltz2/rank_001.pdb,pending,,,,,results/casp15_casp16_unique_lt1000_all_default_20260529_182536/logs/T2272s9_boltz2.log,,,Check,Check,reference coverage below threshold 0.735; multiple equivalent chains match,1.000000,1.000000,0.735294,175,238,high,mapped from mmCIF atom_site CA records; 63 aligned positions lack resolved CA atoms,Prot,A1,dystrophin-glycoprotein complex (DGC) PDB code 9c3c
T2272s9,T2272s9,CASP16,9C3C,n,42,216,1,238,238,238,chai1,1,results/casp15_casp16_unique_lt1000_all_default_20260529_182536/sequences/T2272s9.fasta,results/casp15_casp16_unique_lt1000_all_default_20260529_182536/predictions/T2272s9/chai1,results/casp15_casp16_unique_lt1000_all_default_20260529_182536/predictions/T2272s9/chai1/rank_001.pdb,results/casp15_casp16_unique_lt1000_all_default_20260529_182536/predictions/T2272s9/chai1/rank_001.pdb,pending,,,,,results/casp15_casp16_unique_lt1000_all_default_20260529_182536/logs/T2272s9_chai1.log,,,Check,Check,reference coverage below threshold 0.735; multiple equivalent chains match,1.000000,1.000000,0.735294,175,238,high,mapped from mmCIF atom_site CA records; 63 aligned positions lack resolved CA atoms,Prot,A1,dystrophin-glycoprotein complex (DGC) PDB code 9c3c
T2272s9,T2272s9,CASP16,9C3C,n,42,216,1,238,238,238,colabfold,1,results/casp15_casp16_unique_lt1000_all_default_20260529_182536/sequences/T2272s9.fasta,results/casp15_casp16_unique_lt1000_all_default_20260529_182536/predictions/T2272s9/colabfold,results/casp15_casp16_unique_lt1000_all_default_20260529_182536/predictions/T2272s9/colabfold/rank_001.pdb,results/casp15_casp16_unique_lt1000_all_default_20260529_182536/predictions/T2272s9/colabfold/rank_001.pdb,pending,,,,,results/casp15_casp16_unique_lt1000_all_default_20260529_182536/logs/T2272s9_colabfold.log,,,Check,Check,reference coverage below threshold 0.735; multiple equivalent chains match,1.000000,1.000000,0.735294,175,238,high,mapped from mmCIF atom_site CA records; 63 aligned positions lack resolved CA atoms,Prot,A1,dystrophin-glycoprotein complex (DGC) PDB code 9c3c
T2272s9,T2272s9,CASP16,9C3C,n,42,216,1,238,238,238,esmfold,1,results/casp15_casp16_unique_lt1000_all_default_20260529_182536/sequences/T2272s9.fasta,results/casp15_casp16_unique_lt1000_all_default_20260529_182536/predictions/T2272s9/esmfold,results/casp15_casp16_unique_lt1000_all_default_20260529_182536/predictions/T2272s9/esmfold/rank_001.pdb,results/casp15_casp16_unique_lt1000_all_default_20260529_182536/predictions/T2272s9/esmfold/rank_001.pdb,pending,,,,,results/casp15_casp16_unique_lt1000_all_default_20260529_182536/logs/T2272s9_esmfold.log,,,Check,Check,reference coverage below threshold 0.735; multiple equivalent chains match,1.000000,1.000000,0.735294,175,238,high,mapped from mmCIF atom_site CA records; 63 aligned positions lack resolved CA atoms,Prot,A1,dystrophin-glycoprotein complex (DGC) PDB code 9c3c
T2272s9,T2272s9,CASP16,9C3C,n,42,216,1,238,238,238,omegafold,1,results/casp15_casp16_unique_lt1000_all_default_20260529_182536/sequences/T2272s9.fasta,results/casp15_casp16_unique_lt1000_all_default_20260529_182536/predictions/T2272s9/omegafold,results/casp15_casp16_unique_lt1000_all_default_20260529_182536/predictions/T2272s9/omegafold/rank_001.pdb,results/casp15_casp16_unique_lt1000_all_default_20260529_182536/predictions/T2272s9/omegafold/rank_001.pdb,pending,,,,,results/casp15_casp16_unique_lt1000_all_default_20260529_182536/logs/T2272s9_omegafold.log,,,Check,Check,reference coverage below threshold 0.735; multiple equivalent chains match,1.000000,1.000000,0.735294,175,238,high,mapped from mmCIF atom_site CA records; 63 aligned positions lack resolved CA atoms,Prot,A1,dystrophin-glycoprotein complex (DGC) PDB code 9c3c
T2272s9,T2272s9,CASP16,9C3C,n,42,216,1,238,238,238,openfold,1,results/casp15_casp16_unique_lt1000_all_default_20260529_182536/sequences/T2272s9.fasta,results/casp15_casp16_unique_lt1000_all_default_20260529_182536/predictions/T2272s9/openfold,results/casp15_casp16_unique_lt1000_all_default_20260529_182536/predictions/T2272s9/openfold/rank_001.pdb,results/casp15_casp16_unique_lt1000_all_default_20260529_182536/predictions/T2272s9/openfold/rank_001.pdb,pending,,,,,results/casp15_casp16_unique_lt1000_all_default_20260529_182536/logs/T2272s9_openfold.log,,,Check,Check,reference coverage below threshold 0.735; multiple equivalent chains match,1.000000,1.000000,0.735294,175,238,high,mapped from mmCIF atom_site CA records; 63 aligned positions lack resolved CA atoms,Prot,A1,dystrophin-glycoprotein complex (DGC) PDB code 9c3c
T2280,T2280,CASP16,9F5M,AAA,615,848,1,237,237,237,boltz,1,results/casp15_casp16_unique_lt1000_all_default_20260529_182536/sequences/T2280.fasta,results/casp15_casp16_unique_lt1000_all_default_20260529_182536/predictions/T2280/boltz,results/casp15_casp16_unique_lt1000_all_default_20260529_182536/predictions/T2280/boltz/rank_001.pdb,results/casp15_casp16_unique_lt1000_all_default_20260529_182536/predictions/T2280/boltz/rank_001.pdb,pending,,,,,results/casp15_casp16_unique_lt1000_all_default_20260529_182536/logs/T2280_boltz.log,,,Check,Check,multiple equivalent chains match,1.000000,0.991561,0.995745,234,235,high,mapped from mmCIF atom_site CA records; 1 aligned positions lack resolved CA atoms,Prot,A1,C-terminal domain of bacteriophage K gp155 PDB code 9f5m
T2280,T2280,CASP16,9F5M,AAA,615,848,1,237,237,237,boltz2,1,results/casp15_casp16_unique_lt1000_all_default_20260529_182536/sequences/T2280.fasta,results/casp15_casp16_unique_lt1000_all_default_20260529_182536/predictions/T2280/boltz2,results/casp15_casp16_unique_lt1000_all_default_20260529_182536/predictions/T2280/boltz2/rank_001.pdb,results/casp15_casp16_unique_lt1000_all_default_20260529_182536/predictions/T2280/boltz2/rank_001.pdb,pending,,,,,results/casp15_casp16_unique_lt1000_all_default_20260529_182536/logs/T2280_boltz2.log,,,Check,Check,multiple equivalent chains match,1.000000,0.991561,0.995745,234,235,high,mapped from mmCIF atom_site CA records; 1 aligned positions lack resolved CA atoms,Prot,A1,C-terminal domain of bacteriophage K gp155 PDB code 9f5m
T2280,T2280,CASP16,9F5M,AAA,615,848,1,237,237,237,chai1,1,results/casp15_casp16_unique_lt1000_all_default_20260529_182536/sequences/T2280.fasta,results/casp15_casp16_unique_lt1000_all_default_20260529_182536/predictions/T2280/chai1,results/casp15_casp16_unique_lt1000_all_default_20260529_182536/predictions/T2280/chai1/rank_001.pdb,results/casp15_casp16_unique_lt1000_all_default_20260529_182536/predictions/T2280/chai1/rank_001.pdb,pending,,,,,results/casp15_casp16_unique_lt1000_all_default_20260529_182536/logs/T2280_chai1.log,,,Check,Check,multiple equivalent chains match,1.000000,0.991561,0.995745,234,235,high,mapped from mmCIF atom_site CA records; 1 aligned positions lack resolved CA atoms,Prot,A1,C-terminal domain of bacteriophage K gp155 PDB code 9f5m
T2280,T2280,CASP16,9F5M,AAA,615,848,1,237,237,237,colabfold,1,results/casp15_casp16_unique_lt1000_all_default_20260529_182536/sequences/T2280.fasta,results/casp15_casp16_unique_lt1000_all_default_20260529_182536/predictions/T2280/colabfold,results/casp15_casp16_unique_lt1000_all_default_20260529_182536/predictions/T2280/colabfold/rank_001.pdb,results/casp15_casp16_unique_lt1000_all_default_20260529_182536/predictions/T2280/colabfold/rank_001.pdb,pending,,,,,results/casp15_casp16_unique_lt1000_all_default_20260529_182536/logs/T2280_colabfold.log,,,Check,Check,multiple equivalent chains match,1.000000,0.991561,0.995745,234,235,high,mapped from mmCIF atom_site CA records; 1 aligned positions lack resolved CA atoms,Prot,A1,C-terminal domain of bacteriophage K gp155 PDB code 9f5m
T2280,T2280,CASP16,9F5M,AAA,615,848,1,237,237,237,esmfold,1,results/casp15_casp16_unique_lt1000_all_default_20260529_182536/sequences/T2280.fasta,results/casp15_casp16_unique_lt1000_all_default_20260529_182536/predictions/T2280/esmfold,results/casp15_casp16_unique_lt1000_all_default_20260529_182536/predictions/T2280/esmfold/rank_001.pdb,results/casp15_casp16_unique_lt1000_all_default_20260529_182536/predictions/T2280/esmfold/rank_001.pdb,pending,,,,,results/casp15_casp16_unique_lt1000_all_default_20260529_182536/logs/T2280_esmfold.log,,,Check,Check,multiple equivalent chains match,1.000000,0.991561,0.995745,234,235,high,mapped from mmCIF atom_site CA records; 1 aligned positions lack resolved CA atoms,Prot,A1,C-terminal domain of bacteriophage K gp155 PDB code 9f5m
T2280,T2280,CASP16,9F5M,AAA,615,848,1,237,237,237,omegafold,1,results/casp15_casp16_unique_lt1000_all_default_20260529_182536/sequences/T2280.fasta,results/casp15_casp16_unique_lt1000_all_default_20260529_182536/predictions/T2280/omegafold,results/casp15_casp16_unique_lt1000_all_default_20260529_182536/predictions/T2280/omegafold/rank_001.pdb,results/casp15_casp16_unique_lt1000_all_default_20260529_182536/predictions/T2280/omegafold/rank_001.pdb,pending,,,,,results/casp15_casp16_unique_lt1000_all_default_20260529_182536/logs/T2280_omegafold.log,,,Check,Check,multiple equivalent chains match,1.000000,0.991561,0.995745,234,235,high,mapped from mmCIF atom_site CA records; 1 aligned positions lack resolved CA atoms,Prot,A1,C-terminal domain of bacteriophage K gp155 PDB code 9f5m
T2280,T2280,CASP16,9F5M,AAA,615,848,1,237,237,237,openfold,1,results/casp15_casp16_unique_lt1000_all_default_20260529_182536/sequences/T2280.fasta,results/casp15_casp16_unique_lt1000_all_default_20260529_182536/predictions/T2280/openfold,results/casp15_casp16_unique_lt1000_all_default_20260529_182536/predictions/T2280/openfold/rank_001.pdb,results/casp15_casp16_unique_lt1000_all_default_20260529_182536/predictions/T2280/openfold/rank_001.pdb,pending,,,,,results/casp15_casp16_unique_lt1000_all_default_20260529_182536/logs/T2280_openfold.log,,,Check,Check,multiple equivalent chains match,1.000000,0.991561,0.995745,234,235,high,mapped from mmCIF atom_site CA records; 1 aligned positions lack resolved CA atoms,Prot,A1,C-terminal domain of bacteriophage K gp155 PDB code 9f5m
